date,Y_h,fitted,residual,split
2010-02-03,-0.7571794097896283,-1.173936225933602,0.41675681614397364,train
2010-02-04,-0.7361432875215125,-1.2240271790789656,0.48788389155745315,train
2010-02-05,-0.7502054388513826,-1.191620772924531,0.44141533407314837,train
2010-02-08,-0.7999845001936831,-1.0293702807348852,0.22938578054120218,train
2010-02-09,-0.8172360215365617,-1.0869796735612054,0.2697436520246437,train
2010-02-10,-0.8564282472052169,-0.9660196925527835,0.1095914453475666,train
2010-02-11,-0.8820228860789431,-0.9363562474046325,0.054333361325689444,train
2010-02-12,-0.9175708869860572,-0.9093694738707174,-0.008201413115339728,train
2010-02-15,-0.9472625929242203,-0.8865752467375521,-0.06068734618666827,train
2010-02-16,-0.9351338757206697,-1.076205623250083,0.1410717475294132,train
2010-02-17,-0.9372912363729864,-1.0429850088436987,0.10569377247071232,train
2010-02-18,-0.9598545553312694,-1.0408211917278267,0.08096663639655732,train
2010-02-19,-0.9995438457959583,-0.9389623872626969,-0.06058145853326147,train
2010-02-22,-1.0256593321400094,-0.940584598845641,-0.08507473329436832,train
2010-02-23,-1.0077957876658863,-0.965649405313066,-0.04214638235282031,train
2010-02-24,-1.0084758392056403,-0.9103622200980637,-0.09811361910757666,train
2010-02-25,-1.0130514913504027,-0.9244893960893406,-0.08856209526106218,train
2010-02-26,-1.0295955371117271,-0.9109667268687887,-0.11862881024293848,train
2010-03-01,-1.0509677776339477,-0.9277534702321149,-0.12321430740183281,train
2010-03-02,-1.0893494905161758,-0.8235294057498437,-0.2658200847663321,train
2010-03-03,-1.1170185193308881,-0.7906217659248724,-0.3263967534060157,train
2010-03-04,-1.1640978828470785,-0.8161844145824444,-0.3479134682646341,train
2010-03-05,-1.1881259442090888,-0.8531624346333893,-0.33496350957569954,train
2010-03-08,-1.1950444372698408,-0.9034792907838705,-0.2915651464859703,train
2010-03-09,-1.195915126383115,-0.9696958657241516,-0.22621926065896336,train
2010-03-10,-1.2003388091703557,-1.045015175017959,-0.1553236341523967,train
2010-03-11,-1.1762567220191726,-1.0891786648151818,-0.08707805720399087,train
2010-03-12,-1.1586136464859456,-1.1803985550077845,0.021784908521838897,train
2010-03-15,-1.1546593212545926,-1.134885801746299,-0.019773519508293536,train
2010-03-16,-1.1413632399982456,-1.1705827257244994,0.02921948572625377,train
2010-03-17,-1.1532048355013964,-1.1837070851187441,0.03050224961734771,train
2010-03-18,-1.1322267725772657,-1.1991605435906327,0.06693377101336706,train
2010-03-19,-1.1492521206656627,-1.1413887414878028,-0.007863379177859953,train
2010-03-22,-1.1465036409299427,-1.2002494968997492,0.05374585596980652,train
2010-03-23,-1.1572444755086673,-1.1849739653474696,0.0277294898388023,train
2010-03-24,-1.1625570325013213,-1.1698302871718083,0.007273254670487006,train
2010-03-25,-1.152312435356984,-1.0678096436438,-0.08450279171318398,train
2010-03-26,-1.1664561038569516,-1.0487949558660241,-0.11766114799092753,train
2010-03-29,-1.1479918440581727,-1.0374131778852957,-0.11057866617287693,train
2010-03-30,-1.1003512154782766,-1.064592966223395,-0.03575824925488158,train
2010-03-31,-1.08279289874957,-1.0845830554743467,0.0017901567247766703,train
2010-04-01,-1.06695734665937,-1.118931590868594,0.05197424420922392,train
2010-04-02,-1.0671289878494181,-1.1497570825432477,0.08262809469382959,train
2010-04-05,-1.0295896673898184,-1.2989989840442386,0.26940931665442025,train
2010-04-06,-0.9819925182324344,-1.2730656085442225,0.2910730903117881,train
2010-04-07,-0.9075747827797748,-1.2600945476148877,0.35251976483511294,train
2010-04-08,-0.8018999438129086,-1.2951347948561127,0.4932348510432041,train
2010-04-09,-0.6973728192841855,-1.3189512102533707,0.6215783909691852,train
2010-04-12,-0.649860066688352,-1.202689791611513,0.552829724923161,train
2010-04-13,-0.619807073136303,-1.1462448023474041,0.5264377292111011,train
2010-04-14,-0.5890247678078702,-1.1754575949924426,0.5864328271845725,train
2010-04-15,-0.5353129755205009,-1.1701383351636978,0.6348253596431969,train
2010-04-16,-0.45957632244054136,-1.1846325585167223,0.725056236076181,train
2010-04-19,-0.39770155893676884,-1.1606939399852312,0.7629923810484623,train
2010-04-20,-0.30141216112175306,-1.2280178624048217,0.9266057012830686,train
2010-04-21,-0.20791733591117126,-1.2532083707497264,1.0452910348385551,train
2010-04-22,-0.1116210729421999,-1.2853900798817388,1.173769006939539,train
2010-04-23,-0.062379908284724644,-1.247115354341363,1.1847354460566382,train
2010-04-26,-0.04295383958553001,-1.1215310892309942,1.0785772496454642,train
2010-04-27,-0.0003765067118864399,-1.1579617231186592,1.1575852164067728,train
2010-04-28,0.03202697637194817,-1.0532577149136693,1.0852846912856173,train
2010-04-29,0.04013571776472217,-0.880829913283141,0.9209656310478631,train
2010-04-30,0.03277546604163901,-0.9446444812663927,0.9774199473080317,train
2010-05-03,0.06318432434275947,-0.9648649898175496,1.028049314160309,train
2010-05-04,0.10163476787052202,-0.9781749786055183,1.0798097464760403,train
2010-05-05,0.12145807919017432,-0.9687144279191228,1.0901725071092971,train
2010-05-06,0.14182739413195156,-0.9007610287347516,1.0425884228667033,train
2010-05-07,0.11567138772217465,-0.7219072526644423,0.837578640386617,train
2010-05-10,0.05847722413736822,-0.5212927409556998,0.579769965093068,train
2010-05-11,-0.010795689908463009,-0.36745303289876174,0.3566573429902987,train
2010-05-12,-0.027835690034465267,-0.35847183421579476,0.33063614418132947,train
2010-05-13,-0.048550915543911534,-0.3763511245972742,0.32780020905336266,train
2010-05-14,-0.046381132746381185,-0.45059501727996504,0.40421388453358387,train
2010-05-17,-0.0713566995894984,-0.4323564812109787,0.3609997816214803,train
2010-05-18,-0.12164414486636269,-0.39882378239541216,0.2771796375290495,train
2010-05-19,-0.16470771970163176,-0.36645408493941456,0.2017463652377828,train
2010-05-20,-0.24907721525206244,-0.218855510871515,-0.030221704380547443,train
2010-05-21,-0.2979274382292179,-0.1389040332305944,-0.15902340499862352,train
2010-05-24,-0.3562828912537378,-0.05777790635413083,-0.298504984899607,train
2010-05-25,-0.38643284233474745,-0.14999921839773028,-0.23643362393701717,train
2010-05-26,-0.4169941895581477,-0.14499500614437788,-0.27199918341376983,train
2010-05-27,-0.45505099557751355,-0.18542988299854365,-0.2696211125789699,train
2010-05-28,-0.5115514708814077,-0.17248287479024998,-0.33906859609115775,train
2010-05-31,-0.5538225464205977,-0.19346536762743988,-0.3603571787931578,train
2010-06-01,-0.5330610868612876,-0.3851207335913764,-0.14794035326991123,train
2010-06-02,-0.5407239413822388,-0.28552310109465506,-0.2552008402875837,train
2010-06-03,-0.5692736935757273,-0.26934963391491706,-0.29992405966081026,train
2010-06-04,-0.6301059682363955,-0.34552158372145625,-0.2845843845149393,train
2010-06-07,-0.6635277946097078,-0.25987369539633803,-0.40365409921336975,train
2010-06-08,-0.6934428538115114,-0.26884785800177363,-0.42459499580973775,train
2010-06-09,-0.7169859011702369,-0.3226076127712422,-0.39437828839899464,train
2010-06-10,-0.74232286692725,-0.41210378282484583,-0.3302190841024042,train
2010-06-11,-0.7973747753532467,-0.34665199590072987,-0.4507227794525169,train
2010-06-14,-0.8035058872657383,-0.45014044555942234,-0.353365441706316,train
2010-06-15,-0.8209329709997643,-0.45262240346729654,-0.3683105675324677,train
2010-06-16,-0.8252239196891717,-0.48988936397860217,-0.3353345557105696,train
2010-06-17,-0.8244203346317889,-0.5322153395963068,-0.29220499503548203,train
2010-06-18,-0.8343106570938765,-0.5699557738536093,-0.26435488324026724,train
2010-06-21,-0.8181278532945153,-0.6826296924600295,-0.13549816083448585,train
2010-06-22,-0.824937499992015,-0.6390939343068579,-0.18584356568515714,train
2010-06-23,-0.8316014650202441,-0.6862362824114652,-0.14536518260877895,train
2010-06-24,-0.8047107572390456,-0.713498922707212,-0.09121183453183357,train
2010-06-25,-0.8052209383653118,-0.7380321760383834,-0.06718876232692839,train
2010-06-28,-0.7935295018112651,-0.7369231513065221,-0.05660635050474305,train
2010-06-29,-0.7989033828663082,-0.816459314187517,0.017555931321208806,train
2010-06-30,-0.8154560860934645,-0.821088449384811,0.0056323632913464206,train
2010-07-01,-0.8319583953597061,-0.7676597633982194,-0.06429863196148666,train
2010-07-02,-0.8703612530025068,-0.7090274099691468,-0.16133384303335996,train
2010-07-05,-0.8933467409331105,-0.7729102850964412,-0.12043645583666929,train
2010-07-06,-0.8620001641367275,-0.9533022657723448,0.09130210163561725,train
2010-07-07,-0.881658211566455,-0.8394021326793175,-0.04225607888713745,train
2010-07-08,-0.8856017323808634,-0.8766457420523667,-0.008955990328496699,train
2010-07-09,-0.9221141094727913,-0.9574410103776065,0.03532690090481527,train
2010-07-12,-0.8855679448809969,-1.0089600390150908,0.12339209413409391,train
2010-07-13,-0.8419816701570801,-1.0123738304726302,0.17039216031555005,train
2010-07-14,-0.8221680308044427,-0.969331703426032,0.14716367262158936,train
2010-07-15,-0.80962239770097,-0.973047346395622,0.16342494869465196,train
2010-07-16,-0.8090204718678113,-0.9410472738326006,0.13202680196478922,train
2010-07-19,-0.8137772496323599,-0.9273551571390325,0.11357790750667263,train
2010-07-20,-0.8154136712172327,-0.9140953237936731,0.09868165257644035,train
2010-07-21,-0.803865647242302,-0.8957806530845098,0.0919150058422078,train
2010-07-22,-0.8098864713128926,-0.879587405245531,0.06970093393263843,train
2010-07-23,-0.8230084109304564,-0.9008399532159581,0.07783154228550171,train
2010-07-26,-0.8432048534344653,-0.7797500942034512,-0.06345475923101407,train
2010-07-27,-0.8463772667342426,-0.8358093029997058,-0.010567963734536834,train
2010-07-28,-0.8411727499812479,-0.8145745709234027,-0.026598179057845228,train
2010-07-29,-0.8278046511117387,-0.906261888265132,0.07845723715339326,train
2010-07-30,-0.8377547474886995,-0.9494991795718761,0.11174443208317664,train
2010-08-02,-0.8436191665483573,-0.9527847746454203,0.109165608097063,train
2010-08-03,-0.8319002338420198,-1.0468935711566283,0.21499333731460846,train
2010-08-04,-0.8229699770890484,-1.0873598275128746,0.26438985042382623,train
2010-08-05,-0.8376424415105816,-1.0587453079523053,0.2211028664417236,train
2010-08-06,-0.8775825558851298,-1.0548082168056578,0.17722566092052805,train
2010-08-09,-0.876424546403846,-1.062684806156522,0.1862602597526759,train
2010-08-10,-0.8498379871516094,-1.185471678249717,0.3356336910981076,train
2010-08-11,-0.8806193504819775,-0.9856458272378574,0.10502647675587995,train
2010-08-12,-0.9056853591633414,-0.9040807747899196,-0.0016045843734218135,train
2010-08-13,-0.9422352222579693,-0.8334046770235257,-0.10883054523444358,train
2010-08-16,-0.9521776976407129,-0.8464858144372229,-0.10569188320348999,train
2010-08-17,-0.9564919662241482,-0.7830172976913112,-0.173474668532837,train
2010-08-18,-0.9525299452584178,-0.8398880692239775,-0.11264187603444031,train
2010-08-19,-0.9458519285802433,-0.8672197525828502,-0.07863217599739303,train
2010-08-20,-0.9808428551072645,-0.8384529503719884,-0.14238990473527613,train
2010-08-23,-0.9603315585748761,-0.8844482647526928,-0.07588329382218328,train
2010-08-24,-0.9452130438118481,-0.9411945831217511,-0.0040184606900970365,train
2010-08-25,-0.9516751130993307,-0.8973883312539508,-0.05428678184537994,train
2010-08-26,-0.9412588810207608,-0.8968188098523506,-0.0444400711684102,train
2010-08-27,-0.9626805030977141,-0.8687982841484623,-0.09388221894925186,train
2010-08-30,-0.9404067899964659,-0.9205264150211997,-0.01988037497526618,train
2010-08-31,-0.9188152041111596,-0.9832036920049003,0.06438848789374074,train
2010-09-01,-0.8936193905628382,-0.9758185823027365,0.08219919173989831,train
2010-09-02,-0.9030182545898842,-0.9786524943196546,0.07563423972977046,train
2010-09-03,-0.9081248293075945,-1.0294082177346788,0.1212833884270843,train
2010-09-06,-0.8688033495792028,-1.1090172778017666,0.24021392822256382,train
2010-09-07,-0.822840064139838,-1.2244266076799937,0.40158654354015566,train
2010-09-08,-0.8132754694617095,-1.0772044384506316,0.26392896898892215,train
2010-09-09,-0.7688661459168167,-1.0954664952177113,0.32660034930089465,train
2010-09-10,-0.7623335804996124,-1.12128166313173,0.3589480826321175,train
2010-09-13,-0.7455789046723008,-1.0790533989925235,0.3334744943202227,train
2010-09-14,-0.7359714675236932,-1.053715994936228,0.3177445274125348,train
2010-09-15,-0.727094723251605,-1.024333065004327,0.297238341752722,train
2010-09-16,-0.6963607396472029,-0.9915740364045529,0.29521329675735,train
2010-09-17,-0.6873541904010967,-1.0126865980861173,0.3253324076850206,train
2010-09-20,-0.6655814568373131,-0.961986265962889,0.296404809125576,train
2010-09-21,-0.6238597347187765,-1.0691002597186476,0.4452405249998711,train
2010-09-22,-0.6157473821827998,-0.9258362815309289,0.3100888993481291,train
2010-09-23,-0.6004219697583536,-0.9479179758798608,0.3474960061215072,train
2010-09-24,-0.6027281582297995,-0.9409824769217205,0.338254318691921,train
2010-09-27,-0.6117916733990653,-0.9114226427044303,0.29963096930536504,train
2010-09-28,-0.5927308424743757,-0.9589162434790918,0.3661854010047161,train
2010-09-29,-0.6194733152414575,-0.8831534412493067,0.2636801260078492,train
2010-09-30,-0.6177926473710412,-0.938686513154276,0.32089386578323476,train
2010-10-01,-0.6381277163078622,-0.8654994764662707,0.22737176015840843,train
2010-10-04,-0.6414605302500745,-0.9739411467018914,0.3324806164518168,train
2010-10-05,-0.6044041237535609,-0.9857620408386356,0.3813579170850747,train
2010-10-06,-0.6089441039773106,-0.9206770966828166,0.31173299270550603,train
2010-10-07,-0.5834798936533773,-0.9345599317251121,0.3510800380717348,train
2010-10-08,-0.565304154706861,-0.9204952954889647,0.3551911407821037,train
2010-10-11,-0.5764595249288568,-0.7806002485766415,0.20414072364778468,train
2010-10-12,-0.5386815386111844,-0.8564314201050225,0.3177498814938381,train
2010-10-13,-0.5343361941252692,-0.8140845958620466,0.2797484017367774,train
2010-10-14,-0.4913190954814722,-0.8442183369152594,0.3528992414337872,train
2010-10-15,-0.4912380385816966,-0.8022869173665789,0.31104887878488224,train
2010-10-18,-0.5104972057437226,-0.7143798501049843,0.2038826443612617,train
2010-10-19,-0.5178529801001196,-0.7476801393568726,0.229827159256753,train
2010-10-20,-0.5424223103581213,-0.6858859868260729,0.14346367646795166,train
2010-10-21,-0.5621436464208632,-0.6562292763249277,0.09408562990406444,train
2010-10-22,-0.5931503911683303,-0.5880114185795624,-0.005138972588767943,train
2010-10-25,-0.5814744531101953,-0.6483055602634462,0.06683110715325091,train
2010-10-26,-0.5538149351238756,-0.6933333738409443,0.1395184387170687,train
2010-10-27,-0.5686570280470952,-0.7139878727873681,0.1453308447402729,train
2010-10-28,-0.569069735203192,-0.7052498761752292,0.13618014097203712,train
2010-10-29,-0.5403735285578333,-0.8174393006645986,0.2770657721067653,train
2010-11-01,-0.5118995697293681,-0.8243370902742189,0.31243752054485074,train
2010-11-02,-0.471269649838095,-0.8556104955986328,0.3843408457605378,train
2010-11-03,-0.4329549881764262,-0.8984874357232947,0.4655324475468685,train
2010-11-04,-0.43277755806624163,-0.810752731490165,0.3779751734239234,train
2010-11-05,-0.42061803936168685,-0.8042033377444895,0.38358529838280264,train
2010-11-08,-0.4246032666100153,-0.7327497797642077,0.30814651315419245,train
2010-11-09,-0.43346530482765505,-0.6811356655632823,0.24767036073562726,train
2010-11-10,-0.4475352907117181,-0.6432486832901575,0.1957133925784394,train
2010-11-11,-0.4922618802617065,-0.5794341111934898,0.08717223093178328,train
2010-11-12,-0.5098389569711306,-0.6114721664015983,0.10163320943046772,train
2010-11-15,-0.5354393698022616,-0.5078354782509986,-0.02760389155126297,train
2010-11-16,-0.5350943216473579,-0.5880444513235883,0.05295012967623036,train
2010-11-17,-0.5590014524702029,-0.5993352856939237,0.04033383322372075,train
2010-11-18,-0.5526709909031503,-0.6706641238219129,0.11799313291876257,train
2010-11-19,-0.5571207558410584,-0.707592787048901,0.1504720312078427,train
2010-11-22,-0.5617424830117748,-0.77559209673368,0.21384961372190525,train
2010-11-23,-0.5811008957914017,-0.7882013846346271,0.2071004888432254,train
2010-11-24,-0.6026800065555683,-0.694485001457932,0.09180499490236371,train
2010-11-25,-0.6770086351320653,-0.6544024211827973,-0.022606213949267984,train
2010-11-26,-0.6933995736132422,-0.7671977318984413,0.07379815828519909,train
2010-11-29,-0.6995659816978481,-0.7058257930414444,0.006259811343596322,train
2010-11-30,-0.7307551192339697,-0.6426769786800588,-0.08807814055391094,train
2010-12-01,-0.7812589510044353,-0.6207913195131654,-0.16046763149126997,train
2010-12-02,-0.813564075139393,-0.5702689743968004,-0.24329510074259264,train
2010-12-03,-0.8338781733337487,-0.5464615729429942,-0.28741660039075445,train
2010-12-06,-0.8466634235680055,-0.5454763432865928,-0.3011870802814127,train
2010-12-07,-0.8489796546933301,-0.5400884530374396,-0.30889120165589057,train
2010-12-08,-0.866534522280544,-0.5547303559373238,-0.31180416634322017,train
2010-12-09,-0.8623377119482705,-0.5944365989505445,-0.267901112997726,train
2010-12-10,-0.8626394903642585,-0.646951212387731,-0.21568827797652745,train
2010-12-13,-0.8369800627410366,-0.7540825313736578,-0.08289753136737887,train
2010-12-14,-0.8176266741488358,-0.7717553799153518,-0.04587129423348402,train
2010-12-15,-0.810942613696671,-0.7420845319685219,-0.06885808172814911,train
2010-12-16,-0.8032743886956116,-0.7454953597958953,-0.05777902889971631,train
2010-12-17,-0.8011904656501041,-0.8255009316460805,0.024310465995976416,train
2010-12-20,-0.7893082699585946,-0.7554781676309016,-0.03383010232769301,train
2010-12-21,-0.7681107261678278,-0.7825810750747487,0.014470348906920893,train
2010-12-22,-0.7508684925895025,-0.8278964394387944,0.07702794684929193,train
2010-12-23,-0.7197974858503815,-0.9001124558599964,0.18031497000961494,train
2010-12-24,-0.7252693778753708,-0.8963407875693234,0.17107140969395263,train
2010-12-27,-0.6586930487274832,-1.0847167139769494,0.4260236652494661,train
2010-12-28,-0.6176992159647944,-1.0592733101414622,0.4415740941766678,train
2010-12-29,-0.6106255936304278,-0.9734858387711749,0.3628602451407471,train
2010-12-30,-0.5950257796185192,-1.0175252642836803,0.4224994846651611,train
2010-12-31,-0.5662615030135635,-1.0915719571363431,0.5253104541227797,train
2011-01-03,-0.5677152521019903,-0.9883263643903987,0.4206111122884084,train
2011-01-04,-0.5873029408544145,-0.9480174540651947,0.3607145132107802,train
2011-01-05,-0.5960273080444826,-0.9230012998329402,0.32697399178845765,train
2011-01-06,-0.6147720032753811,-0.8822959447991902,0.2675239415238091,train
2011-01-07,-0.6266514643317306,-0.9109606640368457,0.28430919970511515,train
2011-01-10,-0.6422245447852098,-0.8281320295903938,0.18590748480518393,train
2011-01-11,-0.6562817902374006,-0.8472860137335434,0.19100422349614277,train
2011-01-12,-0.6819585015978444,-0.8324598880369238,0.1505013864390794,train
2011-01-13,-0.7154216192440549,-0.7987286803450732,0.08330706110101826,train
2011-01-14,-0.7433482523434107,-0.7638359949004576,0.020487742557046884,train
2011-01-17,-0.7708074044940674,-0.7564680835238276,-0.014339320970239822,train
2011-01-18,-0.7629283028215057,-0.8451442967882109,0.0822159939667052,train
2011-01-19,-0.7929549713629196,-0.7611778830950793,-0.031777088267840314,train
2011-01-20,-0.8206193118706662,-0.7542840443464935,-0.06633526752417263,train
2011-01-21,-0.8719844776440013,-0.7707727073601566,-0.10121177028384476,train
2011-01-24,-0.8724750292968984,-0.7606375529994789,-0.11183747629741947,train
2011-01-25,-0.8879751122580555,-0.7815847203898736,-0.10639039186818189,train
2011-01-26,-0.9083845442479223,-0.710296609050439,-0.19808793519748324,train
2011-01-27,-0.9442098544043224,-0.7233606525161147,-0.22084920188820767,train
2011-01-28,-0.9702852811679439,-0.7412428252891632,-0.2290424558787807,train
2011-01-31,-0.9998638815292377,-0.747068559748874,-0.2527953217803637,train
2011-02-01,-1.0284830407056302,-0.7245944399746032,-0.3038886007310271,train
2011-02-02,-1.0206218693538462,-0.7614282036824993,-0.25919366567134694,train
2011-02-03,-1.0379307404764935,-0.8541871992055365,-0.18374354127095693,train
2011-02-04,-1.072952614566814,-0.8542240507965162,-0.2187285637702978,train
2011-02-07,-1.0978131271688079,-0.9148428385267502,-0.18297028864205767,train
2011-02-08,-1.1087656658614604,-0.9092499272692054,-0.19951573859225502,train
2011-02-09,-1.1290214565392724,-0.8803150131078707,-0.2487064434314017,train
2011-02-10,-1.1343574983805056,-0.9250827131721828,-0.20927478520832277,train
2011-02-11,-1.1302142304685896,-0.9370701940429954,-0.1931440364255942,train
2011-02-14,-1.1002096135607826,-0.9677758541679755,-0.1324337593928071,train
2011-02-15,-1.09728682837562,-0.9606563332552396,-0.1366304951203805,train
2011-02-16,-1.0626456258749784,-0.9741338503911322,-0.08851177548384614,train
2011-02-17,-1.0536585732140138,-0.9597144716644843,-0.09394410154952948,train
2011-02-18,-1.0621889727607985,-0.9829987043849633,-0.0791902683758352,train
2011-02-21,-1.0937852724676147,-0.9854709831364613,-0.10831428933115339,train
2011-02-22,-1.0621440156889341,-1.1067657656247716,0.04462174993583745,train
2011-02-23,-1.0907476458522465,-0.9693448352042653,-0.1214028106479812,train
2011-02-24,-1.089164089851658,-1.0464995877187273,-0.042664502132930604,train
2011-02-25,-1.1153383945840425,-1.024231730333293,-0.09110666425074943,train
2011-02-28,-1.1176346321828847,-1.1001908948811194,-0.017443737301765294,train
2011-03-01,-1.1167065900000566,-1.0596705487607838,-0.05703604123927275,train
2011-03-02,-1.110613963473755,-1.1464856295312622,0.035871666057507134,train
2011-03-03,-1.0863719965014231,-1.1806728851698285,0.09430088866840536,train
2011-03-04,-1.1238314741454782,-1.1423709407982783,0.01853946665280004,train
2011-03-07,-1.1087977995490859,-1.2816475491813613,0.1728497496322754,train
2011-03-08,-1.1061116034603127,-1.2438798758445497,0.13776827238423706,train
2011-03-09,-1.0934919333213313,-1.237987852373599,0.14449591905226766,train
2011-03-10,-1.0941509751915113,-1.240536919288067,0.1463859440965558,train
2011-03-11,-1.110761250254999,-1.2890766547032226,0.17831540444822358,train
2011-03-14,-1.1070252680085202,-1.2334668343105641,0.12644156630204395,train
2011-03-15,-1.1157112773415823,-1.182204807979037,0.06649353063745478,train
2011-03-16,-1.1312315732106033,-1.0605001525372701,-0.07073142067333316,train
2011-03-17,-1.1379226874637294,-1.086636549906423,-0.05128613755730638,train
2011-03-18,-1.1358364518171575,-0.9275770347816084,-0.20825941703554918,train
2011-03-21,-1.1575144539117856,-0.9598231923644831,-0.19769126154730254,train
2011-03-22,-1.142776858995237,-1.0769719986109052,-0.06580486038433175,train
2011-03-23,-1.105006382870483,-1.175496243323213,0.07048986045272998,train
2011-03-24,-1.1666382579120051,-1.0753854217099972,-0.09125283620200797,train
2011-03-25,-1.1734012059238328,-1.165466375742565,-0.007934830181267838,train
2011-03-28,-1.1673539052154,-1.1840563009736895,0.016702395758289468,train
2011-03-29,-1.1353562257846015,-1.2382820121543558,0.10292578636975436,train
2011-03-30,-1.1167427818268931,-1.2039850747763918,0.0872422929494987,train
2011-03-31,-1.1344576416825904,-1.197169050808608,0.06271140912601747,train
2011-04-01,-1.1058265425679985,-1.1919794393620808,0.08615289679408233,train
2011-04-04,-1.1069393988876877,-1.1450767253226417,0.038137326434954044,train
2011-04-05,-1.0773060914905048,-1.218814104224015,0.1415080127335102,train
2011-04-06,-1.0259375504983756,-1.176756450033374,0.15081889953499839,train
2011-04-07,-0.9469265201351212,-1.2382463615289145,0.2913198413937933,train
2011-04-08,-0.9090220472705394,-1.1937691803478363,0.28474713307729693,train
2011-04-11,-0.8668098237206995,-1.2694238252708319,0.4026140015501324,train
2011-04-12,-0.8223161582187907,-1.2772035436334024,0.4548873854146117,train
2011-04-13,-0.7928464706924792,-1.212742402056198,0.41989593136371894,train
2011-04-14,-0.7534173291670445,-1.2041546579724183,0.45073732880537376,train
2011-04-15,-0.7436082297636767,-1.158512897888949,0.41490466812527227,train
2011-04-18,-0.7111151873574301,-1.1774797436030269,0.4663645562455968,train
2011-04-19,-0.7454388824879851,-0.9837998244323347,0.23836094194434965,train
2011-04-20,-0.7402535571833142,-1.0931887740468986,0.3529352168635844,train
2011-04-21,-0.7325778306302678,-1.0636988774924747,0.3311210468622069,train
2011-04-22,-0.7172298963015583,-1.041339360153071,0.3241094638515126,train
2011-04-25,-0.6445529206365281,-1.3198147243899663,0.6752618037534381,train
2011-04-26,-0.6079798060883056,-1.2617476571677835,0.6537678510794779,train
2011-04-27,-0.594436317135631,-1.208519118581587,0.6140828014459558,train
2011-04-28,-0.5882821183656444,-1.1593649153338526,0.5710827969682082,train
2011-04-29,-0.6300951819691439,-1.1705546252698227,0.5404594433006787,train
2011-05-02,-0.6074263038223944,-1.2011895966764488,0.5937632928540544,train
2011-05-03,-0.6127072664803935,-1.0398859953979307,0.42717872891753716,train
2011-05-04,-0.6125039134795393,-1.0609387546691984,0.44843484118965915,train
2011-05-05,-0.6148790401927607,-1.0414020161549309,0.42652297596217015,train
2011-05-06,-0.6714094215815795,-0.9103355488253445,0.23892612724376505,train
2011-05-09,-0.7475591190808146,-0.7214408674614696,-0.026118251619345,train
2011-05-10,-0.7828888128782723,-0.7540735630797182,-0.0288152497985541,train
2011-05-11,-0.8074519835820233,-0.724475218907773,-0.0829767646742503,train
2011-05-12,-0.825422860701892,-0.7157242970059188,-0.1096985636959732,train
2011-05-13,-0.8602838152719395,-0.6934545922886756,-0.16682922298326397,train
2011-05-16,-0.9069475806530719,-0.7046071535468528,-0.20234042710621913,train
2011-05-17,-0.9132753004289796,-0.7622864926605404,-0.15098880776843926,train
2011-05-18,-0.9024900106582568,-0.7096657361903964,-0.19282427446786043,train
2011-05-19,-0.8725860470032649,-0.8123422287378057,-0.060243818265459215,train
2011-05-20,-0.8629437827047,-0.8403412225157547,-0.022602560188945242,train
2011-05-23,-0.8680328600993235,-0.8355445144656142,-0.03248834563370928,train
2011-05-24,-0.8762791821500634,-0.8039875288797853,-0.07229165327027809,train
2011-05-25,-0.861661048924301,-0.822684473681403,-0.03897657524289799,train
2011-05-26,-0.8663080173606137,-0.7578111297084127,-0.108496887652201,train
2011-05-27,-0.8668935719042136,-0.7448383208031786,-0.12205525110103499,train
2011-05-30,-0.8721912405218465,-0.7230881976449612,-0.14910304287688525,train
2011-05-31,-0.8204490268878982,-0.9633704166931488,0.1429213898052506,train
2011-06-01,-0.8170884926205823,-0.8833553858907149,0.06626689327013269,train
2011-06-02,-0.8259338345837332,-0.8620143304231392,0.03608049583940609,train
2011-06-03,-0.856035998273434,-0.9040950026956045,0.04805900442217048,train
2011-06-06,-0.8693692893357091,-0.9446090099058376,0.07523972057012851,train
2011-06-07,-0.8584078596428952,-0.947154518393271,0.0887466587503758,train
2011-06-08,-0.8290829551249795,-1.0266101535664955,0.197527198441516,train
2011-06-09,-0.8072401849512212,-1.017949876698737,0.21070969174751575,train
2011-06-10,-0.7910227778701358,-1.0513604899131632,0.26033771204302747,train
2011-06-13,-0.7381907250791563,-1.044656554417105,0.30646582933794864,train
2011-06-14,-0.6947621415682016,-1.0569180191418215,0.3621558775736199,train
2011-06-15,-0.639774029880803,-1.1017668127835751,0.4619927829027721,train
2011-06-16,-0.6257623721260824,-1.0151446692202573,0.3893822970941748,train
2011-06-17,-0.6469733101833376,-0.883050121582081,0.23607681139874337,train
2011-06-20,-0.6601419698709382,-0.8448259150273738,0.1846839451564356,train
2011-06-21,-0.6664240867789211,-0.8780466155413571,0.21162252876243604,train
2011-06-22,-0.6417860903860952,-0.8646903169449928,0.22290422655889752,train
2011-06-23,-0.6572156107730809,-0.849938788017154,0.19272317724407306,train
2011-06-24,-0.6823990291104681,-0.8306164362586921,0.14821740714822396,train
2011-06-27,-0.6991172120858372,-0.8644865191209787,0.16536930703514152,train
2011-06-28,-0.7078163362542385,-0.861814258824166,0.1539979225699275,train
2011-06-29,-0.7138801155099584,-0.8611074338625001,0.14722731835254166,train
2011-06-30,-0.7012556889712728,-0.8401181321920088,0.13886244322073604,train
2011-07-01,-0.6754575642672265,-0.8973465784319818,0.22188901416475537,train
2011-07-04,-0.652250052180526,-0.9169815367547645,0.26473148457423845,train
2011-07-05,-0.5976711310878478,-1.0927636282768662,0.4950924971890185,train
2011-07-06,-0.5475986513131585,-1.0319153382973119,0.4843166869841533,train
2011-07-07,-0.48785224928588133,-1.051399601247077,0.5635473519611957,train
2011-07-08,-0.43809479352969516,-1.0057375824404384,0.5676427889107433,train
2011-07-11,-0.3923687140163439,-0.9535211036871274,0.5611523896707835,train
2011-07-12,-0.3774324306848209,-0.8809138351882957,0.5034814045034748,train
2011-07-13,-0.3797564828670694,-0.6981152544766182,0.31835877160954873,train
2011-07-14,-0.3965921401550652,-0.6676620584077977,0.27106991825273247,train
2011-07-15,-0.42418974191888953,-0.5972757540751734,0.17308601215628389,train
2011-07-18,-0.4286420094843865,-0.632796347172287,0.20415433768790053,train
2011-07-19,-0.4354365939022762,-0.6405061583341691,0.20506956443189295,train
2011-07-20,-0.4335004817740662,-0.6912476003864574,0.2577471186123912,train
2011-07-21,-0.4219089232576623,-0.7705384975627708,0.3486295743051085,train
2011-07-22,-0.4738661298803855,-0.7061026349018122,0.23223650502142673,train
2011-07-25,-0.4620977930033771,-0.832579468349977,0.37048167534659987,train
2011-07-26,-0.462267743983753,-0.8504068495674216,0.38813910558366865,train
2011-07-27,-0.45659013790433106,-0.9181469690264953,0.4615568311221642,train
2011-07-28,-0.45697995950403025,-0.882598150577733,0.4256181910737028,train
2011-07-29,-0.47713547582176424,-0.9135496413095047,0.4364141654877404,train
2011-08-01,-0.5078466795280524,-0.8177103324574853,0.30986365292943285,train
2011-08-02,-0.5411098582522772,-0.7771793017519417,0.23606944349966452,train
2011-08-03,-0.5584839720393154,-0.7229522834526682,0.16446831141335272,train
2011-08-04,-0.5785767190596374,-0.6632967931751967,0.08472007411555937,train
2011-08-05,-0.6265668221631205,-0.5538491384189831,-0.07271768374413745,train
2011-08-08,-0.6313867638348225,-0.4672623792579612,-0.1641243845768613,train
2011-08-09,-0.6664409933765097,-0.402206732227003,-0.26423426114950677,train
2011-08-10,-0.7026795031913952,-0.31956584154257583,-0.3831136616488193,train
2011-08-11,-0.6899390768658997,-0.3877262409355996,-0.3022128359303001,train
2011-08-12,-0.6779998400094547,-0.338324087140524,-0.3396757528689307,train
2011-08-15,-0.6491966460314483,-0.4683044281411143,-0.18089221789033405,train
2011-08-16,-0.6115490419502322,-0.5679585454963214,-0.043590496453910776,train
2011-08-17,-0.5906570523483147,-0.6221697850922718,0.03151273274395716,train
2011-08-18,-0.5804084307680554,-0.6535781584768199,0.07316972770876451,train
2011-08-19,-0.5815315437584831,-0.6687232226248698,0.08719167886638668,train
2011-08-22,-0.5648405838938496,-0.676087116897855,0.11124653300400533,train
2011-08-23,-0.5034969059029568,-0.8336689174675135,0.33017201156455667,train
2011-08-24,-0.4553891158694913,-0.7865233638935846,0.33113424802409325,train
2011-08-25,-0.41058502504280825,-0.8116060320005629,0.40102100695775467,train
2011-08-26,-0.3699523457652564,-0.8438932524317874,0.473940906666531,train
2011-08-29,-0.3365933146095194,-0.8503549624287792,0.5137616478192597,train
2011-08-30,-0.29700869327802165,-0.8872283869683673,0.5902196936903457,train
2011-08-31,-0.2629079755800314,-0.8875477607448697,0.6246397851648383,train
2011-09-01,-0.23043298962292136,-0.9109838132303145,0.6805508236073932,train
2011-09-02,-0.20952087795784313,-0.8928079342855084,0.6832870563276653,train
2011-09-05,-0.17332951611362166,-0.8696978257274293,0.6963683096138076,train
2011-09-06,-0.13313622845729214,-0.9278615871216862,0.7947253586643941,train
2011-09-07,-0.14492200843981914,-0.6946507174180379,0.5497287089782187,train
2011-09-08,-0.13616692025544685,-0.7492157542681052,0.6130488340126583,train
2011-09-09,-0.14719752003861314,-0.7338807352635817,0.5866832152249686,train
2011-09-12,-0.17921669393375692,-0.6286580992839302,0.4494414053501733,train
2011-09-13,-0.21913265788730174,-0.49450295753625595,0.2753702996489542,train
2011-09-14,-0.24971031146575043,-0.5208134184860047,0.2711031070202543,train
2011-09-15,-0.274420458558588,-0.4671965164342226,0.19277605787563462,train
2011-09-16,-0.2954237600139496,-0.4749868810847214,0.17956312107077183,train
2011-09-19,-0.2838268320668907,-0.5404526689735215,0.2566258369066308,train
2011-09-20,-0.2787458827743022,-0.599638881111402,0.3208929983370998,train
2011-09-21,-0.266838788982495,-0.5922797142567755,0.3254409252742805,train
2011-09-22,-0.2821616492013925,-0.547298890107144,0.2651372409057516,train
2011-09-23,-0.32207014323941746,-0.46557212437268747,0.14350198113327,train
2011-09-26,-0.340404990674632,-0.44515516996281235,0.10475017928818037,train
2011-09-27,-0.3641686054000815,-0.3908012541047661,0.026632648704684625,train
2011-09-28,-0.37606857416638684,-0.38527479572364676,0.00920622155725992,train
2011-09-29,-0.4002842453257646,-0.41840032259127274,0.018116077265508124,train
2011-09-30,-0.3894847297417306,-0.43505521235380334,0.04557048261207275,train
2011-10-03,-0.3607673914434737,-0.45394273610792757,0.09317534466445387,train
2011-10-04,-0.3561710971737594,-0.45607418657402543,0.09990308940026604,train
2011-10-05,-0.3462159586188585,-0.38555402877724354,0.03933807015838503,train
2011-10-06,-0.3564694123927797,-0.3879223622336803,0.031452949840900635,train
2011-10-07,-0.37153203008052976,-0.3817195441383801,0.010187514057850344,train
2011-10-10,-0.38872673500395716,-0.3922328161261294,0.0035060811221722665,train
2011-10-11,-0.3729107550803409,-0.4531791342027284,0.08026837912238749,train
2011-10-12,-0.348938040984596,-0.5111575528790466,0.1622195118944506,train
2011-10-13,-0.3507584341007493,-0.5343981297174656,0.18363969561671628,train
2011-10-14,-0.35072688531178625,-0.5754793986289273,0.22475251331714102,train
2011-10-17,-0.3528315565481123,-0.5897135466045208,0.23688199005640848,train
2011-10-18,-0.34330152727907987,-0.597843726407847,0.25454219912876713,train
2011-10-19,-0.3467866174019822,-0.530804640061858,0.18401802265987582,train
2011-10-20,-0.35364505539393437,-0.5422888496895218,0.18864379429558747,train
2011-10-21,-0.37953775009447294,-0.4539401993737846,0.07440244927931167,train
2011-10-24,-0.4012102071226973,-0.5064383113117303,0.10522810418903306,train
2011-10-25,-0.3959024781122492,-0.552511838998324,0.1566093608860748,train
2011-10-26,-0.432360382884231,-0.5385521616713559,0.10619177878712488,train
2011-10-27,-0.45541600055296294,-0.5667785531561592,0.11136255260319627,train
2011-10-28,-0.4667445555828234,-0.5750207217452488,0.10827616616242536,train
2011-10-31,-0.4511927806627835,-0.6764710973058548,0.22527831664307124,train
2011-11-01,-0.41710188259464737,-0.5477943487758734,0.13069246618122604,train
2011-11-02,-0.4550337280123257,-0.4580944704582704,0.0030607424459446753,train
2011-11-03,-0.4870416243488952,-0.49400649198219837,0.006964867633303173,train
2011-11-04,-0.5445570463607408,-0.3915269383730843,-0.15303010798765648,train
2011-11-07,-0.5873715813566008,-0.45505697451365534,-0.1323146068429455,train
2011-11-08,-0.6257106719447667,-0.4884861678323445,-0.1372245041124222,train
2011-11-09,-0.6242485735884352,-0.5758630709575725,-0.04838550263086272,train
2011-11-10,-0.6458581461648486,-0.5246646079200072,-0.12119353824484136,train
2011-11-11,-0.6735451731150047,-0.5243468570737441,-0.14919831604126066,train
2011-11-14,-0.6699047564713345,-0.5823044086988951,-0.08760034777243941,train
2011-11-15,-0.6732420352359997,-0.5873707822862453,-0.0858712529497544,train
2011-11-16,-0.6935077376708634,-0.5661886834977528,-0.12731905417311062,train
2011-11-17,-0.7362489838764721,-0.5558313688698681,-0.18041761500660403,train
2011-11-18,-0.7940720117609381,-0.558983616825791,-0.2350883949351471,train
2011-11-21,-0.8338265113193102,-0.5950446413513506,-0.23878186996795958,train
2011-11-22,-0.8391734901082402,-0.6195133582670445,-0.2196601318411957,train
2011-11-23,-0.8416362382949778,-0.6773168323257038,-0.16431940596927397,train
2011-11-24,-0.8974874672492267,-0.641041192899763,-0.25644627434946365,train
2011-11-25,-0.9598642590179319,-0.778257284184262,-0.18160697483366994,train
2011-11-28,-0.9775170083385302,-0.7962618817504139,-0.18125512658811627,train
2011-11-29,-0.9918009859011192,-0.7627074406385201,-0.22909354526259906,train
2011-11-30,-1.0234114146069573,-0.7315861467889846,-0.2918252678179727,train
2011-12-01,-1.1062651976761044,-0.3688178717104893,-0.7374473259656151,train
2011-12-02,-1.1318943137565112,-0.6293882343618071,-0.502506079394704,train
2011-12-05,-1.1248486309581625,-0.6752584514144534,-0.44959017954370906,train
2011-12-06,-1.123858459820506,-0.7562479904224229,-0.36761046939808306,train
2011-12-07,-1.1097613310245968,-0.8243876264545568,-0.2853737045700401,train
2011-12-08,-1.0994099727568154,-0.9732468838616748,-0.1261630888951406,train
2011-12-09,-1.1104276562129505,-0.8973883806742473,-0.21303927553870317,train
2011-12-12,-1.1181552339531906,-0.8990805880689503,-0.2190746458842403,train
2011-12-13,-1.1000579763911722,-0.9051649836004436,-0.19489299279072858,train
2011-12-14,-1.1387682450607526,-0.8091264022147786,-0.329641842845974,train
2011-12-15,-1.1502858126727198,-0.792718239865104,-0.35756757280761575,train
2011-12-16,-1.1289528954637824,-0.8435599439531187,-0.2853929515106637,train
2011-12-19,-1.1109416898541111,-0.945675845529544,-0.16526584432456715,train
2011-12-20,-1.0841459757245198,-1.032389277352174,-0.051756698372345866,train
2011-12-21,-1.0626863242863709,-1.1320441383264837,0.06935781404011276,train
2011-12-22,-1.0658818728668917,-1.0278120197579907,-0.038069853108900986,train
2011-12-23,-1.050311280087576,-1.0916051711051935,0.04129389101761749,train
2011-12-27,-1.0177733064664378,-1.2409022508401686,0.22312894437373076,train
2011-12-28,-0.9258001074804468,-1.379898517966391,0.4540984104859441,train
2011-12-29,-0.9169397863950276,-1.2732820870333479,0.3563423006383203,train
2011-12-30,-0.9157573941610692,-1.2376180322927408,0.32186063813167165,train
2012-01-03,-0.8818917341463082,-1.2817819374679276,0.3998902033216194,train
2012-01-04,-0.8540732485214421,-1.2645365918001583,0.41046334327871625,train
2012-01-05,-0.8294375896469828,-1.1963257399175113,0.36688815027052857,train
2012-01-06,-0.8306995107627727,-1.1168182787064658,0.28611876794369306,train
2012-01-09,-0.8177984657908176,-1.1272429539319817,0.3094444881411641,train
2012-01-10,-0.8171050724520165,-1.1155456285623628,0.29844055611034637,train
2012-01-11,-0.796046024549462,-1.113901496484192,0.31785547193472996,train
2012-01-12,-0.8078963455718405,-1.0957064656806241,0.2878101201087836,train
2012-01-13,-0.8188210881837911,-1.1026163622459497,0.28379527406215865,train
2012-01-16,-0.8453913544264872,-1.001053021131064,0.15566166670457682,train
2012-01-17,-0.8195572875064385,-1.1363789600243077,0.3168216725178692,train
2012-01-18,-0.8087430434892309,-1.1008525293238223,0.2921094858345914,train
2012-01-19,-0.842212418100359,-1.002575939522077,0.16036352142171806,train
2012-01-20,-0.8593231276579605,-1.0357435308898757,0.1764204032319152,train
2012-01-23,-0.8270269801949012,-1.0760232472097278,0.24899626701482658,train
2012-01-24,-0.8388394472562538,-1.0433322469136248,0.204492799657371,train
2012-01-25,-0.8573419692283505,-1.0297781739905674,0.17243620476221688,train
2012-01-26,-0.894824635860244,-1.0044544473952728,0.10962981153502882,train
2012-01-27,-0.8998232508536791,-1.0344745569358071,0.13465130608212805,train
2012-01-30,-0.9295077664820386,-0.9180835468394848,-0.011424219642553801,train
2012-01-31,-0.9184903853169345,-0.9993279980726298,0.08083761275569534,train
2012-02-01,-0.9300585570389882,-0.9765730401248036,0.046514483085815406,train
2012-02-02,-0.9676817005156928,-0.9150463688686915,-0.05263533164700129,train
2012-02-03,-0.9902742111956866,-0.8974677008547925,-0.09280651034089404,train
2012-02-06,-1.0289956718030333,-0.8982930604410297,-0.13070261136200356,train
2012-02-07,-1.0584163876802941,-0.87973925464305,-0.17867713303724408,train
2012-02-08,-1.0778153264323806,-0.8462800086881517,-0.23153531774422897,train
2012-02-09,-1.0843930374268977,-0.9107060938011894,-0.17368694362570836,train
2012-02-10,-1.117776769451454,-0.8659044396252347,-0.2518723298262193,train
2012-02-13,-1.1202741834958456,-0.970194701652114,-0.15007948184373165,train
2012-02-14,-1.118570743261841,-0.9962726778397214,-0.12229806542211963,train
2012-02-15,-1.1368241605527478,-0.9865526997532423,-0.15027146079950549,train
2012-02-16,-1.1552497719164683,-0.944162577004215,-0.21108719491225325,train
2012-02-17,-1.195932583156533,-0.9369592767650673,-0.25897330639146576,train
2012-02-20,-1.2055232353842273,-1.0188308020185,-0.18669243336572738,train
2012-02-21,-1.21104164657286,-1.043770482216501,-0.16727116435635891,train
2012-02-22,-1.2552367514762819,-0.8856278119316922,-0.36960893954458973,train
2012-02-23,-1.252937080620992,-1.0052523178482813,-0.2476847627727108,train
2012-02-24,-1.249520163363094,-1.053284994939013,-0.19623516842408084,train
2012-02-27,-1.2537013621475244,-1.1057982479555624,-0.147903114191962,train
2012-02-28,-1.2617842839139348,-1.05399331915839,-0.20779096475554493,train
2012-02-29,-1.2679492791512372,-1.1580945927755533,-0.10985468637568396,train
2012-03-01,-1.2764559046687278,-1.0921170686365702,-0.18433883603215762,train
2012-03-02,-1.2975959214442747,-1.0989745686819563,-0.1986213527623184,train
2012-03-05,-1.2797435088778724,-1.1383735704404416,-0.14136993843743073,train
2012-03-06,-1.2848062524083417,-1.11455765242342,-0.1702485999849217,train
2012-03-07,-1.2941997358949457,-1.1877615774629307,-0.1064381584320151,train
2012-03-08,-1.3055608194067776,-1.2398757431391454,-0.0656850762676322,train
2012-03-09,-1.3248572384200412,-1.2305254394102298,-0.09433179900981137,train
2012-03-12,-1.321095929167049,-1.1965685535139086,-0.12452737565314043,train
2012-03-13,-1.3174741123127045,-1.2558395374234863,-0.0616345748892182,train
2012-03-14,-1.327900224652379,-1.2234048615105086,-0.10449536314187036,train
2012-03-15,-1.3498717091174248,-1.186145928654252,-0.16372578046317288,train
2012-03-16,-1.332769226094888,-1.224806889054795,-0.10796233704009306,train
2012-03-19,-1.3495412303082397,-1.252271614739468,-0.09726961556877178,train
2012-03-20,-1.3285922749214951,-1.331125173768351,0.0025328988468558133,train
2012-03-21,-1.3254409513175178,-1.334001217839141,0.008560266521623117,train
2012-03-22,-1.3286153278627166,-1.3306047315938843,0.001989403731167627,train
2012-03-23,-1.352807352829423,-1.315681978884232,-0.03712537394519111,train
2012-03-26,-1.3835689566638885,-1.3297105023955875,-0.05385845426830094,train
2012-03-27,-1.3872127983134521,-1.2994654451853938,-0.08774735312805837,train
2012-03-28,-1.3928333573106548,-1.3301094955033541,-0.06272386180730072,train
2012-03-29,-1.3967493611159385,-1.3152991552939188,-0.08145020582201967,train
2012-03-30,-1.4415187281585664,-1.2935522258189627,-0.14796650233960373,train
2012-04-02,-1.4667902483660762,-1.2746487012596672,-0.19214154710640896,train
2012-04-03,-1.4509264957824974,-1.3725598238739676,-0.07836667190852986,train
2012-04-04,-1.4926202371724813,-1.3182205905469306,-0.17439964662555063,train
2012-04-05,-1.5253903266855802,-1.2863267986764626,-0.23906352800911757,train
2012-04-06,-1.5020440811215563,-1.3650263970008045,-0.13701768412075177,train
2012-04-09,-1.4928174914411245,-1.5267738501148456,0.03395635867372104,train
2012-04-10,-1.484671739758439,-1.4340917444190255,-0.050579995339413486,train
2012-04-11,-1.5110186723365961,-1.3302063989318094,-0.18081227340478678,train
2012-04-12,-1.5275962097783375,-1.3657052021430776,-0.16189100763526,train
2012-04-13,-1.5368111974492555,-1.3763375499962387,-0.16047364745301684,train
2012-04-16,-1.5214267057587287,-1.4073258032223726,-0.11410090253635619,train
2012-04-17,-1.5219471214030207,-1.2896267971744526,-0.23232032422856808,train
2012-04-18,-1.5014638369505595,-1.3826172179002638,-0.1188466190502957,train
2012-04-19,-1.493754250427408,-1.3438071109236511,-0.14994713950375682,train
2012-04-20,-1.4930528675943753,-1.3435370583600368,-0.1495158092343385,train
2012-04-23,-1.477647591654337,-1.3732544976966374,-0.10439309395769958,train
2012-04-24,-1.4358555467072895,-1.4532004824569769,0.017344935749687318,train
2012-04-25,-1.3872278493370367,-1.5175134057335278,0.1302855563964911,train
2012-04-26,-1.3842790872615984,-1.4528338143994937,0.06855472713789523,train
2012-04-27,-1.3785948461747677,-1.5001222936845369,0.12152744750976918,train
2012-04-30,-1.368312990956195,-1.4542349875929093,0.08592199663671418,train
2012-05-01,-1.3097758512384703,-1.6086600386022736,0.2988841873638033,train
2012-05-02,-1.2774432700152685,-1.6694153847749114,0.3919721147596429,train
2012-05-03,-1.2340599458914605,-1.584115168334874,0.35005522244341347,train
2012-05-04,-1.1988749461915649,-1.6251275901073599,0.426252643915795,train
2012-05-07,-1.156233480138221,-1.6603069576938145,0.5040734775555935,train
2012-05-08,-1.1464858388373396,-1.4628920620820898,0.3164062232447502,train
2012-05-09,-1.1137578851334737,-1.4773841847003,0.36362629956682624,train
2012-05-10,-1.1027384108763347,-1.4750737746091367,0.37233536373280196,train
2012-05-11,-1.0675549715034605,-1.4910353121926274,0.42348034068916696,train
2012-05-14,-1.0286933306016721,-1.5073348034383631,0.478641472836691,train
2012-05-15,-1.001086762443335,-1.5221763953344727,0.5210896328911376,train
2012-05-16,-0.9936107198651158,-1.5368849558666218,0.5432742360015059,train
2012-05-17,-1.0121205041989507,-1.4151040620551336,0.4029835578561829,train
2012-05-18,-0.997229786012979,-1.4025147422855717,0.40528495627259276,train
2012-05-21,-1.007880923252759,-1.333082823908577,0.325201900655818,train
2012-05-22,-0.9744353445944897,-1.3302910683004012,0.35585572370591156,train
2012-05-23,-0.9598732890301289,-1.3089160070608277,0.34904271803069875,train
2012-05-24,-0.979326019357056,-1.2444303544234527,0.26510433506639675,train
2012-05-25,-1.020680097931056,-1.2037961835351276,0.18311608560407167,train
2012-05-28,-1.0221702280542393,-1.2646358732384675,0.2424656451842282,train
2012-05-29,-1.03295297815932,-1.3173123939626428,0.2843594158033227,train
2012-05-30,-1.0342376626358976,-1.2649156016251013,0.23067793898920375,train
2012-05-31,-0.9866393764184214,-1.2401656787709827,0.25352630235256135,train
2012-06-01,-1.010575124418538,-1.2300957385496354,0.21952061413109747,train
2012-06-04,-1.0757129441621796,-1.0905057356106616,0.014792791448482001,train
2012-06-05,-1.1083891063894356,-1.1334306286389153,0.025041522249479753,train
2012-06-06,-1.1053853622881955,-1.0936993953540772,-0.011685966934118275,train
2012-06-07,-1.1306442322643753,-1.076435626497333,-0.05420860576704234,train
2012-06-08,-1.1617624774782216,-1.0327738087400138,-0.1289886687382078,train
2012-06-11,-1.1869607730199743,-1.1148473374732804,-0.07211343554669392,train
2012-06-12,-1.2096786175423437,-1.0553467736395654,-0.15433184390277832,train
2012-06-13,-1.242093748884384,-1.0276223694361601,-0.2144713794482238,train
2012-06-14,-1.248473367965646,-1.044173147525861,-0.2043002204397848,train
2012-06-15,-1.261680953323168,-1.0660292155739146,-0.19565173774925348,train
2012-06-18,-1.2431390921547092,-1.136301078442627,-0.10683801371208212,train
2012-06-19,-1.264262999691063,-1.0354972482300981,-0.2287657514609649,train
2012-06-20,-1.2636527013325727,-1.1223189693285929,-0.1413337320039798,train
2012-06-21,-1.2871239501291682,-1.0400228181259497,-0.2471011320032186,train
2012-06-22,-1.3037028361628342,-1.0150073742389745,-0.28869546192385975,train
2012-06-25,-1.306737347569682,-1.077638742791223,-0.2290986047784589,train
2012-06-26,-1.2687227903211031,-1.2092643519954118,-0.05945843832569131,train
2012-06-27,-1.2439345518264338,-1.1418631795574474,-0.10207137226898633,train
2012-06-28,-1.1719150990818543,-1.2788099263955026,0.1068948273136483,train
2012-06-29,-1.1817663486979886,-1.2876074072543768,0.10584105855638826,train
2012-07-02,-1.2317578022235331,-0.982863185124266,-0.2488946170992672,train
2012-07-03,-1.2048265990678566,-1.1697505464626379,-0.03507605260521873,train
2012-07-04,-1.1198055209436784,-1.2581578106551836,0.13835228971150526,train
2012-07-05,-1.0710965829439487,-1.338510710098179,0.2674141271542303,train
2012-07-06,-1.0778667238443256,-1.2170831465774639,0.13921642273313828,train
2012-07-09,-1.0885067648083848,-1.322914435560671,0.2344076707522862,train
2012-07-10,-1.1022788634500893,-1.3185603920738287,0.2162815286237394,train
2012-07-11,-1.0904980561222777,-1.355224632080124,0.2647265759578463,train
2012-07-12,-1.1006739790498472,-1.3475838802896294,0.24690990123978218,train
2012-07-13,-1.107827101839524,-1.3700998689579629,0.26227276711843883,train
2012-07-16,-1.1382739816663852,-1.3482821952267292,0.21000821356034405,train
2012-07-17,-1.165129096409926,-1.3646094571903722,0.1994803607804463,train
2012-07-18,-1.2063190970971134,-1.3011129296615849,0.09479383256447149,train
2012-07-19,-1.2261039466851995,-1.2859484273938064,0.05984448070860693,train
2012-07-20,-1.247053129955039,-1.282587531808003,0.03553440185296397,train
2012-07-23,-1.2554051996895972,-1.2982215266960284,0.04281632700643123,train
2012-07-24,-1.2577278229889435,-1.246447278573866,-0.01128054441507742,train
2012-07-25,-1.2644689579807666,-1.2843852751980038,0.01991631721723719,train
2012-07-26,-1.2833018326308092,-1.2104658572729559,-0.07283597535785336,train
2012-07-27,-1.3540226870747838,-1.1366069162310901,-0.21741577084369368,train
2012-07-30,-1.4266497542252183,-0.9925859190665451,-0.4340638351586732,train
2012-07-31,-1.4471564317882475,-1.1571394638995638,-0.2900169678886837,train
2012-08-01,-1.4840577311586083,-1.1331684969375146,-0.35088923422109364,train
2012-08-02,-1.478191774875669,-1.141372908053363,-0.336818866822306,train
2012-08-03,-1.5819343255785583,-0.8811190738236805,-0.7008152517548778,train
2012-08-06,-1.622521263737774,-1.0198771742220156,-0.6026440895157583,train
2012-08-07,-1.6280784280521485,-1.0221874308055634,-0.6058909972465851,train
2012-08-08,-1.5966694322392194,-1.1453259343591522,-0.4513434978800672,train
2012-08-09,-1.5729782123969456,-1.2068836578434974,-0.3660945545534482,train
2012-08-10,-1.5970968293344072,-1.2741720586724925,-0.3229247706619147,train
2012-08-13,-1.5977092184208954,-1.3421510979669784,-0.255558120453917,train
2012-08-14,-1.5698534296866116,-1.3838806290955712,-0.18597280059104038,train
2012-08-15,-1.5227086215329706,-1.4295004612897129,-0.09320816024325773,train
2012-08-16,-1.48966863726584,-1.4740550151772558,-0.0156136220885843,train
2012-08-17,-1.462072521060491,-1.491403342791767,0.02933082173127599,train
2012-08-20,-1.4487568845447094,-1.4943842910092164,0.045627406464507025,train
2012-08-21,-1.4399752602820846,-1.5014059151728432,0.06143065489075861,train
2012-08-22,-1.4358791873626535,-1.5368798702895408,0.10100068292688724,train
2012-08-23,-1.4131953819764058,-1.4472627451378681,0.034067363161462305,train
2012-08-24,-1.402099779079906,-1.3843161821552803,-0.01778359692462561,train
2012-08-27,-1.4066896475992516,-1.423490124799054,0.016800477199802266,train
2012-08-28,-1.377727357738917,-1.4994484889474986,0.12172113120858152,train
2012-08-29,-1.3575832578921774,-1.5156949838993077,0.1581117260071303,train
2012-08-30,-1.3338135683060561,-1.6067396730920804,0.2729261047860243,train
2012-08-31,-1.3058112573452778,-1.6277381863661624,0.3219269290208846,train
2012-09-03,-1.3407090702808695,-1.4796385157466572,0.13892944546578767,train
2012-09-04,-1.312215403217399,-1.6974546415673415,0.38523923834994256,train
2012-09-05,-1.2995600035695183,-1.6156525977446023,0.31609259417508406,train
2012-09-06,-1.3272207571895989,-1.5748400189596368,0.2476192617700379,train
2012-09-07,-1.3653391547501506,-1.4444648438444188,0.0791256890942682,train
2012-09-10,-1.3725462149570047,-1.4887670939737483,0.1162208790167436,train
2012-09-11,-1.352761582689952,-1.5447503984069835,0.19198881571703152,train
2012-09-12,-1.3426248651146515,-1.5172887240524209,0.17466385893776937,train
2012-09-13,-1.3619579661205081,-1.4382103540010394,0.07625238788053124,train
2012-09-14,-1.40688034586805,-1.3804084801429217,-0.026471865725128385,train
2012-09-17,-1.4290368340824988,-1.3963232069004436,-0.03271362718205517,train
2012-09-18,-1.436777251576592,-1.364267957087852,-0.07250929448874,train
2012-09-19,-1.4530415083425638,-1.3421493900514703,-0.11089211829109358,train
2012-09-20,-1.468788091554807,-1.3855574642279684,-0.08323062732683861,train
2012-09-21,-1.4976437801373128,-1.3547868254532325,-0.14285695468408033,train
2012-09-24,-1.5498994288139594,-1.2776531359918994,-0.2722462928220599,train
2012-09-25,-1.5591769050959927,-1.3368744819920209,-0.22230242310397186,train
2012-09-26,-1.5713424534835931,-1.3370948688370272,-0.23424758464656592,train
2012-09-27,-1.5717202949535058,-1.3474962792026206,-0.22422401575088524,train
2012-09-28,-1.6007512032156586,-1.3275515205559496,-0.27319968265970895,train
2012-10-01,-1.6328690982704395,-1.3616419104345765,-0.27122718783586297,train
2012-10-02,-1.6644325533338191,-1.3404129518331478,-0.32401960150067133,train
2012-10-03,-1.682158266874813,-1.377225993713859,-0.30493227316095406,train
2012-10-04,-1.6755099513990659,-1.3988834969510182,-0.2766264544480477,train
2012-10-05,-1.6932189924840635,-1.3674647161030977,-0.32575427638096577,train
2012-10-08,-1.6926241220064222,-1.4548224286969798,-0.23780169330944245,train
2012-10-09,-1.6569584848407108,-1.502895337940569,-0.1540631469001419,train
2012-10-10,-1.6576784581914696,-1.4530342952926063,-0.20464416289886334,train
2012-10-11,-1.66577795815947,-1.4427793789398833,-0.22299857921958677,train
2012-10-12,-1.6922237623966858,-1.4277924560667798,-0.26443130632990597,train
2012-10-15,-1.6991058085484274,-1.448293968633105,-0.2508118399153223,train
2012-10-16,-1.694225901883906,-1.4803920534324377,-0.21383384845146836,train
2012-10-17,-1.6971279505456816,-1.5318968431841515,-0.16523110736153002,train
2012-10-18,-1.7072359881814014,-1.48569014785698,-0.22154584032442148,train
2012-10-19,-1.7133506153811124,-1.5348859877801921,-0.1784646276009203,train
2012-10-22,-1.6875948177662925,-1.5643441566880365,-0.123250661078256,train
2012-10-23,-1.6748124404044609,-1.5779047244997337,-0.09690771590472713,train
2012-10-24,-1.6727825471066078,-1.6400584379985905,-0.03272410910801726,train
2012-10-25,-1.6826495687346736,-1.597263777932858,-0.08538579080181563,train
2012-10-26,-1.6982470393680096,-1.5835581603317235,-0.1146888790362861,train
2012-10-29,-1.7010442368712908,-1.5657447738630978,-0.13529946300819296,train
2012-10-30,-1.694237179125571,-1.624881611479965,-0.06935556764560613,train
2012-10-31,-1.6843820518393355,-1.685103364920258,0.0007213130809224921,train
2012-11-01,-1.667129017966706,-1.692826383153696,0.025697365186990062,train
2012-11-02,-1.6651604499258723,-1.726802667032884,0.061642217107011676,train
2012-11-05,-1.6970569823051322,-1.6669283258937875,-0.030128656411344767,train
2012-11-06,-1.7207331590106945,-1.6922864099887271,-0.02844674902196731,train
2012-11-07,-1.7166862954390145,-1.6714949866109352,-0.04519130882807931,train
2012-11-08,-1.7352389970668092,-1.5237796834943869,-0.2114593135724223,train
2012-11-09,-1.762802698803482,-1.5377198421155613,-0.2250828566879206,train
2012-11-12,-1.775238125837341,-1.5696084207086842,-0.20562970512865686,train
2012-11-13,-1.78198002176021,-1.6708673688727895,-0.11111265288742045,train
2012-11-14,-1.7858075899637675,-1.640012087879759,-0.1457955020840085,train
2012-11-15,-1.7770842296540363,-1.6372694033583217,-0.13981482629571462,train
2012-11-16,-1.7779106905748614,-1.6593181460533766,-0.11859254452148482,train
2012-11-19,-1.8122147241935833,-1.6737233602167143,-0.138491363976869,train
2012-11-20,-1.8158676816065447,-1.6908484525052758,-0.12501922910126884,train
2012-11-21,-1.8242557817520995,-1.5949512682675042,-0.22930451348459524,train
2012-11-22,-1.8143573091657563,-1.6424011962283491,-0.1719561129374072,train
2012-11-23,-1.840419454648402,-1.629970611702255,-0.21044884294614707,train
2012-11-26,-1.8316983146941022,-1.625885985360321,-0.20581232933378124,train
2012-11-27,-1.8151852168046376,-1.6550552015319595,-0.16013001527267812,train
2012-11-28,-1.7945192103060172,-1.6723163041712958,-0.1222029061347214,train
2012-11-29,-1.748888220316089,-1.6765975699519067,-0.07229065036418225,train
2012-11-30,-1.7162600052785686,-1.7646805765758309,0.048420571297262294,train
2012-12-03,-1.7039357526172196,-1.6712961036442284,-0.03263964897299121,train
2012-12-04,-1.6880051809745686,-1.666561676171217,-0.021443504803351665,train
2012-12-05,-1.6620257972602455,-1.7293844036503851,0.06735860639013969,train
2012-12-06,-1.6440655268831612,-1.7663704600633325,0.12230493318017133,train
2012-12-07,-1.6250982331570372,-1.7483047413581927,0.12320650820115553,train
2012-12-10,-1.6089570746336754,-1.7176225182696783,0.10866544363600283,train
2012-12-11,-1.5849629630628803,-1.7675976762962518,0.18263471323337144,train
2012-12-12,-1.5417759013735761,-1.7605490131450963,0.21877311177152015,train
2012-12-13,-1.4994032711451475,-1.8077262180259406,0.3083229468807931,train
2012-12-14,-1.4828538518320071,-1.7361357310681256,0.25328187923611845,train
2012-12-17,-1.462395547247066,-1.7412102666435558,0.27881471939648983,train
2012-12-18,-1.4709419219037954,-1.736276865639712,0.2653349437359167,train
2012-12-19,-1.4036336975227373,-1.8412049706208296,0.4375712730980923,train
2012-12-20,-1.3732242441318325,-1.7654342051878638,0.39220996105603123,train
2012-12-21,-1.3603395875032314,-1.7048987225334873,0.3445591350302559,train
2012-12-24,-1.3531921440661874,-1.6726551794132622,0.3194630353470749,train
2012-12-27,-1.3127273143752358,-1.8524091791000996,0.5396818647248638,train
2012-12-28,-1.321934930774216,-1.6980467293735417,0.37611179859932564,train
2012-12-31,-1.3280695860383314,-1.7081246663907566,0.3800550803524252,train
2013-01-02,-1.3628622396732581,-1.6394119942265144,0.27654975455325626,train
2013-01-03,-1.372708887663015,-1.4896835096775358,0.11697462201452091,train
2013-01-04,-1.3838763993929069,-1.48463400148474,0.10075760209183304,train
2013-01-07,-1.3615440457674348,-1.4531542577230838,0.091610211955649,train
2013-01-08,-1.3490086475049,-1.4570333630901833,0.10802471558528337,train
2013-01-09,-1.322190773120002,-1.50209188957105,0.179901116451048,train
2013-01-10,-1.2966422363581946,-1.5629588531024763,0.26631661674428164,train
2013-01-11,-1.3078064719879468,-1.5367806926123129,0.22897422062436612,train
2013-01-14,-1.3118071301408796,-1.4954887170988584,0.18368158695797887,train
2013-01-15,-1.3109390773976193,-1.4994638454843061,0.18852476808668683,train
2013-01-16,-1.3258397404055497,-1.4004754280962293,0.07463568769067952,train
2013-01-17,-1.3226825273202603,-1.3638420914940814,0.04115956417382116,train
2013-01-18,-1.347053650416556,-1.373167731578695,0.02611408116213898,train
2013-01-21,-1.3820101517245633,-1.3342750133283365,-0.047735138396226784,train
2013-01-22,-1.3358892026510447,-1.4721017058711836,0.1362125032201389,train
2013-01-23,-1.3426938079020525,-1.3464571759189239,0.0037633680168713823,train
2013-01-24,-1.3476448146551023,-1.366099095070168,0.018454280415065583,train
2013-01-25,-1.3195524096535634,-1.3369708054102707,0.01741839575670734,train
2013-01-28,-1.2864167086375942,-1.3408522183306057,0.054435509693011586,train
2013-01-29,-1.2608548971965814,-1.3305319884860025,0.06967709128942112,train
2013-01-30,-1.2423387498895648,-1.389663231746648,0.14732448185708313,train
2013-01-31,-1.2118103172954264,-1.43388060619748,0.2220702889020536,train
2013-02-01,-1.1927914901716503,-1.512554546278142,0.3197630561064917,train
2013-02-04,-1.2243932857755973,-1.3979211733718926,0.17352788759629534,train
2013-02-05,-1.2547291973803931,-1.444577798456598,0.18984860107620483,train
2013-02-06,-1.2762934520593212,-1.3251419721965196,0.048848520137198426,train
2013-02-07,-1.2526495622868536,-1.333641458908611,0.08099189662175732,train
2013-02-08,-1.2986865959489209,-1.2278062986195086,-0.07088029732941226,train
2013-02-11,-1.31936406240597,-1.2584384713946903,-0.06092559101127959,train
2013-02-12,-1.3099587666324533,-1.4242890242211699,0.11433025758871662,train
2013-02-13,-1.3218629175960497,-1.3041373777487557,-0.01772553984729397,train
2013-02-14,-1.308137259422443,-1.3461227111852299,0.03798545176278689,train
2013-02-15,-1.2799534790026472,-1.3741598095160124,0.09420633051336513,train
2013-02-18,-1.2479095985859845,-1.3678812866265813,0.11997168804059677,train
2013-02-19,-1.2068322856385985,-1.5126510122525665,0.30581872661396803,train
2013-02-20,-1.175182160842517,-1.4963591370019775,0.3211769761594605,train
2013-02-21,-1.1847570458456096,-1.4192402939147184,0.2344832480691088,train
2013-02-22,-1.156251567772079,-1.3602333807818536,0.20398181300977458,train
2013-02-25,-1.1515642293954615,-1.4146033817336947,0.26303915233823316,train
2013-02-26,-1.1961869954131235,-1.1874274899545816,-0.008759505458541872,train
2013-02-27,-1.2395606803484125,-1.0813333639262024,-0.1582273164222101,train
2013-02-28,-1.2949619896801792,-1.1323692614326797,-0.16259272824749949,train
2013-03-01,-1.3317636981223029,-1.1801496161165466,-0.15161408200575632,train
2013-03-04,-1.3595856806156468,-1.131798413390626,-0.22778726722502074,train
2013-03-05,-1.3811114262408075,-1.2274814164737031,-0.1536300097671044,train
2013-03-06,-1.3222203305612303,-1.3522715157853027,0.030051185224072352,train
2013-03-07,-1.2597056615187587,-1.437864190620394,0.1781585291016352,train
2013-03-08,-1.2765570452722799,-1.3973152764470722,0.12075823117479234,train
2013-03-11,-1.2990571261374626,-1.3512980542342732,0.05224092809681058,train
2013-03-12,-1.2839723041693942,-1.4693879863427084,0.18541568217331417,train
2013-03-13,-1.2855735124566272,-1.4738260101563143,0.1882524976996871,train
2013-03-14,-1.2934244354525104,-1.4428118638003475,0.14938742834783714,train
2013-03-15,-1.2867392103960766,-1.3933043469186666,0.10656513652258992,train
2013-03-18,-1.2778076671669156,-1.4193567172850432,0.14154905011812757,train
2013-03-19,-1.2879664015752077,-1.2358403452675089,-0.05212605630769884,train
2013-03-20,-1.3225261884767798,-1.1214928637137458,-0.20103332476303404,train
2013-03-21,-1.3370187924716874,-1.1425587572869456,-0.19446003518474186,train
2013-03-22,-1.3692125099417112,-1.1441141160556463,-0.2250983938860649,train
2013-03-25,-1.3611107178697508,-1.1761168368454613,-0.18499388102428949,train
2013-03-26,-1.4114042741887014,-1.046909714138667,-0.36449456005003444,train
2013-03-27,-1.4238239731523956,-1.1907850844236163,-0.23303888872877931,train
2013-03-28,-1.4246283087624692,-1.2362069622789609,-0.18842134648350828,train
2013-03-29,-1.4483565455846963,-1.2772533420612817,-0.17110320352341457,train
2013-04-01,-1.4149057202968056,-1.6846985647917765,0.2697928444949709,train
2013-04-02,-1.3796628283544272,-1.5755542865047452,0.19589145815031794,train
2013-04-03,-1.3154653468475224,-1.5383603177205447,0.22289497087302235,train
2013-04-04,-1.2374405058990425,-1.6066911292618589,0.36925062336281633,train
2013-04-05,-1.3070860168086773,-1.3844647335584561,0.07737871674977881,train
2013-04-08,-1.3644609501256733,-1.3192711473720418,-0.04518980275363149,train
2013-04-09,-1.365295050124368,-1.3359577676227348,-0.029337282501633144,train
2013-04-10,-1.3737093809062348,-1.3092800887097877,-0.06442929219644711,train
2013-04-11,-1.3454678077468145,-1.3121554205751544,-0.033312387171660074,train
2013-04-12,-1.3270330189815167,-1.3930052094185106,0.06597219043699387,train
2013-04-15,-1.314295878045644,-1.4027417092858394,0.08844583124019545,train
2013-04-16,-1.307491184105717,-1.3843550829361106,0.07686389883039357,train
2013-04-17,-1.3185660185044419,-1.3258718179422635,0.007305799437821614,train
2013-04-18,-1.3440020248602518,-1.2774544043603298,-0.06654762049992202,train
2013-04-19,-1.3709048294491417,-1.3120624549213284,-0.05884237452781327,train
2013-04-22,-1.3763294672177528,-1.2985657654991578,-0.07776370171859504,train
2013-04-23,-1.32239026472016,-1.3837968455948473,0.06140658087468731,train
2013-04-24,-1.3253286136708489,-1.3956284531413705,0.07029983947052165,train
2013-04-25,-1.3099935589762266,-1.4649346588246632,0.15494109984843663,train
2013-04-26,-1.3689912981821204,-1.448871347242378,0.07988004906025759,train
2013-04-29,-1.3613670496657329,-1.4409294076895969,0.07956235802386402,train
2013-04-30,-1.3230319221321063,-1.5215621886560153,0.19853026652390904,train
2013-05-01,-1.3084188320155397,-1.479325018461881,0.17090618644634126,train
2013-05-02,-1.30125324222287,-1.478686462497535,0.17743322027466513,train
2013-05-03,-1.3282372910852225,-1.2315400614256187,-0.09669722965960381,train
2013-05-06,-1.386523046356853,-1.1148058650295427,-0.27171718132731026,train
2013-05-07,-1.3492833660334032,-1.4706008362231857,0.12131747018978256,train
2013-05-08,-1.284968370043457,-1.4513897326905152,0.1664213626470581,train
2013-05-09,-1.246032858875163,-1.3812990595144998,0.1352662006393368,train
2013-05-10,-1.2590957340707862,-1.408015980636712,0.14892024656592584,train
2013-05-13,-1.2676186641147702,-1.3865259789209463,0.11890731480617611,train
2013-05-14,-1.2737925110371329,-1.4093404426001581,0.13554793156302525,train
2013-05-15,-1.26665971750163,-1.3180600107196503,0.0514002932180202,train
2013-05-16,-1.3035222570849914,-1.3139684889069463,0.010446231821954921,train
2013-05-17,-1.3352403165487268,-1.3086143958735832,-0.026625920675143577,train
2013-05-20,-1.32701045317311,-1.4083324250277292,0.0813219718546192,train
2013-05-21,-1.2946794670143653,-1.4106806134438066,0.11600114642944126,train
2013-05-22,-1.2609083382956199,-1.4379200814861588,0.17701174319053892,train
2013-05-23,-1.2890019694961354,-1.2609879470217396,-0.028014022474395883,train
2013-05-24,-1.28841824046135,-1.3100641971481932,0.021645956686843215,train
2013-05-27,-1.3019561132253217,-1.309119569873301,0.007163456647979238,train
2013-05-28,-1.2382368098363026,-1.5510094386084607,0.31277262877215817,train
2013-05-29,-1.2557641835024027,-1.3919503512998421,0.13618616779743942,train
2013-05-30,-1.2762227936200277,-1.381117940108285,0.10489514648825726,train
2013-05-31,-1.3135610601756673,-1.3700731899360223,0.05651212976035502,train
2013-06-03,-1.3366405104541408,-1.3678041161394165,0.031163605685275764,train
2013-06-04,-1.3511826347091105,-1.2608464841131015,-0.09033615059600897,train
2013-06-05,-1.3239581592030305,-1.3367139574872624,0.0127557982842319,train
2013-06-06,-1.3294523971327583,-1.3572561581421678,0.02780376100940951,train
2013-06-07,-1.4058984217331782,-1.1709275357371949,-0.23497088599598337,train
2013-06-10,-1.4292514943323011,-1.164531447573393,-0.26472004675890815,train
2013-06-11,-1.3628358780148966,-1.2901938095482097,-0.07264206846668686,train
2013-06-12,-1.2979402449980537,-1.2383392079994968,-0.0596010369985569,train
2013-06-13,-1.2776565748747986,-1.2822312996097878,0.004574724734989211,train
2013-06-14,-1.288294973180973,-1.264292861061636,-0.024002112119337005,train
2013-06-17,-1.2534392022919625,-1.4356949891366788,0.18225578684471633,train
2013-06-18,-1.2134167132464657,-1.5709330043408254,0.3575162910943597,train
2013-06-19,-1.2368898939344086,-1.4344857589508635,0.19759586501645487,train
2013-06-20,-1.2679195508488563,-1.4813805584888848,0.2134610076400285,train
2013-06-21,-1.3263671343548051,-1.2594375866849834,-0.06692954766982173,train
2013-06-24,-1.3645255137438346,-1.2829220851429266,-0.08160342860090797,train
2013-06-25,-1.368035107395942,-1.2189273135492384,-0.14910779384670358,train
2013-06-26,-1.360704399160028,-1.3011484803128615,-0.0595559188471666,train
2013-06-27,-1.3824781542182323,-1.2859831319254391,-0.09649502229279316,train
2013-06-28,-1.4058041141488606,-1.387620525020358,-0.01818358912850271,train
2013-07-01,-1.430305422340992,-1.380654640844602,-0.049650781496389795,train
2013-07-02,-1.3835689026313107,-1.4998951710263464,0.11632626839503568,train
2013-07-03,-1.3668785464442184,-1.5315226061651432,0.16464405972092488,train
2013-07-04,-1.3556272145272765,-1.4811408367162322,0.12551362218895568,train
2013-07-05,-1.403482010350645,-1.4284960361195045,0.025014025768859582,train
2013-07-08,-1.4418909311562518,-1.5441793007765312,0.10228836962027943,train
2013-07-09,-1.4284597701238295,-1.5209745599368925,0.09251478981306294,train
2013-07-10,-1.4632378669719357,-1.4197429538126607,-0.043494913159275006,train
2013-07-11,-1.5682197112176228,-1.1974083760213545,-0.3708113351962683,train
2013-07-12,-1.6867199468283367,-1.013742159603105,-0.6729777872252316,train
2013-07-15,-1.7193207408020696,-1.1827821371200313,-0.5365386036820383,train
2013-07-16,-1.7751644828315862,-1.195347417787395,-0.5798170650441912,train
2013-07-17,-1.7459026928847976,-1.1138520994846464,-0.6320505934001512,train
2013-07-18,-1.7906277057169924,-1.1419545907511655,-0.6486731149658269,train
2013-07-19,-1.8150217736834038,-1.3463490888749399,-0.4686726848084639,train
2013-07-22,-1.8135449449917223,-1.3911368657265888,-0.42240807926513346,train
2013-07-23,-1.7896515434069493,-1.4846711058357247,-0.3049804375712246,train
2013-07-24,-1.7580478724110742,-1.5779063425022186,-0.18014152990885557,train
2013-07-25,-1.7871514469740732,-1.5115844487380725,-0.2755669982360007,train
2013-07-26,-1.8412527492563335,-1.5013107597476398,-0.3399419895086937,train
2013-07-29,-1.8370429879499943,-1.5284330447185912,-0.3086099432314031,train
2013-07-30,-1.8210414874760572,-1.5888821580583825,-0.2321593294176747,train
2013-07-31,-1.8003907984336813,-1.6353513434269016,-0.16503945500677975,train
2013-08-01,-1.8559660666196856,-1.4408437019825602,-0.4151223646371254,train
2013-08-02,-1.9163882872547597,-1.4873512324682987,-0.42903705478646104,train
2013-08-05,-1.959218673150265,-1.4719986664390476,-0.48722000671121735,train
2013-08-06,-1.9740855659038274,-1.4871179613795082,-0.4869676045243192,train
2013-08-07,-1.943870257665707,-1.5213342659931421,-0.42253599167256484,train
2013-08-08,-1.9168021607960244,-1.536620100481403,-0.3801820603146213,train
2013-08-09,-1.9105343326264665,-1.6321839321836928,-0.2783504004427737,train
2013-08-12,-1.8956612793824348,-1.844178434311661,-0.05148284507077383,train
2013-08-13,-1.8790501417520176,-1.8786279625982896,-0.0004221791537279973,train
2013-08-14,-1.8886194052197434,-1.9013176337851116,0.012698228565368286,train
2013-08-15,-1.8632801505242957,-1.9386253283022081,0.07534517777791239,train
2013-08-16,-1.929378826724262,-1.7071211810997657,-0.22225764562449624,train
2013-08-19,-1.9567412235996697,-1.7858406085497762,-0.1709006150498935,train
2013-08-20,-1.8802958536741812,-1.9283858897972528,0.04809003612307161,train
2013-08-21,-1.8765694512243043,-1.7469276746667546,-0.12964177655754971,train
2013-08-22,-1.8972610335300735,-1.678486783166805,-0.21877425036326836,train
2013-08-23,-1.9121734335401728,-1.6694845853013476,-0.2426888482388252,train
2013-08-26,-1.9320682102756992,-1.7624725123496185,-0.16959569792608065,train
2013-08-27,-1.924682775289896,-2.0018577975395573,0.07717502224966122,train
2013-08-28,-1.9421503171565637,-1.7999591947735234,-0.14219112238304032,train
2013-08-29,-1.9597964896863493,-1.7880200680405922,-0.17177642164575713,train
2013-08-30,-1.9830380993830516,-1.787351149032109,-0.19568695035094263,train
2013-09-02,-1.9676252197755948,-1.861493721679663,-0.10613149809593181,train
2013-09-03,-1.9232898960308098,-1.9213142062476614,-0.0019756897831484377,train
2013-09-04,-1.9135539321433634,-1.916194020852548,0.0026400887091846403,train
2013-09-05,-1.9081320152144683,-1.9836547369251698,0.07552272171070151,train
2013-09-06,-1.9530159263052236,-1.8778806479461978,-0.07513527835902578,train
2013-09-09,-2.0051184631794325,-1.9025783776946645,-0.102540085484768,train
2013-09-10,-1.9971620923716358,-1.8431223336601388,-0.154039758711497,train
2013-09-11,-1.9952498623838237,-1.8283726834261151,-0.1668771789577086,train
2013-09-12,-2.0016529446995337,-1.8182858982214993,-0.18336704647803437,train
2013-09-13,-2.026681835390419,-1.8201146551600864,-0.2065671802303326,train
2013-09-16,-2.0193546502436357,-1.8608210197208839,-0.15853363052275182,train
2013-09-17,-2.0016490100613336,-1.8673104369181694,-0.1343385731431641,train
2013-09-18,-1.953463499157087,-1.9920684115209495,0.03860491236386254,train
2013-09-19,-2.0353622429440366,-1.7664377265362625,-0.26892451640777404,train
2013-09-20,-2.079299544712862,-1.7247977808419857,-0.3545017638708765,train
2013-09-23,-2.0543909460725196,-1.7647436377963561,-0.2896473082761635,train
2013-09-24,-2.0861258035965693,-1.7583578409620193,-0.32776796263455,train
2013-09-25,-2.066808228061236,-1.8246960607287979,-0.24211216733243823,train
2013-09-26,-2.048226614240359,-1.9147614576569685,-0.13346515658339064,train
2013-09-27,-2.0629078444897457,-1.965926347284661,-0.09698149720508464,train
2013-09-30,-2.042534196156867,-1.9913789976102163,-0.05115519854665074,train
2013-10-01,-2.0365154653769535,-1.960789230372976,-0.07572623500397757,train
2013-10-02,-2.02608805618582,-1.900277413519706,-0.12581064266611408,train
2013-10-03,-2.032891167672846,-1.898415496925275,-0.13447567074757116,train
2013-10-04,-2.036612722898117,-1.8439697121718555,-0.19264301072626133,train
2013-10-07,-2.0302758055774976,-1.8917185486251764,-0.13855725695232124,train
2013-10-08,-2.0015505595516156,-1.915763112985298,-0.08578744656631776,train
2013-10-09,-1.874896464788055,-1.9627669189931332,0.08787045420507811,train
2013-10-10,-1.8423765494346185,-1.9469942366461506,0.10461768721153208,train
2013-10-11,-1.855076078998669,-1.9498526535771223,0.09477657457845323,train
2013-10-14,-1.8257171869879536,-2.011097727852457,0.18538054086450328,train
2013-10-15,-1.7756780569338633,-2.0348284748687093,0.25915041793484606,train
2013-10-16,-1.7708242752413952,-1.9508951363074438,0.18007086106604864,train
2013-10-17,-1.7914440234513265,-1.9008554098346433,0.10941138638331682,train
2013-10-18,-1.82287390634528,-1.8144445608451258,-0.008429345500154062,train
2013-10-21,-1.7886538164776782,-1.9622119133328297,0.17355809685515156,train
2013-10-22,-1.701416908399394,-2.064552227729955,0.36313531933056087,train
2013-10-23,-1.6952274369442344,-2.110631262590541,0.4154038256463066,train
2013-10-24,-1.683604860513762,-2.0042257108802533,0.32062085036649135,train
2013-10-25,-1.6985658827790333,-1.9822659073164424,0.28370002453740906,train
2013-10-28,-1.6901051383408905,-1.9162910335753163,0.22618589523442578,train
2013-10-29,-1.6659292911370869,-2.0157975206099916,0.34986822947290475,train
2013-10-30,-1.6889285558112839,-1.9543599194758614,0.26543136366457754,train
2013-10-31,-1.6992154153943906,-1.979563879943275,0.2803484645488845,train
2013-11-01,-1.7084253881627094,-1.8513323422674335,0.1429069541047241,train
2013-11-04,-1.7320626092110352,-1.8650445137460623,0.13298190453502712,train
2013-11-05,-1.7432949367728092,-1.9421460249294868,0.19885108815667762,train
2013-11-06,-1.7015464166506065,-1.8872907007517712,0.18574428410116472,train
2013-11-07,-1.6916049960431303,-1.839259372076656,0.1476543760335256,train
2013-11-08,-1.8305804643317993,-1.302438643300678,-0.5281418210311213,train
2013-11-11,-1.883807990471086,-1.5332719276600049,-0.3505360628110812,train
2013-11-12,-1.8598746268193325,-1.702900228031503,-0.15697439878782937,train
2013-11-13,-1.8751539717130414,-1.563985989941198,-0.31116798177184335,train
2013-11-14,-1.9078646597113385,-1.5461030903937458,-0.3617615693175926,train
2013-11-15,-1.9317773844363237,-1.6773601371219038,-0.25441724731441995,train
2013-11-18,-1.933525700507316,-1.7724288565873332,-0.1610968439199829,train
2013-11-19,-1.8655632834689158,-1.7767242570049706,-0.08883902646394515,train
2013-11-20,-1.8694326574395819,-1.7614123791574516,-0.10802027828213023,train
2013-11-21,-1.9264770297137603,-1.5966404068165483,-0.32983662289721205,train
2013-11-22,-1.9942818746963231,-1.6256646049239385,-0.3686172697723846,train
2013-11-25,-2.028418754850421,-1.7117358594112004,-0.3166828954392207,train
2013-11-26,-1.9752778303116763,-1.6948433514388115,-0.28043447887286477,train
2013-11-27,-1.9820920316659056,-1.6629616237129718,-0.3191304079529338,train
2013-11-28,-1.9717331669569722,-1.769644030382148,-0.2020891365748243,train
2013-11-29,-1.9241353069224851,-1.9890823472163457,0.06494704029386056,train
2013-12-02,-1.9080768663019472,-1.9114601073727198,0.0033832410707725913,train
2013-12-03,-1.9147085469309162,-1.7678571773405043,-0.1468513695904119,train
2013-12-04,-1.8963520080507548,-1.869670602203505,-0.02668140584724976,train
2013-12-05,-1.8859356388777522,-1.8344023209648193,-0.05153331791293292,train
2013-12-06,-1.9028774984902115,-1.6678428036110908,-0.23503469487912065,train
2013-12-09,-1.861657577684226,-1.7392036266197373,-0.12245395106448864,train
2013-12-10,-1.8419664920261278,-1.9270413179936925,0.08507482596756466,train
2013-12-11,-1.8458493383863819,-1.9012142760964172,0.05536493771003537,train
2013-12-12,-1.8451289531972377,-1.8753613901129382,0.030232436915700545,train
2013-12-13,-1.8445627300850482,-1.8904112502261126,0.04584852014106433,train
2013-12-16,-1.8436717612913909,-1.9178745232768972,0.07420276198550635,train
2013-12-17,-1.858349334865764,-1.9032462615838015,0.044896926718037466,train
2013-12-18,-1.8610580776750487,-1.9289608259044129,0.06790274822936415,train
2013-12-19,-1.9283793540961787,-1.689986451939359,-0.23839290215681963,train
2013-12-20,-1.9161239598081379,-1.756919627129474,-0.15920433267866385,train
2013-12-23,-1.893540187910118,-1.802930441647661,-0.09060974626245688,train
2013-12-24,-1.8633389431352638,-1.9054045175646266,0.04206557442936276,train
2013-12-27,-1.831944234930482,-2.0022071215975403,0.17026288666705836,train
2013-12-30,-1.853337878927067,-1.8133461638324884,-0.03999171509457855,train
2013-12-31,-1.8439743382377614,-1.9002407883538592,0.05626645011609788,train
2014-01-02,-1.8390305584284854,-1.8827443381464983,0.043713779718012935,train
2014-01-03,-1.8658621869017076,-1.709579921801522,-0.1562822651001856,train
2014-01-06,-1.8723996338251683,-1.7087872202413126,-0.1636124135838557,train
2014-01-07,-1.8752476790491956,-1.785572665974954,-0.08967501307424164,train
2014-01-08,-1.8370711801650559,-1.7886287851483296,-0.048442395016726314,train
2014-01-09,-1.8307488939621535,-1.7821468722996772,-0.04860202166247629,train
2014-01-10,-1.8904798989952083,-1.8046828316660526,-0.08579706732915571,train
2014-01-13,-1.9492723144796742,-1.6962830586893012,-0.252989255790373,train
2014-01-14,-1.9313212136929865,-1.7222311901239542,-0.20909002356903228,train
2014-01-15,-1.903584492620744,-1.7870943645926651,-0.11649012802807879,train
2014-01-16,-1.9271147955551717,-1.7945366680351584,-0.1325781275200133,train
2014-01-17,-1.957077198175652,-1.7811847928533284,-0.17589240532232364,train
2014-01-20,-1.9666451788578583,-1.8907029739078411,-0.07594220495001713,train
2014-01-21,-1.9797907046279661,-1.9197809368494843,-0.06000976777848188,train
2014-01-22,-1.981115750429042,-1.8891614506586296,-0.09195429977041236,train
2014-01-23,-1.9906160570449019,-1.944393471392654,-0.046222585652247794,train
2014-01-24,-2.036364458575311,-1.8669563277369992,-0.16940813083831174,train
2014-01-27,-2.0818643085804123,-1.889561652028894,-0.19230265655151824,train
2014-01-28,-2.097399479593174,-1.8025848233077324,-0.29481465628544146,train
2014-01-29,-2.0925382106952233,-1.9626992647110817,-0.12983894598414158,train
2014-01-30,-2.0742411998175148,-1.6987792524085488,-0.375461947408966,train
2014-01-31,-2.0813839022756255,-1.7861068338948132,-0.29527706838081236,train
2014-02-03,-2.0999552269969457,-1.7606516874029623,-0.3393035395939834,train
2014-02-04,-2.1050346250627365,-1.8047380195794585,-0.3002966054832781,train
2014-02-05,-2.092166212926376,-1.8338852553950944,-0.25828095753128144,train
2014-02-06,-2.0940915563027436,-1.8134488232079877,-0.28064273309475585,train
2014-02-07,-2.167614275818885,-1.7963232979110622,-0.37129097790782284,train
2014-02-10,-2.2135523933892944,-1.8108100768040285,-0.40274231658526594,train
2014-02-11,-2.200216301355588,-1.9016563809792624,-0.29855992037632584,train
2014-02-12,-2.171847218790143,-1.9173899842167161,-0.25445723457342684,train
2014-02-13,-2.1767232629664743,-1.905894308810466,-0.2708289541560083,train
2014-02-14,-2.203537040521689,-2.013303139600061,-0.19023390092162806,train
2014-02-17,-2.178241515277431,-2.027300728087973,-0.15094078718945791,train
2014-02-18,-2.142404526066898,-1.9672528899446502,-0.17515163612224782,train
2014-02-19,-2.1247853437760487,-2.0022146856337666,-0.12257065814228207,train
2014-02-20,-2.0975839427517977,-2.098691963867719,0.0011080211159213427,train
2014-02-21,-2.0582327515725978,-2.1255299417466724,0.06729719017407465,train
2014-02-24,-2.028087054848424,-2.159402991576283,0.13131593672785868,train
2014-02-25,-2.003730884273134,-2.1252118362342163,0.12148095196108244,train
2014-02-26,-1.980373177705471,-2.2223069356328273,0.24193375792735639,train
2014-02-27,-1.961339758629319,-2.1747382796371943,0.21339852100787526,train
2014-02-28,-1.950545114929505,-2.0897947728094044,0.1392496578798994,train
2014-03-03,-2.0212958927210334,-2.0267530726102123,0.005457179889178931,train
2014-03-04,-2.05362729992479,-1.9730528159807712,-0.08057448394401878,train
2014-03-05,-2.0263840933657398,-2.0543243017881716,0.027940208422431834,train
2014-03-06,-2.016873766742373,-1.948448715259006,-0.06842505148336708,train
2014-03-07,-2.0766952169283432,-1.964693851338339,-0.11200136559000429,train
2014-03-10,-2.0983730418846016,-2.008015964108679,-0.09035707777592261,train
2014-03-11,-2.065126972368821,-2.0895143624930093,0.024387390124188446,train
2014-03-12,-2.067639761511977,-2.1319571624745026,0.0643174009625258,train
2014-03-13,-2.0880688391963287,-2.177432452996893,0.08936361380056423,train
2014-03-14,-2.1391993650660677,-2.118217619491893,-0.02098174557417476,train
2014-03-17,-2.1626971875031726,-2.0406700670083833,-0.12202712049478937,train
2014-03-18,-2.168210991184401,-2.066236002716816,-0.1019749884675849,train
2014-03-19,-2.213861011022722,-2.016427419044088,-0.19743359197863386,train
2014-03-20,-2.3334314325078864,-2.100806273818285,-0.23262515868960154,train
2014-03-21,-2.410644940187035,-1.9239489165881598,-0.4866960235988751,train
2014-03-24,-2.4438856406759566,-1.9780279497267683,-0.4658576909491883,train
2014-03-25,-2.4820099132009386,-1.918051534825712,-0.5639583783752267,train
2014-03-26,-2.5131921252176315,-1.893591536845575,-0.6196005883720566,train
2014-03-27,-2.5700555784155372,-1.9203519396486144,-0.6497036387669228,train
2014-03-28,-2.604150394847665,-1.8408315686634409,-0.7633188261842241,train
2014-03-31,-2.622332711000551,-2.0014946546842403,-0.6208380563163107,train
2014-04-01,-2.6331058969829018,-1.8616473696857199,-0.7714585272971819,train
2014-04-02,-2.676233242469365,-2.0130559760479887,-0.6631772664213762,train
2014-04-03,-2.646834124552557,-2.0572545476839026,-0.5895795768686543,train
2014-04-04,-2.7407256163193963,-1.9850206026152097,-0.7557050137041865,train
2014-04-07,-2.7799477873249434,-1.9611697452016905,-0.8187780421232529,train
2014-04-08,-2.770407165052807,-2.169291807939544,-0.601115357113263,train
2014-04-09,-2.701233058347535,-2.113393030411765,-0.5878400279357701,train
2014-04-10,-2.721670509543304,-2.2262826162700198,-0.49538789327328425,train
2014-04-11,-2.742679662199795,-2.1384127507707826,-0.6042669114290122,train
2014-04-14,-2.702556381283278,-2.267706101645636,-0.4348502796376419,train
2014-04-15,-2.7097691647944804,-2.171020897009177,-0.5387482677853033,train
2014-04-16,-2.6864907834854836,-2.182045298064016,-0.5044454854214675,train
2014-04-17,-2.693909331348579,-2.249389109870665,-0.44452022147791403,train
2014-04-18,-2.70276495245767,-2.287294770021574,-0.41547018243609557,train
2014-04-21,-2.643514849670862,-2.65553995473738,0.012025105066518105,train
2014-04-22,-2.582050007766792,-2.6084272244503914,0.026377216683599602,train
2014-04-23,-2.5683387456451485,-2.572156743004352,0.0038179973592034067,train
2014-04-24,-2.61045957470609,-2.52774937585757,-0.08271019884851993,train
2014-04-25,-2.6545294994732136,-2.7116593052122613,0.05712980573904769,train
2014-04-28,-2.6429423246237094,-2.683589388863868,0.04064706424015885,train
2014-04-29,-2.642541741266544,-2.4933014840848173,-0.14924025718172684,train
2014-04-30,-2.6655058666615776,-2.608716328681277,-0.05678953798030051,train
2014-05-01,-2.695059571891616,-2.447764144431829,-0.24729542745978694,train
2014-05-02,-2.6481336818282055,-2.6515625078786247,0.0034288260504191648,train
2014-05-05,-2.68102952878416,-2.570597091064088,-0.11043243772007205,train
2014-05-06,-2.5534849841410034,-2.585127023835282,0.0316420396942787,train
2014-05-07,-2.5207136741803544,-2.68344928572894,0.16273561154858562,train
2014-05-08,-2.522426206941637,-2.6738381080340172,0.15141190109238023,train
2014-05-09,-2.5948312445041015,-2.3250973711444436,-0.2697338733596579,train
2014-05-12,-2.6094612792053016,-2.394044635625388,-0.21541664357991364,train
2014-05-13,-2.573060157331315,-2.4536645513146023,-0.11939560601671273,train
2014-05-14,-2.6030620685338643,-2.359603032509942,-0.24345903602392216,train
2014-05-15,-2.593288680961254,-2.3390987345598306,-0.25418994640142323,train
2014-05-16,-2.627268408175925,-2.359751866476086,-0.26751654169983885,train
2014-05-19,-2.6172486426955817,-2.4065199273467814,-0.21072871534880022,train
2014-05-20,-2.5942478817958037,-2.42039332440128,-0.17385455739452382,train
2014-05-21,-2.588785534476272,-2.4738845596498478,-0.11490097482642403,train
2014-05-22,-2.6135804567428154,-2.4069220495271235,-0.20665840721569184,train
2014-05-23,-2.6250447879867025,-2.4241808798065745,-0.200863908180128,train
2014-05-26,-2.6082763253843146,-2.5234383374405898,-0.08483798794372488,train
2014-05-27,-2.5554461165074422,-2.6507150214344106,0.09526890492696838,train
2014-05-28,-2.5670061924469363,-2.5514302870012395,-0.015575905445696758,train
2014-05-29,-2.571513185529391,-2.6450140509313806,0.07350086540198975,train
2014-05-30,-2.5873940167423948,-2.580048331236135,-0.0073456855062596915,train
2014-06-03,-2.607494155188173,-2.5869219761557742,-0.02057217903239872,train
2014-06-04,-2.600910335391494,-2.5948819386548836,-0.006028396736610375,train
2014-06-05,-2.66131948487202,-2.505747209730549,-0.1555722751414712,train
2014-06-06,-2.784426485233507,-2.119088423931519,-0.6653380613019881,train
2014-06-09,-2.8621858161471074,-2.229476408618671,-0.6327094075284365,train
2014-06-10,-2.8653297663434802,-2.2741250745296018,-0.5912046918138785,train
2014-06-11,-2.8821928600585354,-2.306989741923054,-0.5752031181354815,train
2014-06-12,-2.9083556266675723,-2.27972815037984,-0.6286274762877322,train
2014-06-13,-2.946719273654438,-2.3189458615670198,-0.6277734120874183,train
2014-06-16,-2.932113790151178,-2.431589233742913,-0.5005245564082652,train
2014-06-17,-2.963672960577119,-2.4478429051814095,-0.5158300553957096,train
2014-06-18,-2.984544902349733,-2.48108438339907,-0.5034605189506629,train
2014-06-19,-2.9910445053735515,-2.4346774941361793,-0.5563670112373722,train
2014-06-20,-3.0265779349351662,-2.4490945203129186,-0.5774834146222476,train
2014-06-23,-3.0110608183235623,-2.4157622673155315,-0.5952985510080309,train
2014-06-24,-3.0264366391020876,-2.520150793693476,-0.5062858454086117,train
2014-06-25,-3.023243116490597,-2.5798665831058942,-0.44337653338470284,train
2014-06-26,-3.0335312030353303,-2.770379872708355,-0.26315133032697524,train
2014-06-27,-3.110579018086027,-2.517765414625546,-0.5928136034604807,train
2014-06-30,-3.126150252499586,-2.4945075653361677,-0.6316426871634184,train
2014-07-01,-3.0988083931455943,-2.473214426014067,-0.6255939671315272,train
2014-07-02,-3.083876264198793,-2.577006846532747,-0.5068694176660462,train
2014-07-03,-3.0383537395123854,-2.5773274476841674,-0.46102629182821797,train
2014-07-04,-3.1000620618115082,-2.7557975843135045,-0.3442644774980037,train
2014-07-07,-3.060602991064725,-2.728264822493781,-0.33233816857094434,train
2014-07-08,-3.0203437843566636,-2.784990347402378,-0.23535343695428557,train
2014-07-09,-2.965115739097934,-2.8366572547370876,-0.12845848436084628,train
2014-07-10,-2.9416746394020192,-2.861367339203502,-0.08030730019851706,train
2014-07-11,-2.9648580051553974,-2.8474867771032093,-0.11737122805218814,train
2014-07-14,-2.95456679907341,-2.8371645981325386,-0.11740220094087128,train
2014-07-15,-2.9063711043952045,-2.8370996629808243,-0.06927144141438024,train
2014-07-16,-2.9086299628611907,-2.6835035795871987,-0.22512638327399204,train
2014-07-17,-2.8722106118562984,-2.7075645772009604,-0.164646034655338,train
2014-07-18,-2.875020478270884,-2.7298996355112446,-0.14512084275963932,train
2014-07-21,-2.86884692757805,-2.8876907397497966,0.018843812171746688,train
2014-07-22,-2.8314061470105263,-2.7459532585906734,-0.08545288841985288,train
2014-07-23,-2.8397646123695397,-2.7655309450227255,-0.07423366734681425,train
2014-07-24,-2.79750015232549,-2.7423085279818045,-0.05519162434368541,train
2014-07-25,-2.797019537895092,-2.8062531091077005,0.009233571212608371,train
2014-07-28,-2.7729251318988437,-2.944584630825463,0.17165949892661914,train
2014-07-29,-2.700795967984288,-2.8702927405863665,0.1694967726020784,train
2014-07-30,-2.6384466257008565,-2.979225722175933,0.3407790964750763,train
2014-07-31,-2.652325940002392,-2.9994412853693317,0.34711534536693955,train
2014-08-01,-2.6800590862335416,-2.826304470648269,0.14624538441472756,train
2014-08-04,-2.7184093345062768,-2.674910225008167,-0.04349910949810987,train
2014-08-05,-2.647348833523872,-2.8241523301179416,0.17680349659406946,train
2014-08-06,-2.5122422216230977,-2.7523706129088588,0.24012839128576102,train
2014-08-07,-2.485100045803366,-2.6714731820477273,0.18637313624436125,train
2014-08-08,-2.476473958784481,-2.6088618567813526,0.13238789799687156,train
2014-08-11,-2.440370090993121,-2.573831068834758,0.1334609778416369,train
2014-08-12,-2.354957527501058,-2.7096012981488347,0.3546437706477765,train
2014-08-13,-2.3026799502754396,-2.705945893815162,0.40326594353972256,train
2014-08-14,-2.2966520899432052,-2.646165627088976,0.34951353714577094,train
2014-08-15,-2.286606663174617,-2.5522516276143783,0.2656449644397614,train
2014-08-18,-2.268551171588202,-2.540426541653154,0.2718753700649521,train
2014-08-19,-2.159105363405873,-2.6198072299224844,0.4607018665166116,train
2014-08-20,-2.119740118603793,-2.729664770634633,0.6099246520308399,train
2014-08-21,-2.0822625321593895,-2.5591274509347874,0.47686491877539794,train
2014-08-22,-2.05450976494398,-2.6202588147311214,0.5657490497871414,train
2014-08-25,-2.0503322450773314,-2.4700705176994155,0.4197382726220842,train
2014-08-26,-2.0160581279777428,-2.466753602175958,0.45069547419821543,train
2014-08-27,-1.972432263288599,-2.4616923918469187,0.4892601285583196,train
2014-08-28,-1.9673232527576097,-2.432479382494376,0.46515612973676634,train
2014-08-29,-1.9581044988968914,-2.3340942002646274,0.375989701367736,train
2014-09-01,-1.9096088421385973,-2.3708495238557736,0.46124068171717636,train
2014-09-02,-1.8176023770736405,-2.507871921327332,0.6902695442536915,train
2014-09-03,-1.7228690839483283,-2.5128414844764806,0.7899724005281523,train
2014-09-04,-1.6639391757783037,-2.528712834451624,0.8647736586733201,train
2014-09-05,-1.7259834628694635,-1.9951010939135634,0.2691176310440999,train
2014-09-08,-1.69441029899048,-2.2812624443295464,0.5868521453390665,train
2014-09-09,-1.6226981669061644,-2.1761130504646458,0.5534148835584813,train
2014-09-10,-1.5902625161369282,-1.9398007426864377,0.3495382265495095,train
2014-09-11,-1.589029815173255,-1.889064086662549,0.30003427148929407,train
2014-09-12,-1.5587937811402204,-1.958361156380192,0.39956737523997155,train
2014-09-15,-1.5354432684189965,-1.986210487929105,0.45076721951010845,train
2014-09-16,-1.441278742614411,-2.006308791026793,0.5650300484123822,train
2014-09-17,-1.3674734123648855,-2.0119665311070793,0.6444931187421938,train
2014-09-18,-1.3780133844234899,-1.8639154167046263,0.4859020322811365,train
2014-09-19,-1.3833063599170532,-1.828900293777124,0.44559393386007073,train
2014-09-22,-1.3611444042763365,-1.7606586206748152,0.3995142163984786,train
2014-09-23,-1.3245875958818052,-1.8083010238397192,0.48371342795791405,train
2014-09-24,-1.287989086741202,-1.8487506218163288,0.5607615350751267,train
2014-09-25,-1.286450205992031,-1.8786874847328079,0.5922372787407768,train
2014-09-26,-1.31021229203242,-1.8278216019851476,0.5176093099527277,train
2014-09-29,-1.282370866459994,-1.916391409239954,0.6340205427799601,train
2014-09-30,-1.2437997441462547,-1.8715816190527814,0.6277818749065267,train
2014-10-01,-1.2497019879983187,-1.7951759046990812,0.5454739167007625,train
2014-10-02,-1.216691124295526,-1.7071713167102052,0.4904801924146791,train
2014-10-03,-1.231086060701035,-1.5596543264895726,0.3285682657885376,train
2014-10-06,-1.2745492228557835,-1.6094709789897377,0.33492175613395414,train
2014-10-07,-1.2723162729817923,-1.5650271184229791,0.29271084544118686,train
2014-10-08,-1.2387972448269382,-1.4366087544069845,0.19781150958004634,train
2014-10-09,-1.2539542982797072,-1.3539902849825307,0.10003598670282354,train
2014-10-10,-1.2873731993394752,-1.306687524730057,0.019314325390581644,train
2014-10-13,-1.2923038957558093,-1.417490623015969,0.12518672726015967,train
2014-10-14,-1.2883743659318718,-1.3662269309691641,0.07785256503729232,train
2014-10-15,-1.3033517133842045,-1.3891360613035046,0.08578434791930012,train
2014-10-16,-1.3357389424928532,-1.174762444362575,-0.16097649813027815,train
2014-10-17,-1.3862029550773316,-1.1248283359988351,-0.26137461907849646,train
2014-10-20,-1.418831666772135,-1.1998734170836851,-0.2189582496884499,train
2014-10-21,-1.4145067180351694,-1.275517725177885,-0.13898899285728428,train
2014-10-22,-1.4055906399912559,-1.2619565839036766,-0.1436340560875793,train
2014-10-23,-1.3997171771990056,-1.3149577304543159,-0.08475944674468971,train
2014-10-24,-1.4107973555235045,-1.4019220925130584,-0.008875263010446055,train
2014-10-27,-1.3968285939596927,-1.4604805735637072,0.06365197960401447,train
2014-10-28,-1.3676908759283757,-1.5321963912312035,0.16450551530282786,train
2014-10-29,-1.382779382376877,-1.6193926658680056,0.23661328349112853,train
2014-10-30,-1.4064870201728137,-1.535643832941152,0.12915681276833824,train
2014-10-31,-1.4014445125632102,-1.4410336866319877,0.03958917406877749,train
2014-11-03,-1.4591616420031777,-1.2651408888883993,-0.1940207531147784,train
2014-11-04,-1.4757415884460292,-1.3350937039234427,-0.14064788452258647,train
2014-11-05,-1.4095340367722935,-1.382015502494876,-0.027518534277417572,train
2014-11-06,-1.3764853407921507,-1.3619626576873767,-0.014522683104774003,train
2014-11-07,-1.4304266427188617,-1.211002959491369,-0.21942368322749273,train
2014-11-10,-1.4363631125017724,-1.2633891622888167,-0.1729739502129557,train
2014-11-11,-1.4280347833841438,-1.3525891216307853,-0.07544566175335854,train
2014-11-12,-1.3871055928439582,-1.3378005513089175,-0.04930504153504067,train
2014-11-13,-1.3894024522690203,-1.272717931440766,-0.11668452082825431,train
2014-11-14,-1.3655670723939353,-1.4167314819419314,0.05116440954799617,train
2014-11-17,-1.3624661015085147,-1.3616828507202512,-0.0007832507882634676,train
2014-11-18,-1.3210178180061338,-1.39871518372246,0.07769736571632624,train
2014-11-19,-1.2855451365572252,-1.4672496494343752,0.18170451287714995,train
2014-11-20,-1.2870762885551263,-1.4505733885812404,0.16349710002611406,train
2014-11-21,-1.3323205902083761,-1.3563272678687808,0.02400667766040465,train
2014-11-24,-1.3721145422741718,-1.3860771665156821,0.01396262424151029,train
2014-11-25,-1.4097661202240797,-1.4651177187695943,0.055351598545514635,train
2014-11-26,-1.4577502264119822,-1.4769480386671772,0.019197812255195013,train
2014-11-27,-1.472811335530816,-1.3974977149264656,-0.07531362060435032,train
2014-11-28,-1.4619280707525937,-1.5836211514560214,0.12169308070342777,train
2014-12-01,-1.4832406761579937,-1.5275564973904485,0.04431582123245481,train
2014-12-02,-1.4858029824887766,-1.4814677497823712,-0.004335232706405456,train
2014-12-03,-1.4320018475788663,-1.5995936175645906,0.16759176998572434,train
2014-12-04,-1.4067182588679712,-1.5623150681726892,0.15559680930471798,train
2014-12-05,-1.4335302965739722,-1.3106103786236742,-0.122919917950298,train
2014-12-08,-1.4597333510278694,-1.3947088125327878,-0.06502453849508161,train
2014-12-09,-1.4364180961239477,-1.4145637492044592,-0.02185434691948851,train
2014-12-10,-1.4494429612191242,-1.3016791607700369,-0.14776380044908732,train
2014-12-11,-1.438332690180895,-1.3236938294462228,-0.11463886073467222,train
2014-12-12,-1.4362572040491943,-1.252370714382204,-0.18388648966699028,train
2014-12-15,-1.342147908137495,-1.3459451133635325,0.0037972052260375477,train
2014-12-16,-1.3029008616797497,-1.3232852485409632,0.020384386861213466,train
2014-12-17,-1.314395227904364,-1.2324719519908354,-0.08192327591352866,train
2014-12-18,-1.3493577778108012,-1.124959598654955,-0.22439817915584626,train
2014-12-19,-1.3051940609308958,-1.1766064603898174,-0.12858760054107843,train
2014-12-22,-1.2125031144475527,-1.2982728905490952,0.08576977610154257,train
2014-12-23,-1.0921886135989243,-1.386006020923422,0.2938174073244977,train
2014-12-24,-1.0074931587066833,-1.4692571470643112,0.4617639883576279,train
2014-12-26,-0.9013991890222975,-1.6832502595233951,0.7818510705010976,train
2014-12-29,-0.8014892276472939,-1.8737081909056643,1.0722189632583703,train
2014-12-30,-0.7611708425291951,-1.8004513242510076,1.0392804817218124,train
2014-12-31,-0.7110227033987887,-1.7058012325218572,0.9947785291230685,train
2015-01-02,-0.6582006894368235,-1.8221572115557412,1.1639565221189176,train
2015-01-05,-0.621623963210427,-1.6121976707253154,0.9905737075148884,train
2015-01-06,-0.6169584111829344,-1.408232342847127,0.7912739316641927,train
2015-01-07,-0.5867654230560898,-1.381329053846173,0.7945636307900833,train
2015-01-08,-0.5413699087332459,-1.3499245119776366,0.8085546032443908,train
2015-01-09,-0.5341345756087599,-1.340800351070747,0.806665775461987,train
2015-01-12,-0.5177006214073342,-1.3189634615684176,0.8012628401610834,train
2015-01-13,-0.5064037457093454,-1.3720972275282404,0.8656934818188949,train
2015-01-14,-0.484289564344566,-1.3329024893182577,0.8486129249736918,train
2015-01-15,-0.5111135221281675,-1.3026053922910128,0.7914918701628453,train
2015-01-16,-0.6101806685390229,-0.8275619389478139,0.21738127040879107,train
2015-01-19,-0.6398495080380073,-0.9985397885174145,0.3586902804794072,train
2015-01-20,-0.6257438891970911,-1.0591294127916098,0.43338552359451865,train
2015-01-21,-0.6234477712129061,-1.0825843268817938,0.4591365556688878,train
2015-01-22,-0.6409377962426173,-0.9018867736215646,0.2609489773789473,train
2015-01-23,-0.7191708390023458,-0.7857269560236431,0.06655611702129727,train
2015-01-26,-0.8041231021932146,-0.6740991498359923,-0.1300239523572223,train
2015-01-27,-0.8703700213695444,-0.7004549508440778,-0.16991507052546662,train
2015-01-28,-0.9224669913070316,-0.5813038669503843,-0.3411631243566473,train
2015-01-29,-0.9440767616360524,-0.6328086185349817,-0.31126814310107065,train
2015-01-30,-0.9907727980048521,-0.7163933661207393,-0.27437943188411273,train
2015-02-02,-1.0381874543054819,-0.7525004943221025,-0.28568695998337934,train
2015-02-03,-1.0468162947302178,-0.8209963377087448,-0.22581995702147295,train
2015-02-04,-1.0536368370023146,-0.808430513389205,-0.24520632361310957,train
2015-02-05,-1.018382789371853,-0.8139759686748302,-0.20440682069702265,train
2015-02-06,-1.0601655856889403,-0.7439194016145394,-0.31624618407440086,train
2015-02-09,-1.077259213012436,-0.6258908851742891,-0.45136832783814695,train
2015-02-10,-1.030381527971573,-0.7850756430282816,-0.2453058849432913,train
2015-02-11,-0.9799521646449151,-0.7707079942228819,-0.20924417042203314,train
2015-02-12,-0.9399398331412258,-0.8369967562076421,-0.10294307693358362,train
2015-02-13,-0.9324541658101794,-0.77905530387067,-0.15339886193950936,train
2015-02-16,-0.9147268453116528,-0.9213558119220739,0.0066289666104211165,train
2015-02-17,-0.7731092902383547,-0.9857759101067411,0.21266661986838642,train
2015-02-18,-0.7004476457735733,-0.9846485603826556,0.28420091460908226,train
2015-02-19,-0.6702266994913836,-0.972616830806347,0.3023901313149634,train
2015-02-20,-0.6095389671393138,-0.9956540517585593,0.3861150846192455,train
2015-02-23,-0.5838399916721931,-0.8566112834658279,0.2727712917936348,train
2015-02-24,-0.558110317696588,-0.9802526739697868,0.42214235627319874,train
2015-02-25,-0.524670698239926,-1.0216681764239428,0.49699747818401685,train
2015-02-26,-0.4635844299664084,-1.1656467239987924,0.702062294032384,train
2015-02-27,-0.43466854317761267,-1.1519918585839917,0.717323315406379,train
2015-03-02,-0.4209300043179416,-1.1508018845242938,0.7298718802063522,train
2015-03-03,-0.3621154668050821,-1.2901696563364853,0.9280541895314032,train
2015-03-04,-0.3101740527224115,-1.3237598896602538,1.0135858369378423,train
2015-03-05,-0.2417499105775379,-1.2529453902549064,1.0111954796773686,train
2015-03-06,-0.24411691774439043,-1.1976042926247041,0.9534873748803137,train
2015-03-09,-0.27519925439551857,-0.9711686387193801,0.6959693843238615,train
2015-03-10,-0.23470360074488458,-1.1288179678814827,0.8941143671365981,train
2015-03-11,-0.25780505780303314,-0.951832880067961,0.6940278222649279,train
2015-03-12,-0.2830223238987238,-0.837528992548636,0.5545066686499123,train
2015-03-13,-0.3280114834375508,-0.6855605609829838,0.35754907754543297,train
2015-03-16,-0.32188236514662144,-0.7647596329118054,0.44287726776518394,train
2015-03-17,-0.30519022289907066,-0.7510797565786173,0.4458895336795466,train
2015-03-18,-0.2586286414647261,-0.8217256684415555,0.5630970269768294,train
2015-03-19,-0.3505131001160101,0.01285033449574724,-0.36336343461175735,train
2015-03-20,-0.4093940542756597,-0.4381643987913484,0.02877034451568866,train
2015-03-23,-0.4366419880219292,-0.4874019616187468,0.05075997359681761,train
2015-03-24,-0.474267088788689,-0.38939157478198816,-0.08487551400670085,train
2015-03-25,-0.4947555170016074,-0.3183861169196172,-0.1763694000819902,train
2015-03-26,-0.4773842016389464,-0.5553566647828234,0.07797246314387701,train
2015-03-27,-0.4909371132053982,-0.5844178946383328,0.09348078143293465,train
2015-03-30,-0.51053706225929,-0.5499035357202394,0.03936647346094946,train
2015-03-31,-0.47715626696875496,-0.6350883195361436,0.15793205256738868,train
2015-04-01,-0.42500320259637475,-0.6698278898866186,0.24482468729024381,train
2015-04-02,-0.4128591187458516,-0.6350595904566585,0.22220047171080687,train
2015-04-03,-0.433351849959249,-0.6191711072674894,0.18581925730824034,train
2015-04-06,-0.45392550872327087,-0.3638390849610292,-0.09008642376224169,train
2015-04-07,-0.4265509021997755,-0.643739274824306,0.21718837262453056,train
2015-04-08,-0.4139302093176106,-0.5762086288708459,0.1622784195532353,train
2015-04-09,-0.3744560509319382,-0.5580266114558786,0.18357056052394044,train
2015-04-10,-0.36615788530011417,-0.6105212724305228,0.24436338713040862,train
2015-04-13,-0.3681265647986296,-0.661769438411417,0.2936428736127874,train
2015-04-14,-0.35008204169982216,-0.6655336302129269,0.31545158851310473,train
2015-04-15,-0.370387577799303,-0.5691314217602685,0.19874384396096556,train
2015-04-16,-0.3830005296794443,-0.5510718435347688,0.16807131385532448,train
2015-04-17,-0.42255600165450996,-0.43324608430298933,0.010690082648479371,train
2015-04-20,-0.4060296312982787,-0.4909990872486079,0.08496945595032923,train
2015-04-21,-0.3786312629856565,-0.5779464272623436,0.19931516427668705,train
2015-04-22,-0.37026547757351,-0.6208073474010375,0.25054186982752746,train
2015-04-23,-0.3459314061598749,-0.6778858184438843,0.3319544122840094,train
2015-04-24,-0.3964171374763238,-0.6509314621929996,0.2545143247166758,train
2015-04-27,-0.41027381789596995,-0.6465225753256945,0.2362487574297245,train
2015-04-28,-0.3892574870887449,-0.7119632797826749,0.32270579269393,train
2015-04-29,-0.3761556438299458,-0.7177318883933563,0.3415762445634105,train
2015-04-30,-0.41315792572290405,-0.5486427204257212,0.1354847947028171,train
2015-05-01,-0.4553745420253301,-0.442786024439836,-0.012588517585494119,train
2015-05-04,-0.44607037481591577,-0.5417224952337356,0.09565212041781984,train
2015-05-05,-0.39231794038972007,-0.6341035529033993,0.2417856125136792,train
2015-05-06,-0.3945879058176887,-0.5063225658725417,0.11173466005485294,train
2015-05-07,-0.3638491229721091,-0.5328494707898312,0.16900034781772216,train
2015-05-08,-0.35770272365310773,-0.5813538275133638,0.2236511038602561,train
2015-05-11,-0.391800031032391,-0.40484504071351357,0.013045009681122544,train
2015-05-12,-0.36484652798254485,-0.5420253410464692,0.1771788130639243,train
2015-05-13,-0.3562800228072191,-0.6018869099889281,0.24560688718170903,train
2015-05-14,-0.355570807934128,-0.5363559052086976,0.1807850972745696,train
2015-05-15,-0.3589392283165708,-0.5743074212933572,0.2153681929767864,train
2015-05-18,-0.37936518769657995,-0.6311478845392915,0.25178269684271154,train
2015-05-19,-0.38336938306990975,-0.6857119907039833,0.3023426076340735,train
2015-05-20,-0.40051039611427935,-0.5088923043056911,0.10838190819141175,train
2015-05-21,-0.4357280106733061,-0.5373523961735416,0.1016243855002355,train
2015-05-22,-0.4450596011613928,-0.56885008453723,0.12379048337583715,train
2015-05-25,-0.4724642738822819,-0.5099406941098044,0.037476420227522456,train
2015-05-26,-0.4477082035220768,-0.713478168652579,0.26576996513050216,train
2015-05-27,-0.4661697509659024,-0.6569847964215945,0.19081504545569206,train
2015-05-28,-0.4939849669009943,-0.6344489375985293,0.14046397069753497,train
2015-05-29,-0.4460255665079469,-0.6312574432285459,0.18523187672059904,train
2015-06-01,-0.4290196541844205,-0.7084861521565031,0.2794664979720826,train
2015-06-02,-0.4331137507107149,-0.66459948483656,0.23148573412584506,train
2015-06-03,-0.44514716425903345,-0.5665744483379993,0.12142728407896586,train
2015-06-04,-0.5156693403752256,-0.4654279375938172,-0.05024140278140843,train
2015-06-05,-0.5228017334394739,-0.508294272528776,-0.014507460910697878,train
2015-06-08,-0.5647658874378974,-0.3039206951012783,-0.26084519233661907,train
2015-06-09,-0.5773864370210812,-0.419989907547188,-0.15739652947389315,train
2015-06-10,-0.5936710054509473,-0.4574912986024175,-0.1361797068485298,train
2015-06-11,-0.6020389426353683,-0.43054020606034815,-0.17149873657502013,train
2015-06-12,-0.5791174213845521,-0.509779367524411,-0.06933805386014114,train
2015-06-15,-0.6094097345733713,-0.5271060989845872,-0.08230363558878417,train
2015-06-16,-0.6211392518039291,-0.5869375919055881,-0.03420165989834101,train
2015-06-17,-0.6084393760293044,-0.6789669133796528,0.07052753735034833,train
2015-06-18,-0.6343537382630682,-0.7112009573302671,0.07684721906719894,train
2015-06-19,-0.6901326828115376,-0.6278026597236105,-0.06233002308792712,train
2015-06-22,-0.6928573034361171,-0.7760791517033215,0.08322184826720447,train
2015-06-23,-0.7081406989660661,-0.7364016815782005,0.02826098261213439,train
2015-06-24,-0.7065774375769295,-0.7372776811359097,0.030700243558980267,train
2015-06-25,-0.7065348561871881,-0.7487360709710358,0.04220121478384764,train
2015-06-26,-0.6963722242038632,-0.8276692342168906,0.1312970100130274,train
2015-06-29,-0.7214173114965464,-0.8370958656952514,0.11567855419870499,train
2015-06-30,-0.7891203907573651,-0.5272796308389529,-0.26184075991841216,train
2015-07-01,-0.8263708428361933,-0.630400071249921,-0.1959707715862723,train
2015-07-02,-0.7968786094220222,-0.6577949289207823,-0.13908368050123987,train
2015-07-03,-0.8448352561970277,-0.6271348851839004,-0.21770037101312734,train
2015-07-06,-0.8430357877738479,-0.7852755596173414,-0.0577602281565065,train
2015-07-07,-0.8735329669253793,-0.680493932008714,-0.1930390349166653,train
2015-07-08,-0.9181601707753753,-0.7313833536825756,-0.1867768170927997,train
2015-07-09,-0.9049945034182002,-0.7200901622775129,-0.18490434114068732,train
2015-07-10,-0.9242856158985464,-0.7716742107436856,-0.15261140515486082,train
2015-07-13,-0.941971114049197,-0.6615983510048402,-0.28037276304435677,train
2015-07-14,-0.9723018374429965,-0.6117523737607635,-0.36054946368223295,train
2015-07-15,-0.9659414616596765,-0.7539110281131646,-0.21203043354651196,train
2015-07-16,-0.9814247128538842,-0.8009648063310029,-0.18045990652288135,train
2015-07-17,-1.0070053874734226,-0.7473237401376956,-0.25968164733572696,train
2015-07-20,-1.01527620973909,-0.9264658211357224,-0.08881038860336754,train
2015-07-21,-0.985544556412865,-1.0202454847704598,0.03470092835759486,train
2015-07-22,-0.9811554099845935,-1.0033165588366684,0.022161148852074875,train
2015-07-23,-0.9739890248783296,-0.9941173603207996,0.020128335442469947,train
2015-07-24,-0.9014454735924098,-0.9728280413900801,0.07138256779767027,train
2015-07-27,-0.8490370220462661,-0.9720357866639737,0.12299876461770765,train
2015-07-28,-0.808810984058359,-0.9033104391301698,0.09449945507181079,train
2015-07-29,-0.7601709372584057,-1.0209082577404998,0.2607373204820941,train
2015-07-30,-0.7458211514577542,-0.9681271768814053,0.22230602542365108,train
2015-07-31,-0.7314275420791322,-1.0240470606500107,0.29261951857087853,train
2015-08-03,-0.750347447999897,-0.8140798990771534,0.06373245107725634,train
2015-08-04,-0.7242635531114479,-1.0458457212032672,0.3215821680918194,train
2015-08-05,-0.6850333685062611,-1.0368598915802436,0.35182652307398254,train
2015-08-06,-0.6598484699416147,-1.0420580205884347,0.38220955064681994,train
2015-08-07,-0.6600309881580619,-1.1001989994325223,0.44016801127446037,train
2015-08-10,-0.7042045368588817,-0.9991005026539053,0.29489596579502353,train
2015-08-11,-0.71136800830244,-1.1101851792758364,0.3988171709733964,train
2015-08-12,-0.7177736938802998,-0.9774925535683319,0.2597188596880321,train
2015-08-13,-0.7297984799613538,-0.9754762166830822,0.24567773672172832,train
2015-08-14,-0.7582002763878948,-0.9535143184883575,0.19531404210046277,train
2015-08-17,-0.7702184945305717,-1.0689753748002917,0.29875688026972,train
2015-08-18,-0.7666265498299624,-1.0923801799260486,0.32575363009608627,train
2015-08-19,-0.7067625938694834,-1.1983042886167694,0.49154169474728604,train
2015-08-20,-0.703817820341587,-1.1258871334318712,0.42206931309028417,train
2015-08-21,-0.7158028879516217,-1.1067770297246038,0.39097414177298206,train
2015-08-24,-0.7314408786648063,-1.0704030308378634,0.33896215217305703,train
2015-08-25,-0.7967312974656992,-0.6967738513659698,-0.09995744609972934,train
2015-08-26,-0.8487686833192227,-0.6509777410487565,-0.19779094227046623,train
2015-08-27,-0.8836874473806794,-0.5967380545279448,-0.2869493928527346,train
2015-08-28,-0.9133817673398466,-0.6110511263719076,-0.30233064096793894,train
2015-08-31,-0.9274733895068785,-0.6213471636099004,-0.30612622589697813,train
2015-09-01,-0.9446626826127429,-0.7259471145821009,-0.21871556803064196,train
2015-09-02,-0.9975925584074804,-0.7252703386020019,-0.27232221980547855,train
2015-09-03,-0.9420998965732816,-0.8163974338698643,-0.12570246270341734,train
2015-09-04,-0.9708101777736403,-0.7959779314386028,-0.17483224633503747,train
2015-09-07,-1.0140236715571673,-0.7930049509962448,-0.22101872056092253,train
2015-09-08,-1.00454159173314,-0.906858478683285,-0.097683113049855,train
2015-09-09,-0.99760750189797,-0.9548265360009919,-0.04278096589697811,train
2015-09-10,-0.9911488802321782,-0.964524988386622,-0.026623891845556136,train
2015-09-11,-1.0452265890456465,-0.9502351058072809,-0.09499148323836559,train
2015-09-14,-1.0676448919971355,-1.0115408677362085,-0.05610402426092698,train
2015-09-15,-1.0604531515792657,-1.073631906627452,0.01317875504818633,train
2015-09-16,-1.0255276640241966,-1.1003009713086211,0.07477330728442455,train
2015-09-17,-1.0230238582603854,-1.0879095552935023,0.06488569703311686,train
2015-09-18,-1.083988874648693,-0.9013963397774866,-0.1825925348712064,train
2015-09-21,-1.133707817609736,-0.927806800974226,-0.20590101663550997,train
2015-09-22,-1.1599638221506328,-0.9723922759127877,-0.1875715462378451,train
2015-09-23,-1.1200854601641204,-0.9819129623640902,-0.13817249780003016,train
2015-09-24,-1.1166077117377002,-0.8851335970547138,-0.2314741146829864,train
2015-09-25,-1.1464894637557694,-0.976923414729435,-0.16956604902633443,train
2015-09-28,-1.1798736636048988,-0.9518107575997675,-0.22806290600513124,train
2015-09-29,-1.1296280510703909,-1.011319878258181,-0.11830817281220996,train
2015-09-30,-1.132579541935627,-0.9741888927806107,-0.15839064915501633,train
2015-10-01,-1.11907572160555,-1.0563589199239165,-0.06271680168163352,train
2015-10-02,-1.1139380976912945,-1.1444906617403454,0.030552564049050934,train
2015-10-05,-1.1946117763233255,-0.7600903820283628,-0.4345213942949627,train
2015-10-06,-1.196161074827399,-1.0342567077420712,-0.16190436708532774,train
2015-10-07,-1.1901052695467405,-1.130523442659379,-0.059581826887361355,train
2015-10-08,-1.122688262635768,-1.0975787504490637,-0.025109512186704208,train
2015-10-09,-1.1314430601979966,-1.0807391007397429,-0.05070395945825368,train
2015-10-12,-1.134082608355992,-1.1521254632639628,0.01804285490797075,train
2015-10-13,-1.1040018701893957,-1.319916008759449,0.21591413857005337,train
2015-10-14,-1.051682263930485,-1.2808020322744222,0.2291197683439372,train
2015-10-15,-1.0317665039148727,-1.286564370395165,0.25479786648029235,train
2015-10-16,-1.0498991364515424,-1.1663941746958786,0.11649503824433616,train
2015-10-19,-1.063076950215585,-1.200964534320348,0.1378875841047631,train
2015-10-20,-1.0566432365606504,-1.239339939306935,0.1826967027462847,train
2015-10-21,-1.0162371286672025,-1.3237533522384526,0.3075162235712501,train
2015-10-22,-0.9966324597618432,-1.3517076723510608,0.3550752125892176,train
2015-10-23,-1.041606322919536,-1.1879494876365053,0.1463431647169693,train
2015-10-26,-1.0838028413473462,-1.1186390345689525,0.03483619322160636,train
2015-10-27,-1.0636385806505393,-1.2523767998369775,0.18873821918643818,train
2015-10-28,-1.109998359206535,-1.2233234658992824,0.11332510669274742,train
2015-10-29,-1.1955241408949617,-0.9214094553073439,-0.27411468558761787,train
2015-10-30,-1.2358909518134842,-1.0765908591873743,-0.1593000926261099,train
2015-11-02,-1.268421985232962,-1.0931535751797505,-0.17526841005321137,train
2015-11-03,-1.2582107044211854,-1.1400244059993703,-0.11818629842181516,train
2015-11-04,-1.1362985778782202,-1.1843617613891402,0.04806318351091998,train
2015-11-05,-1.089369574602204,-1.236755201421823,0.14738562681961898,train
2015-11-06,-1.0964088090324595,-1.257021024290095,0.16061221525763547,train
2015-11-09,-1.1706846647591789,-0.9262251246952633,-0.24445954006391557,train
2015-11-10,-1.1660200612638036,-1.1367148644035747,-0.02930519686022892,train
2015-11-11,-1.1674348755556236,-1.1226346238742104,-0.04480025168141322,train
2015-11-12,-1.1427717448878991,-1.132137967485488,-0.010633777402411226,train
2015-11-13,-1.1834332646107817,-0.9550404109555268,-0.22839285365525486,train
2015-11-16,-1.2011726706559736,-1.0968062527011615,-0.10436641795481205,train
2015-11-17,-1.1558651117499263,-1.104268469362414,-0.05159664238751227,train
2015-11-18,-1.1314460242040005,-1.1394689023909261,0.008022878186925597,train
2015-11-19,-1.1078599094189867,-1.2016977288188597,0.09383781939987301,train
2015-11-20,-1.1302313106340522,-1.1167299376698063,-0.013501372964245917,train
2015-11-23,-1.1472961921268257,-1.1847200171372567,0.03742382501043107,train
2015-11-24,-1.153016669322589,-1.2093850689109122,0.05636839958832329,train
2015-11-25,-1.1665792656234535,-1.245870153625337,0.07929088800188344,train
2015-11-26,-1.2022549289526476,-1.173132780513095,-0.02912214843955252,train
2015-11-27,-1.1596744828654373,-1.4238360541341346,0.2641615712686973,train
2015-11-30,-1.155939145003452,-1.4446311908415046,0.28869204583805264,train
2015-12-01,-1.1320416517259162,-1.4721006422079603,0.34005899048204413,train
2015-12-02,-1.090682028199863,-1.4703628119876684,0.37968078378780534,train
2015-12-03,-1.0949129861515814,-1.454021820361349,0.3591088342097677,train
2015-12-04,-1.1936620689929476,-0.7029881882579672,-0.4906738807349804,train
2015-12-07,-1.2150628756718616,-0.9068991596026379,-0.30816371606922366,train
2015-12-08,-1.1590582277912769,-1.0309109964991925,-0.12814723129208438,train
2015-12-09,-1.12051164652818,-1.0574222108180011,-0.06308943571017878,train
2015-12-10,-1.1211506264800672,-1.0123839267814498,-0.10876669969861741,train
2015-12-11,-1.1121609687058422,-1.1735099517305556,0.061348983024713366,train
2015-12-14,-1.1078167843970474,-1.1802258676206445,0.07240908322359707,train
2015-12-15,-1.0748907077810583,-1.2130307912291818,0.13814008344812345,train
2015-12-16,-1.0948722509242257,-1.2116098259094783,0.11673757498525261,train
2015-12-17,-1.1426290033721989,-1.0097049937454596,-0.13292400962673923,train
2015-12-18,-1.1466442559947039,-1.0605519460574082,-0.08609230993729566,train
2015-12-21,-1.101237411197041,-1.0798052898662238,-0.02143212133081729,train
2015-12-22,-1.0832505294125958,-1.1496710067620137,0.06642047734941792,train
2015-12-23,-1.0888661548487464,-1.216863435846614,0.12799728099786756,train
2015-12-24,-1.0927620840134098,-1.3069452617088662,0.21418317769545636,train
2015-12-28,-1.0650231424818406,-1.3509416221918549,0.2859184797100143,train
2015-12-29,-1.0410783470274494,-1.463115676051166,0.4220373290237167,train
2015-12-30,-1.0041815250384765,-1.45445877246731,0.45027724742883346,train
2015-12-31,-0.9968358634812149,-1.4107440095458694,0.41390814606465454,train
2016-01-04,-1.013298656604586,-1.3730785744240905,0.35977991781950447,train
2016-01-05,-0.9972337707395369,-1.207395965229881,0.210162194490344,train
2016-01-06,-0.956768864271045,-1.2316524787167469,0.27488361444570186,train
2016-01-07,-0.9431074315650423,-1.2105121834686896,0.2674047519036473,train
2016-01-08,-0.94989377744946,-1.0856905745759333,0.1357967971264733,train
2016-01-11,-0.9593289016251706,-0.9655954252424923,0.006266523617321718,train
2016-01-12,-0.9601104007480104,-0.9771414568154575,0.017031056067447148,train
2016-01-13,-0.9196372106911208,-1.0432186917687207,0.12358148107759992,train
2016-01-14,-0.9086564253536612,-1.0245109519604174,0.11585452660675621,train
2016-01-15,-0.9403977642697158,-1.0023688267431101,0.061971062473394345,train
2016-01-18,-0.982233105250101,-0.9794389342330483,-0.0027941710170527045,train
2016-01-19,-0.9622711153970358,-1.1756305811668422,0.21335946576980636,train
2016-01-20,-0.9616461202841685,-1.1385209176483746,0.17687479736420608,train
2016-01-21,-0.9730567820373338,-1.1136947917426212,0.1406380097052874,train
2016-01-22,-1.0387327973159155,-0.9375861047340566,-0.10114669258185893,train
2016-01-25,-1.0486244243261473,-1.0944619023975521,0.045837478071404814,train
2016-01-26,-1.0142030863652443,-1.1812592204646375,0.16705613409939324,train
2016-01-27,-1.0024011922001892,-1.180216008725578,0.17781481652538877,train
2016-01-28,-0.9999960370880906,-1.1620904248627688,0.16209438777467822,train
2016-01-29,-1.002473798503192,-1.2537658994357905,0.25129210093259857,train
2016-02-01,-1.019833972093952,-1.1295461741766046,0.10971220208265264,train
2016-02-02,-1.0188787042977099,-1.2137199874028393,0.19484128310512938,train
2016-02-03,-0.9997480488857812,-1.2337373225552222,0.233989273669441,train
2016-02-04,-0.9906800636734492,-1.0451167412956255,0.0544366776221763,train
2016-02-05,-1.047389592768759,-0.9655485716849811,-0.081841021083778,train
2016-02-08,-1.0816951461258666,-1.004226303899543,-0.07746884222632366,train
2016-02-09,-1.1150307584338508,-0.9545355415591052,-0.16049521687474555,train
2016-02-10,-1.041476288924757,-0.831016534146986,-0.21045975477777112,train
2016-02-11,-1.0452158311917517,-0.8753568613791196,-0.16985896981263204,train
2016-02-12,-1.0968773117317463,-0.8003825281277123,-0.29649478360403403,train
2016-02-15,-1.1321875780686004,-0.9144643549955878,-0.21772322307301262,train
2016-02-16,-1.0881946022497486,-0.9983790736318523,-0.08981552861789632,train
2016-02-17,-1.0607504097483575,-1.0901993579429916,0.02944894819463406,train
2016-02-18,-1.0742828941409428,-1.076336335496924,0.002053441355981178,train
2016-02-19,-1.0969399500573205,-1.126260859094018,0.029320909036697484,train
2016-02-22,-1.092555217736646,-1.1662724047901967,0.07371718705355068,train
2016-02-23,-1.1087256257037106,-1.2172649554442692,0.10853932974055858,train
2016-02-24,-1.1192682393225029,-1.2053892026511663,0.08612096332866348,train
2016-02-25,-1.2048749401586556,-1.1640694350624163,-0.04080550509623926,train
2016-02-26,-1.2507062771110349,-1.1916838434603596,-0.05902243365067528,train
2016-02-29,-1.2334949194397227,-1.1591966756190448,-0.07429824382067785,train
2016-03-01,-1.229332001095607,-1.1808064022264533,-0.04852559886915375,train
2016-03-02,-1.2456560782545973,-1.1611353510487332,-0.08452072720586412,train
2016-03-03,-1.211338255628602,-1.261642624693764,0.05030436906516189,train
2016-03-04,-1.2367245102504147,-1.1781543155540266,-0.058570194696388134,train
2016-03-07,-1.2914535807842196,-1.0129764795306784,-0.2784771012535412,train
2016-03-08,-1.2678988905408433,-1.208329279466607,-0.059569611074236306,train
2016-03-09,-1.2447010195241992,-1.1948807711466853,-0.049820248377513865,train
2016-03-10,-1.2475744741452992,-1.2325926860759941,-0.014981788069305058,train
2016-03-11,-1.3753161376980216,-0.5962388789386956,-0.779077258759326,train
2016-03-14,-1.3980474715779325,-0.981883060028371,-0.4161644115495615,train
2016-03-15,-1.3960284152408602,-1.0687067850632026,-0.3273216301776576,train
2016-03-16,-1.3918827119559898,-1.1196084392514614,-0.2722742727045284,train
2016-03-17,-1.4449373987404035,-0.9497668110333124,-0.4951705877070911,train
2016-03-18,-1.4825143534734735,-1.0740069713665854,-0.4085073821068881,train
2016-03-21,-1.4963347044882946,-1.200168141198506,-0.29616656328978874,train
2016-03-22,-1.494370725402035,-1.2442730621496143,-0.2500976632524208,train
2016-03-23,-1.470635072318396,-1.2123065869952,-0.25832848532319597,train
2016-03-24,-1.46158718560241,-1.3142700048887284,-0.14731718071368172,train
2016-03-25,-1.4723310508578336,-1.342869257541187,-0.12946179331664665,train
2016-03-28,-1.4099436138896797,-1.63556589423692,0.2256222803472403,train
2016-03-29,-1.3678259442849696,-1.616571008600361,0.24874506431539145,train
2016-03-30,-1.3900607173745703,-1.4806020819807946,0.0905413646062243,train
2016-03-31,-1.3818347546782326,-1.4464883633081083,0.06465360862987568,train
2016-04-01,-1.3783370072586458,-1.4606300781807289,0.08229307092208304,train
2016-04-04,-1.3958962351190356,-1.2603544832856193,-0.13554175183341632,train
2016-04-05,-1.3535326208918728,-1.3327126876838842,-0.020819933207988583,train
2016-04-06,-1.3632926797110405,-1.3600239134385141,-0.003268766272526369,train
2016-04-07,-1.3686915027973765,-1.3027180928399649,-0.06597340995741163,train
2016-04-08,-1.403529960360762,-1.2094167577963495,-0.19411320256441256,train
2016-04-11,-1.4076615734820763,-1.3327560459941052,-0.07490552748797108,train
2016-04-12,-1.4335628368924738,-1.37978044922468,-0.05378238766779386,train
2016-04-13,-1.4732859867989405,-1.3462255009916462,-0.12706048580729434,train
2016-04-14,-1.47526000933116,-1.3579689126805945,-0.11729109665056558,train
2016-04-15,-1.5020152217821574,-1.434360679951024,-0.0676545418311334,train
2016-04-18,-1.5291083227026405,-1.4773457705846145,-0.05176255211802605,train
2016-04-19,-1.5072339764437728,-1.4817993577301685,-0.025434618713604307,train
2016-04-20,-1.498144586273142,-1.5363122891278116,0.03816770285466964,train
2016-04-21,-1.525355718566365,-1.538699903235936,0.013344184669570991,train
2016-04-22,-1.5933440887468984,-1.3930602549111735,-0.2002838338357249,train
2016-04-25,-1.6050389057667922,-1.4655483443803812,-0.13949056138641103,train
2016-04-26,-1.6255711682454723,-1.4838044232232717,-0.14176674502220066,train
2016-04-27,-1.6405734375984002,-1.4711613381146316,-0.16941209948376867,train
2016-04-28,-1.6654572911621222,-1.4100962683173228,-0.25536102284479933,train
2016-04-29,-1.7399526930158935,-1.401210738352708,-0.3387419546631856,train
2016-05-02,-1.7630293938044466,-1.3873709737214002,-0.3756584200830464,train
2016-05-03,-1.7657655950972093,-1.450891839829611,-0.3148737552675984,train
2016-05-04,-1.7588871971864903,-1.3287552989138072,-0.43013189827268317,train
2016-05-05,-1.7137519172712827,-1.268974404370601,-0.4447775129006817,train
2016-05-06,-1.7148126006760904,-1.3938320416147523,-0.32098055906133816,train
2016-05-09,-1.7479528475709187,-1.3850251288059727,-0.362927718764946,train
2016-05-10,-1.772342394184753,-1.4060012464937155,-0.3663411476910374,train
2016-05-11,-1.7644755133622516,-1.4559851499088508,-0.30849036345340086,train
2016-05-12,-1.7397048244510196,-1.557494895641937,-0.1822099288090826,train
2016-05-13,-1.7230805302955987,-1.5986639871730657,-0.12441654312253303,train
2016-05-16,-1.7351777073765162,-1.5926489156406727,-0.14252879173584354,train
2016-05-17,-1.697231722958264,-1.6460058446569783,-0.05122587830128578,train
2016-05-18,-1.6178440658790207,-1.7110170555112454,0.09317298963222465,train
2016-05-19,-1.6100372957040057,-1.65314553871147,0.0431082430074643,train
2016-05-20,-1.5979967470530547,-1.566396282934499,-0.03160046411855566,train
2016-05-23,-1.5512642442345375,-1.6766562968033374,0.12539205256879993,train
2016-05-24,-1.5168314755238919,-1.6786039920925984,0.1617725165687065,train
2016-05-25,-1.45076617344278,-1.6375761849052175,0.1868100114624376,train
2016-05-26,-1.2620228777151166,-1.7740299861419335,0.512007108426817,train
2016-05-27,-1.1826516829357698,-1.7604347844198525,0.5777831014840826,train
2016-05-30,-1.1321688484183143,-1.8190239053064166,0.6868550568881022,train
2016-05-31,-1.038678621696877,-1.9273624233905156,0.8886838016936385,train
2016-06-01,-0.9676537037265498,-1.8035149089085616,0.8358612051820118,train
2016-06-02,-0.9474121921092471,-1.729947708604184,0.7825355164949368,train
2016-06-03,-0.9838632439292865,-1.7077516981503749,0.7238884542210884,train
2016-06-06,-1.0367086220487955,-1.3008495241799567,0.26414090213116115,train
2016-06-07,-1.006304107602127,-1.4676359527976923,0.46133184519556525,train
2016-06-08,-0.9729033503684275,-1.5469198786295406,0.5740165282611132,train
2016-06-09,-0.8888670252202254,-1.5993621848303625,0.7104951596101371,train
2016-06-10,-0.9104765638094551,-1.5969087417340435,0.6864321779245884,train
2016-06-13,-0.8996783593568377,-1.6852548283380226,0.7855764689811849,train
2016-06-14,-0.9027720031863509,-1.6627905303412525,0.7600185271549016,train
2016-06-15,-0.8767282364483543,-1.6464938003241825,0.7697655638758282,train
2016-06-16,-0.880991053348536,-1.5757982888299926,0.6948072354814566,train
2016-06-17,-0.9509703291033481,-1.3786498001261793,0.4276794710228312,train
2016-06-20,-0.9915827553441438,-1.4019726059875472,0.4103898506434035,train
2016-06-21,-0.997127756919543,-1.382921871076075,0.38579411415653186,train
2016-06-22,-1.0003332596326047,-1.366993610571032,0.3666603509384274,train
2016-06-23,-1.0120466103050283,-1.336069450955954,0.3240228406509258,train
2016-06-24,-1.1000343025644947,-1.192473073704552,0.09243877114005716,train
2016-06-27,-1.2885386051065617,-0.6541369026303071,-0.6344017024762546,train
2016-06-28,-1.3391744141861843,-0.8079924800020045,-0.5311819341841798,train
2016-06-29,-1.3804800857924098,-0.8365402782186584,-0.5439398075737514,train
2016-06-30,-1.4137367955365303,-0.7604887060886457,-0.6532480894478846,train
2016-07-01,-1.5159656715576675,-0.6478475784688087,-0.8681180930888588,train
2016-07-04,-1.5744675201327984,-0.9050763703585304,-0.6693911497742681,train
2016-07-05,-1.591012113560121,-1.2187309154971453,-0.37228119806297566,train
2016-07-06,-1.643923508991243,-1.101213797692563,-0.5427097112986801,train
2016-07-07,-1.647386967124991,-1.051027535866743,-0.5963594312582481,train
2016-07-08,-1.7063179043231342,-1.1432355812426194,-0.5630823230805149,train
2016-07-11,-1.8028024959887103,-0.99085969732175,-0.8119427986669603,train
2016-07-12,-1.8082271068104463,-1.158446528078822,-0.6497805787316242,train
2016-07-13,-1.8441071946713572,-1.1218957411560768,-0.7222114535152804,train
2016-07-14,-1.829118612536457,-1.223365405095746,-0.6057532074407108,train
2016-07-15,-1.8973709972198782,-1.1730246907299984,-0.7243463064898799,train
2016-07-18,-1.8928021202334109,-1.2216309313859341,-0.6711711888474767,train
2016-07-19,-1.8718193277927213,-1.3070939099196224,-0.5647254178730989,train
2016-07-20,-1.852837288286606,-1.3514392448780732,-0.5013980434085328,train
2016-07-21,-1.8700270610544762,-1.3064714064552851,-0.5635556545991911,train
2016-07-22,-1.907663901997568,-1.2922899081590382,-0.6153739938385299,train
2016-07-25,-1.9383388601259306,-1.3479320254135123,-0.5904068347124183,train
2016-07-26,-1.9229601029354249,-1.4832660299862463,-0.4396940729491785,train
2016-07-27,-1.939449220734916,-1.576802912831822,-0.36264630790309416,train
2016-07-28,-1.9227418613955267,-1.53248535761387,-0.39025650378165677,train
2016-07-29,-1.945730498150079,-1.5854804597075236,-0.3602500384425553,train
2016-08-01,-1.9790183385722784,-1.5640148592351926,-0.4150034793370858,train
2016-08-02,-1.9630164706118678,-1.665229466834625,-0.29778700377724276,train
2016-08-03,-1.9308764203038435,-1.696524879554259,-0.23435154074958464,train
2016-08-04,-1.8494868472260448,-1.8092284175243418,-0.040258429701703013,train
2016-08-05,-1.8638764525502984,-1.8234274604553895,-0.04044899209490893,train
2016-08-08,-1.8679281274814434,-1.83421603931852,-0.03371208816292337,train
2016-08-09,-1.8433367558895482,-1.8309886322955815,-0.012348123593966642,train
2016-08-10,-1.791648906401145,-1.9618919923979643,0.17024308599681937,train
2016-08-11,-1.7698067744983559,-1.8496019820008809,0.079795207502525,train
2016-08-12,-1.7421333664851562,-1.8624297794643807,0.12029641297922455,train
2016-08-15,-1.7509219226444686,-1.921790907538893,0.17086898489442448,train
2016-08-16,-1.7155795958886793,-1.9768346553824836,0.26125505949380434,train
2016-08-17,-1.743188201027384,-1.7503762017170335,0.007188000689649421,train
2016-08-18,-1.7555129886247125,-1.8087769134038423,0.05326392477912978,train
2016-08-19,-1.8010205988704582,-1.6560234045875966,-0.14499719428286162,train
2016-08-22,-1.8146403166355152,-1.746258779783016,-0.06838153685249915,train
2016-08-23,-1.7723388014452253,-1.7520176752154502,-0.02032112622977511,train
2016-08-24,-1.7583055410943458,-1.8413147623230999,0.0830092212287541,train
2016-08-25,-1.7615119041270229,-1.8654496383161,0.10393773418907704,train
2016-08-26,-1.74501951448225,-1.9853693789511901,0.24034986446894013,train
2016-08-29,-1.8013210551100167,-1.7587033204805365,-0.042617734629480264,train
2016-08-30,-1.7974945420071704,-1.8750869242894503,0.07759238228227994,train
2016-08-31,-1.785102014598169,-1.8899166227203688,0.10481460812219967,train
2016-09-01,-1.7528264287336426,-1.8845723079975905,0.13174587926394787,train
2016-09-02,-1.795335947105884,-1.8686907770111565,0.07335482990527242,train
2016-09-05,-1.8207141277695271,-1.6405627774688336,-0.1801513503006935,train
2016-09-06,-1.7922238878378003,-1.8210149835299254,0.028791095692125124,train
2016-09-07,-1.8285918504131538,-1.7897847834772445,-0.038807066935909296,train
2016-09-08,-1.7866908616175328,-1.68523502177346,-0.1014558398440728,train
2016-09-09,-1.8403923957058133,-1.588610835652212,-0.2517815600536013,train
2016-09-12,-1.8498863737373326,-1.6936440694668953,-0.15624230427043728,train
2016-09-13,-1.840617167121473,-1.5978611492750687,-0.24275601784640433,train
2016-09-14,-1.828832492251761,-1.6414303649407092,-0.18740212731105177,train
2016-09-15,-1.8209307010465645,-1.6693118263936926,-0.15161887465287194,train
2016-09-16,-1.8423964831201287,-1.6643441810906965,-0.17805230202943223,train
2016-09-19,-1.848164331591434,-1.7258711516400602,-0.12229317995137379,train
2016-09-20,-1.824337990018155,-1.8351535329864421,0.010815542968287017,train
2016-09-21,-1.7572204999570182,-1.9010108897993079,0.14379038984228965,train
2016-09-22,-1.7981980300032712,-1.7408030260116005,-0.057395003991670634,train
2016-09-23,-1.8179064013601853,-1.7745651784203553,-0.043341222939830004,train
2016-09-26,-1.8194913068949994,-1.8151043954534758,-0.004386911441523589,train
2016-09-27,-1.805901547685167,-1.8085160397592408,0.0026144920740738264,train
2016-09-28,-1.7886179386087298,-1.7945553972991073,0.0059374586903775395,train
2016-09-29,-1.7581424901029705,-1.855068069700483,0.09692557959751258,train
2016-09-30,-1.7603379004097623,-1.8414880783914003,0.08115017798163793,train
2016-10-03,-1.8028262758094984,-1.6990242882151305,-0.10380198759436787,train
2016-10-04,-1.7625782538404073,-1.8701343977410456,0.10755614390063828,train
2016-10-05,-1.788661147211861,-1.7240140914620248,-0.0646470557498362,train
2016-10-06,-1.7901866428956468,-1.7805162699163208,-0.009670372979325936,train
2016-10-07,-1.7895982553194492,-1.8139540262471876,0.02435577092773844,train
2016-10-10,-1.8405658106467038,-1.629389797398341,-0.21117601324836266,train
2016-10-11,-1.680191721035776,-1.7653543994135066,0.08516267837773062,train
2016-10-12,-1.6398336012072767,-1.734730922813505,0.09489732160622832,train
2016-10-13,-1.6256337263181815,-1.6625029555334276,0.03686922921524616,train
2016-10-14,-1.5961633717609045,-1.6361029416966217,0.039939569935717234,train
2016-10-17,-1.5714875317995753,-1.7172856591387577,0.1457981273391824,train
2016-10-18,-1.511832691426428,-1.7536043598716726,0.24177166844524467,train
2016-10-19,-1.4649793069179802,-1.7413838435409605,0.27640453662298037,train
2016-10-20,-1.411560191469796,-1.7697330906978181,0.3581728992280222,train
2016-10-21,-1.4297514410589203,-1.623471814629127,0.19372037357020666,train
2016-10-24,-1.3952716259107847,-1.7636663928537044,0.3683947669429197,train
2016-10-25,-1.339024788104423,-1.7778870457333704,0.43886225762894737,train
2016-10-26,-1.3017642854135294,-1.7743572857039172,0.47259300029038775,train
2016-10-27,-1.2674187527349503,-1.7484745470464271,0.4810557943114768,train
2016-10-28,-1.2321432320204961,-1.8247690226274766,0.5926257906069805,train
2016-10-31,-1.2145478804760925,-1.7135512687937688,0.4990033883176763,train
2016-11-01,-1.1504888136596803,-1.8410240018736577,0.6905351882139774,train
2016-11-02,-1.094171493471393,-1.7947242043630371,0.7005527108916441,train
2016-11-03,-1.0795823589869573,-1.7020178440531821,0.6224354850662248,train
2016-11-04,-1.0025849224031367,-1.678942655203684,0.6763577328005472,train
2016-11-07,-0.9695279044890981,-1.7803769279801478,0.8108490234910497,train
2016-11-08,-0.9624569317448646,-1.7364193616630694,0.7739624299182049,train
2016-11-09,-0.8612552942727181,-1.787861564345345,0.926606270072627,train
2016-11-10,-0.9683885270699188,-1.1813300432688092,0.21294151619889035,train
2016-11-11,-0.9853681857675111,-1.3541938146696388,0.3688256289021278,train
2016-11-14,-0.995452475231363,-1.3180590143040902,0.3226065390727272,train
2016-11-15,-0.9798063550359563,-1.1937922469283813,0.213985891892425,train
2016-11-16,-0.9375960116931278,-1.1702047433094376,0.2326087316163098,train
2016-11-17,-0.9268688535126557,-1.2545552570517522,0.3276864035390965,train
2016-11-18,-0.9387422393654454,-1.2206280799132254,0.28188584054778,train
2016-11-21,-0.9690102073149326,-1.174793018862581,0.20578281154764844,train
2016-11-22,-0.9852612427151872,-1.231497598855792,0.24623635614060468,train
2016-11-23,-0.9846942551929003,-1.2663050637331499,0.28161080854024956,train
2016-11-24,-1.0288250029734767,-1.2282289793015644,0.1994039763280877,train
2016-11-25,-1.0832963246599248,-1.2560613483663583,0.17276502370643354,train
2016-11-28,-1.1116891289515374,-1.2511703028057912,0.13948117385425385,train
2016-11-29,-1.1278562727412789,-1.2107097460248264,0.08285347328354753,train
2016-11-30,-1.0691278120106178,-1.2075506067429727,0.13842279473235486,train
2016-12-01,-1.0727756224829896,-1.0936437420818323,0.020868119598842716,train
2016-12-02,-1.0723045358952041,-1.0923338703264645,0.020029334431260315,train
2016-12-05,-1.030511684063578,-1.1278774704667587,0.09736578640318072,train
2016-12-06,-1.0754415392463854,-0.8626544617121521,-0.21278707753423332,train
2016-12-07,-1.0717693721620423,-1.0315706819415733,-0.04019869022046896,train
2016-12-08,-1.042886089873385,-1.1613964276187925,0.11851033774540753,train
2016-12-09,-1.0492036353445462,-0.8328044710503069,-0.21639916429423933,train
2016-12-12,-1.0242939056823261,-1.0451491820367487,0.020855276354422525,train
2016-12-13,-1.0060868861034789,-1.116715613075197,0.1106287269717181,train
2016-12-14,-1.012540896660802,-1.137853384840086,0.12531248817928398,train
2016-12-15,-1.034519813811536,-0.975099271665125,-0.059420542146410904,train
2016-12-16,-1.0889976643628279,-0.905557650794683,-0.18344001356814488,train
2016-12-19,-1.0873880360984247,-0.9332169252705799,-0.15417111082784485,train
2016-12-20,-1.0881580561917839,-0.9825480875743928,-0.10560996861739103,train
2016-12-21,-1.0767691308632925,-1.0402514749449354,-0.036517655918357095,train
2016-12-22,-1.0883441686154265,-1.1103508054361582,0.022006636820731673,train
2016-12-23,-1.094702061270462,-1.1792116239029704,0.0845095626325083,train
2016-12-27,-1.0618098945561785,-1.346151309263813,0.28434141470763463,train
2016-12-28,-1.0149058182340482,-1.4964137253606602,0.48150790712661196,train
2016-12-29,-0.9936331916611156,-1.4480657226382658,0.4544325309771502,train
2016-12-30,-0.974781001732349,-1.4065394715671835,0.43175846983483446,train
2017-01-03,-1.0310257819617819,-1.0798410960951976,0.04881531413341578,train
2017-01-04,-1.0692082153466378,-1.1325507888571875,0.06334257351054973,train
2017-01-05,-1.0728652152303815,-1.0766553898967657,0.003790174666384205,train
2017-01-06,-1.1342487853675718,-0.8935939722724922,-0.24065481309507963,train
2017-01-09,-1.1677389821846622,-0.9537511821220108,-0.2139878000626514,train
2017-01-10,-1.1878561533447853,-1.0408296739942757,-0.1470264793505096,train
2017-01-11,-1.2085048033132624,-1.0600902646991766,-0.14841453861408582,train
2017-01-12,-1.2852679351058016,-0.8979664734873163,-0.38730146161848533,train
2017-01-13,-1.346894646735645,-0.9779837288921411,-0.36891091784350394,train
2017-01-16,-1.3740312805173316,-1.0410225642582838,-0.3330087162590478,train
2017-01-17,-1.3699480715914474,-1.078641895416502,-0.29130617617494536,train
2017-01-18,-1.3979624555172259,-0.9981382473691922,-0.39982420814803366,train
2017-01-19,-1.4259964114971522,-1.188046612610525,-0.23794979888662726,train
2017-01-20,-1.4956499163086934,-1.1140643558205152,-0.38158556048817815,train
2017-01-23,-1.518904926157907,-1.152247584811419,-0.366657341346488,train
2017-01-24,-1.5007657309374016,-1.1439456418244909,-0.35682008911291074,train
2017-01-25,-1.4946345880958753,-1.2326721260885103,-0.26196246200736506,train
2017-01-26,-1.4949746209775967,-1.225426924567886,-0.26954769640971077,train
2017-01-27,-1.5151532450168603,-1.2566329437653185,-0.2585203012515418,train
2017-01-30,-1.5169930583768214,-1.2828052585020746,-0.2341877998747468,train
2017-01-31,-1.5142110916364375,-1.257273227401157,-0.2569378642352804,train
2017-02-01,-1.5620344568968187,-1.1489480765367417,-0.41308638036007705,train
2017-02-02,-1.577596376262752,-1.2018701673932286,-0.37572620886952346,train
2017-02-03,-1.586686857831507,-1.2228168358910028,-0.3638700219405042,train
2017-02-06,-1.646256530740868,-1.2058949720382992,-0.4403615587025689,train
2017-02-07,-1.6636743806498744,-1.274548656606182,-0.3891257240436923,train
2017-02-08,-1.6421210636770263,-1.322744253669816,-0.3193768100072103,train
2017-02-09,-1.6257994376686595,-1.3534349865553539,-0.27236445111330565,train
2017-02-10,-1.6460297310221443,-1.4390981175022928,-0.20693161351985156,train
2017-02-13,-1.6667908338654494,-1.4774149387491287,-0.1893758951163207,train
2017-02-14,-1.6092878069058352,-1.534739378345576,-0.07454842856025912,train
2017-02-15,-1.6143862886823224,-1.5088039638414272,-0.10558232484089514,train
2017-02-16,-1.6305606121286522,-1.5485013085935704,-0.08205930353508184,train
2017-02-17,-1.6646488733736646,-1.473384772446117,-0.19126410092754753,train
2017-02-20,-1.646807479039654,-1.5503148314814972,-0.0964926475581569,train
2017-02-21,-1.629884212109681,-1.61103713635105,-0.018847075758630982,train
2017-02-22,-1.6475917167384622,-1.612771456237228,-0.03482026050123421,train
2017-02-23,-1.703113701180371,-1.5047860173987195,-0.19832768378165144,train
2017-02-24,-1.7233044161221434,-1.5226324084295775,-0.20067200769256588,train
2017-02-27,-1.7452600583517082,-1.5061957547951508,-0.2390643035565574,train
2017-02-28,-1.7266173485043312,-1.5199135096032026,-0.20670383890112864,train
2017-03-01,-1.737005509069977,-1.475581539964023,-0.2614239691059539,train
2017-03-02,-1.765080152719905,-1.4672202313506697,-0.2978599213692352,train
2017-03-03,-1.7731287781316842,-1.5736193435690586,-0.1995094345626256,train
2017-03-06,-1.8166353629541425,-1.5340465792205455,-0.28258878373359697,train
2017-03-07,-1.8220730558651546,-1.5683697491085247,-0.2537033067566299,train
2017-03-08,-1.7866304514688525,-1.700191117173631,-0.08643933429522144,train
2017-03-09,-1.7621485717012348,-1.7826747725391714,0.020526200837936548,train
2017-03-10,-1.8219188856453008,-1.6413829217520268,-0.18053596389327398,train
2017-03-13,-1.8716826025798208,-1.6087466464941216,-0.2629359560856992,train
2017-03-14,-1.853878746860583,-1.6685370586576926,-0.18534168820289043,train
2017-03-15,-1.846638252056774,-1.7112551063920027,-0.13538314566477117,train
2017-03-16,-1.9357009808825532,-1.5574395250815467,-0.37826145580100645,train
2017-03-17,-1.9655086921570977,-1.5410418517918743,-0.4244668403652234,train
2017-03-20,-1.9662611590746144,-1.6851852647522159,-0.28107589432239855,train
2017-03-21,-1.968489561139075,-1.6804525525834468,-0.2880370085556281,train
2017-03-22,-1.9754570723319917,-1.5771644767945479,-0.3982925955374439,train
2017-03-23,-1.970062663226183,-1.6549209848057402,-0.31514167842044283,train
2017-03-24,-1.912568046857143,-1.7116842996702464,-0.20088374718689672,train
2017-03-27,-1.8995339570968257,-1.7948121357457056,-0.10472182135112007,train
2017-03-28,-1.8723076572059532,-1.7492845311128782,-0.12302312609307497,train
2017-03-29,-1.8307738522032857,-1.7721483739492592,-0.05862547825402653,train
2017-03-30,-1.8292108258554416,-1.7970729181515095,-0.0321379077039321,train
2017-03-31,-1.8678594460402225,-1.7581955549388069,-0.10966389110141561,train
2017-04-03,-1.88217497144378,-1.7037035898946145,-0.17847138154916564,train
2017-04-04,-1.887223967784764,-1.8042293729530923,-0.08299459483167171,train
2017-04-05,-1.8542228529274813,-1.812605104363123,-0.04161774856435829,train
2017-04-06,-1.857265608902245,-1.901129056290264,0.04386344738801906,train
2017-04-07,-1.851518086349669,-1.8253533799551733,-0.02616470639449564,train
2017-04-10,-1.859123391290506,-1.7561340719143759,-0.1029893193761302,train
2017-04-11,-1.8352470526391154,-1.8706870650315006,0.035440012392385256,train
2017-04-12,-1.8277219816183226,-1.8770233254430533,0.049301343824730726,train
2017-04-13,-1.8414858360982016,-1.9051762495655664,0.06369041346736481,train
2017-04-14,-1.8495819169913725,-1.8231923221330901,-0.026389594858282406,train
2017-04-17,-1.8015108527295551,-2.123668062128978,0.3221572093994227,train
2017-04-18,-1.7760919711514147,-2.1201802400194647,0.34408826886805,train
2017-04-19,-1.7582693488199326,-1.9336172009721198,0.17534785215218718,train
2017-04-20,-1.741822697776975,-1.982114333316098,0.24029163553912292,train
2017-04-21,-1.7234283852546377,-1.9032050851279145,0.17977669987327682,train
2017-04-24,-1.6977398822786698,-1.835570067381263,0.13783018510259315,train
2017-04-25,-1.7196217081426766,-1.6077308321518387,-0.11189087599083791,train
2017-04-26,-1.7283788723221394,-1.7390561400421356,0.01067726771999622,train
2017-04-27,-1.7444843393244747,-1.6371430352542786,-0.10734130407019604,train
2017-04-28,-1.8186403741028578,-1.5498178605733828,-0.26882251352947506,train
2017-05-01,-1.8066994050730116,-1.6014017429054626,-0.20529766216754908,train
2017-05-02,-1.7637494777598912,-1.7714513192357222,0.007701841475830973,train
2017-05-03,-1.7561803512131642,-1.7739407227343325,0.017760371521168272,train
2017-05-04,-1.7077197690599328,-1.8854548600629624,0.17773509100302953,train
2017-05-05,-1.7379042768719253,-1.8285699112648421,0.09066563439291686,train
2017-05-08,-1.7512223329373746,-1.8831472748502094,0.13192494191283477,train
2017-05-09,-1.734520775502513,-1.7289057815840396,-0.00561499391847331,train
2017-05-10,-1.726508284804524,-1.761886836620255,0.03537855181573102,train
2017-05-11,-1.7077183120819548,-1.7203516918591601,0.012633379777205356,train
2017-05-12,-1.7181413096211673,-1.824625552849497,0.10648424322832972,train
2017-05-15,-1.7372009540437026,-1.8928252867113398,0.1556243326676372,train
2017-05-16,-1.6680565366926898,-1.8530318553920582,0.18497531869936834,train
2017-05-17,-1.667761054403602,-1.7793610990391977,0.11160004463559581,train
2017-05-18,-1.6979356338358185,-1.7371243668092244,0.03918873297340597,train
2017-05-19,-1.7499608750456999,-1.644202768506943,-0.10575810653875695,train
2017-05-22,-1.7665445316801516,-1.7052107202107143,-0.06133381146943728,train
2017-05-23,-1.822942027365887,-1.6251873353918027,-0.19775469197408424,train
2017-05-24,-1.885107910808273,-1.5364126357124324,-0.34869527509584053,train
2017-05-25,-1.940894575923316,-1.5772321716502584,-0.3636624042730576,train
2017-05-26,-1.936197844536381,-1.61423178982713,-0.3219660547092511,train
2017-05-29,-1.9095598348232519,-1.6204600366106496,-0.28909979821260223,train
2017-05-30,-1.7963000293378584,-1.8117480783719018,0.015448049034043398,train
2017-05-31,-1.8145657095590573,-1.760521319493959,-0.0540443900650982,train
2017-06-01,-1.823613411166764,-1.708939065557435,-0.11467434560932888,train
2017-06-02,-1.8320007874662358,-1.744153184452697,-0.08784760301353889,train
2017-06-05,-1.884983946734212,-1.8168498920076641,-0.06813405472654788,train
2017-06-06,-1.8746258507708182,-1.7380434847933213,-0.13658236597749696,train
2017-06-07,-1.8663034263015916,-1.7802644885195724,-0.08603893778201921,train
2017-06-08,-1.8883936276258146,-1.698556116848191,-0.18983751077762356,train
2017-06-09,-1.9365969402783618,-1.6521952557462978,-0.28440168453206405,train
2017-06-12,-1.96034808236935,-1.6295681938181752,-0.3307798885511748,train
2017-06-13,-1.9171294849932374,-1.715139514817375,-0.2019899701758625,train
2017-06-14,-1.8863702484807385,-1.8247221925148436,-0.061648055965894955,train
2017-06-15,-1.9257795791020598,-1.5999398902755395,-0.32583968882652026,train
2017-06-16,-1.9587091239539085,-1.6534232618747278,-0.30528586207918074,train
2017-06-19,-1.9198153123751458,-1.7669789375412155,-0.1528363748339303,train
2017-06-20,-1.9138851203296305,-1.814566573730843,-0.09931854659878758,train
2017-06-21,-1.8625768224665562,-1.8079327849936315,-0.05464403747292468,train
2017-06-22,-1.8260171743105966,-1.9571102295814091,0.1310930552708125,train
2017-06-23,-1.810646484902829,-2.0325468531909596,0.22190036828813064,train
2017-06-26,-1.7658476719939835,-2.099771839556392,0.3339241675624085,train
2017-06-27,-1.7248623579379236,-2.014841862621534,0.2899795046836102,train
2017-06-28,-1.728649687604423,-1.8687077889315935,0.14005810132717045,train
2017-06-29,-1.7909893278444675,-1.508963498740203,-0.28202582910426455,train
2017-06-30,-1.787662682664766,-1.6146536634194018,-0.17300901924536416,train
2017-07-03,-1.778728739913521,-1.6017522921301997,-0.17697644778332133,train
2017-07-04,-1.7408660808748413,-1.6370031436071715,-0.10386293726766982,train
2017-07-05,-1.7037607011082558,-1.7881801149298167,0.08441941382156082,train
2017-07-06,-1.6508702973281268,-1.836489029834317,0.1856187325061902,train
2017-07-07,-1.6536471839755214,-1.877035264154768,0.22338808017924672,train
2017-07-10,-1.6598282707310539,-1.917835359252889,0.25800708852183507,train
2017-07-11,-1.592951849419663,-1.9827427655092036,0.38979091608954053,train
2017-07-12,-1.5625389052124938,-2.0373631372567838,0.4748242320442899,train
2017-07-13,-1.549765675357058,-1.7987950664318535,0.2490293910747956,train
2017-07-14,-1.5592161269189366,-1.7747516676213173,0.21553554070238068,train
2017-07-17,-1.5446296021608126,-1.8933033988040426,0.34867379664323006,train
2017-07-18,-1.47799699156122,-1.8711687817462184,0.39317179018499826,train
2017-07-19,-1.4633399519770307,-1.8016569759334289,0.3383170239563982,train
2017-07-20,-1.418340940920089,-1.8619119246544855,0.4435709837343964,train
2017-07-21,-1.4611444687357633,-1.7067856726485489,0.24564120391278554,train
2017-07-24,-1.4684373197837133,-1.7762816734423446,0.3078443536586313,train
2017-07-25,-1.4552737096920199,-1.7882366954442341,0.3329629857522143,train
2017-07-26,-1.5004400607847062,-1.6926927578413697,0.1922526970566636,train
2017-07-27,-1.4938888598379456,-1.5684159262402266,0.07452706640228102,train
2017-07-28,-1.5388216654184483,-1.592541317197383,0.053719651778934674,train
2017-07-31,-1.514225861324394,-1.638020747770791,0.12379488644639713,train
2017-08-01,-1.5129049324380757,-1.6256797955402829,0.11277486310220719,train
2017-08-02,-1.4968954891751252,-1.5592957129246487,0.06240022374952359,train
2017-08-03,-1.4566611473820879,-1.561141199082627,0.10448005170053909,train
2017-08-04,-1.471404128719182,-1.5646603759109383,0.0932562471917564,train
2017-08-07,-1.4927270993608301,-1.470585384992042,-0.02214171436878809,train
2017-08-08,-1.4826595419421564,-1.6542823733537715,0.17162283141161505,train
2017-08-09,-1.4367951105505463,-1.5980531493887145,0.16125803883816814,train
2017-08-10,-1.4305640229805408,-1.5083643538995863,0.07780033091904559,train
2017-08-11,-1.4564060785707014,-1.4701727915527028,0.013766712982001383,train
2017-08-14,-1.4926239956632863,-1.5502617211737284,0.057637725510442106,train
2017-08-15,-1.4842335457806712,-1.5503883310459432,0.06615478526527196,train
2017-08-16,-1.472062149742991,-1.5575590333827676,0.08549688363977648,train
2017-08-17,-1.4906999111882626,-1.4055787305302072,-0.0851211806580554,train
2017-08-18,-1.5210027845530474,-1.401885429375556,-0.11911735517749134,train
2017-08-21,-1.5318564590296573,-1.4110047691245666,-0.12085168990509065,train
2017-08-22,-1.4561813396899994,-1.5165115321275555,0.06033019243755611,train
2017-08-23,-1.4416032798441836,-1.5125281871041925,0.07092490726000888,train
2017-08-24,-1.433533309768359,-1.6356596281715956,0.2021263184032367,train
2017-08-25,-1.3988921937070768,-1.7390721964735687,0.34018000276649185,train
2017-08-28,-1.4211489597714868,-1.5777847017093818,0.15663574193789498,train
2017-08-29,-1.3951045808799827,-1.6957603687648517,0.300655787884869,train
2017-08-30,-1.430962455640939,-1.5002620770054746,0.0692996213645356,train
2017-08-31,-1.4456435267718606,-1.4976221658148274,0.051978639042966845,train
2017-09-01,-1.4747993779205826,-1.4027343009900783,-0.07206507693050423,train
2017-09-04,-1.546769422575793,-1.3292245782082783,-0.21754484436751476,train
2017-09-05,-1.5451472883720674,-1.4541094150644502,-0.09103787330761715,train
2017-09-06,-1.5891914746180056,-1.4091644556257246,-0.18002701899228102,train
2017-09-07,-1.5742708440349071,-1.4521761242593256,-0.1220947197755815,train
2017-09-08,-1.657553400019986,-1.312335736387531,-0.3452176636324551,train
2017-09-11,-1.70199303560104,-1.370434214557658,-0.33155882104338197,train
2017-09-12,-1.6989889563262026,-1.4585311619906074,-0.24045779433559522,train
2017-09-13,-1.7158318249478641,-1.5266720696995284,-0.18915975524833573,train
2017-09-14,-1.687916912424034,-1.4904263569063576,-0.19749055551767647,train
2017-09-15,-1.7393004356346145,-1.4810478030989818,-0.2582526325356327,train
2017-09-18,-1.7828283692862543,-1.497402623159363,-0.2854257461268914,train
2017-09-19,-1.801539683194114,-1.5359748375484932,-0.2655648456456208,train
2017-09-20,-1.8030366159611901,-1.503135682118981,-0.29990093384220917,train
2017-09-21,-1.8652199475387692,-1.3122005281175004,-0.5530194194212688,train
2017-09-22,-1.8891352072169776,-1.4212171866913996,-0.46791802052557796,train
2017-09-25,-1.9096134103695823,-1.4712587149948002,-0.4383546953747821,train
2017-09-26,-1.9182368871473783,-1.4390825272754357,-0.47915435987194255,train
2017-09-27,-1.8979178786035618,-1.4362024464776821,-0.4617154321258796,train
2017-09-28,-1.8829207207625906,-1.490892350244362,-0.3920283705182286,train
2017-09-29,-1.8936373582995558,-1.5058204100639494,-0.3878169482356064,train
2017-10-02,-1.903108917805598,-1.5466133779620308,-0.3564955398435672,train
2017-10-03,-1.9022114716934702,-1.576511397375993,-0.32570007431747716,train
2017-10-04,-1.880011342997269,-1.6588122592540664,-0.22119908374320252,train
2017-10-05,-1.8712380378753444,-1.6680412661918869,-0.2031967716834575,train
2017-10-06,-1.861482109650516,-1.7831887068965007,-0.07829340275401542,train
2017-10-09,-1.883679651083645,-1.714919392788143,-0.16876025829550212,train
2017-10-10,-1.8713117236188272,-1.8429357051278754,-0.028376018490951838,train
2017-10-11,-1.8718743101125659,-1.779432226597084,-0.09244208351548178,train
2017-10-12,-1.8878762451100868,-1.7701798389843273,-0.11769640612575949,train
2017-10-13,-1.9022633587177444,-1.8205339188110456,-0.08172943990669879,train
2017-10-16,-1.9390436921097647,-1.8052560758485954,-0.1337876162611693,train
2017-10-17,-1.9110398248524176,-1.7743579954377195,-0.13668182941469809,train
2017-10-18,-1.8859356294657417,-1.8479373988314691,-0.037998230634272545,train
2017-10-19,-1.869370919001819,-1.8608013931021339,-0.008569525899685182,train
2017-10-20,-1.8564826788665358,-1.7435989920732042,-0.1128836867933316,train
2017-10-23,-1.8599305662471837,-1.8123752707594012,-0.04755529548778248,train
2017-10-24,-1.8467792625771713,-1.865163798466917,0.018384535889745646,train
2017-10-25,-1.847347986767803,-1.8744020543198774,0.02705406755207429,train
2017-10-26,-1.8504470346274926,-1.8677096680728473,0.017262633445354725,train
2017-10-27,-1.902546917273166,-1.7176053132058433,-0.18494160406732263,train
2017-10-30,-1.9139407213164326,-1.7192402468956072,-0.1947004744208254,train
2017-10-31,-1.9022534284096226,-1.7408530182604105,-0.16140041014921214,train
2017-11-01,-1.8784973134528897,-1.7316126097090014,-0.1468847037438883,train
2017-11-02,-1.8456467104166157,-1.7397567736894217,-0.10588993672719393,train
2017-11-03,-1.8629892144007625,-1.7295978676350925,-0.13339134676567,train
2017-11-06,-1.8747742649105676,-1.8724370509860484,-0.0023372139245192436,train
2017-11-07,-1.869867977823436,-1.7874176774727273,-0.08245030035070866,train
2017-11-08,-1.8768167325322915,-1.8288771867424272,-0.04793954578986437,train
2017-11-09,-1.8632920982624426,-1.8775292000665558,0.014237101804113195,train
2017-11-10,-1.8796101440707957,-1.8460700549547113,-0.033540089116084415,train
2017-11-13,-1.8767517679504337,-1.8937904536694723,0.01703868571903855,train
2017-11-14,-1.8287245589256416,-1.9920571195882677,0.16333256066262614,train
2017-11-15,-1.7998865380241633,-1.9486212515742536,0.14873471355009027,train
2017-11-16,-1.8238214684850662,-1.8290307253405464,0.005209256855480238,train
2017-11-17,-1.835557441905957,-1.8261613794753415,-0.009396062430615526,train
2017-11-20,-1.8422738122894193,-1.7966410036881113,-0.04563280860130803,train
2017-11-21,-1.8784832517268377,-1.6642641278396924,-0.21421912388714537,train
2017-11-22,-1.892008045198783,-1.7362485124924127,-0.15575953270637033,train
2017-11-23,-1.8957814064711007,-1.753363711142717,-0.14241769532838378,train
2017-11-24,-1.9044405423042392,-1.8545932592854786,-0.049847283018760624,train
2017-11-27,-1.9247217896639355,-1.7896916950607817,-0.13503009460315374,train
2017-11-28,-1.9582448746644572,-1.8620615191199952,-0.096183355544462,train
2017-11-29,-1.9959072551881811,-1.7851843213907423,-0.21072293379743878,train
2017-11-30,-2.013082999336003,-1.7871188678123433,-0.2259641315236598,train
2017-12-01,-2.0425690414036164,-1.7098717597853015,-0.3326972816183149,train
2017-12-04,-2.0767221555370927,-1.6446854599490326,-0.4320366955880601,train
2017-12-05,-2.0708147795326006,-1.6964232987540488,-0.3743914807785518,train
2017-12-06,-2.0796674576753995,-1.7782811428632632,-0.3013863148121363,train
2017-12-07,-2.080820283149525,-1.748472493393706,-0.3323477897558189,train
2017-12-08,-2.042229970175634,-1.7955818964142098,-0.24664807376142406,train
2017-12-11,-1.9944460686070797,-1.9040853405310179,-0.09036072807606188,train
2017-12-12,-1.9252302534452377,-1.8891579940954282,-0.03607225934980951,train
2017-12-13,-1.882520989601184,-1.9354064640561712,0.05288547445498715,train
2017-12-14,-1.8559884273290685,-1.8785939252281576,0.022605497899089055,train
2017-12-15,-1.8371481461434678,-1.702451126443581,-0.13469701969988668,train
2017-12-18,-1.7922298402262427,-1.7907045153980956,-0.0015253248281470455,train
2017-12-19,-1.7593176288709886,-1.7957707965807184,0.03645316770972973,train
2017-12-20,-1.758073251031986,-1.7756378516970157,0.017564600665029628,train
2017-12-21,-1.7349324188562039,-1.8411920038597431,0.10625958500353927,train
2017-12-22,-1.6864900239390896,-1.8815441381489029,0.19505411420981322,train
2017-12-26,-1.5952031515024805,-1.9437451562312236,0.3485420047287431,train
2017-12-27,-1.5240737823688482,-2.0745154326039694,0.5504416502351213,train
2017-12-28,-1.4739591893757833,-2.02406287438874,0.5501036850129566,train
2017-12-29,-1.398489392824465,-2.0383832142950102,0.6398938214705452,train
2018-01-02,-1.345027702476777,-2.0545866828687562,0.7095589803919793,train
2018-01-03,-1.3039567044800153,-2.0223219395588163,0.718365235078801,train
2018-01-04,-1.2562629114584665,-2.051452660654276,0.7951897491958095,train
2018-01-05,-1.221527155319739,-1.9763983323775545,0.7548711770578154,train
2018-01-08,-1.1798968451316076,-2.016905163414667,0.8370083182830594,train
2018-01-09,-1.1458295675817745,-1.924214336647864,0.7783847690660894,train
2018-01-10,-1.0945969939769293,-1.910959695558288,0.8163627015813586,train
2018-01-11,-1.092767124116733,-1.7926776370233726,0.6999105129066396,train
2018-01-12,-1.1241087536648522,-1.7762582616641813,0.6521495079993291,train
2018-01-15,-1.1552945729192468,-1.5779959300288349,0.4227013571095881,train
2018-01-16,-1.1173321518674977,-1.5206722368724859,0.4033400850049882,train
2018-01-17,-1.1292703630926888,-1.4741808364146385,0.3449104733219497,train
2018-01-18,-1.1519144450124434,-1.3793279282881348,0.22741348327569133,train
2018-01-19,-1.1802564032547613,-1.3857284579955471,0.20547205474078578,train
2018-01-22,-1.1882959597450211,-1.4281430094698466,0.2398470497248255,train
2018-01-23,-1.1590233267745567,-1.5310047670973943,0.37198144032283764,train
2018-01-24,-1.1497196060039243,-1.535502387345646,0.3857827813417216,train
2018-01-25,-1.1779157317073026,-1.4771675687519967,0.29925183704469416,train
2018-01-26,-1.2624187322070795,-1.2284851392183576,-0.033933592988721895,train
2018-01-29,-1.2798246008645489,-1.279247540715874,-0.0005770601486747573,train
2018-01-30,-1.293710416390635,-1.282028113361989,-0.011682303028645924,train
2018-01-31,-1.3004112616117556,-1.18607916854514,-0.11433209306661563,train
2018-02-01,-1.30952384686752,-1.1992368845218069,-0.11028696234571322,train
2018-02-02,-1.3059513348553424,-1.2489947011461697,-0.0569566337091727,train
2018-02-05,-1.3267309751406562,-1.2494346952382593,-0.07729627990239685,train
2018-02-06,-1.3459502683685696,-1.2162349632470755,-0.1297153051214941,train
2018-02-07,-1.347216555082239,-1.1699112032400931,-0.1773053518421459,train
2018-02-08,-1.3613550971930082,-1.1972544119128767,-0.16410068528013144,train
2018-02-09,-1.419611058479069,-1.1150041915824302,-0.30460686689663885,train
2018-02-12,-1.4342406893945028,-1.1620539606169864,-0.2721867287775164,train
2018-02-13,-1.438441102864286,-1.2426285366654204,-0.19581256619886567,train
2018-02-14,-1.4594813789239784,-1.2753708617943698,-0.1841105171296087,train
2018-02-15,-1.5267303391563316,-1.1105685901267774,-0.41616174902955416,train
2018-02-16,-1.5532182314599317,-1.2007746122080774,-0.3524436192518543,train
2018-02-19,-1.5773828043639215,-1.239377948458408,-0.33800485590551355,train
2018-02-20,-1.576178979922863,-1.3085093264249439,-0.26766965349791905,train
2018-02-21,-1.57155973518703,-1.2741592409460936,-0.2974004942409365,train
2018-02-22,-1.5884626216819029,-1.3607110499435617,-0.22775157173834115,train
2018-02-23,-1.6133636762345622,-1.3429492715533402,-0.270414404681222,train
2018-02-26,-1.6200426115706341,-1.3862004125275265,-0.23384219904310766,train
2018-02-27,-1.6165296171452679,-1.4156616596607403,-0.20086795748452757,train
2018-02-28,-1.6488723763181126,-1.3737469276219039,-0.2751254486962087,train
2018-03-01,-1.7060111534092248,-1.420412803500267,-0.2855983499089578,train
2018-03-02,-1.759305476337545,-1.3851326405951236,-0.37417283574242144,train
2018-03-05,-1.778707254764672,-1.3919673818311318,-0.3867398729335403,train
2018-03-06,-1.8101822476509255,-1.3074366614350978,-0.5027455862158277,train
2018-03-07,-1.8335543124650935,-1.4109655767896543,-0.4225887356754392,train
2018-03-08,-1.8335188149059365,-1.3800803680016935,-0.45343844690424295,train
2018-03-09,-1.8800750647206739,-1.3804717189354,-0.49960334578527377,train
2018-03-12,-1.8639069097994574,-1.4321664869527315,-0.43174042284672587,train
2018-03-13,-1.8620890873623173,-1.5450633210573974,-0.31702576630491985,train
2018-03-14,-1.882241829883702,-1.5227424576385316,-0.3594993722451705,train
2018-03-15,-1.9111407155224496,-1.5779119143803841,-0.33322880114206543,train
2018-03-16,-1.924807389484586,-1.6220111483655288,-0.30279624111905723,train
2018-03-19,-1.9397202811435774,-1.6512768119348644,-0.288443469208713,train
2018-03-20,-1.948208891312474,-1.6965350205660994,-0.2516738707463746,train
2018-03-21,-1.950847375725761,-1.647020005471153,-0.30382737025460793,train
2018-03-22,-1.9575495266157754,-1.662444257552435,-0.29510526906334045,train
2018-03-23,-1.975552844060548,-1.5552578489630218,-0.4202949950975263,train
2018-03-26,-1.9805133062341718,-1.5946699257815204,-0.3858433804526513,train
2018-03-27,-1.9781624654354553,-1.626733067456635,-0.35142939797882033,train
2018-03-28,-1.946699379364685,-1.6320302772309712,-0.3146691021337138,train
2018-03-29,-1.9441957738940976,-1.6070512275119635,-0.3371445463821341,train
2018-03-30,-1.9353113029320739,-1.6823599901784498,-0.25295131275362404,train
2018-04-02,-1.8817015064802085,-1.9351142919620776,0.05341278548186912,train
2018-04-03,-1.8057077045508505,-2.003683534606946,0.19797583005609543,train
2018-04-04,-1.777155869527848,-1.8449766296068044,0.06782076007895643,train
2018-04-05,-1.746072917931241,-1.8619659574857619,0.1158930395545208,train
2018-04-06,-1.744975768402558,-1.8837381804918387,0.13876241208928075,train
2018-04-09,-1.7366275145487657,-1.819547474397229,0.08291995984846334,train
2018-04-10,-1.72214577231357,-1.7919712449284537,0.0698254726148837,train
2018-04-11,-1.7128447388702766,-1.799787718732702,0.0869429798624255,train
2018-04-12,-1.6984020523688812,-1.7870501113302288,0.08864805896134764,train
2018-04-13,-1.6959423636845452,-1.7922110152668018,0.09626865158225661,train
2018-04-16,-1.6561453446792975,-1.904375643247848,0.2482302985685505,train
2018-04-17,-1.60920845450701,-1.940270092672215,0.33106163816520495,train
2018-04-18,-1.5679317987370986,-1.96061877050091,0.3926869717638113,train
2018-04-19,-1.557761788551663,-1.9254499058743852,0.3676881173227222,train
2018-04-20,-1.5479155025089868,-1.9120581526340448,0.364142650125058,train
2018-04-23,-1.539175422134302,-1.86656920722357,0.3273937850892681,train
2018-04-24,-1.4945445171549567,-1.8461419673044368,0.3515974501494801,train
2018-04-25,-1.4859697040717892,-1.8073450733327494,0.3213753692609602,train
2018-04-26,-1.4645494534076298,-1.8353683453135492,0.37081889190591943,train
2018-04-27,-1.4849276866766006,-1.711640287058239,0.22671260038163843,train
2018-04-30,-1.4497473716116496,-1.728108737553614,0.27836136594196437,train
2018-05-01,-1.4109292214343856,-1.7324277243181188,0.32149850288373316,train
2018-05-02,-1.3636483421614267,-1.719930301676062,0.35628195951463537,train
2018-05-03,-1.3835364723697674,-1.512346446898405,0.12880997452863752,train
2018-05-04,-1.4050452496470067,-1.5469154292780964,0.14187017963108972,train
2018-05-07,-1.4158843061255348,-1.530442389747766,0.11455808362223108,train
2018-05-08,-1.381273519001586,-1.5779222915542614,0.19664877255267554,train
2018-05-09,-1.3910993819544795,-1.495684667676516,0.10458528572203662,train
2018-05-10,-1.3908380974617955,-1.5682449575923048,0.17740686013050921,train
2018-05-11,-1.4183800305802807,-1.5328006545909638,0.11442062401068309,train
2018-05-14,-1.400778488462368,-1.6121883368653163,0.2114098484029483,train
2018-05-15,-1.3660367150391608,-1.6354760058125355,0.2694392907733747,train
2018-05-16,-1.329554881735694,-1.5694795311589278,0.23992464942323388,train
2018-05-17,-1.3129165417492195,-1.50657163508833,0.19365509333911057,train
2018-05-18,-1.3391331950042762,-1.5014432960919164,0.1623101010876402,train
2018-05-21,-1.3093721372223905,-1.5530054877493575,0.243633350526967,train
2018-05-22,-1.2998558406188168,-1.5115205731416874,0.21166473252287066,train
2018-05-23,-1.2712428503404134,-1.5234067904338127,0.25216394009339926,train
2018-05-24,-1.2898094359492214,-1.426767008362941,0.13695757241371953,train
2018-05-25,-1.2810469137557623,-1.4845924081022552,0.20354549434649294,train
2018-05-28,-1.2918300941860223,-1.4736369028423812,0.1818068086563589,train
2018-05-29,-1.2793282408798259,-1.4848376259686076,0.2055093850887817,train
2018-05-30,-1.288937390287009,-1.312527518393868,0.02359012810685912,train
2018-05-31,-1.2809163113759456,-1.3193836522592814,0.03846734088333581,train
2018-06-01,-1.3151636015101233,-1.2167508095417217,-0.09841279196840169,train
2018-06-04,-1.344282403224555,-1.2661811879903104,-0.07810121523424463,train
2018-06-05,-1.355813804071117,-1.3314076168007547,-0.024406187270362256,train
2018-06-06,-1.3773970731825904,-1.3524088485345311,-0.024988224648059276,train
2018-06-07,-1.398456829436157,-1.3764727090910611,-0.021984120345095892,train
2018-06-08,-1.408617319649551,-1.4147371977804886,0.006119878130937506,train
2018-06-11,-1.4182478498112028,-1.4695665880867217,0.051318738275518916,train
2018-06-12,-1.4010152583230182,-1.4799408321719096,0.07892557384889143,train
2018-06-13,-1.4166574444256423,-1.456438667203043,0.03978122277740059,train
2018-06-14,-1.4418872048377849,-1.5024277467912182,0.06054054195343328,train
2018-06-15,-1.510086517105705,-1.2964555954851766,-0.21363092162052832,train
2018-06-18,-1.5522304260424717,-1.2507499995294715,-0.3014804265130002,train
2018-06-19,-1.554357499694773,-1.3862793710745909,-0.16807812862018223,train
2018-06-20,-1.548417801356854,-1.2695179944146675,-0.2788998069421864,train
2018-06-21,-1.5462839717945116,-1.3076174133729335,-0.23866655842157813,train
2018-06-22,-1.5845033576798095,-1.2932801533325966,-0.29122320434721294,train
2018-06-25,-1.6076885685508193,-1.3808946238931221,-0.2267939446576972,train
2018-06-26,-1.6153033557310446,-1.306433345283568,-0.30887001044747664,train
2018-06-27,-1.613147297438425,-1.3750740058453224,-0.23807329159310275,train
2018-06-28,-1.6546394727028177,-1.3278649306121841,-0.3267745420906336,train
2018-06-29,-1.7169393449669414,-1.3098835016020034,-0.40705584336493805,train
2018-07-02,-1.7675947632655165,-1.291744089884809,-0.4758506733807075,train
2018-07-03,-1.7986208028995139,-1.3441755288349673,-0.4544452740645466,train
2018-07-04,-1.8084961588875685,-1.381494600565497,-0.42700155832207143,train
2018-07-05,-1.798753458524193,-1.533725835162949,-0.2650276233612441,train
2018-07-06,-1.8161765777086816,-1.5080981233999333,-0.30807845430874825,train
2018-07-09,-1.8530004635481399,-1.5799449746901617,-0.27305548885797815,train
2018-07-10,-1.8649044913177144,-1.5736743105994018,-0.29123018071831264,train
2018-07-11,-1.8793729871924088,-1.5862264167757671,-0.2931465704166416,train
2018-07-12,-1.8456701920822867,-1.5718903248094898,-0.2737798672727969,train
2018-07-13,-1.819101540397834,-1.580050558039824,-0.2390509823580098,train
2018-07-16,-1.8070627067661988,-1.5445232788726857,-0.26253942789351314,train
2018-07-17,-1.7706025553845175,-1.6354793494504094,-0.1351232059341081,train
2018-07-18,-1.7490184666059676,-1.6368203602229512,-0.11219810638301642,train
2018-07-19,-1.7355637677809723,-1.6432523920804285,-0.09231137570054382,train
2018-07-20,-1.7801911693698778,-1.5484960300942516,-0.23169513927562613,train
2018-07-23,-1.769723591458378,-1.5449986236212125,-0.22472496783716545,train
2018-07-24,-1.753785541760267,-1.5685543543893394,-0.18523118737092759,train
2018-07-25,-1.7382869426597483,-1.6390541442522109,-0.0992327984075374,train
2018-07-26,-1.7251020355422677,-1.5402041691437693,-0.18489786639849837,train
2018-07-27,-1.7384372248682636,-1.6133936835822755,-0.12504354128598805,train
2018-07-30,-1.7173893716865918,-1.7498452341393471,0.032455862452755335,train
2018-07-31,-1.6887855584339349,-1.8574303551484326,0.16864479671449772,train
2018-08-01,-1.675757122554044,-1.7628348035644246,0.0870776810103806,train
2018-08-02,-1.640333852151707,-1.8577545144096659,0.21742066225795886,train
2018-08-03,-1.6411731933390676,-1.8752156459085652,0.23404245256949752,train
2018-08-06,-1.6403837223803706,-1.8145625213588925,0.17417879897852195,train
2018-08-07,-1.594565120011251,-1.8496283730802494,0.25506325306899846,train
2018-08-08,-1.5570166858417887,-1.9256074508932775,0.3685907650514888,train
2018-08-09,-1.5258971283177736,-1.8756633505935234,0.3497662222757498,train
2018-08-10,-1.5204273620323412,-1.885716175460987,0.36528881342864583,train
2018-08-13,-1.5764265990712274,-1.6490504514574305,0.07262385238620306,train
2018-08-14,-1.5940242811694894,-1.6286130711521887,0.03458878998269932,train
2018-08-15,-1.5935263713884618,-1.610168147315459,0.016641775926997227,train
2018-08-16,-1.6146806389140251,-1.5650719846303085,-0.049608654283716636,train
2018-08-17,-1.6589203509852888,-1.4699558288681294,-0.18896452211715942,train
2018-08-20,-1.6587928638824894,-1.624705520998607,-0.03408734288388238,train
2018-08-21,-1.6474401724121792,-1.6712979935751413,0.02385782116296209,train
2018-08-22,-1.6614168674609362,-1.6019682568833078,-0.0594486105776284,train
2018-08-23,-1.6811894808965455,-1.6669658189284773,-0.014223661968068235,train
2018-08-24,-1.6828347200408353,-1.5829025285422464,-0.0999321914985889,train
2018-08-27,-1.7088706464081278,-1.6632219596917914,-0.04564868671633637,train
2018-08-28,-1.6900263714839767,-1.6119402450290075,-0.07808612645496926,train
2018-08-29,-1.6654539676938418,-1.6171462031378407,-0.048307764556001054,train
2018-08-30,-1.6687185120340116,-1.64102194988812,-0.027696562145891557,train
2018-08-31,-1.6859895627193224,-1.6178300205755765,-0.06815954214374598,train
2018-09-03,-1.704434189090373,-1.5848057416501296,-0.11962844744024337,train
2018-09-04,-1.670284831983884,-1.7504102258996703,0.08012539391578621,train
2018-09-05,-1.6590588913037863,-1.6317823015765525,-0.02727658972723379,train
2018-09-06,-1.671690496567525,-1.548860873949212,-0.12282962261831298,train
2018-09-07,-1.6878291764279103,-1.5576814111873012,-0.13014776524060911,train
2018-09-10,-1.7007697191601112,-1.5799734871377513,-0.1207962320223599,train
2018-09-11,-1.6934616734569132,-1.6403140728305288,-0.05314760062638446,train
2018-09-12,-1.6667274161918328,-1.5811472741375057,-0.08558014205432718,train
2018-09-13,-1.6771032313393925,-1.6463128235409679,-0.03079040779842468,train
2018-09-14,-1.7044819450019224,-1.6402191457831425,-0.06426279921877986,train
2018-09-17,-1.7106571038145488,-1.6586656886669844,-0.051991415147564446,train
2018-09-18,-1.689539559776431,-1.741490398327878,0.05195083855144689,train
2018-09-19,-1.6968936687010905,-1.6237151712288354,-0.07317849747225513,train
2018-09-20,-1.6841799084894207,-1.6718653165510389,-0.012314591938381803,train
2018-09-21,-1.698434933764779,-1.6533204764791556,-0.045114457285623466,train
2018-09-24,-1.6874740997871585,-1.7103001018478232,0.022826002060664763,train
2018-09-25,-1.6994385013336,-1.6758167956770993,-0.02362170565650068,train
2018-09-26,-1.693137691752755,-1.7054080077970315,0.01227031604427653,train
2018-09-27,-1.6984450102607198,-1.6871728147395362,-0.011272195521183637,train
2018-09-28,-1.7045992589116898,-1.557219883135183,-0.14737937577650695,train
2018-10-01,-1.7100690807143037,-1.6192215511551857,-0.09084752955911801,train
2018-10-02,-1.701173612596272,-1.662261053876545,-0.038912558719726986,train
2018-10-03,-1.7039269976017672,-1.6338944888286853,-0.07003250877308198,train
2018-10-04,-1.7116747955313898,-1.5997626483355138,-0.11191214719587594,train
2018-10-05,-1.7424401884019423,-1.6353512909225334,-0.10708889747940886,train
2018-10-08,-1.7690928028848716,-1.6492583565919112,-0.11983444629296036,train
2018-10-09,-1.7108535008113146,-1.6479648676133847,-0.06288863319792992,train
2018-10-10,-1.7068131382362906,-1.636277198372698,-0.07053593986359252,train
2018-10-11,-1.705357607609985,-1.6648662748151037,-0.04049133279488126,train
2018-10-12,-1.7155863804351925,-1.609093759101826,-0.10649262133336657,train
2018-10-15,-1.6975615643187902,-1.648666334292631,-0.04889523002615914,train
2018-10-16,-1.6438834341416857,-1.7148169270630917,0.07093349292140605,train
2018-10-17,-1.5950805257482754,-1.7496708909330012,0.1545903651847258,train
2018-10-18,-1.579158429966074,-1.6759287634360416,0.09677033346996766,train
2018-10-19,-1.5808850634501548,-1.7080061438937264,0.12712108044357162,train
2018-10-22,-1.5968197259097827,-1.6633499416314053,0.06653021572162254,train
2018-10-23,-1.5764329042233578,-1.6887185712379944,0.1122856670146366,train
2018-10-24,-1.5944791235868268,-1.658032534399183,0.06355341081235633,train
2018-10-25,-1.5940899298972546,-1.6426637562868258,0.048573826389571195,train
2018-10-26,-1.6070123314222706,-1.6570135454314108,0.05000121400914015,train
2018-10-29,-1.607558785954405,-1.6300006046454651,0.02244181869106021,train
2018-10-30,-1.5788490859051074,-1.596272923453792,0.017423837548684595,train
2018-10-31,-1.5612389689679644,-1.6867828270607181,0.1255438580927537,train
2018-11-01,-1.5770984139096973,-1.6493770171591162,0.07227860324941893,train
2018-11-02,-1.5606283713163442,-1.6502515011886913,0.08962312987234711,train
2018-11-05,-1.5732281286640408,-1.63674623270244,0.06351810403839919,train
2018-11-06,-1.5609929992165847,-1.7567741715718133,0.19578117235522852,train
2018-11-07,-1.5339442273720407,-1.7776019920480464,0.24365776467600564,train
2018-11-08,-1.5431507770763053,-1.5307841355434866,-0.012366641532818745,train
2018-11-09,-1.5355596587417124,-1.6225604792608221,0.08700082051910973,train
2018-11-12,-1.5290431069923123,-1.6423289669087082,0.11328585991639595,train
2018-11-13,-1.5276979251171623,-1.6542803708018758,0.12658244568471355,train
2018-11-14,-1.5294877613919007,-1.513891011942381,-0.01559674944951972,train
2018-11-15,-1.5700986635908436,-1.4763383612303844,-0.09376030236045918,train
2018-11-16,-1.628504622715348,-1.3916013042929474,-0.23690331842240053,train
2018-11-19,-1.652653321125797,-1.4442566471255494,-0.20839667400024764,train
2018-11-20,-1.620753849054802,-1.4990490181656924,-0.12170483088910955,train
2018-11-21,-1.5947068937863875,-1.525579467760069,-0.0691274260263186,train
2018-11-22,-1.5876625534589144,-1.5058012162288508,-0.08186133723006361,train
2018-11-23,-1.5705260159467398,-1.6809736231590278,0.11044760721228797,train
2018-11-26,-1.5793504008831916,-1.748190563257865,0.16884016237467336,train
2018-11-27,-1.5403881947956009,-1.663797282657642,0.12340908786204108,train
2018-11-28,-1.5320845499506939,-1.6395158423351157,0.10743129238442184,train
2018-11-29,-1.5802249764875411,-1.570784817792588,-0.009440158694953071,train
2018-11-30,-1.569420784687187,-1.5248845895151963,-0.0445361951719907,train
2018-12-03,-1.5179833305292652,-1.610526052831308,0.09254272230204275,train
2018-12-04,-1.505384605977016,-1.497059962910774,-0.008324643066242032,train
2018-12-05,-1.5162902549266344,-1.539865311306379,0.023575056379744552,train
2018-12-06,-1.5093865534721425,-1.6381039352493798,0.12871738177723735,train
2018-12-07,-1.5017537458094523,-1.5742958224514418,0.07254207664198953,train
2018-12-10,-1.5313550011152857,-1.5223943333906251,-0.008960667724660532,train
2018-12-11,-1.535209726617071,-1.5165406069474603,-0.018669119669610712,train
2018-12-12,-1.5452908931925038,-1.513252392317188,-0.03203850087531568,train
2018-12-13,-1.543414459381151,-1.5115698580757595,-0.03184460130539146,train
2018-12-14,-1.5696264643782973,-1.5789643588351123,0.009337894456814988,train
2018-12-17,-1.58743455134029,-1.598450365163611,0.011015813823320952,train
2018-12-18,-1.5990310463033366,-1.6956025099894982,0.09657146368616165,train
2018-12-19,-1.6420498208228131,-1.6719389656585693,0.02988914483575611,train
2018-12-20,-1.7084055976879495,-1.6294494048296313,-0.07895619285831823,train
2018-12-21,-1.7638660086951696,-1.5497921802228043,-0.21407382847236534,train
2018-12-24,-1.7731854880757403,-1.5140775062348748,-0.2591079818408655,train
2018-12-26,-1.7815100610035672,-1.5268693405170328,-0.2546407204865344,train
2018-12-27,-1.8001585036125218,-1.5590162937357757,-0.24114220987674617,train
2018-12-28,-1.857677145674751,-1.472349348074237,-0.38532779760051405,train
2018-12-31,-1.8399797631301191,-1.505864289200216,-0.33411547392990304,train
2019-01-02,-1.8446091968886706,-1.609742482332019,-0.23486671455665165,train
2019-01-03,-1.8637966560547676,-1.530889469215706,-0.3329071868390616,train
2019-01-04,-1.9380933781877936,-1.407368936578651,-0.5307244416091426,train
2019-01-07,-2.0075650195186046,-1.4704199587007811,-0.5371450608178234,train
2019-01-08,-2.0524882536833045,-1.5248364193645771,-0.5276518343187273,train
2019-01-09,-2.0855188388464843,-1.4958081352321997,-0.5897107036142846,train
2019-01-10,-2.1541738870754776,-1.5071633544159164,-0.6470105326595612,train
2019-01-11,-2.1839364720970824,-1.5211617074886647,-0.6627747646084177,train
2019-01-14,-2.216738775205766,-1.5863282330127089,-0.6304105421930573,train
2019-01-15,-2.2186925053087823,-1.6085878622893193,-0.610104643019463,train
2019-01-16,-2.2209849894790934,-1.5494870118650674,-0.671497977614026,train
2019-01-17,-2.2268952697992614,-1.6233266104780157,-0.6035686593212457,train
2019-01-18,-2.24246645982152,-1.7253678098293306,-0.5170986499921892,train
2019-01-21,-2.2220810388866514,-1.799061651932505,-0.42301938695414654,train
2019-01-22,-2.183525382917269,-1.9008587205320315,-0.2826666623852374,train
2019-01-23,-2.155360900906535,-1.9460166071608294,-0.20934429374570573,train
2019-01-24,-2.1477284464573096,-2.017336338403175,-0.1303921080541346,train
2019-01-25,-2.1970534761084655,-1.8684714724277658,-0.3285820036806997,train
2019-01-28,-2.2149706037467585,-1.8662618957181345,-0.34870870802862397,train
2019-01-29,-2.2094465852208227,-1.8725235647511451,-0.3369230204696776,train
2019-01-30,-2.191361960007825,-1.901936771291126,-0.289425188716699,train
2019-01-31,-2.2551167330229056,-1.8422480876875862,-0.4128686453353194,train
2019-02-01,-2.2895455173013044,-1.7856921004143178,-0.5038534168869866,train
2019-02-04,-2.3028730393172734,-1.8655455080915093,-0.43732753122576407,train
2019-02-05,-2.309313491343959,-1.947509446555049,-0.3618040447889097,train
2019-02-06,-2.269442912692029,-1.9729317452343584,-0.29651116745767037,train
2019-02-07,-2.2369683491549552,-2.116514742548553,-0.12045360660640236,train
2019-02-08,-2.238090592325794,-2.14593572493107,-0.0921548673947239,train
2019-02-11,-2.1915098911950954,-2.27214044623428,0.08063055503918459,train
2019-02-12,-2.1907546258492516,-2.2973047646970755,0.10655013884782383,train
2019-02-13,-2.2009691077926656,-2.2781972112628766,0.07722810347021092,train
2019-02-14,-2.221449312844901,-2.1479928964463557,-0.07345641639854517,train
2019-02-15,-2.281980873833924,-2.0772068157563153,-0.2047740580776085,train
2019-02-18,-2.3065396300491594,-2.010634251303082,-0.2959053787460775,train
2019-02-19,-2.2397938746182238,-2.0863788653614677,-0.1534150092567561,train
2019-02-20,-2.241632339101776,-2.003367472595817,-0.23826486650595902,train
2019-02-21,-2.189405326181258,-1.9841359917006307,-0.20526933448062712,train
2019-02-22,-2.207152255319873,-2.018913303352299,-0.18823895196757423,train
2019-02-25,-2.2171930492257337,-2.043686552191004,-0.17350649703472953,train
2019-02-26,-2.189994077757881,-2.067299694858941,-0.12269438289894019,train
2019-02-27,-2.165524539855206,-2.095984367956185,-0.06954017189902073,train
2019-02-28,-2.154220461711798,-2.0728263285840707,-0.08139413312772747,train
2019-03-01,-2.172150786168916,-2.0610154176505513,-0.1111353685183647,train
2019-03-04,-2.167177388700303,-2.121478922469939,-0.04569846623036433,train
2019-03-05,-2.155596138013774,-2.2020031793374804,0.046407041323706544,train
2019-03-06,-2.186380207571488,-2.196954211929597,0.010574004358108624,train
2019-03-07,-2.179637362596505,-2.22237321864871,0.04273585605220509,train
2019-03-08,-2.2199475593412292,-2.150193089680398,-0.06975446966083121,train
2019-03-11,-2.234438186875005,-2.1262913915130888,-0.1081467953619164,train
2019-03-12,-2.225904968417559,-2.1091823308816235,-0.11672263753593537,train
2019-03-13,-2.262281480800727,-2.0226564244120357,-0.23962505638869125,train
2019-03-14,-2.267631474572747,-2.0494705518514267,-0.21816092272132037,train
2019-03-15,-2.2915108747694566,-2.0925350667413603,-0.19897580802809633,train
2019-03-18,-2.286983399618849,-2.113362459643549,-0.17362093997529993,train
2019-03-19,-2.276941182281897,-2.183957787472651,-0.092983394809246,train
2019-03-20,-2.239323669281922,-2.2884622649610717,0.04913859567914969,train
2019-03-21,-2.3764303938867837,-2.1439990764646684,-0.2324313174221153,train
2019-03-22,-2.4591505172201362,-2.0402163748445026,-0.41893414237563364,train
2019-03-25,-2.527565360349684,-1.9493289498752961,-0.5782364104743878,train
2019-03-26,-2.514290017942909,-1.955520447101935,-0.5587695708409739,train
2019-03-27,-2.499546925119225,-1.9664408851361401,-0.5331060399830847,train
2019-03-28,-2.5141757887801846,-1.9309284450997333,-0.5832473436804513,train
2019-03-29,-2.5588253790486952,-1.8956600578713647,-0.6631653211773305,train
2019-04-01,-2.5848480659794912,-1.9845849275446465,-0.6002631384348447,train
2019-04-02,-2.5405988252812772,-2.054322987102277,-0.48627583817900044,train
2019-04-03,-2.5536577303824566,-2.030388498303379,-0.5232692320790777,train
2019-04-04,-2.542535784659579,-2.0705480327249073,-0.4719877519346718,train
2019-04-05,-2.5281223161339095,-2.217212997815485,-0.3109093183184246,train
2019-04-08,-2.5149543531386804,-2.256908832033824,-0.25804552110485623,train
2019-04-09,-2.4933233476088863,-2.3361451827943833,-0.15717816481450297,train
2019-04-10,-2.469700940465098,-2.2160127113552193,-0.25368822910987854,train
2019-04-11,-2.4817376080446425,-2.2505651732709175,-0.23117243477372496,train
2019-04-12,-2.48037864021839,-2.2417436650210214,-0.23863497519736843,train
2019-04-15,-2.4866929789212593,-2.193125181846349,-0.29356779707491043,train
2019-04-16,-2.441952262296973,-2.27056196602625,-0.17139029627072322,train
2019-04-17,-2.457898666193523,-2.3049151064119733,-0.15298355978154987,train
2019-04-18,-2.4737988955362926,-2.2592000220357633,-0.2145988735005293,train
2019-04-19,-2.530546217549217,-2.3579468910861916,-0.17259932646302545,train
2019-04-22,-2.449572212959959,-2.634731414222664,0.18515920126270524,train
2019-04-23,-2.418176199654258,-2.5641121796087027,0.14593597995444485,train
2019-04-24,-2.4010270692277307,-2.474875059634255,0.07384799040652412,train
2019-04-25,-2.41635534302327,-2.3929594444484947,-0.02339589857477531,train
2019-04-26,-2.435735735672152,-2.3834117120892957,-0.05232402358285615,train
2019-04-29,-2.45705028483278,-2.314884528305708,-0.14216575652707242,train
2019-04-30,-2.464499523114367,-2.310876773286056,-0.15362274982831092,train
2019-05-01,-2.443978238419051,-2.3099713326973648,-0.1340069057216864,train
2019-05-02,-2.48248543103983,-2.274766212653554,-0.20771921838627616,train
2019-05-03,-2.4385313869895544,-2.314849551233607,-0.12368183575594749,train
2019-05-06,-2.4163341640421634,-2.301165127263107,-0.11516903677905654,train
2019-05-07,-2.3635639972349924,-2.238812813890937,-0.12475118334405533,train
2019-05-08,-2.332871348107966,-2.204477241085183,-0.12839410702278276,train
2019-05-09,-2.3468610719671186,-2.2813849564063995,-0.06547611556071908,train
2019-05-10,-2.3611940496352926,-2.201279740045034,-0.15991430959025843,train
2019-05-13,-2.344979067204838,-2.2362297270891185,-0.10874934011571957,train
2019-05-14,-2.351359531932888,-2.2573131324578677,-0.09404639947502025,train
2019-05-15,-2.3315150475996034,-2.2911255644001702,-0.04038948319943314,train
2019-05-16,-2.3562819917427062,-2.4797412220252584,0.12345923028255212,train
2019-05-17,-2.307112453245408,-2.3568972329941307,0.04978477974872275,train
2019-05-20,-2.2621114171636445,-2.338448352539312,0.07633693537566755,train
2019-05-21,-2.208545545717332,-2.458439465333527,0.2498939196161949,train
2019-05-22,-2.1818794821454066,-2.588893274088883,0.4070137919434762,train
2019-05-23,-2.149533793263081,-2.4222938976183372,0.2727601043552563,train
2019-05-24,-2.123550755348759,-2.306959015999201,0.18340826065044213,train
2019-05-28,-2.1131992599601546,-2.3336152544491924,0.22041599448903781,train
2019-05-29,-2.108790856769889,-2.29923059231119,0.19043973554130078,train
2019-05-30,-2.0998315295875347,-2.372910799045349,0.27307926945781436,train
2019-05-31,-2.0668032937806644,-2.365196529995253,0.2983932362145887,train
2019-06-03,-2.073504231750864,-2.270697993369953,0.19719376161908908,train
2019-06-04,-2.0733069870818692,-2.2645596512047885,0.1912526641229193,train
2019-06-05,-2.1610528243785074,-2.152187806263936,-0.0088650181145713,train
2019-06-06,-2.1836913488838245,-2.112281611273721,-0.07140973761010372,train
2019-06-07,-2.2609533275336635,-1.9727150293507598,-0.2882382981829037,train
2019-06-10,-2.3241152833749026,-2.1036450898068404,-0.2204701935680622,train
2019-06-11,-2.2910668692950007,-2.03302774951904,-0.25803911977596083,train
2019-06-12,-2.278679183733428,-2.1015355722295324,-0.17714361150389557,train
2019-06-13,-2.302618325062187,-2.0976693146398335,-0.2049490104223537,train
2019-06-14,-2.306430810651496,-2.257925870277872,-0.04850494037362374,train
2019-06-17,-2.332373498982147,-2.216081986267814,-0.11629151271433313,train
2019-06-18,-2.350674356964885,-2.280096560218664,-0.07057779674622111,train
2019-06-19,-2.3752036664374234,-2.1730356762612315,-0.20216799017619191,train
2019-06-20,-2.3711396662600803,-2.2296995656993213,-0.14144010056075906,train
2019-06-21,-2.4165527939574742,-1.9566930633139317,-0.4598597306435426,train
2019-06-24,-2.468043892262528,-1.9539952204882702,-0.5140486717742578,train
2019-06-25,-2.472388918341216,-1.9569152751161996,-0.5154736432250164,train
2019-06-26,-2.480196651369709,-1.9461083102251675,-0.5340883411445416,train
2019-06-27,-2.496833521350451,-1.933948330389044,-0.562885190961407,train
2019-06-28,-2.5150689738071517,-1.998113484732119,-0.5169554890750327,train
2019-07-01,-2.517681274973084,-2.063754075005675,-0.45392719996740905,train
2019-07-02,-2.483335398985265,-2.002509115525749,-0.4808262834595163,train
2019-07-03,-2.463494934014623,-2.07936121563261,-0.3841337183820128,train
2019-07-04,-2.450475048436915,-2.1345940186865167,-0.3158810297503982,train
2019-07-05,-2.3681648215895446,-2.2987197306763973,-0.06944509091314721,train
2019-07-08,-2.345678980291297,-2.209732283307595,-0.135946696983702,train
2019-07-09,-2.289557410992649,-2.301907466227475,0.01235005523482613,train
2019-07-10,-2.231882623450164,-2.370003563639876,0.1381209401897121,train
2019-07-11,-2.2489198019862546,-2.3992173093170432,0.15029750733078862,train
2019-07-12,-2.265112520865018,-2.168982491007288,-0.09613002985773011,train
2019-07-15,-2.221324503126937,-2.2485863075790977,0.027261804452160643,train
2019-07-16,-2.187974173306147,-2.260189368325585,0.0722151950194383,train
2019-07-17,-2.15547057211002,-2.2310995019587594,0.07562892984873937,train
2019-07-18,-2.1181105278811367,-2.321884716811963,0.20377418893082622,train
2019-07-19,-2.1480423418928956,-2.409162536058789,0.2611201941658936,train
2019-07-22,-2.1871143195104064,-2.2402435547929986,0.05312923528259228,train
2019-07-23,-2.1809355856874255,-2.288008669952143,0.10707308426471762,train
2019-07-24,-2.149442127989832,-2.3271474086739135,0.1777052806840813,train
2019-07-25,-2.1094611990269287,-2.3324828479124458,0.223021648885517,train
2019-07-26,-2.122386402539289,-2.1957344008884796,0.07334799834919048,train
2019-07-29,-2.132668450402672,-2.3123394688849146,0.17967101848224276,train
2019-07-30,-2.1253816085005575,-2.3502480311770864,0.2248664226765289,train
2019-07-31,-2.112099029786474,-2.3087248236785953,0.19662579389212143,train
2019-08-01,-2.1419718638321785,-2.1924120055537752,0.05044014172159672,train
2019-08-02,-2.1788494696013503,-2.1024646990731384,-0.07638477052821191,train
2019-08-05,-2.15677590162666,-2.1453995170491855,-0.011376384577474585,train
2019-08-06,-2.1734547904235124,-1.9751860741360798,-0.1982687162874326,train
2019-08-07,-2.199091698049045,-1.9131698781827573,-0.2859218198662876,train
2019-08-08,-2.229490844436361,-1.9086383743472357,-0.3208524700891253,train
2019-08-09,-2.247782100914295,-1.9477072898617298,-0.3000748110525653,train
2019-08-12,-2.268236614782648,-1.96213400029378,-0.3061026144888679,train
2019-08-13,-2.284808193419869,-2.0746996588775093,-0.21010853454235967,train
2019-08-14,-2.2336888023228707,-1.9743185343303797,-0.25937026799249097,train
2019-08-15,-2.226101825539493,-2.018923966932662,-0.20717785860683113,train
2019-08-16,-2.2431219131413833,-1.978821300866819,-0.26430061227456436,train
2019-08-19,-2.2432872181000154,-2.137634501835425,-0.10565271626459039,train
2019-08-20,-2.1988487074761953,-2.0863891290465735,-0.11245957842962184,train
2019-08-21,-2.1831111709961246,-2.162263241530187,-0.02084792946593783,train
2019-08-22,-2.159862817589735,-2.188649300658794,0.028786483069059177,train
2019-08-23,-2.1560761728631457,-2.170031898514643,0.013955725651497275,train
2019-08-26,-2.192132877730802,-2.043996426025066,-0.14813645170573597,train
2019-08-27,-2.222230696328998,-2.032240330257081,-0.1899903660719171,train
2019-08-28,-2.1944643919279994,-2.1117631797960144,-0.082701212131985,train
2019-08-29,-2.171927235474111,-2.12946988599896,-0.04245734947515123,train
2019-08-30,-2.1630645648373084,-2.1697630709731595,0.006698506135851101,train
2019-09-02,-2.148248527752224,-2.201063416622684,0.05281488887046004,train
2019-09-03,-2.14278344709564,-2.1885439542942877,0.04576050719864755,train
2019-09-04,-2.1372232075978994,-2.0469253273673353,-0.09029788023056406,train
2019-09-05,-2.132909710587523,-2.059831205566786,-0.07307850502073743,train
2019-09-06,-2.150290214440924,-2.0403711637997413,-0.1099190506411829,train
2019-09-09,-2.1564777155604324,-2.136635976140773,-0.019841739419659277,train
2019-09-10,-2.174645762814145,-2.1745497839604666,-9.597885367851333e-05,train
2019-09-11,-2.161126061179841,-2.2159653519572546,0.05483929077741356,train
2019-09-12,-2.120128361348133,-2.213743144809418,0.09361478346128482,train
2019-09-13,-2.219954827150772,-1.9025115289836092,-0.31744329816716266,train
2019-09-16,-2.2034651633461415,-1.9880440314547037,-0.21542113189143786,train
2019-09-17,-2.1818033102077945,-2.0426434170252743,-0.1391598931825202,train
2019-09-18,-2.1619836406183364,-1.9810002834941054,-0.18098335712423097,train
2019-09-19,-2.1903364967899424,-1.938665741288207,-0.25167075550173545,train
2019-09-20,-2.2013712135860417,-2.039071294983704,-0.16229991860233772,train
2019-09-23,-2.1935922363846085,-2.0324401198009037,-0.16115211658370487,train
2019-09-24,-2.227895975335736,-2.1597968138031085,-0.0680991615326274,train
2019-09-25,-2.1989598159322257,-2.15619157515491,-0.04276824077731556,train
2019-09-26,-2.2170247451241214,-2.132573433241891,-0.08445131188223032,train
2019-09-27,-2.2669883433286513,-2.131996766174008,-0.1349915771546435,train
2019-09-30,-2.291866441809317,-2.087643572208865,-0.20422286960045177,train
2019-10-01,-2.2785588097245193,-2.1889856533657293,-0.08957315635879004,train
2019-10-02,-2.300503028370929,-2.225374088336861,-0.07512894003406823,train
2019-10-03,-2.2924821893402934,-2.024734821468337,-0.2677473678719564,train
2019-10-04,-2.3481989473138687,-2.0262642879097044,-0.3219346594041643,train
2019-10-07,-2.3556693262643367,-2.009871719228909,-0.34579760703542783,train
2019-10-08,-2.3782573328217613,-2.057237870290508,-0.32101946253125346,train
2019-10-09,-2.3770343352739913,-2.0754673796908634,-0.30156695558312796,train
2019-10-10,-2.400410527515532,-2.0866587245369055,-0.3137518029786266,train
2019-10-11,-2.448145601445889,-2.113522703188963,-0.3346228982569257,train
2019-10-14,-2.499633313632544,-2.0374364461089467,-0.46219686752359745,train
2019-10-15,-2.503028196967255,-2.209205678131828,-0.2938225188354271,train
2019-10-16,-2.5668482095018748,-2.0974092163134803,-0.46943899318839444,train
2019-10-17,-2.631622762467529,-2.0156464354986747,-0.6159763269688541,train
2019-10-18,-2.697246141707426,-1.954801781355232,-0.742444360352194,train
2019-10-21,-2.735797689309535,-2.047147154204107,-0.688650535105428,train
2019-10-22,-2.7486413101289626,-2.0315335149476357,-0.717107795181327,train
2019-10-23,-2.7895210782566386,-2.1409719095351463,-0.6485491687214924,train
2019-10-24,-2.772632202339838,-2.1488382396551486,-0.6237939626846893,train
2019-10-25,-2.833879191011558,-2.1490705307901243,-0.6848086602214338,train
2019-10-28,-2.8456988048569953,-2.2249541859445694,-0.6207446189124259,train
2019-10-29,-2.8395908442454028,-2.313239107581587,-0.5263517366638157,train
2019-10-30,-2.8808733789685803,-2.3617598371098794,-0.519113541858701,train
2019-10-31,-2.916700361473722,-2.2050795755193198,-0.7116207859544024,train
2019-11-01,-2.926051299296874,-2.209722105724063,-0.7163291935728111,train
2019-11-04,-2.9507060533770404,-2.3213153589391853,-0.6293906944378551,train
2019-11-05,-2.9478461368291295,-2.2648160769232657,-0.6830300599058639,train
2019-11-06,-2.9798451890897755,-2.1693113130307546,-0.8105338760590208,train
2019-11-07,-2.9381362459945435,-2.303139271020964,-0.6349969749735793,train
2019-11-08,-2.9822053758776037,-2.272405492214089,-0.7097998836635147,train
2019-11-11,-2.985434264672169,-2.3919978137613427,-0.5934364509108265,train
2019-11-12,-2.9363819690682265,-2.51082679194326,-0.4255551771249664,train
2019-11-13,-2.8998436746525056,-2.5422303464675746,-0.35761332818493097,train
2019-11-14,-2.822294807869537,-2.4798142420763636,-0.3424805657931733,train
2019-11-15,-2.8074155212072025,-2.5486148597182448,-0.25880066148895775,train
2019-11-18,-2.780705499094425,-2.5954154259349016,-0.1852900731595235,train
2019-11-19,-2.7640042837375955,-2.617475185650384,-0.14652909808721137,train
2019-11-20,-2.7299022083729145,-2.664706889913178,-0.06519531845973647,train
2019-11-21,-2.730813062518221,-2.634238655961406,-0.09657440655681526,train
2019-11-22,-2.7406221112222147,-2.734237040135553,-0.006385071086661753,train
2019-11-25,-2.7826840977785716,-2.6476540908502644,-0.13503000692830724,train
2019-11-26,-2.804002912166538,-2.6378376634471508,-0.1661652487193872,train
2019-11-27,-2.765907463815745,-2.6682884093998127,-0.0976190544159321,train
2019-11-28,-2.7374022588097366,-2.7189293845055977,-0.01847287430413891,train
2019-11-29,-2.6997995253531197,-2.785382547569009,0.08558302221588932,train
2019-12-02,-2.6861980237032514,-2.7800365111302963,0.09383848742704481,train
2019-12-03,-2.6933407878456532,-2.6960759982761457,0.0027352104304925184,train
2019-12-04,-2.688690016072055,-2.69062623497359,0.0019362189015348363,train
2019-12-05,-2.6809522428290604,-2.644754656086528,-0.03619758674253237,train
2019-12-06,-2.644459508830287,-2.587390546856746,-0.057068961973540944,train
2019-12-09,-2.662937945747501,-2.7339123559047356,0.07097441015723449,train
2019-12-10,-2.6080855365407576,-2.6997955573026458,0.09171002076188817,train
2019-12-11,-2.6006308695689455,-2.7016959337436353,0.10106506417468974,train
2019-12-12,-2.630257132496621,-2.666405465638893,0.03614833314227184,train
2019-12-13,-2.6553662507925235,-2.520298965498828,-0.1350672852936956,train
2019-12-16,-2.719036347534314,-2.375109415242715,-0.34392693229159876,train
2019-12-17,-2.741346742158789,-2.449654917542552,-0.2916918246162372,train
2019-12-18,-2.777688317683879,-2.3745597694666807,-0.40312854821719846,train
2019-12-19,-2.7869717572745434,-2.383122844419008,-0.4038489128555356,train
2019-12-20,-2.80336267065662,-2.369838829305653,-0.4335238413509668,train
2019-12-23,-2.7601857121754296,-2.558619215919729,-0.20156649625570067,train
2019-12-24,-2.7520651062637143,-2.5582244442576907,-0.19384066200602357,train
2019-12-26,-2.728568042312173,-2.6354755897672453,-0.0930924525449277,train
2019-12-27,-2.708773377930384,-2.726006219328343,0.017232841397958776,train
2019-12-30,-2.7254809152082378,-2.6030474884964816,-0.12243342671175617,train
2019-12-31,-2.7477181364423,-2.5559012256966627,-0.19181691074563734,train
2020-01-02,-2.7356298771536776,-2.562348892088023,-0.17328098506565448,train
2020-01-03,-2.758483002444599,-2.542844848814993,-0.21563815362960614,train
2020-01-06,-2.7761406567728453,-2.396489594532519,-0.3796510622403262,train
2020-01-07,-2.7850977565839496,-2.40437859948241,-0.3807191571015398,train
2020-01-08,-2.791236135548964,-2.3847653978506465,-0.40647073769831765,train
2020-01-09,-2.799027150373052,-2.2944609919264356,-0.5045661584466163,train
2020-01-10,-2.815524334335623,-2.3767854942662194,-0.43873884006940367,train
2020-01-13,-2.8370259629165675,-2.4924206996302463,-0.34460526328632124,train
2020-01-14,-2.818056962380934,-2.3725452343237374,-0.4455117280571965,train
2020-01-15,-2.7977189961061484,-2.415403097434379,-0.3823158986717692,train
2020-01-16,-2.7898143325836817,-2.5134025516643286,-0.27641178091935314,train
2020-01-17,-2.8321327134408567,-2.5091345025966976,-0.32299821084415914,train
2020-01-20,-2.7915670258455774,-2.5839092432784927,-0.20765778256708467,train
2020-01-21,-2.7583328016644795,-2.6538641055921888,-0.1044686960722907,train
2020-01-22,-2.723263772831571,-2.6039719270645048,-0.1192918457670662,train
2020-01-23,-2.670281601477335,-2.6988182768938156,0.028536675416480417,train
2020-01-24,-2.6648981944225127,-2.5550910656054375,-0.10980712881707522,train
2020-01-27,-2.617805428774251,-2.5761896441027092,-0.0416157846715417,train
2020-01-28,-2.5618338669352485,-2.5345971310666497,-0.02723673586859876,train
2020-01-29,-2.485820411455287,-2.5339428208778116,0.04812240942252455,train
2020-01-30,-2.3908572920154763,-2.5224424070449403,0.13158511502946402,train
2020-01-31,-2.284994578480676,-2.5915522541112876,0.30655767563061165,train
2020-02-03,-2.1808244368212404,-2.6295140588179553,0.4486896219967149,train
2020-02-04,-2.1069657061438005,-2.5251460054084705,0.41818029926466993,train
2020-02-05,-2.031261260268594,-2.5791841131982665,0.5479228529296725,train
2020-02-06,-1.9282243782871804,-2.589307252240622,0.6610828739534416,train
2020-02-07,-1.7803836030039506,-2.5580344693967465,0.7776508663927959,train
2020-02-10,-1.6862824863663044,-2.507204746189462,0.8209222598231576,train
2020-02-11,-1.580364983728294,-2.5606135233896175,0.9802485396613234,train
2020-02-12,-1.4145220729510875,-2.5353092619442616,1.1207871889931742,train
2020-02-13,-1.2872989546672933,-2.506776399762562,1.2194774450952688,train
2020-02-14,-1.1519621083499965,-2.510078845655972,1.3581167373059755,train
2020-02-17,-1.0451990426848634,-2.5125457287861632,1.4673466861012998,train
2020-02-18,-0.8800912285010077,-2.62996686429594,1.7498756357949325,train
2020-02-19,-0.7315767105757128,-2.522935666364396,1.791358955788683,train
2020-02-20,-0.5850208580953512,-2.4749427825910635,1.8899219244957122,train
2020-02-21,-0.4590664622087566,-2.4016681869143737,1.942601724705617,train
2020-02-24,-0.36472494644442377,-2.4739506316045237,2.1092256851600997,train
2020-02-25,-0.3006910735531305,-2.1972770376228072,1.8965859640696767,train
2020-02-26,-0.21382045920203255,-2.178397870228328,1.9645774110262955,train
2020-02-27,-0.15476601650991048,-2.029325891428637,1.8745598749187267,train
2020-02-28,-0.11048848488476865,-1.9539760727937598,1.8434875879089911,train
2020-03-02,-0.08388283044014454,-1.7617298366477474,1.677847006207603,train
2020-03-03,-0.09247861187864585,-1.6292931709361576,1.5368145590575117,train
2020-03-04,-0.09765341522925342,-1.4773476242458399,1.3796942090165865,train
2020-03-05,-0.08491621000692154,-1.4925975997768766,1.407681389769955,train
2020-03-06,-0.0757762831468299,-1.4585644660271562,1.3827881828803263,train
2020-03-09,-0.0989502906068855,-1.339127935281898,1.2401776446750126,train
2020-03-10,-0.1733690651516557,-1.017637099405766,0.8442680342541102,train
2020-03-11,-0.20717685010946374,-1.1058278945313458,0.898651044421882,train
2020-03-12,-0.29291665923036997,-1.0870956459796997,0.7941789867493296,train
2020-03-13,-0.40649178444927936,-0.6883946071666366,0.2819028227173572,train
2020-03-16,-0.4860399828649255,-0.6694318910665198,0.1833919082015943,train
2020-03-17,-0.5668883587428086,-0.617111658728082,0.05022329998527342,train
2020-03-18,-0.6035058280733261,-0.6523022325493792,0.04879640447605316,train
2020-03-19,-0.6604627686276378,-0.5067068529044257,-0.153755915723212,train
2020-03-20,-0.7782588172772938,-0.32297041483988653,-0.4552884024374073,train
2020-03-23,-0.8528198625499942,-0.309780197050849,-0.5430396654991452,train
2020-03-24,-0.9585310030442241,-0.23857105702884673,-0.7199599460153774,train
2020-03-25,-1.0089805197580433,-0.19655484981600985,-0.8124256699420334,train
2020-03-26,-1.0392030418843008,-0.3054284223478253,-0.7337746195364755,train
2020-03-27,-1.1054063587410412,-0.2907366903237135,-0.8146696684173277,train
2020-03-30,-1.1561092020231118,-0.3402743770461551,-0.8158348249769567,train
2020-03-31,-1.1988712710771448,-0.4140456208677201,-0.7848256502094246,train
2020-04-01,-1.2219103113230518,-0.39309822931041066,-0.8288120820126412,train
2020-04-02,-1.2519154741289564,-0.49344290430531834,-0.7584725698236381,train
2020-04-03,-1.3067763600660378,-0.47340980827649976,-0.8333665517895381,train
2020-04-06,-1.3161780903263638,-0.5571483609464172,-0.7590297293799466,train
2020-04-07,-1.3362031095414335,-0.6234307172886061,-0.7127723922528274,train
2020-04-08,-1.35334001371326,-0.6818931610976592,-0.6714468526156009,train
2020-04-09,-1.3908951110236645,-0.7620690881035921,-0.6288260229200724,train
2020-04-10,-1.4260058209066693,-0.7496112843330154,-0.6763945365736539,train
2020-04-13,-1.3826755904616341,-1.0839849267764545,-0.2986906636851796,train
2020-04-14,-1.3771242988778705,-1.0811976371704979,-0.2959266617073726,train
2020-04-15,-1.3845393575637712,-1.0612073239798803,-0.32333203358389095,train
2020-04-16,-1.4017304244851887,-1.1155515777591112,-0.2861788467260775,train
2020-04-17,-1.4049659724519954,-1.0886556817913466,-0.31631029066064875,train
2020-04-20,-1.42677702700191,-1.048544483807059,-0.378232543194851,train
2020-04-21,-1.4434503775065084,-1.1345469693139862,-0.30890340819252216,train
2020-04-22,-1.4654693143937663,-1.140463600098224,-0.32500571429554226,train
2020-04-23,-1.4834342240573923,-1.2296924135591452,-0.2537418104982472,train
2020-04-24,-1.5702050250415522,-1.148235172622987,-0.4219698524185653,train
2020-04-27,-1.6015712980288592,-1.180700975895813,-0.4208703221330463,train
2020-04-28,-1.5650512309519313,-1.2431467732823913,-0.32190445766954,train
2020-04-29,-1.5694336912426055,-1.2905728621416674,-0.278860829100938,train
2020-04-30,-1.5493696860019464,-1.2863527885384365,-0.26301689746350987,train
2020-05-01,-1.592242598849407,-1.2120600030765452,-0.38018259577286195,train
2020-05-04,-1.5871200819193148,-1.3578385016837378,-0.229281580235577,train
2020-05-05,-1.57000339489216,-1.4023363582106803,-0.16766703668147964,train
2020-05-06,-1.5513276792699664,-1.2961251177408704,-0.25520256152909604,train
2020-05-07,-1.5167764773948789,-1.356097595579574,-0.16067888181530487,train
2020-05-08,-1.5129502351083597,-1.411377432507416,-0.1015728026009437,train
2020-05-11,-1.4953596677533285,-1.520639054270283,0.025279386516954494,train
2020-05-12,-1.4535857577810662,-1.4846325116324537,0.031046753851387443,train
2020-05-13,-1.4165146017416317,-1.5391644541606508,0.12264985241901916,train
2020-05-14,-1.3867106413020347,-1.4781765049864903,0.09146586368445564,train
2020-05-15,-1.3643408450576442,-1.5265046364460806,0.1621637913884364,train
2020-05-18,-1.3353980840172515,-1.5317936875471903,0.1963956035299388,train
2020-05-19,-1.3372992941546902,-1.4207586323263768,0.0834593381716866,train
2020-05-20,-1.3222335465837696,-1.4692589811258172,0.14702543454204764,train
2020-05-21,-1.288187401841684,-1.544727735354312,0.25654033351262817,train
2020-05-22,-1.2992294051610809,-1.5214836416188635,0.22225423645778264,train
2020-05-25,-1.2683395333670227,-1.5989865804675256,0.33064704710050297,train
2020-05-26,-1.2140502029647544,-1.8104004966765295,0.5963502937117751,train
2020-05-27,-1.212869800554363,-1.710490303705825,0.497620503151462,train
2020-05-28,-1.269125970172732,-1.521331065561848,0.25220509538911595,train
2020-05-29,-1.2841196182366963,-1.5941152680277,0.3099956497910037,train
2020-06-01,-1.3062745393711725,-1.4617513764234014,0.1554768370522288,train
2020-06-02,-1.3218494088211075,-1.473649487502703,0.15180007868159562,train
2020-06-03,-1.3265526020041465,-1.4322559827470913,0.10570338074294483,train
2020-06-04,-1.3737437839451963,-1.429826584323853,0.05608280037865665,train
2020-06-05,-1.4239807319007136,-1.3422536760033754,-0.0817270558973382,train
2020-06-08,-1.465524616412048,-1.324263644263982,-0.141260972148066,train
2020-06-09,-1.4830012172121523,-1.3546756465265437,-0.12832557068560857,train
2020-06-10,-1.480472829000712,-1.348332139796421,-0.13214068920429112,train
2020-06-11,-1.5358845719321428,-1.2523150587750014,-0.2835695131571414,train
2020-06-12,-1.581735082760085,-1.2153871541237655,-0.3663479286363194,train
2020-06-15,-1.6319262318193895,-1.2152657643991884,-0.416660467420201,train
2020-06-16,-1.6590608479553226,-1.2385957201032083,-0.4204651278521143,train
2020-06-17,-1.6830639746223037,-1.2016713017518383,-0.4813926728704654,train
2020-06-18,-1.721805441844996,-1.245454720613318,-0.476350721231678,train
2020-06-19,-1.7180655440012425,-1.2831526722070925,-0.43491287179414995,train
2020-06-22,-1.7155112322449577,-1.3270901450885038,-0.38842108715645396,train
2020-06-23,-1.6864629552424544,-1.4106416142694878,-0.2758213409729666,train
2020-06-24,-1.6901008967449689,-1.3533229718656425,-0.33677792487932634,train
2020-06-25,-1.6939511362431967,-1.3636438969245748,-0.33030723931862194,train
2020-06-26,-1.6661476039029983,-1.4023971586729407,-0.26375044523005764,train
2020-06-29,-1.6382623810124886,-1.5046742049221957,-0.13358817609029283,train
2020-06-30,-1.611899048063141,-1.4934867263629166,-0.11841232170022442,train
2020-07-01,-1.599876335979996,-1.460026505029595,-0.13984983095040082,train
2020-07-02,-1.5501902413307507,-1.5575700092947096,0.007379767963958894,train
2020-07-03,-1.5421682083446633,-1.5178502386162527,-0.024317969728410604,train
2020-07-06,-1.5013236499095717,-1.6373843709161586,0.13606072100658695,train
2020-07-07,-1.4788153122947896,-1.587964340885672,0.10914902859088249,train
2020-07-08,-1.4487169857585147,-1.6057130274859333,0.15699604172741854,train
2020-07-09,-1.4161622227476887,-1.604532120274657,0.1883698975269683,train
2020-07-10,-1.4421553705751746,-1.5511498772483985,0.10899450667322386,train
2020-07-13,-1.4055155789025588,-1.6318185099913924,0.2263029310888336,train
2020-07-14,-1.3854308755911433,-1.6013693480142401,0.21593847242309683,train
2020-07-15,-1.3661159180898947,-1.6822604468413889,0.3161445287514941,train
2020-07-16,-1.3647092371306293,-1.6868842235916803,0.322174986461051,train
2020-07-17,-1.3744056232114656,-1.670131584896815,0.29572596168534937,train
2020-07-20,-1.3486515808988802,-1.721429841800655,0.3727782609017749,train
2020-07-21,-1.3425817252168892,-1.602532094567707,0.25995036935081783,train
2020-07-22,-1.3475576335607962,-1.543590181076742,0.1960325475159459,train
2020-07-23,-1.3524064192518623,-1.496390704397517,0.14398428514565476,train
2020-07-24,-1.3696247391723777,-1.5302878100297295,0.16066307085735176,train
2020-07-27,-1.3774554296657449,-1.5121266600546222,0.1346712303888773,train
2020-07-28,-1.411073439718905,-1.452705833912682,0.041632394193776845,train
2020-07-29,-1.3765571297546686,-1.4701522438904409,0.09359511413577226,train
2020-07-30,-1.3715133437551807,-1.4822234921107582,0.11071014835557746,train
2020-07-31,-1.3906535978687173,-1.4503160478161625,0.059662449947445184,train
2020-08-03,-1.3914927239618875,-1.3255290729487736,-0.06596365101311386,train
2020-08-04,-1.3905176932444219,-1.3848041377383027,-0.005713555506119183,train
2020-08-05,-1.3874681166771692,-1.3805726297526828,-0.0068954869244863826,train
2020-08-06,-1.3858560969947142,-1.3580334481434666,-0.027822648851247633,train
2020-08-07,-1.4543456838844326,-1.3182702679299219,-0.13607541595451078,train
2020-08-10,-1.4663566134913495,-1.3408776937190183,-0.12547891977233117,train
2020-08-11,-1.4551523601248533,-1.4541199372500149,-0.0010324228748384012,train
2020-08-12,-1.4441074050853662,-1.350863487996607,-0.09324391708875912,train
2020-08-13,-1.4688354575556715,-1.3651277910851984,-0.10370766647047303,train
2020-08-14,-1.5016974903649034,-1.4087868451526204,-0.09291064521228298,train
2020-08-17,-1.5105205707329497,-1.47303615010199,-0.03748442063095969,train
2020-08-18,-1.478020651357509,-1.4745561200264823,-0.0034645313310266435,train
2020-08-19,-1.478303812479699,-1.4744657648759891,-0.003838047603709871,train
2020-08-20,-1.5209814678937545,-1.45772661753039,-0.06325485036336453,train
2020-08-21,-1.5299032499412908,-1.365116268889452,-0.16478698105183875,train
2020-08-24,-1.5328113459788666,-1.379513554196174,-0.15329779178269254,train
2020-08-25,-1.5122694778356356,-1.4367013489510123,-0.07556812888462328,train
2020-08-26,-1.4965962712799565,-1.4440389189156526,-0.05255735236430392,train
2020-08-27,-1.495890867954892,-1.51466181078661,0.018770942831718207,train
2020-08-28,-1.5514299268042153,-1.3437672066513826,-0.2076627201528327,train
2020-08-31,-1.5738748906913658,-1.3789823388768099,-0.1948925518145559,train
2020-09-01,-1.563376659075118,-1.421523805775648,-0.14185285329946984,train
2020-09-02,-1.5951521212449158,-1.3107752510671613,-0.2843768701777545,train
2020-09-03,-1.6162872328205267,-1.289319339934476,-0.32696789288605066,train
2020-09-04,-1.6606067624340235,-1.3431615278750226,-0.31744523455900087,train
2020-09-07,-1.6733867601970387,-1.3830517560282862,-0.29033500416875246,train
2020-09-08,-1.6520466524572044,-1.5743088473918099,-0.07773780506539452,train
2020-09-09,-1.6948939483834418,-1.4643362840050167,-0.23055766437842506,train
2020-09-10,-1.7205909771668757,-1.5611567016690897,-0.159434275497786,train
2020-09-11,-1.7843603208466439,-1.463332193410566,-0.3210281274360778,train
2020-09-14,-1.7914345109697338,-1.5632253138637384,-0.2282091971059954,train
2020-09-15,-1.7904093062446693,-1.6014848760222293,-0.18892443022244,train
2020-09-16,-1.7985097332196671,-1.603201492194212,-0.1953082410254552,train
2020-09-17,-1.850758108866593,-1.489281605865078,-0.361476503001515,train
2020-09-18,-1.884237047228064,-1.5440820128651311,-0.34015503436293293,train
2020-09-21,-1.8896398039351576,-1.6082423698223693,-0.2813974341127883,train
2020-09-22,-1.9179670599662282,-1.5094645715182375,-0.40850248844799064,train
2020-09-23,-1.9531485012517193,-1.4624691102993341,-0.4906793909523852,train
2020-09-24,-1.9805530449234743,-1.500770144171757,-0.47978290075171737,train
2020-09-25,-2.0178138025063674,-1.4706906312939465,-0.5471231712124209,train
2020-09-28,-2.0278236235240956,-1.5147621655003332,-0.5130614580237625,train
2020-09-29,-2.0297719897951896,-1.553522659469954,-0.47624933032523553,train
2020-09-30,-2.0264319245997062,-1.60160016289491,-0.4248317617047963,train
2020-10-01,-2.0455705397450923,-1.5299962150087811,-0.5155743247363112,train
2020-10-02,-2.0815398747236773,-1.5883351608965859,-0.4932047138270914,train
2020-10-05,-2.094766600946595,-1.5889317326366046,-0.5058348683099905,train
2020-10-06,-1.9945766719011773,-1.7513112141395277,-0.24326545776164954,train
2020-10-07,-1.972220149642017,-1.7286850373150524,-0.24353511232696468,train
2020-10-08,-1.9247057982727844,-1.7024913224497757,-0.22221447582300868,train
2020-10-09,-1.8572407392351757,-1.8148868957989155,-0.04235384343626025,train
2020-10-12,-1.8129545229312898,-1.9285028841934384,0.11554836126214862,train
2020-10-13,-1.7870308662365,-1.869099015334935,0.08206814909843496,train
2020-10-14,-1.7809650790853717,-1.9179767761535707,0.13701169706819893,train
2020-10-15,-1.7853666679885607,-1.8948065156741587,0.109439847685598,train
2020-10-16,-1.7795761434845618,-1.8653628981662551,0.08578675468169328,train
2020-10-19,-1.7830808765735582,-1.9291686443514258,0.14608776777786758,train
2020-10-20,-1.793804397599311,-1.9358023248653926,0.14199792726608162,train
2020-10-21,-1.7973841445456864,-1.9195731445263262,0.12218899998063981,train
2020-10-22,-1.8209639394084944,-1.9186381319007606,0.09767419249226617,train
2020-10-23,-1.8011265300394077,-1.9279402367716463,0.12681370673223857,train
2020-10-26,-1.7838567068309807,-1.9341917906129742,0.15033508378199345,train
2020-10-27,-1.7601602900306672,-1.9582415046172947,0.19808121458662753,train
2020-10-28,-1.7768584997890422,-1.9456755698696702,0.16881707008062796,train
2020-10-29,-1.8115808917190892,-1.908055014779588,0.09647412306049885,train
2020-10-30,-1.8176021785490193,-1.8433717381386088,0.025769559589589486,train
2020-11-02,-1.8026978050265283,-1.858369262667729,0.05567145764120074,train
2020-11-03,-1.776856356466523,-1.9412526337739633,0.16439627730744033,train
2020-11-04,-1.764895090532199,-1.9189001904996696,0.1540050999674707,train
2020-11-05,-1.8406568024906411,-1.5384277474054293,-0.3022290550852118,train
2020-11-06,-1.8877571825133899,-1.5944248881393008,-0.29333229437408903,train
2020-11-09,-1.931660641059048,-1.5658845789396896,-0.3657760621193584,train
2020-11-10,-1.9589528404970908,-1.4018554088349515,-0.5570974316621393,train
2020-11-11,-1.990550363370069,-1.3791242526394911,-0.6114261107305778,train
2020-11-12,-1.993233000364306,-1.5400621885427053,-0.4531708118216007,train
2020-11-13,-1.9856033325059164,-1.6037219383425578,-0.38188139416335853,train
2020-11-16,-1.9278993503627055,-1.7353776449482083,-0.1925217054144972,train
2020-11-17,-1.9268078699245244,-1.7622380243781044,-0.16456984554641996,train
2020-11-18,-1.921661542491844,-1.8526285667308857,-0.06903297576095824,train
2020-11-19,-1.8618215339262498,-1.9094156382745473,0.04759410434829747,train
2020-11-20,-1.8377533734521379,-1.9076035661589876,0.06985019270684978,train
2020-11-23,-1.7937604302918286,-2.0029189288409173,0.20915849854908863,train
2020-11-24,-1.827250107036899,-1.9192749039664523,0.09202479692955334,train
2020-11-25,-1.8288058110357175,-1.8380139955519343,0.009208184516216855,train
2020-11-26,-1.837054680286674,-1.7574237713674035,-0.0796309089192706,train
2020-11-27,-1.8015368669326526,-1.8651470540635426,0.06361018713089006,train
2020-12-01,-1.754015277048259,-1.8870861873879887,0.13307091033972962,train
2020-12-02,-1.750403470061399,-1.835416498709367,0.085013028647968,train
2020-12-03,-1.7760818331252937,-1.7623066418239506,-0.013775191301343082,train
2020-12-04,-1.7445295893671962,-1.7942529426859404,0.04972335331874422,train
2020-12-07,-1.738170664221923,-1.7457183098111018,0.007547645589178753,train
2020-12-08,-1.6994473870630242,-1.7225052077938754,0.023057820730851164,train
2020-12-09,-1.6738532135641315,-1.795069970319907,0.12121675675577537,train
2020-12-10,-1.658529860600691,-1.8173378001214775,0.15880793952078642,train
2020-12-11,-1.665485830423207,-1.788123514286941,0.12263768386373397,train
2020-12-14,-1.650254403542298,-1.8185299093272698,0.16827550578497186,train
2020-12-15,-1.6528008976474544,-1.830058558578749,0.17725766093129458,train
2020-12-16,-1.6911254316908382,-1.850445973136766,0.15932054144592778,train
2020-12-17,-1.7421642887441848,-1.6919289757428895,-0.050235313001295356,train
2020-12-18,-1.7355790070498358,-1.7945568781156989,0.05897787106586305,train
2020-12-21,-1.7199679114820021,-1.8127500899673605,0.09278217848535841,train
2020-12-22,-1.7648426048341612,-1.6040173600786338,-0.1608252447555274,train
2020-12-23,-1.7843603736388893,-1.679179516502027,-0.10518085713686243,train
2020-12-24,-1.8093797521261026,-1.6766318704987282,-0.1327478816273744,train
2020-12-28,-1.7688655933782016,-1.8082919661754706,0.039426372797269016,train
2020-12-29,-1.7657317900996028,-1.7091175332115511,-0.05661425688805166,train
2020-12-30,-1.75692443422626,-1.7762542774153331,0.01932984318907316,train
2020-12-31,-1.7666252529497724,-1.7331489998570562,-0.03347625309271618,train
2021-01-04,-1.7726835404809578,-1.7009818529136855,-0.07170168756727224,train
2021-01-05,-1.79513819029606,-1.6387210632277385,-0.15641712706832145,train
2021-01-06,-1.7979638621199294,-1.7203529717366322,-0.07761089038329727,train
2021-01-07,-1.841561844077063,-1.5631472999921847,-0.2784145440848782,train
2021-01-08,-1.8667527303869262,-1.6176369545418792,-0.24911577584504707,train
2021-01-11,-1.9282443901709074,-1.4866140804888865,-0.4416303096820209,train
2021-01-12,-1.9680920741032926,-1.5288897067470166,-0.43920236735627594,train
2021-01-13,-2.014045404520662,-1.5122565781840298,-0.5017888263366324,train
2021-01-14,-2.0542219607647882,-1.5528640453055975,-0.5013579154591907,train
2021-01-15,-2.1198039026854016,-1.5322492927018168,-0.5875546099835849,train
2021-01-18,-2.12746121071385,-1.6296072190972546,-0.4978539916165956,train
2021-01-19,-2.103287291643339,-1.7705660738200182,-0.332721217823321,train
2021-01-20,-2.1166614795032133,-1.8068630030318111,-0.30979847647140213,train
2021-01-21,-2.1416279987584654,-1.8048904559778065,-0.3367375427806589,train
2021-01-22,-2.1484752763923023,-1.7869125193468802,-0.36156275704542207,train
2021-01-25,-2.162346277207935,-1.8483344936793966,-0.31401178352853854,train
2021-01-26,-2.1436970500874355,-1.8498820024593736,-0.2938150476280619,train
2021-01-27,-2.108169961940801,-1.8380408810213678,-0.2701290809194332,train
2021-01-28,-2.0878848117642206,-1.7694991674707992,-0.3183856442934214,train
2021-01-29,-2.099034715344717,-1.7201321396949567,-0.37890257564976015,train
2021-02-01,-2.10322967215236,-1.702440524611006,-0.40078914754135386,train
2021-02-02,-2.099049054429469,-1.7141812977732234,-0.3848677566562455,train
2021-02-03,-2.0957864190580042,-1.700955588783082,-0.39483083027492216,train
2021-02-04,-2.0585435664322422,-1.7671952577256418,-0.29134830870660045,train
2021-02-05,-2.055534511366535,-1.7964054007479868,-0.25912911061854826,train
2021-02-08,-2.0514211795281883,-1.897906466926568,-0.1535147126016203,train
2021-02-09,-2.0315735616592616,-1.8659643651155664,-0.16560919654369521,train
2021-02-10,-1.9970340108806708,-1.950517341492716,-0.046516669387954845,train
2021-02-11,-1.980038563826197,-1.9923563317181339,0.012317767891936837,train
2021-02-12,-1.9507738102755197,-2.0834827664722178,0.1327089561966981,train
2021-02-15,-1.9367554363697543,-2.0697052613420888,0.13294982497233443,train
2021-02-16,-1.8754756756689432,-2.199335096117896,0.32385942044895266,train
2021-02-17,-1.861165666971508,-2.141031171590952,0.27986550461944404,train
2021-02-18,-1.8779055032974024,-2.071302033257681,0.19339652996027845,train
2021-02-19,-1.8621740049954119,-2.1215201205935306,0.2593461155981187,train
2021-02-22,-1.85023883860266,-2.087972261432529,0.2377334228298691,train
2021-02-23,-1.8526837814480457,-2.0013547418664426,0.1486709604183969,train
2021-02-24,-1.8351050704128362,-2.061558279808468,0.22645320939563196,train
2021-02-25,-1.8657949760132064,-1.9846001309019365,0.11880515488873011,train
2021-02-26,-1.903158761975593,-1.870186631332801,-0.03297213064279192,train
2021-03-01,-1.9619270013965497,-1.7298846152368592,-0.23204238615969053,train
2021-03-02,-1.9720267143315553,-1.8100200485341225,-0.16200666579743284,train
2021-03-03,-1.9882474555729543,-1.7916605680076458,-0.1965868875653085,train
2021-03-04,-2.030297819626945,-1.8218403738682367,-0.20845744575870828,train
2021-03-05,-2.068223902714581,-1.7949220814281701,-0.2733018212864109,train
2021-03-08,-2.1124547931596855,-1.7917643030452766,-0.320690490114409,train
2021-03-09,-2.1075954284937435,-1.8229676091058766,-0.28462781938786685,train
2021-03-10,-2.121415939447349,-1.830025317624651,-0.29139062182269804,train
2021-03-11,-2.1491794979415495,-1.8683371621640887,-0.28084233577746076,train
2021-03-12,-2.1870537752488746,-1.7815072164881236,-0.40554655876075096,train
2021-03-15,-2.1914531089033233,-1.8315914963683158,-0.3598616125350076,train
2021-03-16,-2.210480622701607,-1.8273603934690001,-0.383120229232607,train
2021-03-17,-2.210173193913906,-1.8624176200618492,-0.3477555738520568,train
2021-03-18,-2.244011672515707,-1.865022612979931,-0.3789890595357761,train
2021-03-19,-2.2495345860591636,-1.796444942505901,-0.45308964355326253,train
2021-03-22,-2.23971580339975,-1.8944718905830378,-0.3452439128167124,train
2021-03-23,-2.245041291166072,-1.8733105980691216,-0.3717306930969506,train
2021-03-24,-2.2432846134872646,-1.8616983996675684,-0.38158621381969615,train
2021-03-25,-2.2632749736871314,-1.8631719569502114,-0.40010301673691995,train
2021-03-26,-2.2697478686160846,-1.86453104692188,-0.4052168216942045,train
2021-03-29,-2.272112296301026,-1.9320625250519636,-0.3400497712490622,train
2021-03-30,-2.255615187669358,-1.9134200339179783,-0.34219515375137965,train
2021-03-31,-2.254344541646434,-1.976200849242987,-0.27814369240344705,train
2021-04-01,-2.245245774168692,-1.9578982087495478,-0.2873475654191442,train
2021-04-02,-2.251743551136657,-1.981768905549614,-0.2699746455870431,train
2021-04-05,-2.2182159225430493,-2.147015029294271,-0.07120089324877821,train
2021-04-06,-2.2298260833876506,-2.14425189500379,-0.08557418838386077,train
2021-04-07,-2.2345534465511028,-2.0847721013033222,-0.14978134524778053,train
2021-04-08,-2.1839637591016445,-2.0237014808164098,-0.16026227828523476,train
2021-04-09,-2.1670266940309393,-2.1043793777125166,-0.06264731631842269,train
2021-04-12,-2.1539265797752205,-2.094034052741749,-0.05989252703347159,train
2021-04-13,-2.092760583722682,-2.071877908349636,-0.020882675373045778,train
2021-04-14,-2.083043442537806,-2.0714885429388423,-0.011554899598963608,train
2021-04-15,-2.0878000617030903,-2.1106041984036765,0.02280413670058623,train
2021-04-16,-2.1035086218101857,-2.1094091383497195,0.005900516539533829,train
2021-04-19,-2.1076897557222267,-2.124827718506861,0.017137962784634198,train
2021-04-20,-2.1033609752293483,-2.086898156346308,-0.016462818883040242,train
2021-04-21,-2.1102465451711425,-2.0720163246300647,-0.03823022054107783,train
2021-04-22,-2.093744425501019,-2.073781715737429,-0.019962709763589714,train
2021-04-23,-2.100272975480627,-2.0792480423016944,-0.021024933178932503,train
2021-04-26,-2.0836101544411227,-2.0989996938083606,0.015389539367237859,train
2021-04-27,-2.086584173788188,-2.0882021604102574,0.0016179866220693562,train
2021-04-28,-2.0681775395782025,-2.1368490197380074,0.06867148015980495,train
2021-04-29,-2.0810667910537646,-2.095309964817424,0.014243173763659467,train
2021-04-30,-2.085053882680983,-2.1073513365216034,0.02229745384062065,train
2021-05-03,-2.1068486972912446,-2.1686667923345766,0.06181809504333202,train
2021-05-04,-2.1020280140600964,-2.183901967512513,0.08187395345241644,train
2021-05-05,-2.084760946305497,-2.1812254424322823,0.09646449612678554,train
2021-05-06,-2.075545333429166,-2.1469595631292173,0.07141422970005129,train
2021-05-07,-2.090319391651083,-2.114547105874704,0.02422771422362091,train
2021-05-10,-2.1827519182035466,-2.0063056735219194,-0.17644624468162728,train
2021-05-11,-2.185889507694755,-1.934531400321383,-0.25135810737337216,train
2021-05-12,-2.2078069985880378,-1.9579477590087988,-0.24985923957923895,train
2021-05-13,-2.283351641375916,-1.7697971234984502,-0.5135545178774659,train
2021-05-14,-2.31829540233076,-1.80590572016613,-0.5123896821646299,train
2021-05-17,-2.2415173115232387,-1.9398811696473617,-0.30163614187587706,train
2021-05-18,-2.194776733681549,-1.9709875412735955,-0.22378919240795336,train
2021-05-19,-2.1540966027140946,-2.006574605469601,-0.14752199724449344,train
2021-05-20,-2.1563847787101467,-2.017901499337278,-0.13848327937286875,train
2021-05-21,-2.14215712344205,-2.068205479006201,-0.07395164443584878,train
2021-05-24,-2.1609848435897394,-2.0281672686985317,-0.1328175748912077,train
2021-05-25,-2.16757536055048,-2.0369334179184118,-0.1306419426320682,train
2021-05-26,-2.1837689316991993,-1.9951465618668216,-0.18862236983237768,train
2021-05-27,-2.181570515791946,-2.0410956531095783,-0.14047486268236753,train
2021-05-28,-2.198119913069621,-1.941061434595017,-0.25705847847460395,train
2021-06-01,-2.195348351323787,-1.997524255115037,-0.19782409620875008,train
2021-06-02,-2.1836379509200343,-2.028538203922108,-0.1550997469979265,train
2021-06-03,-2.152702927585656,-2.090850273531094,-0.061852654054562084,train
2021-06-04,-2.1822956980308366,-2.0775762946180167,-0.10471940341281982,train
2021-06-07,-2.2054913050415657,-2.184743615281862,-0.020747689759703647,train
2021-06-08,-2.178301373199959,-2.0595452375066357,-0.11875613569332355,train
2021-06-09,-2.1445783790351105,-2.108178565113205,-0.03639981392190572,train
2021-06-10,-2.126351788056974,-2.1970360087195697,0.07068422066259572,train
2021-06-11,-2.1448390472267262,-2.104248149767452,-0.040590897459274355,train
2021-06-14,-2.1036098890503676,-2.2199474607611402,0.11633757171077264,train
2021-06-15,-2.0910896019950727,-2.2370535897792196,0.145963987784147,train
2021-06-16,-2.081065089580867,-2.266125979050265,0.18506088946939814,train
2021-06-17,-2.156564732903397,-2.0719673611653273,-0.0845973717380697,train
2021-06-18,-2.191944301040323,-1.9125786066737402,-0.27936569436658254,train
2021-06-21,-2.214408361500652,-1.8644935080010723,-0.3499148534995795,train
2021-06-22,-2.244137423031161,-1.8325946707921943,-0.41154275223896675,train
2021-06-23,-2.2269215698302776,-1.8267484849482107,-0.4001730848820668,train
2021-06-24,-2.2371759673413583,-1.9406343445526368,-0.2965416227887214,train
2021-06-25,-2.239324132824115,-1.9982353176676,-0.24108881515651515,train
2021-06-28,-2.2282982149610295,-2.0966791152295423,-0.13161909973148722,train
2021-06-29,-2.212973413767413,-2.0775641828708657,-0.13540923089654733,train
2021-06-30,-2.2188072096315468,-2.1107683695644543,-0.10803884006709241,train
2021-07-01,-2.238027240736258,-2.0652342207613015,-0.17279301997495633,train
2021-07-02,-2.240728637523242,-2.0889328539309275,-0.1517957835923145,train
2021-07-05,-2.284076995436072,-2.087091537523719,-0.1969854579123531,train
2021-07-06,-2.249170111070792,-2.145458561136521,-0.10371154993427112,train
2021-07-07,-2.262667840501311,-2.039280849927816,-0.22338699057349531,train
2021-07-08,-2.285182447110381,-2.026343383280806,-0.258839063829575,train
2021-07-09,-2.3139828878625535,-1.9885975608777082,-0.32538532698484524,train
2021-07-12,-2.328305876135948,-2.0900089555817893,-0.23829692055415874,train
2021-07-13,-2.328098405743996,-2.0558521045534097,-0.27224630119058624,train
2021-07-14,-2.3826902211115515,-2.0519334745889246,-0.3307567465226269,train
2021-07-15,-2.407256201948096,-2.108946195023923,-0.29831000692417264,train
2021-07-16,-2.428311101319005,-2.044540206709666,-0.3837708946093392,train
2021-07-19,-2.421408127432786,-2.0896261017093734,-0.33178202572341275,train
2021-07-20,-2.4023112814295486,-2.086625591623086,-0.31568568980646283,train
2021-07-21,-2.414219136200842,-2.1090598185715077,-0.3051593176293341,train
2021-07-22,-2.419100655169145,-2.154900238874935,-0.26420041629421,train
2021-07-23,-2.4524124995205363,-2.0605359672270462,-0.39187653229349007,train
2021-07-26,-2.453090166409456,-2.116438863012456,-0.3366513033969998,train
2021-07-27,-2.4521075028232957,-2.158993424918891,-0.2931140779044048,train
2021-07-28,-2.4618164604791275,-2.1091001775059923,-0.3527162829731352,train
2021-07-29,-2.4625405871566675,-2.0332866260777145,-0.429253961078953,train
2021-07-30,-2.484449366827569,-2.1734534912430146,-0.3109958755845543,train
2021-08-02,-2.4827600124714504,-2.13567575784793,-0.3470842546235202,train
2021-08-03,-2.4948601568044158,-2.1871933643958132,-0.3076667924086025,train
2021-08-04,-2.5075038160123424,-2.199082747545818,-0.3084210684665245,train
2021-08-05,-2.491794364257151,-2.230416821779112,-0.26137754247803935,train
2021-08-06,-2.539307284847681,-2.1761600388509654,-0.36314724599671555,train
2021-08-09,-2.538324587585783,-2.263615390772173,-0.27470919681360995,train
2021-08-10,-2.540107081711903,-2.199625409283725,-0.34048167242817806,train
2021-08-11,-2.5063508923829163,-2.263652398066895,-0.2426984943160213,train
2021-08-12,-2.524714861059956,-2.3783050496749754,-0.14640981138498077,train
2021-08-13,-2.5209808728868084,-2.333347005698113,-0.18763386718869546,train
2021-08-16,-2.484567130223949,-2.4405523807675475,-0.0440147494564016,train
2021-08-17,-2.462248216443273,-2.3781177544323757,-0.08413046201089713,train
2021-08-18,-2.4658729462838025,-2.3599826033470896,-0.10589034293671284,train
2021-08-19,-2.5005080468567855,-2.50292419918825,0.0024161523314645272,train
2021-08-20,-2.5177894341175686,-2.23567304634541,-0.28211638777215864,train
2021-08-23,-2.5089735905147017,-2.3121068236433384,-0.19686676687136329,train
2021-08-24,-2.4610464814866635,-2.2095890240293565,-0.25145745745730697,train
2021-08-25,-2.4526294155378725,-2.2930397178292625,-0.15958969770860998,train
2021-08-26,-2.4628102426352956,-2.2895453657335336,-0.17326487690176195,train
2021-08-27,-2.4652821891287946,-2.2839649168996363,-0.18131727222915828,train
2021-08-30,-2.4797156102398934,-2.2376742936176295,-0.2420413166222639,train
2021-08-31,-2.437372185715528,-2.3586209406995415,-0.07875124501598663,train
2021-09-01,-2.4171716148221716,-2.362880773882113,-0.05429084094005843,train
2021-09-02,-2.4000266605483866,-2.346012754000853,-0.054013906547533796,train
2021-09-03,-2.3795235469148426,-2.3704640883537933,-0.009059458561049283,train
2021-09-06,-2.413321080047174,-2.342578293741194,-0.07074278630597997,train
2021-09-07,-2.358164409948122,-2.467300473386609,0.10913606343848681,train
2021-09-08,-2.3712197417168457,-2.344582490712124,-0.026637251004721474,train
2021-09-09,-2.363873601340253,-2.372952591469589,0.009078990129335995,train
2021-09-10,-2.400082154482514,-2.3328240623233376,-0.06725809215917655,train
2021-09-13,-2.394935458192911,-2.4220798416532188,0.027144383460307786,train
2021-09-14,-2.3745746842618884,-2.338212993257883,-0.036361691004005436,train
2021-09-15,-2.402848699922747,-2.5263239592274416,0.1234752593046946,train
2021-09-16,-2.41661542636404,-2.2724529986327844,-0.14416242773125543,train
2021-09-17,-2.4183512855138747,-2.2812199252052126,-0.13713136030866213,train
2021-09-20,-2.4120850909118374,-2.3070001204485653,-0.10508497046327214,train
2021-09-21,-2.4127363970854296,-2.311657114293853,-0.10107928279157674,train
2021-09-22,-2.423823826485822,-2.3256688227005515,-0.09815500378527053,train
2021-09-23,-2.4789350839898256,-2.215289333028141,-0.26364575096168474,train
2021-09-24,-2.4873143274652914,-2.20166213541098,-0.28565219205431136,train
2021-09-27,-2.491629139573798,-2.2375879802055687,-0.25404115936822924,train
2021-09-28,-2.4834328961592878,-2.2113139209257424,-0.27211897523354533,train
2021-09-29,-2.4565707406208626,-2.160822916982592,-0.29574782363827046,train
2021-09-30,-2.441944538839481,-2.184672717826007,-0.2572718210134739,train
2021-10-01,-2.45738868861921,-2.1346533057657826,-0.3227353828534274,train
2021-10-04,-2.4724259133091575,-2.220727259758303,-0.2516986535508545,train
2021-10-05,-2.4412845119355677,-2.177844816021663,-0.2634396959139047,train
2021-10-06,-2.4387317321496735,-2.2565421648446464,-0.1821895673050271,train
2021-10-07,-2.427750106185213,-2.1394438992630405,-0.2883062069221727,train
2021-10-08,-2.4077286398580036,-2.251549671321489,-0.1561789685365147,train
2021-10-11,-2.3902376680025728,-2.252372918269893,-0.13786474973267993,train
2021-10-12,-2.3293024690748805,-2.3210987112970183,-0.008203757777862197,train
2021-10-13,-2.3059131154178276,-2.308766810197088,0.0028536947792603407,train
2021-10-14,-2.3074387019505433,-2.305012225293098,-0.002426476657445331,train
2021-10-15,-2.2656025594288374,-2.3069198264829813,0.04131726705414396,train
2021-10-18,-2.2185748594057375,-2.344722988452395,0.1261481290466575,train
2021-10-19,-2.170876375318461,-2.275150093062545,0.10427371774408378,train
2021-10-20,-2.152434266206463,-2.2614634888200387,0.10902922261357562,train
2021-10-21,-2.084787640927221,-2.321822734341184,0.2370350934139629,train
2021-10-22,-2.0247080514980222,-2.3198762459042186,0.29516819440619635,train
2021-10-25,-2.0032162439486614,-2.3597119238029087,0.35649567985424735,train
2021-10-26,-1.9582989829169768,-2.3239484251433424,0.36564944222636564,train
2021-10-27,-1.9639282682476795,-2.371074887372461,0.40714661912478145,train
2021-10-28,-1.9148508574267253,-2.2955311424885054,0.3806802850617801,train
2021-10-29,-1.934450116932375,-2.2024557548302783,0.26800563789790344,train
2021-11-01,-1.8938966144463159,-2.1603667111143365,0.2664700966680207,train
2021-11-02,-1.8512510996903222,-2.225703413297828,0.37445231360750597,train
2021-11-03,-1.8368683077414958,-2.164456450752014,0.3275881430105181,train
2021-11-04,-1.8205365363231072,-2.1101398453804308,0.28960330905732357,train
2021-11-05,-1.8127956695752816,-2.1778733675094406,0.365077697934159,train
2021-11-08,-1.811259503402236,-2.167549044115775,0.35628954071353913,train
2021-11-09,-1.7983935619968603,-2.1479887555127455,0.3495951935158852,train
2021-11-10,-1.8035732494533532,-2.0988830905939238,0.2953098411405706,train
2021-11-11,-1.7933642944922588,-2.0054276243315816,0.21206332983932286,train
2021-11-12,-1.7912851573514523,-2.0091696683844114,0.21788451103295903,train
2021-11-15,-1.7909266606762186,-2.0750578999479954,0.28413123927177675,train
2021-11-16,-1.7767868360036048,-2.1474846681637167,0.370697832160112,train
2021-11-17,-1.7693085171367764,-1.941084763231387,0.17177624609461062,train
2021-11-18,-1.794576306736139,-1.9561785990727958,0.16160229233665668,train
2021-11-19,-1.7944202379169096,-1.945345107448523,0.15092486953161344,train
2021-11-22,-1.8408349943646733,-1.757338127994612,-0.08349686637006126,train
2021-11-23,-1.86755853573899,-1.753340026889997,-0.1142185088489931,train
2021-11-24,-1.871908300345978,-1.8014920845619964,-0.0704162157839816,train
2021-11-25,-1.9146429575662174,-1.762640653919798,-0.1520023036464193,train
2021-11-26,-1.8923959925789107,-1.8911706362609095,-0.0012253563180011362,train
2021-11-29,-1.9418093348302876,-1.7225686775069442,-0.2192406573233434,train
2021-11-30,-1.9464614642901987,-1.8395011221068858,-0.10696034218331296,train
2021-12-01,-1.9846814922471956,-1.661447149814693,-0.3232343424325026,train
2021-12-02,-1.9932730742043967,-1.6873028402942412,-0.30597023391015554,train
2021-12-03,-1.9737057654710797,-1.6871815023573897,-0.28652426311368995,train
2021-12-06,-1.9980452823152606,-1.6471433703080267,-0.35090191200723386,train
2021-12-07,-1.9805959928174965,-1.7099505446817644,-0.2706454481357321,train
2021-12-08,-1.9681244729129275,-1.7886055055374375,-0.17951896737549,train
2021-12-09,-1.969428158743065,-1.7987328518003245,-0.1706953069427406,train
2021-12-10,-1.9602608077385404,-1.8249674854720526,-0.13529332226648783,train
2021-12-13,-2.001100798799108,-1.8655156470797585,-0.13558515171934937,train
2021-12-14,-1.9942904562183872,-1.7803257589268249,-0.2139646972915623,train
2021-12-15,-1.9726721470622997,-1.8499307340676743,-0.12274141299462538,train
2021-12-16,-1.9936596052099989,-1.759515945974356,-0.23414365923564295,train
2021-12-17,-2.030525643525643,-1.7510633810779712,-0.2794622624476717,train
2021-12-20,-2.0235343017773273,-1.7705398589407948,-0.2529944428365325,train
2021-12-21,-2.0339335953984405,-1.7691764296034087,-0.26475716579503183,train
2021-12-22,-2.0265587312135875,-1.8173807009731242,-0.20917803024046333,train
2021-12-23,-2.0422632728911068,-1.8363612442374264,-0.20590202865368035,train
2021-12-24,-2.0337981229539976,-1.9040276660122335,-0.12977045694176415,train
2021-12-27,-2.0260904048180435,-2.013678988933169,-0.012411415884874266,train
2021-12-28,-2.0083981019761086,-1.976722175556053,-0.03167592642005568,train
2021-12-29,-1.9742767111060173,-2.022592651345487,0.0483159402394695,train
2021-12-30,-1.9519328484176564,-2.001602169840058,0.04966932142240177,train
2021-12-31,-1.9545376554946363,-1.9461872005508836,-0.00835045494375275,train
2022-01-03,-1.9589232469206055,-1.8530883345760065,-0.10583491234459896,train
2022-01-04,-1.9778222442533826,-1.8164426382719139,-0.16137960598146872,train
2022-01-05,-1.919394825576061,-1.8212576584077016,-0.0981371671683593,train
2022-01-06,-1.8849029342577261,-1.8429977149881394,-0.04190521926958679,train
2022-01-07,-1.887740523190985,-1.793852199378775,-0.0938883238122099,train
2022-01-10,-1.8821241004415845,-1.9027312446415539,0.02060714419996934,train
2022-01-11,-1.888602646221617,-1.887186255984987,-0.001416390236629983,train
2022-01-12,-1.818343017978645,-1.8995718266168908,0.08122880863824578,train
2022-01-13,-1.7772529441512068,-1.9849870709546158,0.20773412680340897,train
2022-01-14,-1.7497130376899441,-1.8638128311348998,0.11409979344495569,train
2022-01-17,-1.7297998025983197,-1.9319064840566469,0.20210668145832722,train
2022-01-18,-1.716805244115002,-1.9584093099641793,0.24160406584917737,train
2022-01-19,-1.676787761506855,-1.8885522786264073,0.21176451711955235,train
2022-01-20,-1.664058669440829,-1.9323679034327976,0.2683092339919686,train
2022-01-21,-1.6477265899505573,-1.9513165544903834,0.3035899645398261,train
2022-01-24,-1.6057299596026646,-1.9875664849705776,0.381836525367913,train
2022-01-25,-1.6063895254912155,-1.9460358134355749,0.33964628794435936,train
2022-01-26,-1.5128982693832398,-1.992841912365475,0.47994364298223524,train
2022-01-27,-1.4675758131214212,-2.0037539842789376,0.5361781711575164,train
2022-01-28,-1.419143006021206,-1.8760434353463933,0.45690042932518726,train
2022-01-31,-1.391018692162243,-1.809057286953918,0.41803859479167516,train
2022-02-01,-1.332652977791087,-1.8088790838482995,0.4762261060572126,train
2022-02-02,-1.3140812896888823,-1.7523618391137257,0.4382805494248434,train
2022-02-03,-1.2505829575891636,-1.8284465202394347,0.5778635626502711,train
2022-02-04,-1.221723488224447,-1.6119965309917355,0.39027304276728847,train
2022-02-07,-1.1825362014019296,-1.6200966829837578,0.43756048158182814,train
2022-02-08,-1.1294836496081926,-1.6684590824792576,0.538975432871065,train
2022-02-09,-1.049292929644389,-1.6993048645782962,0.6500119349339073,train
2022-02-10,-0.9917110822329337,-1.7020412979819854,0.7103302157490518,train
2022-02-11,-1.016969048469726,-1.5662861734261906,0.5493171249564646,train
2022-02-14,-1.008778899922537,-1.5657009673150717,0.5569220673925346,train
2022-02-15,-0.9687133382026203,-1.5433444016423967,0.5746310634397764,train
2022-02-16,-0.9522943151837133,-1.5657197864501715,0.6134254712664582,train
2022-02-17,-0.9284034170408447,-1.5616545247780735,0.6332511077372288,train
2022-02-18,-0.9565846250458109,-1.4856890802810057,0.5291044552351948,train
2022-02-21,-0.9335317164221236,-1.6571468161984222,0.7236150997762986,train
2022-02-22,-0.9268107865615004,-1.6215326965703956,0.6947219100088952,train
2022-02-23,-0.9329619840997836,-1.5377666766104854,0.6048046925107018,train
2022-02-24,-0.9123229440262687,-1.645742240700133,0.7334192966738643,train
2022-02-25,-0.9584449706186864,-1.328425976314363,0.3699810056956767,train
2022-02-28,-0.9305543549652877,-1.3263266074325393,0.39577225246725156,train
2022-03-01,-0.9630340980883081,-1.1912512125978765,0.2282171145095684,train
2022-03-02,-0.9621166981454841,-1.2043458965547218,0.24222919840923773,train
2022-03-03,-1.0029879374510442,-1.049562411903433,0.046574474452388825,train
2022-03-04,-1.0340665430282943,-1.1972610152363705,0.16319447220807626,train
2022-03-07,-1.0863415414748723,-1.0830296847435612,-0.003311856731311069,train
2022-03-08,-1.1504162825934994,-0.9621470887526271,-0.18826919384087226,train
2022-03-09,-1.2047458720928186,-0.92551807509369,-0.2792277969991286,train
2022-03-10,-1.253948740667834,-0.9563590811323719,-0.2975896595354621,train
2022-03-11,-1.318522873564875,-0.8018978910916303,-0.5166249824732447,train
2022-03-14,-1.3399263144014242,-0.8803688557934355,-0.4595574586079887,train
2022-03-15,-1.3625866337993937,-0.9698301763280791,-0.3927564574713146,train
2022-03-16,-1.3453013629925066,-0.9978256799237895,-0.3474756830687171,train
2022-03-17,-1.4554593517634182,-0.9051892779888104,-0.5502700737746078,train
2022-03-18,-1.4926087502938339,-1.0675031426627326,-0.4251056076311013,train
2022-03-21,-1.4937121279335557,-1.112331574326788,-0.3813805536067676,train
2022-03-22,-1.4834481334360772,-1.1568807291105763,-0.3265674043255009,train
2022-03-23,-1.4697157709118096,-1.1636279385282948,-0.3060878323835148,train
2022-03-24,-1.458331731351619,-1.2531775224286998,-0.20515420892291925,train
2022-03-25,-1.4322153180724562,-1.308082439073131,-0.12413287899932524,train
2022-03-28,-1.4245095702043828,-1.2663138777087761,-0.15819569249560672,train
2022-03-29,-1.4062289924689766,-1.2598439426699213,-0.1463850497990553,train
2022-03-30,-1.4084797439774819,-1.0449747095103015,-0.3635050344671804,train
2022-03-31,-1.3895452542300166,-1.142366489317289,-0.24717876491272772,train
2022-04-01,-1.394491799968395,-1.098486877836699,-0.29600492213169605,train
2022-04-04,-1.3806649861290359,-1.1447998203118575,-0.23586516581717842,train
2022-04-05,-1.3048424826642762,-1.2426084481384367,-0.06223403452583942,train
2022-04-06,-1.2503910469762198,-1.3707128701831661,0.12032182320694629,train
2022-04-07,-1.1941455076052505,-1.3642949027985436,0.17014939519329308,train
2022-04-08,-1.1704581368343143,-1.392487383636915,0.2220292468026006,train
2022-04-11,-1.1494158542995359,-1.4632393172844553,0.3138234629849195,train
2022-04-12,-1.1248023318731162,-1.4352712481122323,0.3104689162391161,train
2022-04-13,-1.0864104416841218,-1.4144776232248666,0.32806718154074477,train
2022-04-14,-1.0622552040293705,-1.4566365010184428,0.3943812969890723,train
2022-04-15,-1.0979902968398012,-1.2826259858443485,0.1846356890045473,train
2022-04-18,-1.008176158636607,-1.8072786715459412,0.7991025129093343,train
2022-04-19,-0.9732945114895358,-1.567301510774295,0.5940069992847591,train
2022-04-20,-0.9438674422331957,-1.539622261206448,0.5957548189732523,train
2022-04-21,-0.9426094053100953,-1.5048300195094377,0.5622206141993424,train
2022-04-22,-0.9290047240863537,-1.5296529274041997,0.600648203317846,train
2022-04-25,-0.899710563815765,-1.4415441399072746,0.5418335760915096,train
2022-04-26,-0.9127201072820076,-1.3527179115936674,0.4399978043116598,train
2022-04-27,-0.911554924064788,-1.364313841227764,0.452758917162976,train
2022-04-28,-0.9258437003886105,-1.2584918171549142,0.3326481167663037,train
2022-04-29,-0.9840336510627459,-1.1561418223713273,0.17210817130858147,train
2022-05-02,-0.985161093588009,-1.1637645909330572,0.1786034973450482,train
2022-05-03,-0.989028044151005,-1.2090593163078558,0.2200312721568508,train
2022-05-04,-1.0097456025341773,-1.1913410487722962,0.18159544623811885,train
2022-05-05,-1.0717063812220073,-1.0411272445714965,-0.03057913665051082,train
2022-05-06,-1.1145793553135093,-1.0674815368662833,-0.047097818447225936,train
2022-05-09,-1.1729350560708687,-0.9648520088931543,-0.20808304717771442,train
2022-05-10,-1.2024013930978612,-1.0157043413977045,-0.1866970517001567,train
2022-05-11,-1.1605192054844113,-1.0472025252460366,-0.11331668023837471,train
2022-05-12,-1.147138336174077,-1.0671624792253223,-0.07997585694875475,train
2022-05-13,-1.1590638645134044,-0.9851577297876007,-0.17390613472580363,train
2022-05-16,-1.1488951678923731,-1.098269305030183,-0.05062586286219006,train
2022-05-17,-1.0871077968180751,-1.1435641158071501,0.056456318989074994,train
2022-05-18,-1.0594488448533368,-1.0739353454920448,0.014486500638708044,train
2022-05-19,-1.033713173357687,-1.0882860280848525,0.054572854727165554,train
2022-05-20,-1.059458214808972,-1.0602948791232176,0.000836664314245672,train
2022-05-23,-1.0574287502958482,-1.1116160067766567,0.05418725648080858,train
2022-05-24,-1.0662746080621561,-1.0464494358731573,-0.01982517218899882,train
2022-05-25,-1.060305923207256,-1.031847725654294,-0.028458197552962083,train
2022-05-26,-1.053296283188407,-1.057381763920563,0.004085480732155977,train
2022-05-27,-1.0576765956830898,-1.1076222966958444,0.04994570101275464,train
2022-05-30,-1.0623905482912568,-1.0894322983416544,0.02704175005039766,train
2022-05-31,-1.0415912568677363,-1.197628743732296,0.15603748686455976,train
2022-06-01,-1.0446037492763225,-1.1450184062613522,0.10041465698502972,train
2022-06-02,-1.0387987531635603,-1.175722237777516,0.13692348461395576,train
2022-06-03,-1.0445478981530945,-1.2269701867440386,0.18242228859094411,train
2022-06-06,-1.002063771254983,-1.3446485832703197,0.34258481201533675,train
2022-06-07,-0.9586791683197972,-1.302440720687378,0.3437615523675809,train
2022-06-08,-0.9294491691078236,-1.3566248724987318,0.42717570339090816,train
2022-06-09,-0.8784486176896195,-1.3965549397479962,0.5181063220583767,train
2022-06-10,-0.9116647241914267,-1.153600531822963,0.24193580763153621,train
2022-06-13,-0.917607881784414,-1.1827853107404218,0.2651774289560078,train
2022-06-14,-0.8777373083361835,-1.0968127599622324,0.2190754516260489,train
2022-06-15,-0.8494416618234087,-1.0732347146122037,0.2237930527887949,train
2022-06-16,-0.8882518222148935,-0.8272653348328647,-0.06098648738202883,train
2022-06-17,-0.9249776788876862,-0.8528374446388327,-0.07214023424885352,train
2022-06-20,-0.916122330680386,-0.890084192734999,-0.026038137945387008,train
2022-06-21,-0.87700394467268,-1.029965870187037,0.15296192551435694,train
2022-06-22,-0.8196037609782998,-1.0291274940717576,0.20952373309345784,train
2022-06-23,-0.78905470561498,-1.1025894459815717,0.3135347403665917,train
2022-06-24,-0.8039055968432806,-1.0553287911160365,0.25142319427275595,train
2022-06-27,-0.7947675697885264,-1.155596788892975,0.36082921910444865,train
2022-06-28,-0.7416764431816908,-1.1674877067850455,0.42581126360335475,train
2022-06-29,-0.701422747703937,-1.1607185886258264,0.45929584092188946,train
2022-06-30,-0.6702082958237413,-1.1488632508709777,0.47865495504723643,train
2022-07-01,-0.6732692863336637,-1.1511327094770292,0.4778634231433655,train
2022-07-04,-0.6581549916198336,-1.1350365772511712,0.47688158563133765,train
2022-07-05,-0.6213035757195582,-1.2571630525724868,0.6358594768529287,train
2022-07-06,-0.6391277633626952,-1.075323702622292,0.43619593925959677,train
2022-07-07,-0.6390488125047897,-1.0142733723066804,0.3752245598018906,train
2022-07-08,-0.6626891466865061,-1.0270904434202266,0.36440129673372046,train
2022-07-11,-0.7206351506178605,-0.9169898369727092,0.19635468635484865,train
2022-07-12,-0.6886440738231119,-0.9508525698018948,0.26220849597878293,train
2022-07-13,-0.706094102981189,-0.9529031747559047,0.24680907177471567,train
2022-07-14,-0.7710453859153641,-0.7628674370135335,-0.008177948901830545,train
2022-07-15,-0.8236480654667712,-0.7879356329808886,-0.03571243248588252,train
2022-07-18,-0.8468804505790282,-0.8953812953951288,0.04850084481610062,train
2022-07-19,-0.8523750936423251,-0.9209242457180491,0.06854915207572398,train
2022-07-20,-0.8886455506642981,-0.8239279037995871,-0.06471764686471093,train
2022-07-21,-0.9301832747305343,-0.8754741193969078,-0.054709155333626525,train
2022-07-22,-0.9870103404777716,-0.7539856324966361,-0.2330247079811355,train
2022-07-25,-0.9968511778299667,-0.7863826572055649,-0.2104685206244018,train
2022-07-26,-0.9948498358786083,-0.8477546191711844,-0.14709521670742387,train
2022-07-27,-0.9936468670440753,-0.833710387208366,-0.15993647983570936,train
2022-07-28,-0.9886472608555831,-0.746917735909163,-0.24172952494642008,train
2022-07-29,-1.0067680475173497,-0.7520770153358517,-0.254691032181498,train
2022-08-01,-1.0133237085559232,-0.7537922197573568,-0.25953148879856647,train
2022-08-02,-0.9993157708445547,-0.8180788667424287,-0.181236904102126,train
2022-08-03,-1.0002869133932644,-0.7704875258945891,-0.22979938749867523,train
2022-08-04,-0.9923595100404718,-0.8186541916502471,-0.17370531839022474,train
2022-08-05,-0.9867359119235727,-0.8872204531470123,-0.09951545877656043,train
2022-08-08,-0.9921890079691074,-0.9503981155701084,-0.04179089239899891,train
2022-08-09,-0.9633789123486298,-0.9657695912735029,0.002390678924873102,train
2022-08-10,-0.901363004589082,-1.1069027849398343,0.20553978035075227,train
2022-08-11,-0.9162059996237022,-0.9186408633578775,0.002434863734175341,train
2022-08-12,-0.8828408425449367,-0.9961006610603795,0.11325981851544287,train
2022-08-15,-0.8129355499111829,-1.118080524727419,0.30514497481623615,train
2022-08-16,-0.7869587112512029,-1.1109013041962619,0.323942592945059,train
2022-08-17,-0.7906477318244562,-1.0790885686348164,0.28844083681036015,train
2022-08-18,-0.7741987413734503,-1.1296632538354943,0.3554645124620439,train
2022-08-19,-0.7773359928807362,-1.145378889906002,0.3680428970252658,train
2022-08-22,-0.7574654016827886,-1.2028577374046394,0.4453923357218508,train
2022-08-23,-0.6997883714077754,-1.1911811298118802,0.4913927584041048,train
2022-08-24,-0.6933006627398468,-1.0929634884706159,0.39966282573076906,train
2022-08-25,-0.6691146315246372,-1.127939114901302,0.4588244833766648,train
2022-08-26,-0.592645645368044,-1.0595058162652988,0.46686017089725484,train
2022-08-29,-0.5978391882745749,-0.9061137149092995,0.30827452663472454,train
2022-08-30,-0.5526045670726908,-0.9522199322662663,0.39961536519357554,train
2022-08-31,-0.5207373832321746,-0.9367427697173407,0.41600538648516616,train
2022-09-01,-0.49703286341975733,-0.9223275902496977,0.42529472682994035,train
2022-09-02,-0.4751556289048901,-0.9510065748178462,0.4758509459129561,train
2022-09-05,-0.4691447585029064,-0.9654679874731105,0.4963232289702041,train
2022-09-06,-0.450878228074753,-0.9934452771353737,0.5425670490606207,train
2022-09-07,-0.4449551626332912,-0.9780092805087398,0.5330541178754487,train
2022-09-08,-0.4324197814511375,-0.9664233255839164,0.5340035441327788,train
2022-09-09,-0.4451566758319791,-0.8724767442614272,0.4273200684294481,train
2022-09-12,-0.4448959577875506,-0.9073084726553468,0.46241251486779616,train
2022-09-13,-0.442318907752256,-0.8519886620046214,0.4096697542523654,train
2022-09-14,-0.4273157310010525,-0.6323943466313731,0.20507861563032054,train
2022-09-15,-0.39901260973543756,-0.8052416400608795,0.40622903032544194,train
2022-09-16,-0.3638672901202703,-0.9234424319980223,0.559575141877752,train
2022-09-19,-0.35705126637842205,-0.8633121815186419,0.5062609151402198,train
2022-09-20,-0.3342785209145649,-0.9749121557339583,0.6406336348193934,train
2022-09-21,-0.31153877014181397,-1.0042617088086552,0.6927229386668412,train
2022-09-22,-0.30581083043427637,-0.8030522213988411,0.49724139096456477,train
2022-09-23,-0.2876983651400215,-0.8080322653826748,0.5203339002426532,train
2022-09-26,-0.30755214889448096,-0.7574735429012144,0.4499213940067334,train
2022-09-27,-0.37851336829687415,-0.36087114383488017,-0.017642224461993983,train
2022-09-28,-0.38488637951511095,-0.5430822546765585,0.1581958751614475,train
2022-09-29,-0.4283983156980172,-0.4519169553767455,0.023518639678728304,train
2022-09-30,-0.47834169875272575,-0.4206297797945507,-0.05771191895817507,train
2022-10-03,-0.5122714003451235,-0.4280756355087771,-0.08419576483634644,train
2022-10-04,-0.4970108607300964,-0.4973783416662244,0.00036748093612798405,train
2022-10-05,-0.5104279713294005,-0.5462675085651373,0.03583953723573674,train
2022-10-06,-0.4973189457203783,-0.6011005718503287,0.1037816261299504,train
2022-10-07,-0.4911007168855535,-0.6385252214844971,0.14742450459894357,train
2022-10-10,-0.5094515575964609,-0.6428419131173688,0.13339035552090794,train
2022-10-11,-0.5085160258844865,-0.6892364282846642,0.18072040240017773,train
2022-10-12,-0.4398046754786895,-0.6807275166233809,0.24092284114469142,train
2022-10-13,-0.4437155501536628,-0.6649530475402818,0.22123749738661902,train
2022-10-14,-0.49145827881368204,-0.3593738073723901,-0.13208447144129193,train
2022-10-17,-0.4549445813620833,-0.5320998271795447,0.07715524581746142,train
2022-10-18,-0.4466860929098119,-0.5492372993539216,0.1025512064441097,train
2022-10-19,-0.4489127101024586,-0.5485686857835123,0.09965597568105367,train
2022-10-20,-0.45558064491657896,-0.5888910816986417,0.13331043678206272,train
2022-10-21,-0.4774749724166758,-0.618589444325186,0.14111447190851023,train
2022-10-24,-0.5409374282190528,-0.5054163144069732,-0.03552111381207956,train
2022-10-25,-0.5706966626677655,-0.4969785500764179,-0.07371811259134764,train
2022-10-26,-0.5929116265556161,-0.5999033714696984,0.006991744914082276,train
2022-10-27,-0.6188224635886691,-0.6071059776943674,-0.011716485894301742,train
2022-10-28,-0.6304007245607817,-0.5695869011371764,-0.06081382342360531,train
2022-10-31,-0.6222944136661064,-0.6855675871091282,0.06327317344302186,train
2022-11-01,-0.5898198980175164,-0.7854552318350275,0.19563533381751108,train
2022-11-02,-0.5622235405750122,-0.8191248484108442,0.256901307835832,train
2022-11-03,-0.5642964760935609,-0.607839570634381,0.04354309454082006,train
2022-11-04,-0.5532954742158652,-0.7620463273568847,0.2087508531410195,train
2022-11-07,-0.5869393535476254,-0.6658766995460569,0.0789373459984315,train
2022-11-08,-0.602172288740531,-0.662660656974212,0.06048836823368098,train
2022-11-09,-0.6214118045071113,-0.7213865557667744,0.09997475125966304,train
2022-11-10,-0.6465447949355901,-0.7292685686375115,0.08272377370192141,train
2022-11-11,-0.7479818809992984,-0.210861411180764,-0.5371204698185343,train
2022-11-14,-0.7353138867811847,-0.5855058687335692,-0.14980801804761545,train
2022-11-15,-0.7342626059723597,-0.6033640778387197,-0.13089852813364,train
2022-11-16,-0.7719891724229373,-0.3513280017752694,-0.4206611706476679,train
2022-11-17,-0.802132741950209,-0.4764797489865471,-0.3256529929636619,train
2022-11-18,-0.8253464099945863,-0.6127065355604043,-0.21263987443418197,train
2022-11-21,-0.8106940962355296,-0.6656666944902095,-0.14502740174532003,train
2022-11-22,-0.8245748392863154,-0.7178506812397706,-0.10672415804654478,train
2022-11-23,-0.8204186800527699,-0.8813569515232664,0.060938271470496574,train
2022-11-24,-0.8537799610045856,-0.8748225466609264,0.021042585656340762,train
2022-11-25,-0.9120166287630415,-0.9572889280410904,0.04527229927804899,train
2022-11-28,-0.926661464743401,-0.9806871062501099,0.054025641506708855,train
2022-11-29,-0.9745065225556608,-0.896008214790871,-0.07849830776478983,train
2022-11-30,-1.0204869433633497,-0.8497314715239479,-0.17075547183940176,train
2022-12-01,-1.052494225630964,-0.7780976620306551,-0.27439656360030884,train
2022-12-02,-1.1051369025577547,-0.7014400123474535,-0.4036968902103012,train
2022-12-05,-1.138088506987909,-0.5696459342180084,-0.5684425727699006,train
2022-12-06,-1.1497366242781555,-0.6624190719682019,-0.48731755230995355,train
2022-12-07,-1.1461740696440321,-0.734955011806283,-0.41121905783774915,train
2022-12-08,-1.1260781929773234,-0.7595938349485392,-0.3664843580287842,train
2022-12-09,-1.123234819341672,-0.8829899893537945,-0.24024482998787744,train
2022-12-12,-1.1361038110541009,-0.958720514246377,-0.1773832968077238,train
2022-12-13,-1.1398447814061605,-1.0536464195805253,-0.08619836182563523,train
2022-12-14,-1.1439696007513984,-0.8972160625702643,-0.2467535381811341,train
2022-12-15,-1.1763604141263784,-0.8950494328905907,-0.2813109812357877,train
2022-12-16,-1.2426218377950062,-0.8269431442801543,-0.415678693514852,train
2022-12-19,-1.2343225314162845,-0.9095824256878793,-0.32474010572840517,train
2022-12-20,-1.2133139355118792,-0.9288562655193385,-0.28445766999254063,train
2022-12-21,-1.243702154337216,-0.8879102821193672,-0.3557918722178488,train
2022-12-22,-1.2516905513670329,-1.0135808638131114,-0.23810968755392148,train
2022-12-23,-1.257649218292874,-1.0684988785524359,-0.18915033974043816,train
2022-12-26,-1.2563948759391126,-1.1360185332997519,-0.1203763426393607,train
2022-12-27,-1.198511611394716,-1.423374806042594,0.22486319464787785,train
2022-12-28,-1.1926328187535777,-1.2910875192400941,0.09845470048651639,train
2022-12-29,-1.1803754141860348,-1.3555139963239116,0.1751385821378768,train
2022-12-30,-1.1824987536189835,-1.4095304745905426,0.2270317209715591,train
2023-01-02,-1.2010469222011564,-1.303729439363702,0.10268251716254562,train
2023-01-03,-1.1786201847678253,-1.3331818023756885,0.15456161760786324,train
2023-01-04,-1.1709926580401697,-1.1772794442775396,0.00628678623736989,train
2023-01-05,-1.140691980558977,-1.1764251690102463,0.03573318845126927,train
2023-01-06,-1.1651739619540822,-1.126905309354459,-0.0382686525996232,train
2023-01-09,-1.180974012102314,-1.0311749585069627,-0.14979905359535128,train
2023-01-10,-1.1874447483343404,-1.0922980999407015,-0.09514664839363896,train
2023-01-11,-1.1913042438018855,-1.1853282607154725,-0.005975983086413006,train
2023-01-12,-1.1922690610632172,-1.2157742603961257,0.02350519933290851,train
2023-01-13,-1.2530372862409365,-1.0569558252753166,-0.19608146096561985,train
2023-01-16,-1.2225755726799796,-1.206901213789381,-0.01567435889059854,train
2023-01-17,-1.2010730735012294,-1.3129181322614905,0.11184505876026107,train
2023-01-18,-1.2301489210568255,-1.1990440156017605,-0.031104905455064946,train
2023-01-19,-1.2569835379932166,-1.1187127303680795,-0.1382708076251371,train
2023-01-20,-1.310134492105085,-1.2521064064892242,-0.058028085615860814,train
2023-01-23,-1.2960108515723563,-1.3002465088811255,0.004235657308769181,train
2023-01-24,-1.3106851540081914,-1.2604187366238926,-0.05026641738429882,train
2023-01-25,-1.3363404918247872,-1.3308991326802386,-0.005441359144548574,train
2023-01-26,-1.3521582357021091,-1.3121261142451122,-0.04003212145699697,train
2023-01-27,-1.361946135253518,-1.328828200374549,-0.03311793487896897,train
2023-01-30,-1.353224709385478,-1.329295416410479,-0.023929292974998795,train
2023-01-31,-1.3360839201872847,-1.362495972871916,0.026412052684631204,train
2023-02-01,-1.3445019154993547,-1.359490317776344,0.014988402276989277,train
2023-02-02,-1.3840142130528579,-1.3457577312951272,-0.038256481757730665,train
2023-02-03,-1.4258873420259268,-1.1500535925407998,-0.27583374948512707,train
2023-02-06,-1.4385499091730092,-1.0418296290457805,-0.3967202801272287,train
2023-02-07,-1.4679857560653495,-1.16639490479053,-0.30159085127481955,train
2023-02-08,-1.511101499343926,-1.064578701716456,-0.44652279762746994,train
2023-02-09,-1.4911667037440637,-1.1581977837984254,-0.33296891994563826,train
2023-02-10,-1.477426508255306,-1.2285163747753438,-0.24891013347996216,train
2023-02-13,-1.4114676672427986,-1.3167752939924673,-0.09469237325033131,train
2023-02-14,-1.3780863280477336,-1.361385217116658,-0.016701110931075513,train
2023-02-15,-1.4243476639623909,-1.218813066387766,-0.20553459757462478,train
2023-02-16,-1.4159281774431385,-1.2934125789650877,-0.12251559847805082,train
2023-02-17,-1.4315385987618727,-1.32484348915634,-0.10669510960553263,train
2023-02-20,-1.4025579885139805,-1.3020468964669303,-0.10051109204705022,train
2023-02-21,-1.3502616395380918,-1.532932857400364,0.18267121786227225,train
2023-02-22,-1.3706603677619549,-1.44640914621978,0.07574877845782502,train
2023-02-23,-1.3958951175336636,-1.5389697128921136,0.14307459535845002,train
2023-02-24,-1.3991850967761719,-1.5697982385636702,0.1706131417874983,train
2023-02-27,-1.3856210001742515,-1.5866226891822808,0.20100168900802928,train
2023-02-28,-1.3784322757398284,-1.6062069470353362,0.22777467129550777,train
2023-03-01,-1.402785453647728,-1.4932911784092733,0.09050572476154528,train
2023-03-02,-1.3690984462121745,-1.4390921128838574,0.06999366667168294,train
2023-03-03,-1.376687740857611,-1.4835038423127958,0.10681610145518472,train
2023-03-06,-1.3919615658076911,-1.5350665168985103,0.1431049510908191,train
2023-03-07,-1.4192893200156518,-1.5736629039563326,0.1543735839406808,train
2023-03-08,-1.4866885262520015,-1.3952992082518905,-0.09138931800011107,train
2023-03-09,-1.4286691543995742,-1.542167719904349,0.11349856550477488,train
2023-03-10,-1.4160815760305294,-1.5358748181228665,0.1197932420923371,train
2023-03-14,-1.4757049427088413,-1.4301568975800487,-0.045548045128792625,train
2023-03-15,-1.5045365010590188,-1.3998024119594679,-0.10473408909955095,train
2023-03-16,-1.5917189171529154,-1.173847444130283,-0.4178714730226323,train
2023-03-17,-1.6103889072119635,-1.240096155663362,-0.3702927515486014,train
2023-03-20,-1.6176061146794858,-1.2969300410034759,-0.3206760736760099,train
2023-03-21,-1.635452091333787,-1.249914588755598,-0.3855375025781891,train
2023-03-22,-1.6286964418955479,-1.4014896435741124,-0.22720679832143542,train
2023-03-23,-1.6520270694058916,-1.380929605372466,-0.2710974640334256,train
2023-03-27,-1.6604813354040118,-1.3597960693886586,-0.30068526601535317,train
2023-03-28,-1.643335446581665,-1.4098942394015834,-0.23344120718008154,train
2023-03-29,-1.6395428195261077,-1.5478988615539202,-0.0916439579721875,train
2023-03-30,-1.6396857370230256,-1.5426359580285676,-0.09704977899445799,train
2023-03-31,-1.6514460562936129,-1.606042535529256,-0.04540352076435683,train
2023-04-03,-1.6728364677047098,-1.5448462176004858,-0.12799025010422405,train
2023-04-04,-1.7118206194930041,-1.6209249410250055,-0.09089567846799862,train
2023-04-05,-1.7897741204276953,-1.4002276857460925,-0.3895464346816029,train
2023-04-06,-1.8069424373644174,-1.4432891406097799,-0.36365329675463753,train
2023-04-10,-1.8021675319851198,-1.5329177229982682,-0.2692498089868516,train
2023-04-11,-1.7717711903571784,-1.5996472577821506,-0.1721239325750279,train
2023-04-12,-1.7624955074660933,-1.614427071877121,-0.1480684355889723,train
2023-04-14,-1.787535055522431,-1.6336233806001694,-0.15391167492226154,train
2023-04-18,-1.8130708546046654,-1.6062601814671522,-0.20681067313751322,train
2023-04-19,-1.7878890187343877,-1.6164971454832275,-0.17139187325116012,train
2023-04-20,-1.7819948357110322,-1.6115431854493756,-0.17045165026165665,train
2023-04-21,-1.7828723753901756,-1.729272407220344,-0.05359996816983159,train
2023-04-25,-1.7978181834563811,-1.6573858343344714,-0.14043234912190972,train
2023-04-26,-1.8051017885168315,-1.7141001944802872,-0.09100159403654429,train
2023-04-27,-1.8336165486944025,-1.6486250933205016,-0.18499145537390094,train
2023-05-02,-1.8508140049500836,-1.6249298735729827,-0.22588413137710095,train
2023-05-03,-1.9168881000698983,-1.639312518838008,-0.2775755812318903,train
2023-05-05,-1.9190034520142996,-1.6364183975564996,-0.2825850544577999,train
2023-05-08,-1.912941543739706,-1.5448283948458292,-0.3681131488938767,train
2023-05-09,-1.8546481704865194,-1.7678114496823636,-0.08683672080415583,train
2023-05-10,-1.8451408632692632,-1.7162492929866024,-0.12889157028266074,train
2023-05-12,-1.890783650379152,-1.765345220539996,-0.12543842983915598,train
2023-05-15,-1.8673640597585652,-1.8693552526690034,0.0019911929104381443,train
2023-05-16,-1.8571778978059141,-1.9059079761345727,0.04873007832865861,train
2023-05-17,-1.8523766408786821,-1.8742920650411727,0.021915424162490593,train
2023-05-18,-1.8123258277659426,-1.9360460698245565,0.12372024205861387,train
2023-05-19,-1.8216589819210258,-1.9605358158579271,0.1388768339369013,train
2023-05-23,-1.8542117293617169,-1.8897716976000516,0.03555996823833474,train
2023-05-24,-1.842731765755112,-1.8144058893418384,-0.028325876413273665,train
2023-05-25,-1.840815844210023,-1.808742200995444,-0.03207364321457917,train
2023-05-30,-1.8350168346531162,-1.7619958618460938,-0.07302097280702236,train
2023-06-01,-1.8082432773509831,-1.6803795425408499,-0.12786373481013324,train
2023-06-02,-1.8256807672953457,-1.7647751777829743,-0.06090558951237135,train
2023-06-05,-1.8085056544395781,-1.779481863070318,-0.029023791369260143,train
2023-06-06,-1.818136237202747,-1.8959698340061417,0.07783359680339474,train
2023-06-07,-1.7897050642712697,-1.8211017276957835,0.03139666342451375,train
2023-06-08,-1.794727325596581,-1.8540574975761261,0.059330171979545154,train
2023-06-09,-1.7691165088114182,-1.974416591850329,0.20530008303891067,train
2023-06-13,-1.64977940783416,-1.9674395437443932,0.3176601359102331,train
2023-06-14,-1.6303222621847895,-1.9441869902291453,0.31386472804435583,train
2023-06-15,-1.6634619798342734,-1.9187111370034677,0.2552491571691944,train
2023-06-20,-1.707856438123636,-1.6511384720084998,-0.05671796611513624,train
2023-06-21,-1.691288768725343,-1.7814129415191866,0.09012417279384355,train
2023-06-23,-1.6376977330364717,-1.7881487868500066,0.15045105381353485,train
2023-06-26,-1.6341538667078739,-1.8234394304052937,0.18928556369741978,train
2023-06-28,-1.6230776931476847,-1.8601952252200133,0.23711753207232866,train
2023-06-30,-1.6214150426081877,-1.9129798086063448,0.29156476599815706,train
2023-07-03,-1.6560001291144701,-1.9495417187090474,0.2935415895945772,train
2023-07-05,-1.622801489528137,-1.855557020586886,0.23275553105874902,train
2023-07-06,-1.6050730696545479,-1.875140193690826,0.2700671240362782,train
2023-07-07,-1.621196426248118,-1.7776885321956,0.15649210594748197,train
2023-07-10,-1.629255692657857,-1.8006172828307527,0.17136159017289576,train
2023-07-12,-1.6345101132814024,-1.9546766783138199,0.32016656503241747,train
2023-07-13,-1.6761942500505462,-1.681798296122055,0.0056040460715087725,train
2023-07-18,-1.6766437815249928,-1.7128386848972517,0.036194903372258835,train
2023-07-20,-1.7123094247170314,-1.6613816282030793,-0.05092779651395207,train
2023-07-24,-1.7194062395075442,-1.7795793373537372,0.06017309784619296,train
2023-07-25,-1.7114267871628341,-1.7561717112091717,0.044744924046337564,train
2023-07-26,-1.7060886017582086,-1.8282871335530544,0.12219853179484574,train
2023-07-27,-1.6874765692237637,-1.752011569184347,0.06453499996058332,train
2023-07-28,-1.7980494265163514,-1.3354616067769145,-0.46258781973943686,train
2023-07-31,-1.79616362141373,-1.4312897044244584,-0.36487391698927163,train
2023-08-01,-1.7855304512474484,-1.553100774340719,-0.23242967690672933,train
2023-08-02,-1.7784821211851403,-1.540967380923116,-0.23751474026202435,train
2023-08-03,-1.7566308245073772,-1.4951388422925793,-0.26149198221479786,train
2023-08-04,-1.817726557095567,-1.550903020203066,-0.26682353689250093,train
2023-08-07,-1.8411112192726484,-1.5821962370029667,-0.2589149822696817,train
2023-08-08,-1.817174215565647,-1.6492033434343982,-0.16797087213124873,train
2023-08-09,-1.818357782201577,-1.6717531469204543,-0.14660463528112277,train
2023-08-10,-1.829883326015723,-1.7120255677915681,-0.1178577582241549,train
2023-08-11,-1.856469870441183,-1.6671195262453926,-0.18935034419579044,train
2023-08-14,-1.8717232361234408,-1.7681738951066266,-0.10354934101681423,train
2023-08-15,-1.8646771618125546,-1.6875451231543734,-0.17713203865818117,train
2023-08-16,-1.8447031528398101,-1.6338836540064732,-0.21081949883333695,train
2023-08-17,-1.839333078236136,-1.6485336863674551,-0.19079939186868078,train
2023-08-18,-1.8596256962037252,-1.7159152795681258,-0.14371041663559936,train
2023-08-21,-1.8724199181845327,-1.7316972600423843,-0.14072265814214835,train
2023-08-22,-1.8221092617793864,-1.8057838363199026,-0.01632542545948379,train
2023-08-23,-1.8039066639099417,-1.8127452436779936,0.008838579768051913,train
2023-08-24,-1.8094035369041415,-1.8260967257769165,0.016693188872775044,train
2023-08-25,-1.8149927567815103,-1.7707676087446642,-0.044225148036846074,train
2023-08-28,-1.8608206465505488,-1.636524832536634,-0.22429581401391485,train
2023-08-29,-1.826988492586121,-1.7744038902636663,-0.052584602322454765,train
2023-08-30,-1.835119486143278,-1.7370766967267681,-0.0980427894165099,train
2023-08-31,-1.8348597107183233,-1.7069506554211722,-0.12790905529715113,train
2023-09-01,-1.836942667210001,-1.653952869234812,-0.1829897979751891,train
2023-09-04,-1.84724187700427,-1.643149415067822,-0.20409246193644792,train
2023-09-05,-1.791892062689699,-1.808059986765038,0.016167924075338957,train
2023-09-06,-1.7840679081009463,-1.7578800499323775,-0.026187858168568834,train
2023-09-07,-1.7354810488434955,-1.8940232298952777,0.1585421810517822,train
2023-09-08,-1.721594182291583,-1.8290458870580428,0.10745170476645982,train
2023-09-11,-1.6967937169390177,-1.9138650258193022,0.21707130888028447,train
2023-09-12,-1.6739420950641388,-1.8528614017339926,0.17891930666985378,train
2023-09-13,-1.6450729169378453,-1.8592767098684417,0.21420379293059644,train
2023-09-14,-1.6509326483437712,-1.8528246753538076,0.2018920270100364,train
2023-09-15,-1.688083269276827,-1.7669939719238363,0.07891070264700928,train
2023-09-18,-1.669073870915178,-1.8361815565859272,0.16710768567074918,train
2023-09-19,-1.6376407460696172,-1.8284784846600228,0.19083773859040565,train
2023-09-20,-1.5779799867146471,-1.8828903300888424,0.3049103433741953,train
2023-09-21,-1.5994041052623684,-1.8715132933878178,0.2721091881254494,train
2023-09-22,-1.6069597171138605,-1.7441945530887062,0.13723483597484565,train
2023-09-25,-1.6247753330321644,-1.8119359747643562,0.18716064173219182,train
2023-09-26,-1.620925321069218,-1.7837513158208793,0.16282599475166126,train
2023-09-27,-1.6054214877500257,-1.7377475395800936,0.13232605183006796,train
2023-09-28,-1.5944032773956793,-1.7194666725683443,0.12506339517266496,train
2023-09-29,-1.621583582428414,-1.6742028163524956,0.05261923392408163,train
2023-10-02,-1.6041398532660347,-1.7445060967206456,0.1403662434546109,train
2023-10-03,-1.5986247802180662,-1.7056237966041947,0.10699901638612852,train
2023-10-04,-1.6234914369519435,-1.6698192457036085,0.04632780875166498,train
2023-10-05,-1.6097425318681469,-1.605108524606708,-0.004634007261438811,train
2023-10-06,-1.6308852886883756,-1.6424473913091069,0.011562102620731318,train
2023-10-09,-1.6981728786959913,-1.5117719145879183,-0.18640096410807305,train
2023-10-10,-1.712014415117946,-1.589707372760516,-0.12230704235742995,train
2023-10-11,-1.701790874334314,-1.571037436620011,-0.13075343771430292,train
2023-10-12,-1.714905970535253,-1.5820429047335718,-0.13286306580168117,train
2023-10-13,-1.7545416986719085,-1.6718631344968862,-0.08267856417502228,train
2023-10-16,-1.6986059328814187,-1.6295086283154523,-0.06909730456596641,train
2023-10-17,-1.6922778163194463,-1.6544279869837593,-0.037849829335687035,train
2023-10-18,-1.7037390989286456,-1.6844279660327093,-0.019311132895936334,train
2023-10-19,-1.7028431735514558,-1.6366346615535665,-0.06620851199788924,train
2023-10-20,-1.740966877479255,-1.5855801032228214,-0.15538677425643366,train
2023-10-23,-1.7562595948514856,-1.582461497663065,-0.17379809718842054,train
2023-10-24,-1.746277892986413,-1.5712478859500427,-0.17503000703637017,train
2023-10-25,-1.7861546009796152,-1.5764608004890044,-0.20969380049061082,train
2023-10-26,-1.789989568004397,-1.6523770828349384,-0.13761248516945845,train
2023-10-27,-1.8109647638359965,-1.6495054558819389,-0.1614593079540576,train
2023-10-30,-1.8217673757504174,-1.6189267532140494,-0.20284062253636792,train
2023-10-31,-1.8126263559676081,-1.6705853886969901,-0.142040967270618,train
2023-11-01,-1.817520207617134,-1.6214553694224907,-0.19606483819464327,train
2023-11-02,-1.8151382215351377,-1.5636776881261416,-0.2514605334089961,train
2023-11-03,-1.8106590240889682,-1.5940510705959485,-0.21660795349301964,train
2023-11-06,-1.8256785007853813,-1.6578112764455608,-0.1678672243398205,train
2023-11-07,-1.814028274937847,-1.6374177154718552,-0.1766105594659917,train
2023-11-08,-1.7984233382532724,-1.7013211083640605,-0.09710222988921191,train
2023-11-09,-1.7553326093410784,-1.7547456345294385,-0.0005869748116398288,train
2023-11-10,-1.781539011619618,-1.7528660035542714,-0.02867300806534656,train
2023-11-13,-1.7735351469147043,-1.7502639982531634,-0.023271148661540897,train
2023-11-14,-1.7111475855907299,-1.8025476136520822,0.09140002806135228,train
2023-11-15,-1.7320345325783555,-1.6359466562128437,-0.09608787636551175,train
2023-11-16,-1.710064286716568,-1.6375714521901537,-0.07249283452641442,train
2023-11-17,-1.734413385981304,-1.6832795586832647,-0.05113382729803928,train
2023-11-20,-1.7441421447994485,-1.635546566893607,-0.10859557790584162,train
2023-11-21,-1.7518029614436288,-1.6562429732554098,-0.09555998818821898,train
2023-11-22,-1.747881694389937,-1.7412718667313967,-0.006609827658540235,train
2023-11-23,-1.7592311994582401,-1.6999952621575694,-0.05923593730067078,train
2023-11-24,-1.7634636705742108,-1.9518471082675464,0.18838343769333554,train
2023-11-27,-1.752896716300224,-1.8646688222399148,0.11177210593969078,train
2023-11-28,-1.7195396365303437,-1.8665670441620135,0.14702740763166977,train
2023-11-29,-1.7254808895216909,-1.8168205128568051,0.09133962333511425,train
2023-11-30,-1.7309695764911164,-1.8395739811278546,0.10860440463673826,train
2023-12-01,-1.7433543048447442,-1.702029035837415,-0.041325269007329135,train
2023-12-04,-1.7703540494530003,-1.6724644570395713,-0.0978895924134291,train
2023-12-05,-1.7370215241898637,-1.6575994089319321,-0.07942211525793152,train
2023-12-06,-1.766988237852055,-1.7418240476356304,-0.025164190216424576,train
2023-12-07,-1.7672479529966048,-1.6865201137057644,-0.08072783929084038,train
2023-12-08,-1.7884235112421123,-1.6915620737553037,-0.09686143748680864,train
2023-12-11,-1.7950545105321962,-1.6625209589913044,-0.13253355154089186,train
2023-12-12,-1.7828567765974965,-1.7162402628723497,-0.06661651372514688,train
2023-12-13,-1.823192800609926,-1.7162461983488595,-0.10694660226106656,train
2023-12-14,-1.855215019170037,-1.6363974645478923,-0.2188175546221447,train
2023-12-15,-1.8944882364130478,-1.5047175906230947,-0.389770645789953,train
2023-12-18,-1.922191244486259,-1.5884208010630663,-0.33377044342319273,train
2023-12-19,-1.9227891078101387,-1.6332279191556387,-0.2895611886545,train
2023-12-20,-1.9326444478617462,-1.678957353849854,-0.25368709401189227,train
2023-12-21,-1.9333436717379227,-1.7317626092668092,-0.2015810624711134,train
2023-12-22,-1.9184624322387387,-1.7761613612004106,-0.14230107103832812,train
2023-12-26,-1.9075355858093568,-1.7736354604406546,-0.13390012536870222,train
2023-12-27,-1.878260007559632,-1.917369276728769,0.03910926916913682,train
2023-12-28,-1.8882204250221917,-1.871293258198453,-0.016927166823738737,train
2023-12-29,-1.9197749245981302,-1.7730445138960351,-0.14673041070209503,train
2024-01-02,-1.8829888063542404,-1.7595550308761938,-0.12343377547804657,test
2024-01-03,-1.8820908462312025,-1.7495109726551537,-0.13257987357604883,test
2024-01-04,-1.839214261135709,-1.705967058186184,-0.13324720294952486,test
2024-01-05,-1.8367395843109129,-1.7627396876897032,-0.07399989662120965,test
2024-01-08,-1.8959250212389234,-1.6550059639797627,-0.24091905725916063,test
2024-01-09,-1.9039486583445961,-1.7320055732261856,-0.1719430851184105,test
2024-01-10,-1.9288156639399163,-1.7106895858113158,-0.21812607812860052,test
2024-01-11,-1.9319589970348814,-1.8289462107625623,-0.10301278627231913,test
2024-01-12,-1.9882651930734203,-1.6834711192025635,-0.3047940738708568,test
2024-01-15,-1.9407496859554798,-1.782441844342379,-0.15830784161310074,test
2024-01-16,-1.9331791480046734,-1.8765603352712756,-0.05661881273339775,test
2024-01-17,-1.9671136569267247,-1.7859467053330702,-0.18116695159365448,test
2024-01-18,-1.9724877043364748,-1.7989117696311188,-0.17357593470535604,test
2024-01-19,-2.031753869937079,-1.846363815200815,-0.1853900547362639,test
2024-01-22,-2.037625309409503,-1.8989045406563387,-0.13872076875316441,test
2024-01-23,-2.0551257173783544,-1.8762601688366274,-0.17886554854172698,test
2024-01-24,-2.040806155593511,-1.902956823969151,-0.13784933162435986,test
2024-01-25,-2.083727927795157,-1.8525468787937358,-0.231181049001421,test
2024-01-26,-2.1335876400001124,-1.8510169203282105,-0.28257071967190184,test
2024-01-29,-2.168963628681112,-1.8066794762510754,-0.3622841524300364,test
2024-01-30,-2.1873181212072104,-1.8608221534895366,-0.32649596771767375,test
2024-01-31,-2.1873534109712853,-1.8669747427086083,-0.320378668262677,test
2024-02-01,-2.2462279627121804,-1.7558107303435766,-0.4904172323686038,test
2024-02-02,-2.2930313989467015,-1.7518237969539125,-0.541207601992789,test
2024-02-05,-2.372407519988062,-1.7066615835875707,-0.6657459364004912,test
2024-02-06,-2.405297506073914,-1.736323186073409,-0.6689743200005049,test
2024-02-07,-2.3945571410960005,-1.7477459793706513,-0.6468111617253491,test
2024-02-08,-2.372525343549991,-1.8654484869344223,-0.5070768566155688,test
2024-02-09,-2.3880890409713973,-1.9335842805328152,-0.4545047604385821,test
2024-02-12,-2.3945839237260804,-2.0359405799708954,-0.35864334375518503,test
2024-02-13,-2.4139795241908493,-2.0692148544621123,-0.344764669728737,test
2024-02-14,-2.4934006894684484,-1.9439583029296166,-0.5494423865388318,test
2024-02-15,-2.5147272243617835,-1.9534083197340553,-0.5613189046277283,test
2024-02-16,-2.5550763368990363,-2.0358555885388796,-0.5192207483601567,test
2024-02-19,-2.6007078853069774,-2.110587334812573,-0.4901205504944044,test
2024-02-20,-2.5312103175811935,-2.076757955972788,-0.45445236160840574,test
2024-02-21,-2.5268439090507915,-2.0902213328906862,-0.43662257616010525,test
2024-02-22,-2.5319751755733146,-2.1366286000337,-0.3953465755396146,test
2024-02-23,-2.578908344854494,-2.105425043384955,-0.473483301469539,test
2024-02-26,-2.5907293705916037,-2.144148888639344,-0.44658048195225986,test
2024-02-27,-2.6067788048921425,-2.1588026859752962,-0.4479761189168463,test
2024-02-28,-2.5890203903981486,-2.2051026662399433,-0.38391772415820524,test
2024-02-29,-2.606704126552281,-2.190374943622601,-0.4163291829296796,test
2024-03-01,-2.6127930656774043,-2.1699985236073864,-0.4427945420700179,test
2024-03-04,-2.6149939853343565,-2.203267201333214,-0.4117267840011425,test
2024-03-05,-2.594642010995247,-2.264888961688869,-0.32975304930637783,test
2024-03-06,-2.6048096457487806,-2.4983342030784597,-0.10647544267032094,test
2024-03-07,-2.5467918676820376,-2.299045519620077,-0.2477463480619604,test
2024-03-08,-2.579744308214872,-2.230598418521028,-0.34914588969384397,test
2024-03-11,-2.6213851883270647,-2.2333393340976695,-0.3880458542293952,test
2024-03-12,-2.5149813964392775,-2.2690835342649525,-0.24589786217432508,test
2024-03-13,-2.478876207795417,-2.3224109599892606,-0.15646524780615634,test
2024-03-14,-2.433915139334003,-2.2852550627792128,-0.14866007655479008,test
2024-03-15,-2.3994027166787233,-2.3183962569600594,-0.08100645971866394,test
2024-03-18,-2.3410553475629006,-2.4216836302593685,0.08062828269646793,test
2024-03-19,-2.279356569161679,-2.488198437590607,0.20884186842892793,test
2024-03-20,-2.246946800643627,-2.5242392023707976,0.27729240172717073,test
2024-03-21,-2.2524622182306766,-2.3902118881291505,0.13774966989847393,test
2024-03-22,-2.257394116632668,-2.357603081596337,0.10020896496366882,test
2024-03-25,-2.2001299273727475,-2.357189085472278,0.15705915809953064,test
2024-03-26,-2.1802013703953103,-2.404841959104697,0.22464058870938652,test
2024-03-27,-2.1403221619596104,-2.3521884632486385,0.21186630128902806,test
2024-03-28,-2.0996121341652585,-2.4793413414983516,0.3797292073330931,test
2024-03-29,-2.092179529290041,-2.4108899382096345,0.31871040891959357,test
2024-04-01,-2.032389980557489,-2.6135071925070514,0.5811172119495622,test
2024-04-02,-2.0005741156013825,-2.682679870951781,0.6821057553503986,test
2024-04-03,-1.9785568913678608,-2.4193024703488195,0.4407455789809587,test
2024-04-04,-1.922308030539069,-2.4345775425816565,0.5122695120425875,test
2024-04-05,-1.9398522600997858,-2.3604270640737175,0.42057480397393165,test
2024-04-08,-1.993924130321441,-2.334323284344803,0.3403991540233622,test
2024-04-09,-2.008764842195942,-2.315943767120105,0.307178924924163,test
2024-04-10,-1.9936260126838805,-2.349114180062636,0.35548816737875555,test
2024-04-11,-2.0948916476992214,-2.062202347196145,-0.03268930050307661,test
2024-04-12,-2.1570816690790475,-2.0539297497963127,-0.10315191928273482,test
2024-04-15,-2.177580969771318,-2.06396531081684,-0.11361565895447834,test
2024-04-16,-2.1820510485714824,-2.0362924262434334,-0.14575862232804893,test
2024-04-17,-2.234920349321776,-1.8322166183845394,-0.40270373093723677,test
2024-04-18,-2.2785204833648813,-1.9050527651788602,-0.3734677181860211,test
2024-04-19,-2.3155994917188543,-2.0110795940827972,-0.304519897636057,test
2024-04-22,-2.3620497017600366,-1.923020075351316,-0.43902962640872056,test
2024-04-23,-2.375754061446685,-2.0393374293187985,-0.33641663212788675,test
2024-04-24,-2.40510994091814,-2.0058364136926645,-0.39927352722547527,test
2024-04-25,-2.438890370038907,-2.0361789918381596,-0.4027113782007472,test
2024-04-26,-2.4847614680935446,-1.977451099522279,-0.5073103685712657,test
2024-04-29,-2.522986479754635,-1.993733834693142,-0.5292526450614932,test
2024-04-30,-2.5316976700785756,-1.9508917831312875,-0.5808058869472881,test
2024-05-01,-2.573858376686991,-1.971781364149232,-0.6020770125377588,test
2024-05-02,-2.6055589198646993,-1.8833749113089164,-0.7221840085557829,test
2024-05-03,-2.62674418826999,-1.845830587795254,-0.7809136004747357,test
2024-05-06,-2.692591118043811,-1.8865777067572171,-0.8060134112865938,test
2024-05-07,-2.663078785686813,-1.9254821485788796,-0.7375966371079334,test
2024-05-08,-2.6492259144675594,-1.982080183842758,-0.6671457306248014,test
2024-05-09,-2.555945556011903,-2.122056130071728,-0.4338894259401749,test
2024-05-10,-2.553008490994795,-2.3437521546547178,-0.20925633634007745,test
2024-05-13,-2.5323646524579546,-2.2916640742921404,-0.24070057816581425,test
2024-05-14,-2.441596295132339,-2.438604279893911,-0.0029920152384281806,test
2024-05-15,-2.418129896870378,-2.330420661038369,-0.08770923583200885,test
2024-05-16,-2.421261213814643,-2.3410539411178055,-0.0802072726968377,test
2024-05-17,-2.4060966767934415,-2.2540743016275444,-0.15202237516589712,test
2024-05-20,-2.379305699032955,-2.2766289375053885,-0.10267676152756655,test
2024-05-21,-2.369466533235551,-2.310790645990996,-0.05867588724455475,test
2024-05-22,-2.3528102066509256,-2.3978901561875827,0.04507994953665717,test
2024-05-23,-2.315336869502941,-2.3749272621063287,0.05959039260338761,test
2024-05-24,-2.3439726437350052,-2.4476181935322234,0.10364554979721818,test
2024-05-27,-2.3314884075589855,-2.4127272946088207,0.08123888704983528,test
2024-05-28,-2.304174113971433,-2.506069920711038,0.20189580673960528,test
2024-05-29,-2.2800040501280825,-2.463521201773463,0.1835171516453804,test
2024-05-30,-2.275261360352001,-2.4056824860437342,0.13042112569173314,test
2024-05-31,-2.2508384223785023,-2.4910808148852186,0.2402423925067163,test
2024-06-03,-2.262527847684356,-2.419961566491982,0.15743371880762602,test
2024-06-04,-2.258744196518555,-2.51618970490719,0.25744550838863534,test
2024-06-05,-2.292305751722592,-2.38336653810691,0.0910607863843178,test
2024-06-06,-2.2889729896223407,-2.575549042091046,0.2865760524687051,test
2024-06-07,-2.2920499850027554,-2.485830328637149,0.19378034363439367,test
2024-06-10,-2.377456054318654,-2.30191718047647,-0.07553887384218383,test
2024-06-11,-2.4206382320577626,-2.196938721114171,-0.22369951094359175,test
2024-06-12,-2.381808202988211,-2.205401377239463,-0.1764068257487481,test
2024-06-13,-2.4628918455865807,-2.092856225739688,-0.3700356198468926,test
2024-06-14,-2.496531330224968,-2.0934212149600953,-0.4031101152648726,test
2024-06-17,-2.532581579583726,-2.0266737685746494,-0.5059078110090764,test
2024-06-18,-2.5383767822265693,-2.0957416868950256,-0.44263509533154366,test
2024-06-19,-2.5689487201065906,-2.118144068583411,-0.4508046515231796,test
2024-06-20,-2.5672541972816743,-2.266087662139768,-0.30116653514190617,test
2024-06-21,-2.587372089491666,-2.2077155342789423,-0.37965655521272357,test
2024-06-24,-2.6316139856235528,-2.2644017713402795,-0.3672122142832732,test
2024-06-25,-2.628883546983856,-2.2412827010027017,-0.3876008459811544,test
2024-06-26,-2.6048380484675993,-2.2892328655507854,-0.31560518291681383,test
2024-06-27,-2.6298343050749624,-2.197934854588373,-0.4318994504865894,test
2024-06-28,-2.6466201722892198,-2.2845741696639874,-0.36204600262523234,test
2024-07-01,-2.6697481055081553,-2.208742366997912,-0.4610057385102433,test
2024-07-02,-2.666278711780336,-2.1233827245929353,-0.5428959871874008,test
2024-07-03,-2.639290799617294,-2.1827607842288517,-0.4565300153884424,test
2024-07-04,-2.6039896991728266,-2.1905404587897968,-0.4134492403830299,test
2024-07-05,-2.493731274854456,-2.313928587952303,-0.17980268690215295,test
2024-07-08,-2.4855226747157433,-2.3214609902384304,-0.16406168447731284,test
2024-07-09,-2.4863614437355612,-2.3254859634129326,-0.16087548032262866,test
2024-07-10,-2.449426814414308,-2.353980051263906,-0.0954467631504019,test
2024-07-11,-2.4351188395164747,-2.4889098482977916,0.05379100878131693,test
2024-07-12,-2.5005769564948057,-2.380074222667958,-0.12050273382684784,test
2024-07-15,-2.4862066886300425,-2.3485226119014877,-0.13768407672855476,test
2024-07-16,-2.463303789500469,-2.3435746784962275,-0.11972911100424133,test
2024-07-17,-2.415613998900418,-2.4436953271497885,0.028081328249370596,test
2024-07-18,-2.436974947840276,-2.314683116037525,-0.12229183180275083,test
2024-07-19,-2.418308643088452,-2.444957294301883,0.026648651213430963,test
2024-07-22,-2.401171308410171,-2.4480718337552574,0.046900525345086486,test
2024-07-23,-2.3578944990764383,-2.4458154785448993,0.087920979468461,test
2024-07-24,-2.319733808138793,-2.4845140859618375,0.1647802778230445,test
2024-07-25,-2.2597763863796874,-2.5448008610537407,0.28502447467405334,test
2024-07-26,-2.2686460068749286,-2.446475639683979,0.1778296328090505,test
2024-07-29,-2.248956415153646,-2.4921091122250667,0.24315269707142084,test
2024-07-30,-2.2106770221308745,-2.483488056610862,0.27281103447998767,test
2024-07-31,-2.14911140682543,-2.4978221654639823,0.3487107586385525,test
2024-08-01,-2.1500703802727568,-2.333946400762505,0.18387602048974827,test
2024-08-02,-2.182683353565324,-2.3461396048712797,0.16345625130595565,test
2024-08-05,-2.2158419144374593,-2.2357289249149597,0.01988701047750041,test
2024-08-06,-2.2687676021277015,-1.9128555281526283,-0.3559120739750732,test
2024-08-07,-2.262950999391482,-2.0097381010637774,-0.25321289832770466,test
2024-08-08,-2.2060213448089314,-2.054516138821462,-0.15150520598746953,test
2024-08-09,-2.2216693098137874,-2.1015705169695282,-0.12009879284425917,test
2024-08-12,-2.2090383913703615,-2.2150819194786546,0.006043528108293117,test
2024-08-13,-2.168924615877711,-2.3479347170433855,0.1790101011656744,test
2024-08-14,-2.151333933462959,-2.3981332041399805,0.24679927067702145,test
2024-08-15,-2.1807797696528652,-2.3212697243625655,0.14048995470970027,test
2024-08-16,-2.2224900346917837,-2.4902519772903036,0.2677619425985198,test
2024-08-19,-2.1924701059049294,-2.3180866011767667,0.12561649527183727,test
2024-08-20,-2.125413038798542,-2.2550466282141137,0.12963358941557157,test
2024-08-21,-2.086151002619093,-2.2298396235605935,0.14368862094150048,test
2024-08-22,-2.1006571268100127,-2.188726159174671,0.08806903236465846,test
2024-08-23,-2.0894152792769156,-2.23048556999776,0.14107029072084432,test
2024-08-26,-2.1350691432004907,-2.1215913800983226,-0.013477763102168083,test
2024-08-27,-2.113437852647136,-2.0749163077788597,-0.03852154486827608,test
2024-08-28,-2.064693209627269,-2.0582885889147753,-0.006404620712493703,test
2024-08-29,-2.0471941497446395,-1.9802434213950928,-0.06695072834954674,test
2024-08-30,-2.052682092415572,-2.018179544346732,-0.0345025480688399,test
2024-09-02,-2.04105554396769,-1.9859091728116818,-0.05514637115600829,test
2024-09-03,-2.0177906428729817,-2.0728038292519537,0.05501318637897201,test
2024-09-04,-2.023525239705214,-2.042172784881759,0.018647545176544877,test
2024-09-05,-1.9792173368122725,-2.1321617823326573,0.15294444552038478,test
2024-09-06,-1.987378020244826,-2.1339869387986217,0.14660891855379576,test
2024-09-09,-2.0460987413860887,-1.9540684061248281,-0.09203033526126059,test
2024-09-10,-2.048163020554531,-2.0281531298882003,-0.020009890666330854,test
2024-09-11,-2.00398458555074,-2.108392077878173,0.10440749232743318,test
2024-09-12,-2.0158697396985477,-2.051039157383324,0.03516941768477633,test
2024-09-13,-2.0392724580458803,-2.0117340646547435,-0.02753839339113684,test
2024-09-16,-2.0311961305043984,-2.164887768722843,0.13369163821844454,test
2024-09-17,-2.03635994633557,-2.198749512795959,0.16238956646038893,test
2024-09-18,-2.0055849365066147,-2.1676614236812695,0.16207648717465473,test
2024-09-19,-2.087228254770089,-1.954327367777315,-0.13290088699277414,test
2024-09-20,-2.148374222881081,-1.9105316057561401,-0.23784261712494104,test
2024-09-23,-2.1660381418719634,-1.948809289403556,-0.2172288524684074,test
2024-09-24,-2.203866703118384,-1.9239936260835937,-0.27987307703479036,test
2024-09-25,-2.1932250810724474,-1.9301832282318487,-0.26304185284059867,test
2024-09-26,-2.2252501754765976,-1.9656756114688276,-0.25957456400777,test
2024-09-27,-2.2851129652774884,-1.8621366077361712,-0.42297635754131724,test
2024-09-30,-2.303147264814778,-1.8382289174665167,-0.46491834734826143,test
2024-10-01,-2.312859061450775,-1.8032750405294653,-0.5095840209213098,test
2024-10-02,-2.3255055602026204,-1.8001715619291034,-0.525333998273517,test
2024-10-03,-2.3001496254850227,-1.8216224651957194,-0.4785271602893033,test
2024-10-04,-2.2907537628897154,-1.911546023066967,-0.37920773982274847,test
2024-10-07,-2.368596305501939,-1.9569970022790635,-0.4115993032228755,test
2024-10-08,-2.2675940328307256,-1.8859996692098295,-0.38159436362089605,test
2024-10-09,-2.198333040362781,-1.9777713066533704,-0.22056173370941057,test
2024-10-10,-2.1573604808509166,-2.015613834867761,-0.14174664598315578,test
2024-10-11,-2.1501786971949133,-1.962437428340476,-0.18774126885443732,test
2024-10-14,-2.135330480965992,-2.203127765404315,0.06779728443832278,test
2024-10-15,-2.06862783203205,-2.094760221356484,0.02613238932443407,test
2024-10-16,-2.002088938639327,-2.0776022952790036,0.07551335663967684,test
2024-10-17,-1.9362217116632032,-2.1061490958273117,0.16992738416410846,test
2024-10-18,-1.9437748948604663,-2.0757789752685216,0.13200408040805534,test
2024-10-21,-1.870139294782854,-2.1943488420430324,0.3242095472601785,test
2024-10-22,-1.8124218733611492,-2.2173764487826775,0.40495457542152824,test
2024-10-23,-1.752513450768979,-2.2240925683105948,0.47157911754161574,test
2024-10-24,-1.6265497968435887,-2.222027403951179,0.5954776071075902,test
2024-10-25,-1.5736134966265747,-2.355900586986631,0.7822870903600563,test
2024-10-28,-1.481617579148204,-2.2859572540268993,0.8043396748786953,test
2024-10-29,-1.4037357185937678,-2.227307690413463,0.8235719718196952,test
2024-10-30,-1.3972622828134291,-2.163769694068069,0.76650741125464,test
2024-10-31,-1.382610061876913,-2.1705695889024255,0.7879595270255124,test
2024-11-01,-1.3319063797328814,-2.136962357047554,0.8050559773146728,test
2024-11-04,-1.326437444239385,-2.1681513046506287,0.8417138604112437,test
2024-11-05,-1.2914383729610541,-1.9856196947857105,0.6941813218246564,test
2024-11-06,-1.2327526335570513,-2.1749519240071584,0.9421992904501071,test
2024-11-07,-1.2811476446802401,-1.6772592099361208,0.39611156525588065,test
2024-11-08,-1.3178648147639105,-1.71957037597698,0.40170556121306955,test
2024-11-11,-1.3339248743495062,-1.7470555473491722,0.413130672999666,test
2024-11-12,-1.3262242872545975,-1.729673727921447,0.4034494406668494,test
2024-11-13,-1.3034574338929203,-1.6851549440639895,0.3816975101710691,test
2024-11-14,-1.3317557887588485,-1.67029328049265,0.33853749173380154,test
2024-11-15,-1.3517847763089537,-1.6537881217501689,0.3020033454412152,test
2024-11-18,-1.3863305450673244,-1.639830183074536,0.25349963800721165,test
2024-11-19,-1.3219818224600346,-1.692795155515073,0.3708133330550385,test
2024-11-20,-1.3200761636988596,-1.6116826197258396,0.29160645602698,test
2024-11-21,-1.3008044150669953,-1.6204721570701615,0.31966774200316617,test
2024-11-22,-1.318739052126457,-1.5810608195501186,0.26232176742366153,test
2024-11-25,-1.4248011461829362,-1.215579381530647,-0.20922176465228914,test
2024-11-26,-1.501794887645468,-1.2993948845814691,-0.20240000306399897,test
2024-11-27,-1.5681736852180372,-1.2058545921300545,-0.3623190930879827,test
2024-11-28,-1.5863843778354825,-1.173347882270221,-0.41303649556526145,test
2024-11-29,-1.5897444535050957,-1.30139290602763,-0.28835154747746583,test
2024-12-02,-1.5643090593296558,-1.319124062565301,-0.2451849967643549,test
2024-12-03,-1.6083995511973688,-1.273479069436564,-0.3349204817608047,test
2024-12-04,-1.5539283134849315,-1.361973125547541,-0.19195518793739064,test
2024-12-05,-1.5459878779819822,-1.3571899907566396,-0.18879788722534263,test
2024-12-06,-1.5415392070775722,-1.3322192845944136,-0.20931992248315856,test
2024-12-09,-1.5907086719266437,-1.3392673388286502,-0.25144133309799344,test
2024-12-10,-1.5128943492580467,-1.426716915349759,-0.08617743390828769,test
2024-12-11,-1.4803734840809355,-1.4658183883996923,-0.014555095681243246,test
2024-12-12,-1.469913264956119,-1.4402953207272775,-0.029617944228841564,test
2024-12-13,-1.450397917624948,-1.4066803983601877,-0.04371751926476031,test
2024-12-16,-1.4286286416550622,-1.5276718025032676,0.09904316084820541,test
2024-12-17,-1.4214438369498406,-1.4764553089324417,0.055011471982601146,test
2024-12-18,-1.3215286533158555,-1.5814478918912345,0.259919238575379,test
2024-12-19,-1.334526831558603,-1.332117793703048,-0.0024090378555550185,test
2024-12-20,-1.3502194845918292,-1.332594825369694,-0.017624659222135186,test
2024-12-23,-1.3737889291441505,-1.3286652540016575,-0.04512367514249305,test
2024-12-24,-1.3563145540438768,-1.3849412217541546,0.028626667710277776,test
2024-12-26,-1.3281221426657135,-1.4792367740155905,0.15111463134987702,test
2024-12-27,-1.2716668311227657,-1.7556026260294195,0.48393579490665384,test
2024-12-30,-1.2395411355389798,-1.7416933152431018,0.502152179704122,test
2024-12-31,-1.2089420204180426,-1.7037568856780863,0.4948148652600437,test
2025-01-02,-1.1604928436159982,-1.729991621770849,0.5694987781548508,test
2025-01-03,-1.1168391030143086,-1.5711637122453572,0.45432460923104867,test
2025-01-06,-1.089178266850415,-1.6129071901359548,0.5237289232855398,test
2025-01-07,-1.1487355477452992,-1.32770534673481,0.17896979898951093,test
2025-01-08,-1.1791288783862401,-1.4345645237879399,0.2554356454016997,test
2025-01-09,-1.1490142829648993,-1.3898576474765334,0.24084336451163413,test
2025-01-10,-1.1340481395779707,-1.5594822490115956,0.4254341094336249,test
2025-01-13,-1.2338771451994595,-1.1968776611133813,-0.036999484086078116,test
2025-01-14,-1.2155014789871503,-1.3966953837091611,0.1811939047220108,test
2025-01-15,-1.2007297620039181,-1.3492848203312744,0.14855505832735627,test
2025-01-16,-1.2407377169907687,-1.3906306697763688,0.1498929527856001,test
2025-01-17,-1.2979194150879574,-1.3112671767851292,0.013347761697171778,test
2025-01-20,-1.3279791660966254,-1.3776338368839178,0.049654670787292465,test
2025-01-21,-1.4336091228812355,-1.0176114342809006,-0.4159976886003349,test
2025-01-22,-1.4882831769723082,-1.21234300475107,-0.27594017222123823,test
2025-01-23,-1.4998024151736629,-1.3180437120819517,-0.18175870309171116,test
2025-01-24,-1.4864498549144691,-1.3591923874088856,-0.12725746750558353,test
2025-01-27,-1.50907312041502,-1.2698410848728439,-0.2392320355421762,test
2025-01-28,-1.5072904987071047,-1.374195079478854,-0.13309541922825074,test
2025-01-29,-1.5141054850090023,-1.3958753804580013,-0.11823010455100103,test
2025-01-30,-1.5172154441828083,-1.4013880904833798,-0.11582735369942854,test
2025-01-31,-1.5469548154409047,-1.2760374138624078,-0.270917401578497,test
2025-02-03,-1.547890348201952,-1.2044066736773131,-0.3434836745246388,test
2025-02-04,-1.5744650868656835,-0.9331479701087689,-0.6413171167569146,test
2025-02-05,-1.5391326531705851,-1.1091623756207838,-0.4299702775498013,test
2025-02-06,-1.4954618234465464,-1.172149943913398,-0.32331187953314844,test
2025-02-07,-1.4461873380744694,-1.274493397634046,-0.1716939404404234,test
2025-02-10,-1.4592419838984083,-1.1881629622884802,-0.27107902160992814,test
2025-02-11,-1.4441837284204941,-1.40147383141889,-0.04270989700160421,test
2025-02-12,-1.4031970755035788,-1.5675025793223893,0.1643055038188106,test
2025-02-13,-1.423986182528377,-1.3780784609716006,-0.04590772155677647,test
2025-02-14,-1.4719498758685554,-1.2707009838219905,-0.20124889204656493,test
2025-02-17,-1.4631718239732985,-1.419513070444211,-0.043658753529087546,test
2025-02-18,-1.403748859062195,-1.557754518243124,0.15400565918092912,test
2025-02-19,-1.3747812870425293,-1.5224374132892158,0.14765612624668645,test
2025-02-20,-1.3534976170658515,-1.6546282737969022,0.30113065673105077,test
2025-02-21,-1.328065725235849,-1.7027345337600328,0.3746688085241838,test
2025-02-24,-1.3372308079643023,-1.7413876787686091,0.40415687080430684,test
2025-02-25,-1.3504366082292516,-1.6075033050808465,0.2570666968515949,test
2025-02-26,-1.33352705662548,-1.6264200323714317,0.29289297574595174,test
2025-02-27,-1.339206737567643,-1.6293486231995211,0.29014188563187804,test
2025-02-28,-1.3305692278055385,-1.5693708316424264,0.23880160383688787,test
2025-03-03,-1.330370761020517,-1.547590130204338,0.2172193691838209,test
2025-03-04,-1.2997152702417678,-1.5059764005759764,0.20626113033420856,test
2025-03-05,-1.2459755873822296,-1.389286539471025,0.1433109520887954,test
2025-03-06,-1.2206137723810226,-1.2807844632163894,0.06017069083536675,test
2025-03-07,-1.1879163904047347,-1.2324024612024764,0.044486070797741695,test
2025-03-10,-1.180633374745979,-1.1931201556919258,0.012486780945946796,test
2025-03-11,-1.1196912356401798,-1.1493415655109425,0.02965032987076266,test
2025-03-12,-1.0691080380645095,-1.1722188028877443,0.10311076482323478,test
2025-03-13,-0.9542663491448454,-1.2859562034339276,0.33168985428908215,test
2025-03-14,-0.8996444671361989,-1.3017701636439971,0.40212569650779817,test
2025-03-17,-0.8695979255900842,-1.3341497274322403,0.46455180184215605,test
2025-03-18,-0.8090114920206871,-1.4879822930303206,0.6789708010096335,test
2025-03-19,-0.7779171605894799,-1.5195279266075716,0.7416107660180917,test
2025-03-20,-0.8265501795330558,-1.4574075282174899,0.6308573486844341,test
2025-03-21,-0.7817398821709638,-1.4300561599599975,0.6483162777890337,test
2025-03-24,-0.7380135095969425,-1.4756382443770613,0.7376247347801188,test
2025-03-25,-0.6743450148721117,-1.3986198658903657,0.724274851018254,test
2025-03-26,-0.638174140176864,-1.4753918338526697,0.8372176936758057,test
2025-03-27,-0.6135470168196043,-1.5429905511674935,0.9294435343478892,test
2025-03-28,-0.5962763369259139,-1.4595132431624829,0.863236906236569,test
2025-03-31,-0.5696905844483587,-1.4819015289997965,0.9122109445514378,test
2025-04-01,-0.5579091052924602,-1.4571205558230695,0.8992114505306094,test
2025-04-02,-0.5389842953421019,-1.468581391589841,0.929597096247739,test
2025-04-03,-0.5471495577367423,-1.3214672143700859,0.7743176566333435,test
2025-04-04,-0.6241867178825452,-1.006648407458138,0.3824616895755929,test
2025-04-07,-0.6834231363176593,-0.9185417003733394,0.2351185640556801,test
2025-04-08,-0.7283535489457008,-0.807083573839354,0.07873002489365322,test
2025-04-09,-0.7482163818957145,-0.8222228657117527,0.07400648381603825,test
2025-04-10,-0.8507728201896047,-0.5751596260221175,-0.2756131941674872,test
2025-04-11,-0.8718680090535901,-0.6452281920350953,-0.22663981701849478,test
2025-04-14,-0.9861876373506053,-0.414283579899604,-0.5719040574510013,test
2025-04-15,-1.0184098440587557,-0.5706956600734904,-0.4477141839852653,test
2025-04-16,-1.049122526415629,-0.6181014834084109,-0.4310210430072181,test
2025-04-17,-1.0967881889948499,-0.6686692482352297,-0.4281189407596202,test
2025-04-18,-1.111053269729558,-0.7610822611525461,-0.349971008577012,test
2025-04-21,-1.0803351051507386,-1.2220817115347504,0.14174660638401182,test
2025-04-22,-1.1137714643341883,-0.9296076968906667,-0.1841637674435216,test
2025-04-23,-1.135479161601878,-0.9365995649104548,-0.1988795966914232,test
2025-04-24,-1.1692741447230686,-0.7910367754336907,-0.3782373692893779,test
2025-04-25,-1.2019294413149162,-0.914898998648378,-0.2870304426665382,test
2025-04-28,-1.2191908123387714,-0.8593345058563777,-0.35985630648239364,test
2025-04-29,-1.2390303853059463,-0.8730616188195123,-0.36596876648643406,test
2025-04-30,-1.2218362426507687,-0.8802428047149802,-0.34159343793578856,test
2025-05-01,-1.2313602095273877,-0.938330108389099,-0.29303010113828865,test
2025-05-02,-1.2548631443173182,-0.9361140769198899,-0.31874906739742825,test
2025-05-05,-1.2940436070938057,-0.9007410757985884,-0.3933025312952173,test
2025-05-06,-1.2998276099550752,-0.99027780710602,-0.3095498028490552,test
2025-05-07,-1.3023994267653698,-0.9952887430799647,-0.30711068368540506,test
2025-05-08,-1.3354908614347987,-0.9673946489495707,-0.36809621248522795,test
2025-05-09,-1.3868700139386398,-0.97946909078014,-0.40740092315849985,test
2025-05-12,-1.3828873765784075,-1.14037075950679,-0.24251661707161754,test
2025-05-13,-1.4235089125099132,-0.9579550951337852,-0.465553817376128,test
2025-05-14,-1.4050590966439944,-1.132014537555912,-0.27304455908808234,test
2025-05-15,-1.3907273880871927,-1.087498784947655,-0.3032286031395377,test
2025-05-16,-1.4044746655063536,-1.1704600280383592,-0.23401463746799434,test
2025-05-19,-1.3937305905836743,-1.2355912590048037,-0.1581393315788706,test
2025-05-20,-1.3858974378964843,-1.250553817526957,-0.1353436203695273,test
2025-05-21,-1.3933757918066312,-1.2817326729146998,-0.11164311889193135,test
2025-05-22,-1.42230469915197,-1.2663666634766195,-0.15593803567535058,test
2025-05-23,-1.4159529303554805,-1.2780682156997236,-0.1378847146557569,test
2025-05-26,-1.444227039227733,-1.2109271951041622,-0.23329984412357074,test
2025-05-27,-1.4527677723369388,-1.3516070810909162,-0.10116069124602256,test
2025-05-28,-1.4390302388753808,-1.3322119384176032,-0.10681830045777763,test
2025-05-29,-1.4350145078369492,-1.3548138070142999,-0.0802007008226493,test
2025-05-30,-1.4808907734746932,-1.2337846200260303,-0.24710615344866294,test
2025-06-02,-1.4889790586802056,-1.330568044184904,-0.1584110144953017,test
2025-06-03,-1.484820484792251,-1.3636995855971965,-0.12112089919505453,test
2025-06-04,-1.4390521550423638,-1.4000403644176247,-0.03901179062473914,test
2025-06-05,-1.4804018482907233,-1.4207807440742057,-0.05962110421651756,test
