date,Y_h,fitted,residual,split
2010-02-03,-1.5771202588032536,-1.194718803785461,-0.38240145501779255,train
2010-02-04,-1.0848791490017948,-1.2618244864172732,0.17694533741547835,train
2010-02-05,-0.2169272101107193,-1.1634302251663444,0.9465030150556251,train
2010-02-08,-0.972207497693055,-0.8437410899559893,-0.12846640773706575,train
2010-02-09,-0.3228717382115641,-1.0125920524363674,0.6897203142248033,train
2010-02-10,-0.6534752400895996,-0.7844691448237289,0.1309939047341293,train
2010-02-11,-0.7018885047647583,-0.784802323258583,0.08291381849382473,train
2010-02-12,-0.4351608736636141,-0.756327159916854,0.32116628625323984,train
2010-02-15,-1.7627265681543969,-0.7050297394535384,-1.0576968287008586,train
2010-02-16,-0.981429770181002,-1.1081660664138409,0.12673629623283889,train
2010-02-17,-0.9803658296898666,-0.9755124022466782,-0.004853427443188396,train
2010-02-18,-0.3684243044120426,-0.9850929246088866,0.6166686201968441,train
2010-02-19,-0.4844783961475122,-0.7869839313651043,0.30250553521759205,train
2010-02-22,-1.0137533799135086,-0.7998043231521524,-0.21394905676135612,train
2010-02-23,-0.6748338119039624,-0.890885036199609,0.2160512242956466,train
2010-02-24,-0.8431206588984355,-0.779588893587108,-0.06353176531132743,train
2010-02-25,-0.7076642640675714,-0.8298150214626461,0.12215075739507464,train
2010-02-26,-0.7346540386335033,-0.7953476099065405,0.060693571273037206,train
2010-03-01,-0.2784447481659347,-0.8264220325326477,0.547977284366713,train
2010-03-02,-0.3381297134283873,-0.642789693639495,0.3046599802111077,train
2010-03-03,-0.6993938246340422,-0.6129093137144686,-0.08648451091957365,train
2010-03-04,-0.825997234803297,-0.7021898361406103,-0.12380739866268675,train
2010-03-05,-1.114325568904707,-0.7881322697185906,-0.3261932991861163,train
2010-03-08,-1.3942464782589363,-0.8992073628404955,-0.4950391154184408,train
2010-03-09,-1.3120665596413317,-1.0010787678233881,-0.31098779181794356,train
2010-03-10,-1.3517409672363834,-1.0785927561429722,-0.27314821109341114,train
2010-03-11,-1.1851007029219784,-1.1342581105185803,-0.05084259240339817,train
2010-03-12,-1.2165572953115726,-1.2553776841867779,0.038820388875205225,train
2010-03-15,-1.483944524721272,-1.161353357216785,-0.322591167504487,train
2010-03-16,-1.088378404303202,-1.2245757447612757,0.13619734045807363,train
2010-03-17,-1.4958947896762858,-1.2100593865178586,-0.28583540315842715,train
2010-03-18,-1.0288917045319677,-1.2697176512744193,0.2408259467424516,train
2010-03-19,-1.4767588467720922,-1.1356468984945824,-0.3411119482775098,train
2010-03-22,-1.2415886946351988,-1.2552630981059274,0.013674403470728569,train
2010-03-23,-1.059019095716636,-1.197574332207498,0.138555236490862,train
2010-03-24,-0.6207554014827981,-1.1450592335525103,0.5243038320697122,train
2010-03-25,-0.6897949457785522,-0.9633401402784589,0.2735451944999068,train
2010-03-26,-0.9437850060832128,-0.9432436419289937,-0.0005413641542191261,train
2010-03-29,-1.071633270816705,-0.9535480693312283,-0.11808520148547663,train
2010-03-30,-1.204843330122357,-1.0076318299869789,-0.19721150013537803,train
2010-03-31,-1.1228424315749532,-1.0385613997451504,-0.08428103182980284,train
2010-04-01,-0.9468483473520588,-1.0613430105302133,0.11449466317815449,train
2010-04-02,-1.7351398219902294,-1.0827337279360079,-0.6524060940542216,train
2010-04-05,-1.3546145847675268,-1.3619889938762886,0.007374409108761748,train
2010-04-06,-1.2665324162412472,-1.268465640505812,0.0019332242645646591,train
2010-04-07,-1.4134016387509676,-1.233850703068988,-0.17955093568197955,train
2010-04-08,-1.4093875809606289,-1.2988648055368524,-0.11052277542377653,train
2010-04-09,-0.8219350499103563,-1.32649252532987,0.5045574754195138,train
2010-04-12,-0.7969530411909853,-1.112544896321758,0.3155918551307726,train
2010-04-13,-1.1295621402218037,-1.033795248612899,-0.09576689160890473,train
2010-04-14,-1.191430737081638,-1.1158279840006171,-0.07560275308102082,train
2010-04-15,-1.348893505372523,-1.1233772385575966,-0.22551626681492642,train
2010-04-16,-1.0343774053454071,-1.1564965400128602,0.12211913466745306,train
2010-04-19,-1.4034493624767042,-1.0955099844043172,-0.3079393780723869,train
2010-04-20,-1.416292292586253,-1.21794511552458,-0.19834717706167315,train
2010-04-21,-1.4778870553671395,-1.2574651846713525,-0.220421870695787,train
2010-04-22,-1.1758953495550186,-1.3063455608222134,0.1304502112671948,train
2010-04-23,-0.3953742643073836,-1.2179880290717189,0.8226137647643352,train
2010-04-26,-1.0009556527778365,-0.9591354202922961,-0.04182023248554034,train
2010-04-27,-0.5375712905100737,-1.0721819443781788,0.5346106538681051,train
2010-04-28,-0.0235394420589893,-0.8842325330024844,0.8606930909434951,train
2010-04-29,-0.8185603620908175,-0.6017600328548935,-0.21680032923592396,train
2010-04-30,-0.7744602855905516,-0.7919477321434739,0.017487446552922337,train
2010-05-03,-0.9506244535331152,-0.8224609822685409,-0.12816347126457428,train
2010-05-04,-0.9092747718790376,-0.8603524775218492,-0.04892229435718842,train
2010-05-05,-0.3074773033050784,-0.8491947030315956,0.5417173997265172,train
2010-05-06,0.370657763717267,-0.7000350294058997,1.0706927931231667,train
2010-05-07,0.9114448185200854,-0.4002720436625905,1.311716862182676,train
2010-05-10,0.8902091586712769,-0.10052747750639288,0.9907366361776698,train
2010-05-11,0.2233455071979834,0.07110661043183336,0.15223889676615004,train
2010-05-12,-0.1357871830459085,-0.015507865892952888,-0.12027931715295562,train
2010-05-13,-0.4523514229962802,-0.0931586664165812,-0.35919275657969896,train
2010-05-14,-0.0097713067595157,-0.2419490906933488,0.2321777839338331,train
2010-05-17,0.3173128623865878,-0.17908445667692868,0.4963973190635165,train
2010-05-18,0.3268673917375877,-0.11763569566604332,0.44450308740363104,train
2010-05-19,0.7149173894536437,-0.09269362924520655,0.8076110186988502,train
2010-05-20,0.6405938620465462,0.12827257588695853,0.5123212861595877,train
2010-05-21,0.6406307299502304,0.18982843881318437,0.45080229113704606,train
2010-05-24,-0.092589727090563,0.26928986302375896,-0.36187959011432197,train
2010-05-25,0.0319992470748984,0.03777714490064207,-0.005777897825743672,train
2010-05-26,-0.064254329557678,0.054054769020991336,-0.11830909857866934,train
2010-05-27,0.1753053373342878,-0.02537182436698263,0.20067716170127042,train
2010-05-28,0.1548528685820387,0.011594729747999714,0.14325813883403898,train
2010-05-31,-0.9804858999986472,-0.018374551872062692,-0.9621113481265845,train
2010-06-01,-0.105465402965901,-0.4157105943473567,0.3102451913814557,train
2010-06-02,-0.1047146959223394,-0.18552931532350517,0.08081461940116577,train
2010-06-03,-0.4731619228466872,-0.17464663666142688,-0.2985152861852603,train
2010-06-04,0.1406476254140208,-0.32989068354609374,0.4705383089601145,train
2010-06-07,-0.2047743772978249,-0.14204935071423147,-0.06272502658359344,train
2010-06-08,-0.3468267803456558,-0.1910558314087075,-0.1557709489369483,train
2010-06-09,-0.6337949503370102,-0.26246364788604987,-0.3713313024509603,train
2010-06-10,-0.1515344955740663,-0.39451186223818036,0.24297736666411404,train
2010-06-11,-0.5915221442537264,-0.24267837929997932,-0.3488437649537471,train
2010-06-14,-0.4046162014506126,-0.4295145384063519,0.024898336955739286,train
2010-06-15,-0.5592337773080945,-0.41595291363868636,-0.14328086366940818,train
2010-06-16,-0.7890109337044264,-0.47564722970727225,-0.3133637039971542,train
2010-06-17,-0.620531254638332,-0.5388684943922541,-0.08166276024607788,train
2010-06-18,-1.1412115126558315,-0.5598821889048285,-0.581329323751003,train
2010-06-21,-0.4341110434508729,-0.742349408801101,0.3082383653502281,train
2010-06-22,-0.6431892365892083,-0.5879202299682685,-0.05526900662093981,train
2010-06-23,-0.7558886508727753,-0.656085081880629,-0.09980356899214637,train
2010-06-24,-0.6403503918399064,-0.6988449539744679,0.0584945621345615,train
2010-06-25,-0.9015040619837258,-0.7183473855959857,-0.18315667638774014,train
2010-06-28,-1.067705119351385,-0.7231211964169534,-0.3445839229344315,train
2010-06-29,-0.7751107932801405,-0.8321106812138459,0.05699988793370536,train
2010-06-30,-0.5237337896938257,-0.7944106201855217,0.270676830491696,train
2010-07-01,-0.2740482024268276,-0.6972826086399443,0.4232344062131167,train
2010-07-02,-0.7328092441790853,-0.5805177002980626,-0.15229154388102273,train
2010-07-05,-1.8114719653813915,-0.7182770235017994,-1.093194941879592,train
2010-07-06,-0.5946325547988447,-1.068775988878754,0.47414343407990933,train
2010-07-07,-0.8629056797375046,-0.7648517522146758,-0.09805392752282882,train
2010-07-08,-0.8647738222376162,-0.82706485498406,-0.037708967253556214,train
2010-07-09,-1.1912081969912989,-0.9436395424193356,-0.2475686545719633,train
2010-07-12,-1.362676480945994,-1.0346335683496153,-0.32804291259637863,train
2010-07-13,-0.7264066063285408,-1.0379898727312014,0.31158326640266054,train
2010-07-14,-0.7880120435991864,-0.9080699460460181,0.12005790244683168,train
2010-07-15,-0.653634648475058,-0.9125787772163777,0.25894412874131967,train
2010-07-16,-0.7713320624420051,-0.8492344455939197,0.07790238315191456,train
2010-07-19,-0.8381183488042598,-0.8450625143009061,0.006944165496646226,train
2010-07-20,-0.7851898290698808,-0.8353984539893715,0.05020862491949074,train
2010-07-21,-0.5839232707958726,-0.8053671874114847,0.22144391661561214,train
2010-07-22,-0.7897964672102489,-0.7637893257526763,-0.026007141457572547,train
2010-07-23,-0.164293079686406,-0.8098429936477363,0.6455499139613303,train
2010-07-26,-0.6515743766177604,-0.5777795968895587,-0.0737947797282017,train
2010-07-27,-0.6442924577947008,-0.7180609635901394,0.07376850579543859,train
2010-07-28,-1.185930502562331,-0.689264672218791,-0.49666583034354006,train
2010-07-29,-1.1392702642775814,-0.8736240964108658,-0.2656461678667156,train
2010-07-30,-0.8867845935511381,-0.9296620018851224,0.042877408333984235,train
2010-08-02,-1.118911070568442,-0.8896159122895247,-0.22929515827891722,train
2010-08-03,-1.2384899786523695,-1.0427402333518798,-0.19574974530048972,train
2010-08-04,-1.1218472758609677,-1.0964129276548993,-0.02543434820606838,train
2010-08-05,-1.027109598252845,-1.0541261243179079,0.027016526065062774,train
2010-08-06,-0.9496631376544904,-1.0333999826605262,0.08373684500603584,train
2010-08-09,-1.6680461182600286,-1.0380967812589565,-0.629949337001072,train
2010-08-10,-0.3871925759718252,-1.2767895065992685,0.8895969306274433,train
2010-08-11,-0.4037784370198252,-0.8676758879250261,0.46389745090520096,train
2010-08-12,-0.2905065405705166,-0.7643787264621834,0.4738721858916668,train
2010-08-13,-0.5120081153227867,-0.6596307217920978,0.14762260646931114,train
2010-08-16,-0.6403922801455701,-0.7170075178750029,0.0766152377294328,train
2010-08-17,-0.8759811732620667,-0.6410763543871707,-0.234904818874896,train
2010-08-18,-0.8741196236714666,-0.7442804639612853,-0.12983915971018123,train
2010-08-19,-0.5311333016214042,-0.7794922886745972,0.24835898705319304,train
2010-08-20,-0.7163814003488659,-0.7024097853088791,-0.013971615039986784,train
2010-08-23,-1.0784791387966517,-0.7894746801913078,-0.28900445860534385,train
2010-08-24,-0.6086148147746018,-0.8989728606689171,0.29035804589431535,train
2010-08-25,-0.7213674692128668,-0.7835607383741917,0.06219326916132495,train
2010-08-26,-0.5297930892288111,-0.793324044829515,0.26353095560070394,train
2010-08-27,-0.8918323274331307,-0.7319866341469892,-0.1598456932861415,train
2010-08-30,-1.358172384570716,-0.852616607465849,-0.5055557771048671,train
2010-08-31,-1.0158018128636137,-0.9861041151244295,-0.02969769773918418,train
2010-09-01,-0.8610945510290192,-0.9340788859524252,0.07298433492340595,train
2010-09-02,-1.042024330086993,-0.9298293341390856,-0.11219499594790727,train
2010-09-03,-1.4446414931346996,-1.0242808788547484,-0.4203606142799512,train
2010-09-06,-1.9057921144929064,-1.1736271694282587,-0.7321649450646477,train
2010-09-07,-0.9241869290662472,-1.3786109562807098,0.4544240272144626,train
2010-09-08,-1.0831418147108256,-1.0474634638425704,-0.035678350868255215,train
2010-09-09,-1.06438256923992,-1.0989144451934796,0.034531875953559554,train
2010-09-10,-0.9552306280098304,-1.1276428950249004,0.17241226701507006,train
2010-09-13,-1.0946035286523323,-1.0450580304951547,-0.04954549815717768,train
2010-09-14,-0.7307425737431449,-1.0136593388778823,0.2829167651347374,train
2010-09-15,-0.7353061889811462,-0.9348199849051533,0.1995137959240071,train
2010-09-16,-0.7888167120160009,-0.8839610891182406,0.09514437710223966,train
2010-09-17,-0.7272032567516242,-0.9347226943005809,0.20751943754895663,train
2010-09-20,-1.3009336852158735,-0.8493370548204638,-0.45159663039540965,train
2010-09-21,-0.2651328766363189,-1.0593410789068816,0.7942082022705627,train
2010-09-22,-0.745871814010038,-0.7507327087984087,0.0048608947883707065,train
2010-09-23,-0.7507803390992189,-0.832590676534351,0.08181033743513211,train
2010-09-24,-0.4922103634843264,-0.8184250977771397,0.3262147342928133,train
2010-09-27,-1.0010687749217844,-0.7581900479156924,-0.24287872700609192,train
2010-09-28,-0.4018106392056681,-0.8774807745548252,0.4756701353491571,train
2010-09-29,-0.8831574950939786,-0.7059921675663774,-0.17716532752760117,train
2010-09-30,-0.4614939148005428,-0.8472497627810083,0.38575584798046547,train
2010-10-01,-1.06786955962403,-0.7061474969076269,-0.36172206271640306,train
2010-10-04,-1.154368973876623,-0.9237851157739063,-0.23058385810271664,train
2010-10-05,-0.5795689391100788,-0.944591217317233,0.36502227820715416,train
2010-10-06,-0.8945998348268835,-0.8012422594155533,-0.09335757541133027,train
2010-10-07,-0.7137658461474206,-0.8715535581352789,0.15778771198785835,train
2010-10-08,-0.106136696723184,-0.8312694083508766,0.7251327116276925,train
2010-10-11,-0.9206661300614264,-0.5851320719756969,-0.33553405808572945,train
2010-10-12,-0.5866277598089711,-0.7894030743729675,0.20277531456399644,train
2010-10-13,-0.8832399113829652,-0.6975854305153963,-0.18565448086756886,train
2010-10-14,-0.5354541997572074,-0.7780745871209864,0.242620387363779,train
2010-10-15,-0.0591585496843002,-0.6870009977072968,0.6278424480229966,train
2010-10-18,-0.5906726286016633,-0.512007770499106,-0.0786648581025573,train
2010-10-19,-0.2482031183483853,-0.6235639578334158,0.3753608394850305,train
2010-10-20,-0.3830557986080695,-0.5081670896040928,0.12511129099602336,train
2010-10-21,-0.0866611208448306,-0.4992232376873843,0.4125621168425537,train
2010-10-22,-0.4087127406722199,-0.371957258333255,-0.03675548233896492,train
2010-10-25,-0.8015164854710309,-0.5012376620756591,-0.3002788233953718,train
2010-10-26,-0.6916076972081726,-0.6035202719355637,-0.08808742527260893,train
2010-10-27,-0.5817304945786125,-0.6159426316010477,0.034212137022435196,train
2010-10-28,-0.9901450400814704,-0.5964739198377607,-0.39367112024370976,train
2010-10-29,-0.8461828019448189,-0.7889443844920118,-0.05723841745280711,train
2010-11-01,-0.9088654314106056,-0.7798585554937396,-0.129006875916866,train
2010-11-02,-1.141191466352698,-0.8272047668503155,-0.31398669950238256,train
2010-11-03,-0.3391280309533238,-0.9070164143296304,0.5678883833763066,train
2010-11-04,-0.6794485040325713,-0.716670235266734,0.037221731234162725,train
2010-11-05,-0.3343872077003529,-0.7360506142360794,0.4016634065357265,train
2010-11-08,-0.3138995893240615,-0.6096994840293439,0.29579989470528245,train
2010-11-09,-0.3515548416070911,-0.5411271729281706,0.18957233132107948,train
2010-11-10,-0.0895504310726331,-0.4919065839927226,0.40235615292008947,train
2010-11-11,-0.4910301811188395,-0.38439802657624567,-0.10663215454259384,train
2010-11-12,0.0631362587805716,-0.4780819879952568,0.5412182467758284,train
2010-11-15,-0.5336709479621451,-0.28474141387782026,-0.24892953408432483,train
2010-11-16,-0.4828602272488737,-0.4655691630860759,-0.017291064162797798,train
2010-11-17,-0.7524996644423961,-0.46891098286469274,-0.2835886815777034,train
2010-11-18,-0.7887283840244229,-0.5944407889736489,-0.19428759505077398,train
2010-11-19,-0.8169251919883916,-0.6427618307544061,-0.17416336123398557,train
2010-11-22,-0.7688095052891085,-0.7327306715017651,-0.036078833787343445,train
2010-11-23,-0.1518421033932488,-0.7300536949257723,0.5782115915325236,train
2010-11-24,-0.1930070897719961,-0.5324758755652127,0.3394687857932166,train
2010-11-25,-1.0181337415190053,-0.4927062309696046,-0.5254275105494006,train
2010-11-26,-0.5908100520127426,-0.7406712502813557,0.1498611982686131,train
2010-11-29,-0.3588284938835764,-0.6058312908961694,0.24700279701259298,train
2010-11-30,-0.2197557077185851,-0.5014758353275215,0.2817201276089364,train
2010-12-01,-0.0150071938025975,-0.4645900861293942,0.44958289232679666,train
2010-12-02,-0.2982689097959859,-0.3844558232263934,0.08618691343040746,train
2010-12-03,-0.3352245685292602,-0.4009764113586139,0.0657518428293537,train
2010-12-06,-0.4119390925323684,-0.4088050831756599,-0.0031340093567084892,train
2010-12-07,-0.4220622071635788,-0.4094714917516704,-0.01259071541190837,train
2010-12-08,-0.5088644301121364,-0.4289318620607412,-0.07993256805139526,train
2010-12-09,-0.6610945310564776,-0.4884858538014335,-0.17260867725504414,train
2010-12-10,-1.073535401172377,-0.5765382240901131,-0.4969971770822639,train
2010-12-13,-0.8777258687261709,-0.7557888671895541,-0.1219370015366168,train
2010-12-14,-0.5000728235043111,-0.7517814024366851,0.25170857893237397,train
2010-12-15,-0.5260798885542631,-0.6564752484636098,0.1303953599093467,train
2010-12-16,-1.0088171053514636,-0.6641714219969796,-0.344645683354484,train
2010-12-17,-0.6132295099672391,-0.8209869494827303,0.2077574395154912,train
2010-12-20,-0.8866232126584012,-0.6826345506762198,-0.20398866198218135,train
2010-12-21,-0.9186031897441516,-0.748533208969274,-0.17006998077487756,train
2010-12-22,-1.1946945864409009,-0.8181259035224155,-0.37656868291848533,train
2010-12-23,-0.6265825402049146,-0.9396218789288858,0.31303933872397127,train
2010-12-24,-1.8282369184549303,-0.8905645828991843,-0.937672335555746,train
2010-12-27,-1.3787343881048957,-1.2451520333033887,-0.13358235480150693,train
2010-12-28,-0.7264710298740736,-1.1456591454985974,0.41918811562452374,train
2010-12-29,-1.0449895196782506,-0.9470836299700731,-0.09790588970817748,train
2010-12-30,-1.330840006668826,-1.0374116855808622,-0.2934283210879638,train
2010-12-31,-0.7257199247716704,-1.1465327196931148,0.4208127949214444,train
2011-01-03,-0.7451790700718097,-0.9315682077625078,0.1863891376906981,train
2011-01-04,-0.616500073682914,-0.8680328555201975,0.25153278183728345,train
2011-01-05,-0.4628961772895079,-0.8106496905389582,0.3477535132494503,train
2011-01-06,-0.808269294082282,-0.7412122472616149,-0.06705704682066704,train
2011-01-07,-0.4165346028021178,-0.8227905656845219,0.4062559628824041,train
2011-01-10,-0.6677336562082159,-0.6568785260095428,-0.010855130198673124,train
2011-01-11,-0.5090279934614965,-0.7113425978591005,0.20231460439760396,train
2011-01-12,-0.4519513196977517,-0.6888279169059339,0.23687659720818222,train
2011-01-13,-0.3530234935566828,-0.6344809066100766,0.28145741305339383,train
2011-01-14,-0.3573789385309621,-0.5804975611329644,0.22311862260200227,train
2011-01-17,-0.9629707983502944,-0.5730709301127322,-0.3898998682375622,train
2011-01-18,-0.3518212047540331,-0.768599243672333,0.4167780389182999,train
2011-01-19,-0.4202772492615335,-0.5842904297844808,0.16401318052294728,train
2011-01-20,-0.5392740510209915,-0.5883875945899447,0.049113543568953255,train
2011-01-21,-0.5111324381802365,-0.63007014206037,0.11893770388013358,train
2011-01-24,-0.7469641647546812,-0.621261514815229,-0.12570264993945224,train
2011-01-25,-0.3635576772014037,-0.6789002498526355,0.31534257265123183,train
2011-01-26,-0.4768700673257411,-0.5564805974304328,0.07961053010469166,train
2011-01-27,-0.5708513385180092,-0.6068369212165423,0.035985582698533136,train
2011-01-28,-0.7017936114162626,-0.6482277994737102,-0.05356581194255239,train
2011-01-31,-0.6980259213597989,-0.6708901329993104,-0.027135788360488466,train
2011-02-01,-0.7577024047170589,-0.6461547413479537,-0.11154766336910515,train
2011-02-02,-1.1761082226251434,-0.7049095525651236,-0.4711986700600198,train
2011-02-03,-0.8084361518644133,-0.8724998557324853,0.06406370386807203,train
2011-02-04,-0.875279472369273,-0.834897589378702,-0.040381882990570994,train
2011-02-07,-1.0696174373219711,-0.9337907261081035,-0.13582671121386758,train
2011-02-08,-0.759142372778662,-0.9224162309833729,0.16327385820471085,train
2011-02-09,-0.9769930561564129,-0.8403519281218533,-0.13664112803455952,train
2011-02-10,-1.0739156433912609,-0.9343513597263597,-0.13956428366490115,train
2011-02-11,-1.188139907914383,-0.9430730563833712,-0.24506685153101182,train
2011-02-14,-0.96740942174251,-0.9812614329304766,0.01385201118796664,train
2011-02-15,-0.9614802858454068,-0.9412486849040149,-0.02023160094139187,train
2011-02-16,-0.7896305615539395,-0.9458447607419777,0.15621419918803814,train
2011-02-17,-1.0124079126651362,-0.9164094287764999,-0.0959984838886363,train
2011-02-18,-1.028892740431959,-0.9610049782197823,-0.06788776221217674,train
2011-02-21,-1.6693076980343686,-0.9571537729341397,-0.7121539251002289,train
2011-02-22,-0.5219245745439702,-1.1760591489720051,0.6541345744280349,train
2011-02-23,-1.0879659899001357,-0.858556480150666,-0.22940950974946972,train
2011-02-24,-0.812565180978473,-1.0218975542354023,0.20933237325692933,train
2011-02-25,-1.2650268907665445,-0.9572181010332524,-0.30780878973329207,train
2011-02-28,-1.1445107273176816,-1.1016696446603726,-0.042841082657308904,train
2011-03-01,-1.3525228193647278,-1.0217256448725764,-0.3307971744921514,train
2011-03-02,-1.3276474232404305,-1.1548360092209393,-0.17281141401949118,train
2011-03-03,-0.5847566349778166,-1.193318143351128,0.6085615083733114,train
2011-03-04,-1.55690338732338,-1.0804371279951082,-0.4764662593282718,train
2011-03-07,-1.5789173818514677,-1.3834565055230708,-0.19546087632839693,train
2011-03-08,-1.422210749613135,-1.2890490594751276,-0.1331616901380075,train
2011-03-09,-1.3105732885603318,-1.2528918105936757,-0.057681477966656125,train
2011-03-10,-1.2047697676905265,-1.2442470047492544,0.039477237058727965,train
2011-03-11,-1.0943859766635375,-1.296363892711436,0.2019779160478985,train
2011-03-14,-0.982763749329108,-1.198927925469004,0.2161641761398959,train
2011-03-15,-0.5280383359426347,-1.117366502962975,0.5893281670203402,train
2011-03-16,-0.9031081476689334,-0.9059268249644258,0.0028186772954923445,train
2011-03-17,-0.1993738308312884,-0.992270212558802,0.7928963817275136,train
2011-03-18,-0.5919154030127151,-0.7012920069922971,0.10937660397958204,train
2011-03-21,-1.2000767026943993,-0.8053083117136899,-0.39476839098070937,train
2011-03-22,-1.724011333981918,-1.0484953291325825,-0.6755160048493356,train
2011-03-23,-0.9732000489033914,-1.215002064226726,0.24180201532333467,train
2011-03-24,-1.151204438136844,-0.9954430902193157,-0.15576134791752838,train
2011-03-25,-1.0531277578871927,-1.1294244735377799,0.07629671565058715,train
2011-03-28,-1.3883998850909325,-1.143838804037165,-0.2445610810537675,train
2011-03-29,-1.3155441179410736,-1.2470426833772674,-0.0685014345638062,train
2011-03-30,-1.1240937992954592,-1.1903560105270383,0.06626221123157916,train
2011-03-31,-1.2184850357860937,-1.1606015279409103,-0.05788350784518337,train
2011-04-01,-0.7943241498491314,-1.159545038757073,0.3652208889079416,train
2011-04-04,-1.408865143147026,-1.0637405497505068,-0.34512459339651924,train
2011-04-05,-1.226162546202751,-1.2210741174144966,-0.00508842878825444,train
2011-04-06,-1.5198210678984554,-1.1426119633798448,-0.37720910451861056,train
2011-04-07,-1.1445780065555475,-1.2644549238473068,0.11987691729175931,train
2011-04-08,-1.3250722097042895,-1.1659159114761715,-0.15915629822811805,train
2011-04-11,-1.570195819087257,-1.2993981069696783,-0.27079771211757864,train
2011-04-12,-1.012194367241004,-1.3187843502951704,0.3065899830541663,train
2011-04-13,-1.173855954656475,-1.1705626031941798,-0.0032933514622952575,train
2011-04-14,-0.8694848450610938,-1.172053988763141,0.3025691437020471,train
2011-04-15,-1.0503126612377078,-1.0680720435746933,0.017759382336985485,train
2011-04-18,-0.1534766466067065,-1.1190943670980087,0.9656177204913021,train
2011-04-19,-1.0688314490945323,-0.7471146915136567,-0.3217167575808756,train
2011-04-20,-0.8758496145303303,-0.9968571186718322,0.12100750414150196,train
2011-04-21,-0.8930608592373336,-0.9453804501311804,0.05231959089384686,train
2011-04-22,-2.329101299816876,-0.9249253747644187,-1.4041759250524573,train
2011-04-25,-1.2999892943970528,-1.4616418039494523,0.16165250955239951,train
2011-04-26,-0.9200871423016678,-1.248876001360482,0.3287888590588143,train
2011-04-27,-0.684450937613367,-1.1331577070425822,0.4487067694292153,train
2011-04-28,-0.9060483508714884,-1.0492699860997732,0.1432216352282848,train
2011-04-29,-1.5138207161208015,-1.09434589267395,-0.4194748234468515,train
2011-05-02,-0.5886008552650744,-1.2064173417873045,0.6178164865222301,train
2011-05-03,-0.8188069888822909,-0.8843832362111556,0.06557624732886469,train
2011-05-04,-0.7569323804090011,-0.9409111196001512,0.18397873919115004,train
2011-05-05,-0.0960546443759098,-0.9143372778583028,0.8182826334823929,train
2011-05-06,0.2184216000931398,-0.6794084956534175,0.8978300957465574,train
2011-05-09,-0.310679603534748,-0.4052070241223695,0.09452742058762148,train
2011-05-10,-0.3964032916078105,-0.5283113719744257,0.13190808036661517,train
2011-05-11,-0.591335178045261,-0.5140372154620722,-0.07729796258318888,train
2011-05-12,-0.3638612416621495,-0.5392097509562874,0.17534850929413792,train
2011-05-13,-0.306414841096913,-0.490330062682701,0.183915221585788,train
2011-05-16,-0.6536846581870052,-0.5115356472552688,-0.14214901093173637,train
2011-05-17,-0.3354657283002816,-0.6354649576885335,0.2999992293882519,train
2011-05-18,-0.9085979394789186,-0.5361202934572225,-0.3724776460216962,train
2011-05-19,-0.9547542923917738,-0.7355754970672399,-0.21917879532453388,train
2011-05-20,-0.7069836303633109,-0.7756869005991963,0.0687032702358854,train
2011-05-23,-0.5554063040057218,-0.7421004571317784,0.18669415312605664,train
2011-05-24,-0.7302078351862114,-0.6850012024178177,-0.04520663276839365,train
2011-05-25,-0.4953807743361558,-0.7566120611852795,0.26123128684912367,train
2011-05-26,-0.6221303853428285,-0.6529610554186002,0.03083067007577167,train
2011-05-27,-0.5490585646736605,-0.6547237547681111,0.10566519009445052,train
2011-05-30,-1.825935750148478,-0.6178818369408079,-1.2080539132076702,train
2011-05-31,-1.0151053968923132,-1.0849601394679333,0.06985474257562019,train
2011-06-01,-0.7047820337410537,-0.8866048028646526,0.18182276912359885,train
2011-06-02,-0.8143332228634985,-0.8176402729525881,0.0033070500890896026,train
2011-06-03,-0.8091851680998728,-0.8955717932425693,0.08638662514269646,train
2011-06-06,-1.3397230349299218,-0.9592002210990428,-0.38052281383087905,train
2011-06-07,-1.456871744890036,-0.9876946167418591,-0.4691771281481768,train
2011-06-08,-1.0879328670788149,-1.0882967237798875,0.0003638567010726401,train
2011-06-09,-0.9367930470903344,-1.0181107351474232,0.08131768805708883,train
2011-06-10,-0.986694474682369,-1.0510330716615084,0.06433859697913935,train
2011-06-13,-1.130802242203195,-1.029184738092612,-0.1016175041105829,train
2011-06-14,-1.3330176794818256,-1.0498972449444204,-0.2831204345374052,train
2011-06-15,-0.7928944932569758,-1.1247676947863825,0.3318732015294067,train
2011-06-16,-0.0981893533443794,-0.9356068924038249,0.8374175390594455,train
2011-06-17,-0.2507107390690966,-0.677044790741586,0.4263340516724894,train
2011-06-20,-0.7426244778233471,-0.6545635735019384,-0.08806090432140867,train
2011-06-21,-0.8189433330450251,-0.764920763317331,-0.054022569727694036,train
2011-06-22,-0.7368253891220039,-0.7578834790532948,0.02105808993129088,train
2011-06-23,-0.4086089042194358,-0.7230042726645849,0.3143953684451491,train
2011-06-24,-0.597614079935035,-0.6634795142914486,0.06586543435641357,train
2011-06-27,-0.6350125853020244,-0.7261511958523497,0.09113861055032524,train
2011-06-28,-0.6656072742615858,-0.7267117082264785,0.061104433964892624,train
2011-06-29,-0.6876070502016172,-0.7291493753127036,0.041542325111086464,train
2011-06-30,-0.941173643011361,-0.7203245097907577,-0.2208491332206033,train
2011-07-01,-0.8993795569303744,-0.8283425658025356,-0.07103699112783879,train
2011-07-04,-1.4765808240369205,-0.847825421385167,-0.6287554026517534,train
2011-07-05,-1.102517571469922,-1.1658303737715847,0.0633128023016627,train
2011-07-06,-1.098571581688019,-1.0118769354135384,-0.08669464627448065,train
2011-07-07,-0.8117238454958872,-1.0407793358118882,0.22905549031600103,train
2011-07-08,-0.6073919232561311,-0.9563720057483562,0.3489800824922251,train
2011-07-11,-0.5800100913064532,-0.8669831269738625,0.2869730356674093,train
2011-07-12,0.1756106867191774,-0.767580894421589,0.9431915811407665,train
2011-07-13,-0.1753734049621935,-0.44677783400857163,0.2714044290463781,train
2011-07-14,-0.1232792223590549,-0.464377380209359,0.34109815785030406,train
2011-07-15,-0.4846380226531239,-0.3807683944024762,-0.10386962825064772,train
2011-07-18,-0.5648299906039916,-0.4807364068559864,-0.08409358374800524,train
2011-07-19,-0.5404212521963104,-0.490264502568045,-0.05015674962826544,train
2011-07-20,-0.8808310497989714,-0.5532483176431575,-0.3275827321558139,train
2011-07-21,-0.2769074124028562,-0.6975551256667704,0.42064771326391415,train
2011-07-22,-1.0762748376356888,-0.5465946231032317,-0.5296802145324571,train
2011-07-25,-0.9626441076419552,-0.8071128420281631,-0.15553126561379205,train
2011-07-26,-0.9654141053931564,-0.8074668207078048,-0.15794728468535157,train
2011-07-27,-0.8263933170068477,-0.9086505053416042,0.08225718833475648,train
2011-07-28,-0.7990104178874275,-0.8323173183787598,0.033306900491332225,train
2011-07-29,-0.4098696663505325,-0.8685291613743551,0.4586594950238226,train
2011-08-01,-0.3736148995223436,-0.6932978707032579,0.31968297118091427,train
2011-08-02,-0.388814291022964,-0.6468956065998662,0.2580813155769022,train
2011-08-03,-0.275844559997998,-0.5783028825857133,0.30245832258771527,train
2011-08-04,-0.0009230164267586,-0.5054477309307853,0.5045247145040267,train
2011-08-05,0.2158492629120795,-0.3364242174862936,0.5522734803983731,train
2011-08-08,0.2829401811402076,-0.2125667908677616,0.49550697200796917,train
2011-08-09,0.3985818260375987,-0.1339053658538904,0.5324871918914891,train
2011-08-10,-0.2514118580129491,-0.021860097740070486,-0.2295517602728786,train
2011-08-11,0.1244815387097102,-0.19898687379498792,0.3234684125046981,train
2011-08-12,-0.5457578652981009,-0.085611637547769,-0.46014622775033187,train
2011-08-15,-0.7304264611631917,-0.33766026199636845,-0.3927661991668232,train
2011-08-16,-0.5825879090940542,-0.48802982329829026,-0.09455808579576397,train
2011-08-17,-0.7143108477975669,-0.5453878012995568,-0.16892304649801015,train
2011-08-18,-0.4978267853756903,-0.5953280939994999,0.09750130862380962,train
2011-08-19,-0.6258167624380867,-0.5908052816785825,-0.03501148075950422,train
2011-08-22,-1.4199659581027655,-0.6169357759479102,-0.8030301821548553,train
2011-08-23,-0.8173714263415045,-0.9117451526348781,0.0943737262933736,train
2011-08-24,-0.9663830292102232,-0.7831262352441593,-0.18325679396606398,train
2011-08-25,-0.840506771645874,-0.8319495931807762,-0.008557178465097737,train
2011-08-26,-0.8349693922002304,-0.8738532371892503,0.03888384498901998,train
2011-08-29,-1.2424317768775768,-0.8792051119899369,-0.3632266648876399,train
2011-08-30,-1.0855161478888722,-0.9695245331214319,-0.11599161476744024,train
2011-08-31,-1.105404831455286,-0.9362483530316409,-0.16915647842364512,train
2011-09-01,-0.771044794337805,-0.959268428895223,0.18822363455741797,train
2011-09-02,-0.7178849944450832,-0.8955758833770737,0.17769088893199048,train
2011-09-05,-1.0567052847033884,-0.8437148943764496,-0.21299039032693878,train
2011-09-06,0.1098105461346378,-0.9533094609957986,1.0631200071304363,train
2011-09-07,-0.4882528687769118,-0.4818734984586748,-0.006379370318237043,train
2011-09-08,-0.3986653898898824,-0.6219755953051797,0.22331020541529722,train
2011-09-09,0.0288775211479536,-0.5800468950572042,0.6089244162051578,train
2011-09-12,0.3871447495515001,-0.38748353747816533,0.7746282870296655,train
2011-09-13,0.0879124022180377,-0.16662531904148978,0.25453772125952745,train
2011-09-14,0.0978208286235656,-0.24911861070616131,0.34693943932972693,train
2011-09-15,-0.1229641378518698,-0.18715724751690424,0.06419310966503444,train
2011-09-16,-0.4888411730318616,-0.23490444979698866,-0.25393672323487293,train
2011-09-19,-0.5225352711651015,-0.36964213145651603,-0.15289313970858542,train
2011-09-20,-0.2586156454161517,-0.4527505660995677,0.19413492068341603,train
2011-09-21,-0.0704050423031234,-0.4193085215507232,0.3489034792475998,train
2011-09-22,0.2409999543947382,-0.35131868343140926,0.5923186378261475,train
2011-09-23,0.0193069689768036,-0.2164493236579097,0.2357562926347133,train
2011-09-26,0.0534121724602671,-0.2320694099777159,0.285481582437983,train
2011-09-27,-0.1010707067740181,-0.16822441335050953,0.06715370657649143,train
2011-09-28,-0.3715701075846248,-0.1904361152413691,-0.18113399234325567,train
2011-09-29,-0.3353003585330876,-0.280870239446284,-0.05443011908680362,train
2011-09-30,-0.3909551403988641,-0.3094234636232736,-0.08153167677559048,train
2011-10-03,-0.3109783377060839,-0.35230970555927243,0.04133136785318853,train
2011-10-04,0.0783249661277892,-0.3509019826916171,0.4292269488194063,train
2011-10-05,-0.1724529562641394,-0.21945149375308298,0.04699853748894359,train
2011-10-06,-0.1494766134809561,-0.26727665304101306,0.11780003956005697,train
2011-10-07,-0.2956409287207216,-0.25364649945021084,-0.04199442927051078,train
2011-10-10,-0.6413385851195409,-0.28996255833981827,-0.35137602677972263,train
2011-10-11,-0.6755443045452092,-0.4096156779385111,-0.2659286266066981,train
2011-10-12,-0.4910064574264863,-0.47946088937590464,-0.011545568050581656,train
2011-10-13,-0.5847959765078337,-0.4790412482311978,-0.10575472827663585,train
2011-10-14,-0.4458024074188598,-0.532366157562555,0.08656375014369522,train
2011-10-17,-0.5850367698698269,-0.5312593479592236,-0.05377742191060331,train
2011-10-18,-0.2337087581965647,-0.5470726059255013,0.31336384772893666,train
2011-10-19,-0.4107543867281548,-0.41940056471309745,0.00864617798494266,train
2011-10-20,0.0033404180036063,-0.4574998622463861,0.4608402802499924,train
2011-10-21,-0.4075079671188668,-0.2913292929237382,-0.11617867419512856,train
2011-10-24,-0.6369869144418117,-0.4083948670810563,-0.22859204736075533,train
2011-10-25,-0.3840596745979158,-0.48613201684664004,0.10207234224872425,train
2011-10-26,-0.469387351499623,-0.42963127956654645,-0.039756071933076564,train
2011-10-27,-0.3628700196327343,-0.47281841083185905,0.10994839119912475,train
2011-10-28,-0.9043148730909376,-0.464051154944199,-0.4402637181467386,train
2011-10-31,-0.0977110156843395,-0.6592341419394561,0.5615231262551166,train
2011-11-01,0.240826302162789,-0.39059172301741096,0.6314180251802,train
2011-11-02,-0.209859863772368,-0.2368659655182567,0.02700610174588869,train
2011-11-03,0.2973380143356066,-0.34307168638527613,0.6404097007208827,train
2011-11-04,-0.3980289392904052,-0.14585517509592016,-0.25217376419448506,train
2011-11-07,-0.4808542026114575,-0.31839517966080744,-0.16245902295065007,train
2011-11-08,-0.6739244370361221,-0.3663568249766334,-0.30756761205948874,train
2011-11-09,-0.2933870267999841,-0.5032620954683175,0.2098750686683334,train
2011-11-10,-0.1481445944388223,-0.38978413806752316,0.24163954362870085,train
2011-11-11,-0.5310551059818589,-0.37858103731881987,-0.15247406866303903,train
2011-11-14,-0.5841019031506467,-0.5054412166586734,-0.07866068649197333,train
2011-11-15,-0.4921051746180334,-0.5156370889004338,0.023531914282400423,train
2011-11-16,-0.3753761259511127,-0.4749614061998326,0.09958528024871993,train
2011-11-17,-0.3103807409004148,-0.4504862350698917,0.14010549416947693,train
2011-11-18,-0.5616400225511041,-0.4452876662275158,-0.11635235632358831,train
2011-11-21,-0.566298865408242,-0.5237283285547432,-0.042570536853498875,train
2011-11-22,-0.8843020217398013,-0.555267121679307,-0.3290349000604943,train
2011-11-23,-0.5202168762119542,-0.6603883459606035,0.14017146974864925,train
2011-11-24,-1.186133579581516,-0.5678468427654415,-0.6182867368160745,train
2011-11-25,-0.9766109402117248,-0.8197191439115292,-0.15689179630019556,train
2011-11-28,-0.6120982302896649,-0.8139298527998349,0.20183162251016995,train
2011-11-29,-0.5621758248500593,-0.7205944536998969,0.1584186288498376,train
2011-11-30,0.6522887418146552,-0.6777845633451766,1.3300733051598317,train
2011-12-01,-0.5936742970261348,0.009028303043867023,-0.6027026000700019,train
2011-12-02,-0.9140335831768972,-0.5431670979845927,-0.3708664851923045,train
2011-12-05,-0.9680012699249956,-0.6341733967582026,-0.33382787316679297,train
2011-12-06,-1.3399487091993267,-0.7443479319579899,-0.5956007772413369,train
2011-12-07,-1.324314195551106,-0.8511502571612627,-0.4731639383898433,train
2011-12-08,-0.641758273196831,-1.0434755603370953,0.40171728714026433,train
2011-12-09,-0.7687976234810763,-0.8577414515542743,0.088943828073198,train
2011-12-12,-0.7572591873422568,-0.8632611391127043,0.10600195177044747,train
2011-12-13,-0.4509659398211164,-0.8651276323391169,0.41416169251800056,train
2011-12-14,-0.6575220359732808,-0.6970939249835094,0.03957188901022857,train
2011-12-15,-0.937950628185034,-0.6991250527186741,-0.23882557546635996,train
2011-12-16,-1.3156835424745044,-0.7923363590220815,-0.5233471834524228,train
2011-12-19,-1.5824873543586648,-0.9661659937619826,-0.6163213605966822,train
2011-12-20,-1.4362390128352898,-1.0895937390518384,-0.34664527378345134,train
2011-12-21,-0.6839323987647022,-1.2103454336118222,0.52641303484712,train
2011-12-22,-0.9384824818480312,-0.9662069581073673,0.02772447625933616,train
2011-12-23,-1.7489439132054283,-1.0971975478011802,-0.6517463654042481,train
2011-12-27,-2.558422998493031,-1.3833348848646039,-1.1750881136284272,train
2011-12-28,-1.3649714252648852,-1.6334629307511004,0.26849150548621514,train
2011-12-29,-0.926345736666627,-1.3491229382097216,0.4227772015430946,train
2011-12-30,-1.2576052563784952,-1.2399077024039378,-0.017697553974557412,train
2012-01-03,-1.1704944857065824,-1.318760125026012,0.1482656393194295,train
2012-01-04,-1.157514850795084,-1.2560199965854628,0.09850514579037872,train
2012-01-05,-0.7590285616132283,-1.1581682297141855,0.39913966810095725,train
2012-01-06,-0.9462175048965478,-1.0069425885513987,0.060725083654850964,train
2012-01-09,-1.0298118756893262,-1.0392261459565426,0.009414270267216418,train
2012-01-10,-1.0965843136599185,-1.0375777101453356,-0.05900660351458287,train
2012-01-11,-0.8841473092317989,-1.0466452033705043,0.1624978941387054,train
2012-01-12,-0.938804333766356,-1.0004389136487513,0.06163457988239529,train
2012-01-13,-0.3591195209778515,-1.0081667910615513,0.6490472700836998,train
2012-01-16,-1.30259185055189,-0.809335775504093,-0.4932560750477971,train
2012-01-17,-0.9109085234365614,-1.0931371978798712,0.1822286744433098,train
2012-01-18,-0.4686264495884085,-1.0003359029887968,0.5317094534003883,train
2012-01-19,-0.9194370190617396,-0.8145158539658713,-0.10492116509586824,train
2012-01-20,-0.992981643507653,-0.9161181186104488,-0.07686352489720416,train
2012-01-23,-0.9641266811960116,-0.9896430969918039,0.025516415795792224,train
2012-01-24,-0.7542344675361621,-0.9489461064311566,0.19471163889499454,train
2012-01-25,-0.5959294407030866,-0.911959650663587,0.31603020996050035,train
2012-01-26,-1.0331084935403878,-0.8595857571787334,-0.17352273636165438,train
2012-01-27,-0.535012620801228,-0.9582444743912785,0.42323185359005044,train
2012-01-30,-1.1700443613856617,-0.7721561473396676,-0.39788821404599406,train
2012-01-31,-0.9003331075195423,-0.9623484622798828,0.06201535476034048,train
2012-02-01,-0.5125607360537561,-0.8987317447370182,0.38617100868326215,train
2012-02-02,-0.5584878019595267,-0.7796982902446925,0.22121048828516576,train
2012-02-03,-0.6155303555569808,-0.778143889971727,0.16261353441474624,train
2012-02-06,-0.7867908261606054,-0.7938610026870476,0.007070176526442262,train
2012-02-07,-0.6623945155135355,-0.7829889977312723,0.12059448221773683,train
2012-02-08,-1.0145572222357016,-0.7269970496246835,-0.2875601726110181,train
2012-02-09,-0.6332852598037197,-0.8545663467882625,0.22128108698454274,train
2012-02-10,-1.1448543717241266,-0.7552393400638175,-0.3896150316603091,train
2012-02-13,-1.1791486712292685,-0.9585305388868852,-0.22061813234238326,train
2012-02-14,-0.9436653783171676,-0.9916452290335757,0.04797985071640809,train
2012-02-15,-0.7342423783108174,-0.936427323118328,0.2021849448075106,train
2012-02-16,-0.6729951550579912,-0.8658102518575508,0.19281509679955955,train
2012-02-17,-1.2049526910332298,-0.852784724617321,-0.35216796641590875,train
2012-02-20,-1.2958726293289702,-1.0194355624009082,-0.276437066928062,train
2012-02-21,-0.2824663993203478,-1.058937939244342,0.7764715399239943,train
2012-02-22,-1.2240009565457686,-0.7365206047449714,-0.4874803518007972,train
2012-02-23,-1.161289950922291,-0.9997989624807654,-0.16149098844152554,train
2012-02-24,-1.4205481066047425,-1.058543151609154,-0.3620049549955886,train
2012-02-27,-1.143078023395959,-1.1467907126629027,0.0037126892669436806,train
2012-02-28,-1.1880719646251388,-1.0357864184933574,-0.15228554613178136,train
2012-02-29,-0.9276619757533716,-1.1856136416891583,0.25795166593578667,train
2012-03-01,-1.1548328854047258,-1.0623774000939197,-0.09245548531080616,train
2012-03-02,-1.3402698925412555,-1.0857430524937646,-0.25452684004749093,train
2012-03-05,-1.0555230369193904,-1.153000087586094,0.09747705066670354,train
2012-03-06,-1.467402488918607,-1.0808228297042657,-0.38657965921434134,train
2012-03-07,-1.4340465754603395,-1.2148089565069662,-0.21923761895337335,train
2012-03-08,-1.089171168059447,-1.2770945976120334,0.18792342955258645,train
2012-03-09,-1.1592668641150738,-1.2272272144600664,0.06796035034499259,train
2012-03-12,-1.367727364343958,-1.1735180399634866,-0.19420932438047145,train
2012-03-13,-1.199797480700744,-1.2695168166120383,0.0697193359112942,train
2012-03-14,-1.141672986081164,-1.2053140686504151,0.06364108256925105,train
2012-03-15,-1.3452405587171168,-1.1433431242063303,-0.20189743451078646,train
2012-03-16,-1.139605828312667,-1.211287118753668,0.07168129044100091,train
2012-03-19,-1.5680170023394204,-1.2364240316592405,-0.3315929706801799,train
2012-03-20,-1.4159470400424987,-1.3828025181462318,-0.03314452189626693,train
2012-03-21,-1.4172776754788907,-1.3662562063664516,-0.0510214691124391,train
2012-03-22,-1.2547587071956328,-1.3502771576686172,0.09551845047298446,train
2012-03-23,-1.173408197729394,-1.292307994536221,0.11889979680682705,train
2012-03-26,-1.0861177712485273,-1.3115208350953687,0.2254030638468414,train
2012-03-27,-1.5125344798622171,-1.265752670618617,-0.24678180924360005,train
2012-03-28,-1.32090230225699,-1.3470201299505247,0.026117827693534768,train
2012-03-29,-1.3237018598457897,-1.305126759521311,-0.018575100324478733,train
2012-03-30,-1.114807737138163,-1.2617670771506666,0.14695934001250355,train
2012-04-02,-1.6199132544667565,-1.2101106750719763,-0.40980257939478015,train
2012-04-03,-0.9475168160804056,-1.396863987956925,0.4493471718765193,train
2012-04-04,-1.1669033945897151,-1.274518719678601,0.10761532508888583,train
2012-04-05,-1.6740591256238984,-1.2354991620819056,-0.4385599635419928,train
2012-04-06,-1.6839904127206369,-1.3988970901823385,-0.28509332253829833,train
2012-04-09,-1.5136923863512466,-1.6666800549853586,0.15298766863411206,train
2012-04-10,-1.0765180605492448,-1.4825328393124904,0.40601477876324554,train
2012-04-11,-1.2880473935483792,-1.2639864982710778,-0.024060895277301375,train
2012-04-12,-1.429171952173586,-1.3412868923971664,-0.08788505977641958,train
2012-04-13,-1.625045644312171,-1.371920906537211,-0.2531247377749599,train
2012-04-16,-0.9689859322213056,-1.4321589644639219,0.4631730322426163,train
2012-04-17,-1.508589921006405,-1.1973859778714553,-0.3112039431349498,train
2012-04-18,-1.107139983831039,-1.3827803777861989,0.27564039395515993,train
2012-04-19,-1.3466179207549995,-1.299350854806437,-0.04726706594856256,train
2012-04-20,-1.487113959473261,-1.3202393580324403,-0.16687460144082067,train
2012-04-23,-1.786983256463176,-1.3855325920624377,-0.4014506644007383,train
2012-04-24,-1.850163482087636,-1.5161801296324888,-0.3339833524551472,train
2012-04-25,-1.1662822875389254,-1.6109767932379189,0.4446945056989935,train
2012-04-26,-1.636186777800673,-1.442214458976428,-0.19397231882424482,train
2012-04-27,-1.4070543859732343,-1.5504664595331445,0.14341207355991026,train
2012-04-30,-2.3086279347836025,-1.45215455168317,-0.8564733831004325,train
2012-05-01,-1.6707811817033844,-1.7572580980808263,0.08647691637744193,train
2012-05-02,-1.270910697628018,-1.8106635626103051,0.5397528649822871,train
2012-05-03,-1.8647791266600529,-1.6345583801767156,-0.23022074648333724,train
2012-05-04,-1.8878453638778905,-1.72454044676925,-0.16330491710864048,train
2012-05-07,-1.1604417232153648,-1.7598716735859712,0.5994299503706064,train
2012-05-08,-1.4810054397511476,-1.3971132823242742,-0.08389215742687339,train
2012-05-09,-1.3344858493321607,-1.4560781432744418,0.1215922939422811,train
2012-05-10,-1.6561505772687009,-1.443530076373032,-0.21262050089566875,train
2012-05-11,-1.652753217266694,-1.4880943438255796,-0.16465887344111452,train
2012-05-14,-1.6319016809337767,-1.5148735358264105,-0.11702814510736625,train
2012-05-15,-1.2865868271205878,-1.5226892129727638,0.23610238585217602,train
2012-05-16,-0.9804350763957266,-1.5362089369257617,0.5557738605300351,train
2012-05-17,-1.0579576630522551,-1.3061522285835903,0.24819456553133512,train
2012-05-18,-0.9375290803217096,-1.3154462539847416,0.377917173663032,train
2012-05-21,-1.3311874984282754,-1.2058314963782861,-0.1253560020499893,train
2012-05-22,-1.1481978887924242,-1.238149746110787,0.08995185731836286,train
2012-05-23,-0.8675582676281294,-1.1979447050383614,0.330386437410232,train
2012-05-24,-0.7803541399420716,-1.0862331694812084,0.3058790295391368,train
2012-05-25,-1.1014095218792843,-1.038935973814648,-0.06247354806463634,train
2012-05-28,-1.5111334738903988,-1.167913131591724,-0.3432203422986748,train
2012-05-29,-1.1808535711646355,-1.2898195003611161,0.10896592919648063,train
2012-05-30,-1.0208108609936604,-1.1765189203883508,0.15570805939469046,train
2012-05-31,-0.9594643947929384,-1.14560242965788,0.18613803486494152,train
2012-06-01,-0.3164775669042438,-1.134418345796396,0.8179407788921523,train
2012-06-04,-1.0907091332623522,-0.8810282982132691,-0.20968083504908308,train
2012-06-05,-0.9497331107043256,-1.0429130386880696,0.09317992798374397,train
2012-06-06,-0.9459936145959692,-0.9890724224526296,0.043078807856660406,train
2012-06-07,-0.7609904582661026,-0.9648884716141166,0.20389801334801405,train
2012-06-08,-1.0920574156751022,-0.8950466165699529,-0.1970107991051493,train
2012-06-11,-0.882114911065463,-1.0503155589533313,0.16820064788786826,train
2012-06-12,-0.7977971174273555,-0.9519432866513847,0.15414616922402924,train
2012-06-13,-1.024557181450362,-0.9196643539372762,-0.10489282751308582,train
2012-06-14,-1.1221138903997636,-0.9773679111191577,-0.14474597928060595,train
2012-06-15,-1.387650331740094,-1.0175561096855605,-0.37009422205453335,train
2012-06-18,-0.730361862960875,-1.1451233144090385,0.41476145144816345,train
2012-06-19,-1.1718540995968716,-0.9288081677782505,-0.2430459318186211,train
2012-06-20,-0.5953847679463493,-1.1005736937909392,0.5051889258445899,train
2012-06-21,-0.8278326663764869,-0.9396625204313859,0.11182985405489898,train
2012-06-22,-1.2955183348205253,-0.9272661065769848,-0.3682522282435404,train
2012-06-25,-1.6901438685700747,-1.0659259535726613,-0.6242179149974134,train
2012-06-26,-1.1341923845893125,-1.2832403941711064,0.14904800958179387,train
2012-06-27,-1.7483539762021802,-1.1226810643040068,-0.6256729118981734,train
2012-06-28,-1.2091166296493354,-1.3756176620819809,0.16650103243264547,train
2012-06-29,0.026351435790813,-1.34084740423255,1.367198840023363,train
2012-07-02,-1.4860508507955013,-0.7663569785194274,-0.7196938722760738,train
2012-07-03,-1.7495096012643605,-1.203701444517822,-0.5458081567465385,train
2012-07-04,-1.8095847022619835,-1.3318420834090015,-0.4777426188529821,train
2012-07-05,-0.883650740477046,-1.4614297637688043,0.5777790232917583,train
2012-07-06,-1.501688754071928,-1.1873800774500998,-0.31430867662182815,train
2012-07-09,-1.4455918529707186,-1.3681443180125965,-0.07744753495812207,train
2012-07-10,-1.6464199175936602,-1.3419508746072557,-0.30446904298640454,train
2012-07-11,-1.381907490557589,-1.4122254066715936,0.030317916114004584,train
2012-07-12,-1.510930006952241,-1.3792665738291023,-0.13166343312313855,train
2012-07-13,-1.164908801238124,-1.3961587022564024,0.23124990101827847,train
2012-07-16,-1.4126807682652545,-1.3376524872556428,-0.07502828100961167,train
2012-07-17,-0.9797293860339976,-1.3792715898877064,0.39954220385370876,train
2012-07-18,-1.1950878287606632,-1.2612905488564705,0.0662027200958073,train
2012-07-19,-1.1584275357100826,-1.2446626164412669,0.08623508073118424,train
2012-07-20,-1.1117522414714514,-1.245630657594948,0.1338784161234967,train
2012-07-23,-1.1925681591171344,-1.2598092769441833,0.06724111782704889,train
2012-07-24,-1.3622775857711802,-1.1712806592270923,-0.19099692654408784,train
2012-07-25,-0.8538236091013403,-1.2396222899234073,0.38579868082206703,train
2012-07-26,-0.5888511377065827,-1.0985486643948992,0.5096975266883165,train
2012-07-27,-0.163926015821434,-0.9750087362000852,0.8110827203786513,train
2012-07-30,-1.4258441212042898,-0.748263498673942,-0.6775806225303478,train
2012-07-31,-1.0734605417711682,-1.1228168836492585,0.04935634187809024,train
2012-08-01,-0.8935643813706171,-1.037168995337451,0.14360461396683388,train
2012-08-02,0.1209541174675616,-1.0507947916712292,1.171748909138791,train
2012-08-03,-0.7379880662679292,-0.5740013899713323,-0.1639866762965969,train
2012-08-06,-1.032593840285339,-0.8929426819384054,-0.13965115834693353,train
2012-08-07,-1.7357696552812287,-0.9258059264002539,-0.8099637288809748,train
2012-08-08,-1.7485780230882164,-1.1738025687750278,-0.5747754543131887,train
2012-08-09,-1.3872421563818051,-1.254785618745117,-0.1324565376366882,train
2012-08-10,-1.6057777949641183,-1.3137586957323883,-0.29201909923173,train
2012-08-13,-1.6682987083251315,-1.4227443169386789,-0.24555439138645263,train
2012-08-14,-1.834740157429068,-1.481196698338537,-0.3535434590905311,train
2012-08-15,-2.003493292623155,-1.5569217023028108,-0.446571590320344,train
2012-08-16,-1.8859094011521205,-1.6285648817238174,-0.25734451942830305,train
2012-08-17,-1.6303545196985552,-1.6171853714314643,-0.013169148267090813,train
2012-08-20,-1.61930956764655,-1.593246036098572,-0.026063531547978025,train
2012-08-21,-1.2954977756317387,-1.5958616601889366,0.30036388455719787,train
2012-08-22,-1.2436658717027491,-1.645305397596852,0.4016395258941028,train
2012-08-23,-1.5105825555912884,-1.5010478037612502,-0.009534751830038157,train
2012-08-24,-1.268146851402278,-1.4153172772176181,0.14717042581534012,train
2012-08-27,-2.144709935474024,-1.4674552655438406,-0.6772546699301836,train
2012-08-28,-1.761721493130995,-1.6181860252354494,-0.1435354678955456,train
2012-08-29,-1.8769910275909287,-1.5706267567291512,-0.30636427086177753,train
2012-08-30,-1.8852891279191089,-1.7141532091137062,-0.1711359188054027,train
2012-08-31,-0.7645133431459522,-1.7239375515795312,0.959424208433579,train
2012-09-03,-2.161381997996005,-1.3942371769512936,-0.7671448210447114,train
2012-09-04,-1.630900705770676,-1.832778395401542,0.20187768963086605,train
2012-09-05,-1.1548514552015725,-1.631604351956994,0.47675289675542154,train
2012-09-06,-1.0447717473967912,-1.540357689821642,0.49558594242485077,train
2012-09-07,-1.2273711865581916,-1.3381261539242577,0.11075496736606616,train
2012-09-10,-1.917851729005959,-1.4298292207005143,-0.4880225083054446,train
2012-09-11,-1.6192503548668549,-1.5747612408228537,-0.04448911404400113,train
2012-09-12,-1.0554713561708953,-1.5039385051936212,0.4484671490227259,train
2012-09-13,-0.7975543780489607,-1.3381797992511284,0.5406254212021677,train
2012-09-14,-1.2766136387462876,-1.2462394314261336,-0.030374207320154056,train
2012-09-17,-1.2787948446344373,-1.3248416583839795,0.046046813749542226,train
2012-09-18,-1.3374105163513652,-1.298561928007932,-0.0388485883434333,train
2012-09-19,-1.426113833868802,-1.277581401663283,-0.14853243220551904,train
2012-09-20,-1.205384171404256,-1.3558538131130717,0.15046964170881583,train
2012-09-21,-0.7446221532052957,-1.2760850890359872,0.5314629358306915,train
2012-09-24,-1.2664792918682928,-1.1302748163699894,-0.1362044754983034,train
2012-09-25,-1.369123958827883,-1.279848654919348,-0.089275303908535,train
2012-09-26,-1.5075395585466669,-1.2846830898583474,-0.22285646868831943,train
2012-09-27,-1.3185512965027235,-1.3255404042206655,0.0069891077179420336,train
2012-09-28,-1.3540578566962622,-1.283114982836941,-0.07094287385932119,train
2012-10-01,-1.2692382867819836,-1.3419804284575276,0.07274214167554405,train
2012-10-02,-1.532265227728966,-1.3117488760097658,-0.22051635171920014,train
2012-10-03,-1.534521322599653,-1.3750110330575551,-0.1595102895420979,train
2012-10-04,-1.3524819135173003,-1.4270854290092445,0.07460351549194422,train
2012-10-05,-1.76338803484335,-1.363154493537778,-0.400233541305572,train
2012-10-08,-1.8833764937289228,-1.5242746204326751,-0.35910187329624765,train
2012-10-09,-1.385926511108984,-1.583496503582211,0.19756999247322704,train
2012-10-10,-1.4825898191307976,-1.4584996730081106,-0.024090146122687006,train
2012-10-11,-1.396242568210251,-1.4585310057443845,0.06228843753413349,train
2012-10-12,-1.4807995782997383,-1.4293684911488884,-0.051431087150849875,train
2012-10-15,-1.785846732494886,-1.4699914151573676,-0.31585531733751826,train
2012-10-16,-1.764056379464154,-1.5299081798507923,-0.23414819961336164,train
2012-10-17,-1.4490840295044911,-1.5989532061643739,0.14986917665988275,train
2012-10-18,-1.695224165202745,-1.4906309512615021,-0.20459321394124297,train
2012-10-19,-1.77253866453815,-1.5802963131707675,-0.19224235136738255,train
2012-10-22,-1.8402093202193857,-1.6228721280668166,-0.21733719215256908,train
2012-10-23,-1.8942464240915171,-1.6362631643732253,-0.25798325971829184,train
2012-10-24,-1.470583770073029,-1.7215169376904178,0.2509331676173887,train
2012-10-25,-1.6367660233550898,-1.6090486567909679,-0.027717366564121937,train
2012-10-26,-1.515852070884749,-1.5924262927777435,0.07657422189299457,train
2012-10-29,-1.957231278270088,-1.5584543315667179,-0.39877694670337016,train
2012-10-30,-2.060651547901433,-1.678680230914209,-0.3819713169872241,train
2012-10-31,-1.9636342981763424,-1.7731315436148518,-0.19050275456149057,train
2012-11-01,-1.922230925630828,-1.751051857944685,-0.1711790676861431,train
2012-11-02,-1.3882583821332248,-1.7921170978125416,0.40385871567931675,train
2012-11-05,-1.7420808173872404,-1.6529748616241673,-0.08910595576307312,train
2012-11-06,-1.7503008843352454,-1.7210678183465464,-0.029233065988699014,train
2012-11-07,-1.0987324760832675,-1.693203659882823,0.5944711837995555,train
2012-11-08,-1.4017659248256804,-1.423029021295644,0.021263096469963605,train
2012-11-09,-1.660778818426802,-1.4835670417349367,-0.17721177669186527,train
2012-11-12,-1.978050261429,-1.5481288931329227,-0.4299213682960774,train
2012-11-13,-1.6322045936380511,-1.7322857928352753,0.10008119919722414,train
2012-11-14,-1.6784887858754185,-1.651669370326476,-0.026819415548942516,train
2012-11-15,-1.827901450023217,-1.6372431244457288,-0.19065832557748807,train
2012-11-16,-1.6714608574903238,-1.6747335705832385,0.0032727130929146586,train
2012-11-19,-1.8297459635963929,-1.6835666817982222,-0.14617928179817063,train
2012-11-20,-1.2059111170121015,-1.7265870550013451,0.5206759379892436,train
2012-11-21,-1.558997018259092,-1.5341136132123894,-0.02488340504670261,train
2012-11-22,-1.849588771538761,-1.6540013215791165,-0.1955874499596444,train
2012-11-23,-1.6876582458904732,-1.653699200565678,-0.0339590453247951,train
2012-11-26,-1.979910377288484,-1.629206897082571,-0.350703480205913,train
2012-11-27,-1.57739041595693,-1.6909111549831115,0.11352073902618143,train
2012-11-28,-1.8074760078642516,-1.6807703375171268,-0.12670567034712477,train
2012-11-29,-1.843838747604258,-1.7020989404196154,-0.14173980718464252,train
2012-11-30,-1.5840675529784871,-1.866506295497985,0.28243874251949785,train
2012-12-03,-1.8789224287324824,-1.6925340717730488,-0.18638835695943357,train
2012-12-04,-2.08998209447695,-1.7094587208848728,-0.380523373592077,train
2012-12-05,-2.262956704909611,-1.8073918527172304,-0.45556485219238074,train
2012-12-06,-1.6612698857582828,-1.8621372865470873,0.2008674007888045,train
2012-12-07,-1.5068919118947497,-1.7925625128838494,0.2856706009890997,train
2012-12-10,-2.008167363032486,-1.7194860666912906,-0.28868129634119555,train
2012-12-11,-1.9343582131717016,-1.8282220714192088,-0.10613614175249286,train
2012-12-12,-2.126371971732116,-1.808224771617258,-0.318147200114858,train
2012-12-13,-1.7164110941163182,-1.9065705930837966,0.1901594989674784,train
2012-12-14,-1.4865748590613297,-1.74568515929229,0.25911030023096027,train
2012-12-17,-1.846083590281373,-1.7426536756676259,-0.10342991461374718,train
2012-12-18,-2.426149597102199,-1.7642187915688006,-0.6619308055333983,train
2012-12-19,-1.9101110266815424,-1.9635738174998894,0.05346279081834693,train
2012-12-20,-1.3904493202143116,-1.794725511949866,0.4042761917355544,train
2012-12-21,-1.3412306213595395,-1.6532805244253563,0.3120499030658168,train
2012-12-24,-2.422955972156964,-1.6010440202453822,-0.8219119519115816,train
2012-12-27,-1.4957931668958773,-1.9722549793073365,0.47646181241145924,train
2012-12-28,-1.6166222237202632,-1.6583824169732784,0.041760193253015165,train
2012-12-31,-1.122738272987284,-1.7011495792324896,0.5784113062452056,train
2013-01-02,-0.8035942280858285,-1.5598806768846774,0.7562864487988489,train
2013-01-03,-1.1260180167788136,-1.3068410623013849,0.18082304552257122,train
2013-01-04,-1.312933994428806,-1.3720974160532495,0.059163421624443435,train
2013-01-07,-1.5284498525941566,-1.3407900496018148,-0.18765980299234175,train
2013-01-08,-1.518435652761845,-1.3737666946640803,-0.1446689580977647,train
2013-01-09,-1.86783075661376,-1.4555534884597443,-0.41227726815401566,train
2013-01-10,-1.2439894237835485,-1.5702256920483708,0.3262362682648223,train
2013-01-11,-1.1517864243808005,-1.484002352269119,0.33221592788831855,train
2013-01-14,-1.480296908474986,-1.4160117950380369,-0.06428511343694909,train
2013-01-15,-0.984242856007012,-1.460401748031667,0.4761588920246549,train
2013-01-16,-1.194174106706687,-1.2833134278636098,0.08913932115692269,train
2013-01-17,-1.3523238692272272,-1.2724023082270643,-0.0799215610001629,train
2013-01-18,-1.0364921581926287,-1.305945013642228,0.2694528554495992,train
2013-01-21,-2.034103832729416,-1.2266870300076969,-0.8074168027217192,train
2013-01-22,-0.945368660718918,-1.5263924521962378,0.5810237914773198,train
2013-01-23,-1.2411030520816415,-1.257071079474494,0.015968027392852413,train
2013-01-24,-1.106986874385084,-1.327574314374117,0.22058743998903307,train
2013-01-25,-1.1839868657445742,-1.278760126098466,0.09477326035389178,train
2013-01-28,-1.5327297189560305,-1.2909574163046735,-0.24177230265135696,train
2013-01-29,-1.6983607276734425,-1.3315633422196331,-0.36679738545380935,train
2013-01-30,-1.7515846395307966,-1.4244368728126433,-0.32714776671815327,train
2013-01-31,-1.8881766529556745,-1.4904539372560857,-0.39772271569958884,train
2013-02-01,-1.0202204838604794,-1.6025558448557677,0.5823353609952884,train
2013-02-04,-1.371703274836433,-1.334217799156792,-0.037485475679641,train
2013-02-05,-0.8216222146684264,-1.4418309243297738,0.6202087096613473,train
2013-02-06,-1.252671090818387,-1.22315385418881,-0.029517236629576837,train
2013-02-07,-0.9284424162940892,-1.2894178986427716,0.3609754823486824,train
2013-02-08,-1.3057629478540034,-1.115975104039741,-0.1897878438142624,train
2013-02-11,-1.4896026076380895,-1.2033054196434438,-0.28629718799464565,train
2013-02-12,-1.239800903745322,-1.5032437997653596,0.2634428960200377,train
2013-02-13,-1.4611997481232664,-1.2580428445425622,-0.20315690358070415,train
2013-02-14,-1.312057442181478,-1.3439311916251953,0.03187374944371735,train
2013-02-15,-1.1247154188303157,-1.365298119797862,0.2405827009675463,train
2013-02-18,-1.8884885773457385,-1.3467028841819424,-0.5417856931637961,train
2013-02-19,-1.8055351869687888,-1.6378320906098376,-0.1677030963589512,train
2013-02-20,-1.0194429531120053,-1.5704587029284067,0.5510157498164014,train
2013-02-21,-1.0950699762410911,-1.4099360950537152,0.31486611881262405,train
2013-02-22,-1.3500252006487372,-1.312910083653009,-0.037115116995728226,train
2013-02-25,-0.4889539643512234,-1.4199776925799017,0.9310237282286783,train
2013-02-26,-0.4550014433932579,-1.0034463474117337,0.5484449040184758,train
2013-02-27,-0.9703698672537444,-0.8643860589747745,-0.10598380827896992,train
2013-02-28,-1.291005486919082,-1.0070496241417572,-0.28395586277732465,train
2013-03-01,-1.0799591224597511,-1.1196129704424789,0.03965384798272775,train
2013-03-04,-1.4697624562325924,-1.0403216448707364,-0.42944081136185597,train
2013-03-05,-1.7154599871473188,-1.2226418422907888,-0.4928181448565301,train
2013-03-06,-2.039093330141945,-1.4136908483645665,-0.6254024817773787,train
2013-03-07,-1.29603581760484,-1.5464484618886385,0.2504126442837984,train
2013-03-08,-0.7325055158240998,-1.4088318186122102,0.6763263027881103,train
2013-03-11,-1.941257156859571,-1.3064009262137026,-0.6348562306458683,train
2013-03-12,-1.7606672099090797,-1.5701683581182038,-0.1904988517908759,train
2013-03-13,-1.2826861006207249,-1.5533492641014806,0.2706631634807557,train
2013-03-14,-1.5016922249444429,-1.4877014429270794,-0.013990782017363479,train
2013-03-15,-1.1592352683039149,-1.4044015174594588,0.24516624915554397,train
2013-03-18,-0.6920142729459758,-1.4210288021146447,0.7290145291686688,train
2013-03-19,-0.4197500496637362,-1.1072136244153332,0.687463574751597,train
2013-03-20,-0.9847876925032392,-0.9351389119786244,-0.049648780524614744,train
2013-03-21,-1.1092324414550012,-1.042408529124771,-0.0668239123302301,train
2013-03-22,-1.2300904231800427,-1.0803899517204367,-0.14970047145960597,train
2013-03-25,-0.4679494586234203,-1.1396040252015416,0.6716545665781213,train
2013-03-26,-1.2469037563631515,-0.8736929852438671,-0.37321077111928447,train
2013-03-27,-1.4706548167397837,-1.1673699542813,-0.30328486245848363,train
2013-03-28,-1.409222511969617,-1.229693551226167,-0.17952896074344982,train
2013-03-29,-2.1891986725526125,-1.2687919848418299,-0.9204066877107826,train
2013-04-01,-2.100643072645802,-1.9982310178518947,-0.10241205479390736,train
2013-04-02,-1.6920427373133184,-1.7360633579819251,0.04402062066860668,train
2013-04-03,-1.9433288599861296,-1.6142663111005708,-0.32906254888555875,train
2013-04-04,-0.4198558821966205,-1.7311463656556798,1.3112904834590593,train
2013-04-05,-0.6637706112075715,-1.27903945343571,0.6152688422281384,train
2013-04-08,-1.6667662601823017,-1.2523576289818341,-0.41440863120046756,train
2013-04-09,-1.22750729485812,-1.3590149330558063,0.1315076381976863,train
2013-04-10,-1.6093910735620636,-1.2804141439374128,-0.32897692962465075,train
2013-04-11,-1.7958937922282083,-1.329942983691299,-0.4659508085369093,train
2013-04-12,-1.4554064065301573,-1.4502393764979349,-0.005167030032222408,train
2013-04-15,-1.3546172737029012,-1.417640653384047,0.06302337968114591,train
2013-04-16,-0.9627413172623706,-1.3890933465571644,0.4263520292947939,train
2013-04-17,-0.9155064299284008,-1.2676472622170472,0.35214083228864634,train
2013-04-18,-1.1800653614983272,-1.1914008078401293,0.011335446341802058,train
2013-04-19,-1.3036249803912032,-1.2716666545445323,-0.03195832584667091,train
2013-04-22,-1.8174942257955224,-1.2536020878679213,-0.5638921379276012,train
2013-04-23,-1.0518509975969166,-1.4148540592853813,0.36300306168846475,train
2013-04-24,-1.5744076976403332,-1.3812082996560624,-0.19319939798427077,train
2013-04-25,-1.520137133564421,-1.500620087415873,-0.01951704614854788,train
2013-04-26,-1.4883502001614055,-1.452892365256394,-0.03545783490501142,train
2013-04-29,-1.931243722058608,-1.431130170075641,-0.5001135519829671,train
2013-04-30,-1.4532805162190234,-1.5924195479497942,0.1391390317307708,train
2013-05-01,-1.325299449913475,-1.4880117011296834,0.16271225121620847,train
2013-05-02,-0.2796981441614103,-1.501492652477298,1.2217945083158877,train
2013-05-03,-0.2267823591195734,-1.0494954633452889,0.8227131042257154,train
2013-05-06,-1.9520571222085892,-0.9099556256447761,-1.0421014965638131,train
2013-05-07,-1.926019144181476,-1.6348903195078317,-0.2911288246736443,train
2013-05-08,-1.6851164601535895,-1.557887795332388,-0.12722866482120154,train
2013-05-09,-1.4126225720591914,-1.4055160832026137,-0.0071064888565777196,train
2013-05-10,-0.9880764640548162,-1.398805307304499,0.41072884324968284,train
2013-05-13,-1.390328439391655,-1.3231237528778874,-0.06720468651376765,train
2013-05-14,-1.1751893059409582,-1.4173187918886343,0.24212948594767614,train
2013-05-15,-1.2049140070245052,-1.2652954405083885,0.06038143348388325,train
2013-05-16,-1.2063876740343176,-1.2762972110398472,0.0699095370055296,train
2013-05-17,-1.4750985697562229,-1.2668688029583588,-0.2082297667978641,train
2013-05-20,-1.7719270624539052,-1.4385562902022588,-0.33337077225164635,train
2013-05-21,-1.4229670113006485,-1.4411551589762812,0.018188147675632704,train
2013-05-22,-0.6308317708484764,-1.4546867666528935,0.8238549958044171,train
2013-05-23,-1.1164946745120743,-1.1235204094706168,0.007025734958542529,train
2013-05-24,-1.2370364943586445,-1.2474968529444008,0.010460358585756335,train
2013-05-27,-2.8180873960940835,-1.2685813485487583,-1.5495060475453253,train
2013-05-28,-1.320616732800877,-1.7583495252267254,0.4377327924258483,train
2013-05-29,-1.087870916318827,-1.3716660997489625,0.28379518343013554,train
2013-05-30,-1.1317925336545562,-1.3421155100115614,0.21032297635700514,train
2013-05-31,-1.1676564744747415,-1.3325207790826792,0.16486430460793766,train
2013-06-03,-0.873347219133169,-1.3365062195270607,0.4631590003938917,train
2013-06-04,-1.50906897509544,-1.1627640120655902,-0.3463049630298498,train
2013-06-05,-1.1327841550926954,-1.3106920949813912,0.1779079398886958,train
2013-06-06,-0.5110892324026622,-1.336777840420756,0.8256886080180937,train
2013-06-07,-0.8285352144511207,-1.0078043559836058,0.1792691415324852,train
2013-06-10,-1.7000058263628997,-1.0480316079126428,-0.6519742184502568,train
2013-06-11,-1.175580925022464,-1.3073479467594047,0.13176702173694066,train
2013-06-12,-1.5261530716836356,-1.1811290242682189,-0.3450240474154167,train
2013-06-13,-1.018267848159898,-1.271532629990745,0.2532647818308471,train
2013-06-14,-2.015889877858451,-1.1923313822880368,-0.823558495570414,train
2013-06-17,-1.9041849822364991,-1.5209721649845207,-0.3832128172519784,train
2013-06-18,-1.294041575492648,-1.7322480600658814,0.4382064845732334,train
2013-06-19,-1.0606453669615237,-1.4455338635580717,0.384888496596548,train
2013-06-20,-0.6800021794882506,-1.540117644039709,0.8601154645514585,train
2013-06-21,-1.2488916572598197,-1.142928484522809,-0.10596317273701072,train
2013-06-24,-1.1036526357467955,-1.2330043202601506,0.1293516845133551,train
2013-06-25,-1.5348696951660226,-1.1299733391044462,-0.40489635606157637,train
2013-06-26,-1.416262721535661,-1.2949014968665253,-0.12136122466913557,train
2013-06-27,-1.7062189534550776,-1.281285121308849,-0.4249338321462286,train
2013-06-28,-1.537960338906577,-1.447571070270512,-0.090389268636065,train
2013-07-01,-1.953234397878628,-1.4050159054900566,-0.5482184923885713,train
2013-07-02,-1.6754043806011591,-1.6067231970607174,-0.06868118354044173,train
2013-07-03,-1.1932739527425016,-1.6274053910353603,0.4341314382928587,train
2013-07-04,-0.910130513961682,-1.5010129740518305,0.5908824600901486,train
2013-07-05,-1.2536573895467034,-1.4210857808477269,0.1674283913010235,train
2013-07-08,-2.1929017736119056,-1.6569892953557397,-0.535912478256166,train
2013-07-09,-1.3423028116318227,-1.6406573199235381,0.2983545082917154,train
2013-07-10,-0.2388622673799991,-1.3952466464191784,1.1563843790391792,train
2013-07-11,0.2521230013480756,-0.9766509412366577,1.2287739425847333,train
2013-07-12,-1.0799123289720167,-0.6766733437318544,-0.40323898524016233,train
2013-07-15,-1.2523126108957388,-1.0900614613919632,-0.1622511495037755,train
2013-07-16,-1.2490629183002184,-1.144770270584159,-0.1042926477160595,train
2013-07-17,-1.0236902232355685,-1.01925818230505,-0.0044320409305185215,train
2013-07-18,-1.8104515506273955,-1.0516640981649068,-0.7587874524624887,train
2013-07-19,-1.7432978190793718,-1.4069088495732445,-0.3363889695061273,train
2013-07-22,-1.965849016619125,-1.4487162786993435,-0.5171327379197814,train
2013-07-23,-2.0883760038184658,-1.5836737346999215,-0.5047022691185443,train
2013-07-24,-1.180863696093159,-1.7174407001245946,0.5365770040314355,train
2013-07-25,-1.373594113975913,-1.5267686721183695,0.15317455814245662,train
2013-07-26,-1.8952853328161576,-1.5378782187530722,-0.35740711406308545,train
2013-07-29,-2.2193900719289017,-1.6097210372629034,-0.6096690346659983,train
2013-07-30,-2.0769891191334637,-1.7228551975163595,-0.3541339216171042,train
2013-07-31,-0.9250309642656424,-1.7832307216808805,0.8581997574152381,train
2013-08-01,-1.3082165444851257,-1.3823209553512954,0.0741044108661697,train
2013-08-02,-0.9457446505697812,-1.5032456701135701,0.557501019543789,train
2013-08-05,-1.9629360220757868,-1.4799925828491034,-0.48294343922668337,train
2013-08-06,-2.098653647270057,-1.5648685484983713,-0.5337850987716859,train
2013-08-07,-1.8974162308986129,-1.6161559909091554,-0.2812602399894575,train
2013-08-08,-2.107420942290157,-1.6094124874079467,-0.4980084548822101,train
2013-08-09,-2.548462840785123,-1.7564943011761391,-0.791968539608984,train
2013-08-12,-2.3548821820876302,-2.071692335711114,-0.2831898463765161,train
2013-08-13,-1.7971297963941375,-2.049733780726159,0.2526039843320216,train
2013-08-14,-2.4808749355451,-2.040924201638546,-0.43995073390655426,train
2013-08-15,-0.6053035394708678,-2.1145243506579794,1.5092208111871117,train
2013-08-16,-2.007640505543858,-1.6189375267408572,-0.388702978803001,train
2013-08-19,-2.34712104588845,-1.8543881049759023,-0.4927329409125476,train
2013-08-20,-1.71080758786237,-2.1211048814055213,0.41029729354315125,train
2013-08-21,-1.4401941817541284,-1.7544754651447858,0.3142812833906574,train
2013-08-22,-1.3930952419092106,-1.6522034568585244,0.2591082149493138,train
2013-08-23,-1.821142336479139,-1.627473743279785,-0.19366859319935403,train
2013-08-26,-2.563822764185633,-1.8149504239226537,-0.7488723402629793,train
2013-08-27,-1.802670584076696,-2.2629774528124704,0.46030686873577453,train
2013-08-28,-1.867357061502292,-1.8474260843975,-0.01993097710479219,train
2013-08-29,-1.622673960201184,-1.8275384740167038,0.20486451381551984,train
2013-08-30,-2.1476868643577425,-1.8124725973874916,-0.3352142669702509,train
2013-09-02,-2.6375053984567605,-1.9468659428556496,-0.6906394556011108,train
2013-09-03,-1.8880131402708888,-2.057494373666348,0.16948123339545895,train
2013-09-04,-2.290007662654164,-1.9697865325040251,-0.320221130150139,train
2013-09-05,-1.4339168660314012,-2.10082810047019,0.6669112344387886,train
2013-09-06,-1.3019180997656,-1.8696022748047527,0.5676841750391528,train
2013-09-09,-1.969528722559892,-1.9396332792631001,-0.029895443296791946,train
2013-09-10,-2.2212556694164203,-1.9037890991212416,-0.31746657029517866,train
2013-09-11,-1.989437154218452,-1.894596099502858,-0.09484105471559401,train
2013-09-12,-2.0076535926841044,-1.875775492220896,-0.13187810046320836,train
2013-09-13,-1.923411332245254,-1.8604293729405348,-0.06298195930471917,train
2013-09-16,-2.059474415870122,-1.9227099749212264,-0.13676444094889573,train
2013-09-17,-2.6096132368028244,-1.9091893761598198,-0.7004238606430047,train
2013-09-18,-0.6653229075277042,-2.1477956425680014,1.482472735040297,train
2013-09-19,-1.6288267339650864,-1.676221420430523,0.04739468646543665,train
2013-09-20,-1.8954089924810384,-1.6849256106563377,-0.21048338182470072,train
2013-09-23,-1.721168042131406,-1.7661158224398132,0.04494778030840729,train
2013-09-24,-2.258827424660712,-1.743524287943893,-0.515303136716819,train
2013-09-25,-2.40134319449797,-1.900564854574073,-0.500778339923897,train
2013-09-26,-2.186956505143379,-2.028923202122743,-0.15803330302063623,train
2013-09-27,-2.2555728571575773,-2.0807395742069024,-0.1748332829506749,train
2013-09-30,-2.1339893735286344,-2.112796111827903,-0.021193261700731547,train
2013-10-01,-1.8086035129936904,-2.026990759000139,0.21838724600644843,train
2013-10-02,-1.6621282760714928,-1.9149498555755615,0.2528215795040687,train
2013-10-03,-1.6738219347470715,-1.9423810595000528,0.26855912475298127,train
2013-10-04,-2.17072549021847,-1.8647956866147362,-0.3059298036037337,train
2013-10-07,-2.4213629100280234,-1.991239181310762,-0.43012372871726146,train
2013-10-08,-2.4481739109981926,-2.0226416864618852,-0.42553222453630735,train
2013-10-09,-1.794488564788355,-2.0655140995577685,0.2710255347694135,train
2013-10-10,-2.1791866096845585,-1.9897789673584894,-0.1894076423260691,train
2013-10-11,-2.130304965164076,-2.010723656490564,-0.1195813086735118,train
2013-10-14,-2.5582891878835783,-2.113989323290304,-0.4442998645932743,train
2013-10-15,-1.7622132590160224,-2.171692051005959,0.40947879198993675,train
2013-10-16,-1.6699503318594828,-1.9855957503668145,0.31564541850733163,train
2013-10-17,-1.54953199690939,-1.901841543290248,0.3523095463808581,train
2013-10-18,-2.4670952708405984,-1.7797733702045704,-0.687321900636028,train
2013-10-21,-2.59544737287924,-2.060743632631005,-0.5347037402482351,train
2013-10-22,-1.3474198223935103,-2.229540387126624,0.8821205647331138,train
2013-10-23,-2.419334907660499,-2.242995133488657,-0.17633977417184177,train
2013-10-24,-1.83384076288338,-2.0970120371592578,0.26317127427587783,train
2013-10-25,-1.9925476904386752,-2.016879683967601,0.0243319935289259,train
2013-10-28,-2.509943570629887,-1.932953992534108,-0.5769895780957792,train
2013-10-29,-1.8073525938342463,-2.143059111601316,0.3357065177670695,train
2013-10-30,-2.001577296370538,-1.9799443502755791,-0.021632946094958916,train
2013-10-31,-1.5792005107887588,-2.0531254070906884,0.4739248963019296,train
2013-11-01,-1.8117967287860612,-1.8058203219004376,-0.00597640688562362,train
2013-11-04,-1.755696149703026,-1.8487566049289113,0.09306045522588535,train
2013-11-05,-2.031313309164848,-1.999946853461696,-0.031366455703151885,train
2013-11-06,-1.7894074974586125,-1.919835931477236,0.13042843401862347,train
2013-11-07,0.3382161738001314,-1.8364164319353433,2.1746326057354746,train
2013-11-08,-1.079050427012754,-0.8382868272446997,-0.2407635997680544,train
2013-11-11,-2.458576260093672,-1.3887491318189824,-1.0698271282746894,train
2013-11-12,-1.4844093409283303,-1.7671293633456995,0.28272002241736915,train
2013-11-13,-1.457428326693591,-1.4773257175190104,0.019897390825419414,train
2013-11-14,-1.6554300617817272,-1.4770752154421816,-0.17835484633954568,train
2013-11-15,-2.123584792477971,-1.6747182053521406,-0.4488665871258304,train
2013-11-18,-2.240989420576368,-1.8404158973859586,-0.4005735231904093,train
2013-11-19,-1.7142532937533603,-1.8469181419297063,0.13266484817634594,train
2013-11-20,-0.6762353951569857,-1.791751278546978,1.1155158833899923,train
2013-11-21,-1.2112514503800025,-1.4860843699093067,0.2748329195293042,train
2013-11-22,-2.163638226190104,-1.5919239279386774,-0.5717142982514267,train
2013-11-25,-2.1629832527193438,-1.819818665441656,-0.34316458727768784,train
2013-11-26,-1.806411312799536,-1.7843852378991443,-0.022026074900391768,train
2013-11-27,-1.978074932146208,-1.7031695211941729,-0.27490541095203525,train
2013-11-28,-2.313336416666579,-1.8830481901315306,-0.4302882265350485,train
2013-11-29,-2.2278882071988764,-2.2575249931471277,0.029636785948251365,train
2013-12-02,-1.7818199116917768,-2.1063518594640445,0.3245319477722677,train
2013-12-03,-2.3318155918492347,-1.8235972437276198,-0.5082183481216149,train
2013-12-04,-2.0028073560620547,-2.0195834759532407,0.016776119891185992,train
2013-12-05,-1.112845866476388,-1.926417652962943,0.813571786486555,train
2013-12-06,-1.570696244094138,-1.6170792979773962,0.04638305388325814,train
2013-12-09,-2.719244128550584,-1.800061510933213,-0.9191826176173712,train
2013-12-10,-2.250056002077062,-2.125165065830934,-0.1248909362461279,train
2013-12-11,-1.9320422597550928,-2.0205312945992566,0.08848903484416382,train
2013-12-12,-1.820554928589929,-1.9648499366676035,0.1442950080776746,train
2013-12-13,-2.1770634626561294,-1.9571052991669462,-0.21995816348918318,train
2013-12-16,-2.181510005731398,-1.9999467084124247,-0.18156329731897314,train
2013-12-17,-2.162047746039802,-1.976674257171744,-0.18537348886805827,train
2013-12-18,-0.7458162457315577,-2.022457664315408,1.2766414185838504,train
2013-12-19,-1.7993795211080148,-1.5581512251984295,-0.24122829590958528,train
2013-12-20,-1.931211585188917,-1.753403578800886,-0.17780800638803096,train
2013-12-23,-2.702958039996377,-1.823261186941821,-0.8796968530545561,train
2013-12-24,-2.9146495895802675,-2.0149989680516485,-0.8996506215286191,train
2013-12-27,-0.9938829128669552,-2.165961113767401,1.172078200900446,train
2013-12-30,-1.9563237425925823,-1.7083357879169883,-0.2479879546755941,train
2013-12-31,-1.7501799085496716,-1.9262177429780294,0.17603783442835774,train
2014-01-02,-1.2661834959078626,-1.889843324265424,0.6236598283575614,train
2014-01-03,-1.8746025135470452,-1.6077835936656246,-0.2668189198814206,train
2014-01-06,-1.927716885529099,-1.6866535096586133,-0.24106337587048565,train
2014-01-07,-1.927971736485679,-1.7991361570564501,-0.12883557942922885,train
2014-01-08,-1.773647234255997,-1.8144229500690547,0.04077571581305772,train
2014-01-09,-1.4855667779504924,-1.796065372499516,0.3104985945490235,train
2014-01-10,-0.6638579863624545,-1.8007649498556244,1.1369069634931699,train
2014-01-13,-2.2860402440724283,-1.5999287807655531,-0.6861114633068752,train
2014-01-14,-2.335478622002651,-1.7657035673961694,-0.5697750546064815,train
2014-01-15,-1.9161937855939173,-1.8720152432032107,-0.04417854239070662,train
2014-01-16,-1.80809802012176,-1.850980309217482,0.04288228909572189,train
2014-01-17,-2.157462149195669,-1.8110036681377641,-0.3464584810579048,train
2014-01-20,-2.504416624367607,-1.9924035940638964,-0.5120130303037105,train
2014-01-21,-2.221640087844062,-2.056617859757373,-0.1650222280866891,train
2014-01-22,-2.2268843269964185,-1.983013270283727,-0.24387105671269138,train
2014-01-23,-1.5297608467711177,-2.040126547845784,0.5103657010746665,train
2014-01-24,-1.4343686034324752,-1.8645023783309522,0.43013377489847704,train
2014-01-27,-2.038530654949592,-1.928035038079892,-0.1104956168697,train
2014-01-28,-2.223966009075063,-1.8450425443708027,-0.3789234647042601,train
2014-01-29,-1.4645430807918285,-2.1590073760139723,0.6944642952221438,train
2014-01-30,-1.7503258474278618,-1.6432203172003526,-0.10710553022750924,train
2014-01-31,-1.6414167527455954,-1.8183958351682223,0.17697908242262694,train
2014-02-03,-1.8564793223187528,-1.7620530617377406,-0.09442626058101222,train
2014-02-04,-2.018426345863188,-1.8478643586299448,-0.17056198723324334,train
2014-02-05,-1.990373880457696,-1.9138501484473107,-0.07652373201038531,train
2014-02-06,-1.088088761034603,-1.8600824968091292,0.7719937357745261,train
2014-02-07,-1.634556937792143,-1.7996555532147027,0.16509861542255977,train
2014-02-10,-2.799648888677699,-1.8689495129642995,-0.9306993757133994,train
2014-02-11,-1.9572911270207063,-2.061761201485281,0.10447007446457479,train
2014-02-12,-1.891116026765297,-2.000307056800834,0.10919103003553698,train
2014-02-13,-1.7252707584133085,-1.986495920439729,0.26122516202642054,train
2014-02-14,-2.4338604501513355,-2.162209151003725,-0.27165129914761055,train
2014-02-17,-2.4672708777723247,-2.206429522956428,-0.26084135481589676,train
2014-02-18,-2.3679577242042025,-2.0960491599362756,-0.27190856426792687,train
2014-02-19,-2.79361819130998,-2.135322887580069,-0.6582953037299109,train
2014-02-20,-2.2507910954677355,-2.307860997393538,0.0570699019258023,train
2014-02-21,-2.4358910725453407,-2.3010786970603387,-0.1348123754850019,train
2014-02-24,-2.536225680440117,-2.3702085580714263,-0.16601712236869082,train
2014-02-25,-2.435365303544703,-2.2923079123732455,-0.14305739117145766,train
2014-02-26,-2.3803044172303447,-2.433331760892377,0.05302734366203232,train
2014-02-27,-2.117018093320145,-2.347923583275224,0.2309054899550791,train
2014-02-28,-1.0620088414822444,-2.1833803793437294,1.121371537861485,train
2014-03-03,-1.9074653015062943,-2.0390569678893735,0.13159166638307918,train
2014-03-04,-2.0499858966146447,-2.018866971685651,-0.031118924928993597,train
2014-03-05,-1.9682260797661535,-2.1749696327335926,0.20674355296743907,train
2014-03-06,-1.7353212788632493,-1.9890044196564867,0.2536831407932374,train
2014-03-07,-2.032731434737793,-2.01724885336602,-0.015482581371772941,train
2014-03-10,-2.705588590389709,-2.08952514421512,-0.6160634461745889,train
2014-03-11,-2.645195524341153,-2.2265077293227966,-0.4186877950183563,train
2014-03-12,-2.5062548639361606,-2.2590737346647507,-0.2471811292714099,train
2014-03-13,-1.3331713105809098,-2.322088691150673,0.9889173805697633,train
2014-03-14,-1.998388998644596,-2.155111065583016,0.15672206693842017,train
2014-03-17,-2.3151738646280267,-2.064598525090626,-0.25057533953740085,train
2014-03-18,-1.877358894777659,-2.130477791462199,0.2531188966845399,train
2014-03-19,-1.678857115140596,-2.0425118698296756,0.3636547546890796,train
2014-03-20,-1.980335713805523,-2.2176756457748406,0.23733993196931746,train
2014-03-21,-2.195187368776454,-1.9167827670755857,-0.27840460170086834,train
2014-03-24,-1.385064889525334,-2.0370406910602243,0.6519758015348904,train
2014-03-25,-1.7726857446135196,-1.914842423695908,0.1421566790823885,train
2014-03-26,-2.000389927783732,-1.9175351475783615,-0.0828547802053703,train
2014-03-27,-1.921495759056124,-1.985424060534053,0.06392830147792905,train
2014-03-28,-1.9615691975550005,-1.8512601937742432,-0.11030900378075725,train
2014-03-31,-1.8795359319242413,-2.1556440616626102,0.27610812973836896,train
2014-04-01,-2.618525952895865,-1.8930447751024753,-0.7254811777933896,train
2014-04-02,-2.6187562599889413,-2.1593742965221723,-0.45938196346676907,train
2014-04-03,-1.4506353523155358,-2.2056413488931286,0.7550059965775928,train
2014-04-04,-1.7589988940520844,-2.0171314574487105,0.25813256339662605,train
2014-04-07,-3.0513931829545986,-2.0074637129018447,-1.043929470052754,train
2014-04-08,-2.509643583775476,-2.4121770746114675,-0.09746650916400856,train
2014-04-09,-1.9741750610425275,-2.2650286104126245,0.290853549370097,train
2014-04-10,-2.700476885490586,-2.4599915921507645,-0.24048529333982138,train
2014-04-11,-2.9556945729919075,-2.3227416609679246,-0.632952912023983,train
2014-04-14,-2.4580428797151592,-2.529719064613478,0.07167618489831895,train
2014-04-15,-2.515341092260906,-2.3115270600400484,-0.20381403222085748,train
2014-04-16,-2.436477545615055,-2.323582840076532,-0.11289470553852299,train
2014-04-17,-2.881659331220716,-2.422607467305248,-0.45905186391546815,train
2014-04-18,-4.30940638781421,-2.4954209635414237,-1.8139854242727864,train
2014-04-21,-3.679032882746789,-3.160589095482159,-0.5184437872646299,train
2014-04-22,-2.9264827795327366,-2.9598326178766015,0.033349838343864846,train
2014-04-23,-2.2237988850749355,-2.812589623725272,0.5887907386503364,train
2014-04-24,-2.4586944089807616,-2.668658900449193,0.20996449146843155,train
2014-04-25,-3.251385898137662,-3.008917141053554,-0.24246875708410798,train
2014-04-28,-2.6715817205629366,-3.017226718517947,0.34564499795501025,train
2014-04-29,-2.361580152918489,-2.645867003027321,0.28428685010883203,train
2014-04-30,-2.11654602353596,-2.83436415613422,0.7178181325982602,train
2014-05-01,-3.5673275535980458,-2.527504280785885,-1.0398232728121606,train
2014-05-02,-1.9719756658191756,-2.946113601441141,0.9741379356219653,train
2014-05-05,-3.5162481711859974,-2.733128822182331,-0.7831193490036665,train
2014-05-06,-2.6218866561741194,-2.8037859116851527,0.18189925551103325,train
2014-05-07,-2.8414994929676007,-2.886594978569911,0.04509548560231025,train
2014-05-08,-0.9878132362594996,-2.871160645656917,1.8833474093974174,train
2014-05-09,-2.423798987349432,-2.216911701877113,-0.20688728547231916,train
2014-05-12,-3.1626782439333887,-2.423156265442607,-0.7395219784907816,train
2014-05-13,-2.0729823928285347,-2.5825740797673866,0.5095916869388519,train
2014-05-14,-2.616724116961611,-2.3694419968862444,-0.24728212007536676,train
2014-05-15,-2.003216703462985,-2.3753653320714623,0.3721486286084774,train
2014-05-16,-2.599685598603142,-2.351563870529339,-0.24812172807380328,train
2014-05-19,-3.076482995620716,-2.470327155930397,-0.6061558396903188,train
2014-05-20,-3.005904126504445,-2.527998550453621,-0.47790557605082373,train
2014-05-21,-2.3268063608572502,-2.62254826145738,0.2957419006001296,train
2014-05-22,-2.6248350128565816,-2.491532545238269,-0.13330246761831255,train
2014-05-23,-3.1504571244156447,-2.5344735275840304,-0.6159835968316143,train
2014-05-26,-3.428232753857487,-2.7143042338874057,-0.7139285199700813,train
2014-05-27,-2.9964680514485647,-2.9300557737538577,-0.06641227769470692,train
2014-05-28,-2.662768886705302,-2.7276323763493937,0.06486348964409183,train
2014-05-29,-2.8667909116092263,-2.860861137989972,-0.005929773619254064,train
2014-05-30,-2.7667275385968075,-2.7425249563856733,-0.02420258221113425,train
2014-06-03,-2.534957972203016,-2.7429431318213737,0.2079851596183575,train
2014-06-04,-2.6956842988501637,-2.7869362771974964,0.09125197834733267,train
2014-06-05,-0.7102681890365551,-2.631888972074878,1.921620783038323,train
2014-06-06,-1.9009178370398447,-1.9127406485436511,0.011822811503806374,train
2014-06-09,-2.8791752137158158,-2.238551627899113,-0.6406235858167029,train
2014-06-10,-2.580724062633715,-2.386142306865661,-0.19458175576805425,train
2014-06-11,-2.745659750775843,-2.385622463503724,-0.36003728727211914,train
2014-06-12,-2.3618535627056727,-2.340698513031508,-0.021155049674164594,train
2014-06-13,-2.733024439284631,-2.356456014283988,-0.3765684250006429,train
2014-06-16,-2.401709590364176,-2.5472731392940666,0.14556354892989054,train
2014-06-17,-2.750770702185751,-2.5692986721818345,-0.18147203000391654,train
2014-06-18,-2.379250758035596,-2.6328087750563136,0.2535580170207177,train
2014-06-19,-2.570466255825587,-2.5375774539463807,-0.0328888018792064,train
2014-06-20,-2.8857324854747413,-2.583144292742251,-0.30258819273249005,train
2014-06-23,-2.8722946507212166,-2.545697689340928,-0.3265969613802886,train
2014-06-24,-2.877050300222097,-2.7056849205577533,-0.17136537966434373,train
2014-06-25,-2.781550947163109,-2.8032550473351696,0.021704100172060592,train
2014-06-26,-2.265968158566298,-3.1327925983715885,0.8668244398052907,train
2014-06-27,-3.2507897221174344,-2.6796395792441845,-0.5711501428732499,train
2014-06-30,-2.7619227345192985,-2.695337564534067,-0.06658516998523156,train
2014-07-01,-3.2161691982953213,-2.622178436033794,-0.5939907622615275,train
2014-07-02,-3.208930584403924,-2.823413621724224,-0.3855169626796999,train
2014-07-03,-2.390113936676077,-2.80218166113458,0.4120677244585029,train
2014-07-04,-4.024685587421738,-3.0594029295104477,-0.9652826579112901,train
2014-07-07,-3.4186221969892747,-3.0803097503600165,-0.3383124466292582,train
2014-07-08,-3.611623117139049,-3.0583327542008614,-0.5532903629381876,train
2014-07-09,-2.948342118036017,-3.115510137260684,0.16716801922466695,train
2014-07-10,-2.951712124364925,-3.1160146345656834,0.16430251020075826,train
2014-07-11,-3.321240616174657,-3.0683423089014235,-0.2528983072732336,train
2014-07-14,-3.2058537964167164,-3.082874641431048,-0.12297915498566825,train
2014-07-15,-2.411703802212913,-3.0609321899674264,0.6492283877545133,train
2014-07-16,-3.09601133973488,-2.7682661526753085,-0.32774518705957156,train
2014-07-17,-3.2099534211832585,-2.841903358971984,-0.36805006221127456,train
2014-07-18,-2.5222420245595947,-2.872854762764052,0.3506127382044575,train
2014-07-21,-3.352201706181123,-3.1209308851727573,-0.2312708210083656,train
2014-07-22,-2.544355920019448,-2.9083904723812637,0.3640345523618156,train
2014-07-23,-3.2105627078487804,-2.8879336177053956,-0.3226290901433848,train
2014-07-24,-2.806792802769289,-2.8850014665816692,0.07820866381238023,train
2014-07-25,-3.007888851147241,-2.9813161467536755,-0.026572704393565516,train
2014-07-28,-3.961020089681625,-3.224252679275554,-0.7367674104060709,train
2014-07-29,-3.593356879215732,-3.1079736810410745,-0.4853831981746577,train
2014-07-30,-2.160401828731485,-3.2392112106849287,1.0788093819534437,train
2014-07-31,-2.887662361465709,-3.211089324415493,0.3234269629497839,train
2014-08-01,-2.207435041302957,-2.9618274760342147,0.7543924347312578,train
2014-08-04,-3.747697027256773,-2.6861661579958485,-1.0615308692609244,train
2014-08-05,-3.1565860309925147,-3.040149140866542,-0.11643689012597269,train
2014-08-06,-2.5329196494119173,-2.9000421255722055,0.36712247616028826,train
2014-08-07,-2.396606121446984,-2.720267733893762,0.32366161244677816,train
2014-08-08,-2.432637924725897,-2.639180442817346,0.20654251809144908,train
2014-08-11,-3.461746170939247,-2.585135639420624,-0.8766105315186228,train
2014-08-12,-3.094834082370928,-2.89851815391055,-0.19631592846037815,train
2014-08-13,-2.145548513496208,-2.8717425285194507,0.7261940150232427,train
2014-08-14,-2.4613986884646035,-2.7296422627598638,0.26824357429526025,train
2014-08-15,-2.294785617627252,-2.582971419358065,0.28818580173081276,train
2014-08-18,-3.2717704823041345,-2.5713412154556776,-0.7004292668484569,train
2014-08-19,-2.3864239093172546,-2.7881014244634925,0.40167751514623795,train
2014-08-20,-2.528504533695604,-2.9402253317635036,0.41172079806789963,train
2014-08-21,-2.7282421579177405,-2.655653803868813,-0.0725883540489276,train
2014-08-22,-2.2807445868796834,-2.76790077880724,0.48715619192755666,train
2014-08-25,-2.796219285300538,-2.4890551181487357,-0.3071641671518024,train
2014-08-26,-2.477811919229769,-2.533927857913268,0.05611593868349862,train
2014-08-27,-2.37417848356141,-2.510988883839257,0.13681040027784697,train
2014-08-28,-2.221671348980241,-2.491158510725422,0.26948716174518106,train
2014-08-29,-2.46574674336526,-2.349169475992106,-0.11657726737315377,train
2014-09-01,-3.4977915785510034,-2.4207511950479046,-1.0770403835030988,train
2014-09-02,-3.051140503303122,-2.70815278538134,-0.34298771792178195,train
2014-09-03,-2.184366005643877,-2.649961855453991,0.4655958498101138,train
2014-09-04,-0.184240569175482,-2.654594854073211,2.4703542848977293,train
2014-09-05,-1.9357917813778136,-1.6789180339752927,-0.2568737474025209,train
2014-09-08,-2.2068322070315127,-2.344375680197533,0.1375434731660201,train
2014-09-09,-1.638352833315983,-2.2157371879973216,0.5773843546813386,train
2014-09-10,-1.582669774113857,-1.80879612594519,0.226126351831333,train
2014-09-11,-1.9447273834073235,-1.7726302416223523,-0.17209714178497126,train
2014-09-12,-2.01293558618705,-1.9017518890556468,-0.1111836971314033,train
2014-09-15,-2.2403992995556616,-1.9572533772656762,-0.2831459222899855,train
2014-09-16,-1.897564802726124,-2.0138264470420983,0.1162616443159743,train
2014-09-17,-0.8639627022928876,-2.00072444752534,1.136761745232452,train
2014-09-18,-1.520388523671503,-1.7344586651992142,0.2140701415277113,train
2014-09-19,-1.7039976319187202,-1.7511863391795648,0.047188707260844565,train
2014-09-22,-2.1176812791787314,-1.6700172294465456,-0.44766404973218576,train
2014-09-23,-2.188839149813421,-1.8021966934533913,-0.3866424563600297,train
2014-09-24,-2.0421887091095816,-1.8737410716392897,-0.1684476374702919,train
2014-09-25,-1.5180428960686128,-1.9019329859148935,0.3838900898462807,train
2014-09-26,-2.2617802518796424,-1.794510653098094,-0.4672695987815483,train
2014-09-29,-2.0188587640444435,-1.9945527055456826,-0.024306058498760885,train
2014-09-30,-1.3988422946827932,-1.9041371419210893,0.5052948472382961,train
2014-10-01,-1.4736493471219445,-1.7675086942266511,0.2938593471047066,train
2014-10-02,-0.9670080545462574,-1.6770259394445188,0.7100178848982615,train
2014-10-03,-0.8879080259033377,-1.4387658413215951,0.5508578154182574,train
2014-10-06,-1.5492148851809917,-1.5871343472484136,0.037919462067421916,train
2014-10-07,-1.2411821760401802,-1.5384882798809596,0.2973061038407794,train
2014-10-08,-0.6291653011765775,-1.3071536186165862,0.6779883174400086,train
2014-10-09,-0.924768516392777,-1.1729885667615292,0.24822005036875217,train
2014-10-10,-1.5555503529130448,-1.1277494238423933,-0.4278009290706515,train
2014-10-13,-1.2795346346805585,-1.3542047055919406,0.07467007091138211,train
2014-10-14,-1.4992243063201331,-1.2647962344901034,-0.23442807183002978,train
2014-10-15,-0.1687797318547764,-1.3264291620559359,1.1576494302011595,train
2014-10-16,-0.2738475372365681,-0.9059233184674681,0.6320757812309,train
2014-10-17,-1.0958420875821842,-0.878577661664935,-0.21726442591724915,train
2014-10-20,-1.6368339845298951,-1.0795452892631054,-0.5572886952667897,train
2014-10-21,-1.2164346078229538,-1.2418417454390374,0.025407137616083597,train
2014-10-22,-1.3134314944990388,-1.2052375052151232,-0.10819398928391566,train
2014-10-23,-1.3836719487201514,-1.2944099687137745,-0.08926198000637697,train
2014-10-24,-2.0083333326278208,-1.4429797309779147,-0.5653536016499061,train
2014-10-27,-2.04080878895717,-1.5697002649992613,-0.4711085239579087,train
2014-10-28,-1.64926888928627,-1.6772158415568472,0.027946952270577308,train
2014-10-29,-1.1702940731421818,-1.8058299400456468,0.635535866903465,train
2014-10-30,-1.5286916594281994,-1.6444624226935758,0.11577076326537639,train
2014-10-31,-0.7474103456605058,-1.4957554535863216,0.7483451079258158,train
2014-11-03,-1.2836966554674514,-1.1750898835293397,-0.10860677193811163,train
2014-11-04,-1.8440975933078083,-1.3519499910122614,-0.4921476022955469,train
2014-11-05,-1.500089987953187,-1.4500021521655757,-0.050087835787611334,train
2014-11-06,-0.5037635566333887,-1.3813762418201245,0.8776126851867359,train
2014-11-07,-0.9626204771374928,-1.0832401373931062,0.12061966025561344,train
2014-11-10,-1.659984339707678,-1.1970022388880746,-0.46298210081960334,train
2014-11-11,-1.6640256740723935,-1.3805066766104976,-0.2835189974618959,train
2014-11-12,-1.193084978553933,-1.3568283302789335,0.16374335172500043,train
2014-11-13,-1.8287259502714563,-1.2164690295957077,-0.6122569206757487,train
2014-11-14,-0.8812987722450444,-1.4769250236248432,0.5956262513797989,train
2014-11-17,-1.384055814095092,-1.29540936907926,-0.08864644501583197,train
2014-11-18,-1.8136737448678597,-1.380640478233086,-0.4330332666347736,train
2014-11-19,-1.5416851123166475,-1.5140755139718927,-0.02760959834475485,train
2014-11-20,-1.0202808908568568,-1.4572926420292913,0.4370117511724345,train
2014-11-21,-1.1842153130695312,-1.2770935607769283,0.09287824770739705,train
2014-11-24,-1.6274358718591293,-1.3369598708834702,-0.29047600097565907,train
2014-11-25,-1.7010205782239636,-1.498260814965315,-0.20275976325864864,train
2014-11-26,-1.3997789922681954,-1.5346175304097374,0.134838538141542,train
2014-11-27,-1.9812160311533,-1.3892772996497487,-0.5919387315035514,train
2014-11-28,-1.6918621046527873,-1.7302540584661203,0.038391953813333046,train
2014-12-01,-1.417756492016928,-1.5840381079138688,0.16628161589694068,train
2014-12-02,-2.017187193339785,-1.48992509464159,-0.5272620986981948,train
2014-12-03,-1.6484554772101856,-1.7072589197401093,0.058803442529923755,train
2014-12-04,-0.3875314564856195,-1.5990129559233819,1.2114814994377623,train
2014-12-05,-0.7730186763900462,-1.1334186483586717,0.3603999719686255,train
2014-12-08,-1.6904721990210347,-1.3521013460189448,-0.3383708530020899,train
2014-12-09,-1.093222812361527,-1.4210268608001255,0.32780404843859845,train
2014-12-10,-1.4767610991198477,-1.1978032133437528,-0.2789578857760948,train
2014-12-11,-0.7635834821883091,-1.273861582240094,0.510278100051785,train
2014-12-12,-1.243615885905302,-1.1047714100975372,-0.1388444758077647,train
2014-12-15,-1.3043475930195836,-1.2929597519921128,-0.011387841027470813,train
2014-12-16,-0.8130774127657923,-1.2791393058454115,0.4660618930796192,train
2014-12-17,-0.4721935770427147,-1.090385994378257,0.6181924173355423,train
2014-12-18,-1.0332747529918698,-0.921158638137655,-0.1121161148542148,train
2014-12-19,-1.5753704562704691,-1.0647262487688876,-0.5106442075015816,train
2014-12-22,-2.015655527228357,-1.311517610762186,-0.7041379164661712,train
2014-12-23,-2.059682258517032,-1.458766360811839,-0.6009158977051927,train
2014-12-24,-2.455770586757104,-1.557390298170206,-0.8983802885868981,train
2014-12-26,-2.7566709143578128,-1.8960444738198245,-0.8606264405379882,train
2014-12-29,-1.731123392882544,-2.187609154866604,0.4564857619840601,train
2014-12-30,-1.7417842060324085,-1.970237734416367,0.2284535283839586,train
2014-12-31,-2.160739423571589,-1.8152764609029857,-0.3454629626686032,train
2015-01-02,-1.4741272312941514,-2.039889131258411,0.5657618999642595,train
2015-01-05,-0.8335622253217619,-1.6405856031455655,0.8070233778238035,train
2015-01-06,-1.092216525570491,-1.3081666782838854,0.21595015271339446,train
2015-01-07,-0.9773962860176442,-1.3087775025469663,0.3313812165293222,train
2015-01-08,-1.3494858743757776,-1.2514561726962643,-0.0980297016795133,train
2015-01-09,-1.177536591134759,-1.2711458417207713,0.09360925058601222,train
2015-01-12,-1.3797698444554136,-1.2390371785001801,-0.14073266595523348,train
2015-01-13,-1.232335136278807,-1.3275269761230346,0.09519183984422752,train
2015-01-14,-0.7179227872908898,-1.2487298202643482,0.5308070329734584,train
2015-01-15,0.826788624152084,-1.1648801519188416,1.9916687760709255,train
2015-01-16,-0.4409125709491905,-0.31031336122069625,-0.13059920972849426,train
2015-01-19,-1.065953469707306,-0.7467138007775322,-0.31923966892977385,train
2015-01-20,-1.241369674984332,-0.9031324785650354,-0.3382371964192965,train
2015-01-21,-0.0616729816339571,-0.9402354601706404,0.8785624785366833,train
2015-01-22,0.463830366363088,-0.5711939305807663,1.0350242969438543,train
2015-01-23,0.631263491441466,-0.3620964769458518,0.9933599683873178,train
2015-01-26,-0.1963822508877344,-0.23911197287187871,0.04272972198414432,train
2015-01-27,-0.1217032537006142,-0.41184351010950726,0.29014025640889307,train
2015-01-28,-0.5586517641077321,-0.27652497457598585,-0.28212678953174625,train
2015-01-29,-0.8441189202843717,-0.4365532865156937,-0.40756563376867805,train
2015-01-30,-0.6385251451634674,-0.591536759143236,-0.046988386020231365,train
2015-02-02,-0.9986551164083544,-0.6317933286431299,-0.3668617877652245,train
2015-02-03,-0.6694392543134294,-0.7850144214380445,0.11557516712461502,train
2015-02-04,-0.7309200807169217,-0.7420075216200426,0.01108744090312086,train
2015-02-05,-0.4279707867799104,-0.7541390251721458,0.3261682383922354,train
2015-02-06,0.0213050290849219,-0.6331758869690967,0.6544809160540186,train
2015-02-09,-1.1903085456370868,-0.4300787347864262,-0.7602298108506605,train
2015-02-10,-0.8159895987033936,-0.8009336744777221,-0.01505592422567148,train
2015-02-11,-1.1312385790996602,-0.7520726260397472,-0.37916595305991296,train
2015-02-12,-0.7458231462536588,-0.8881791062703177,0.14235596001665896,train
2015-02-13,-1.3080498585301257,-0.7592504937774468,-0.5487993647526789,train
2015-02-16,-1.3526885968867317,-1.0052806282052467,-0.34740796868148505,train
2015-02-17,-1.0936270399268506,-1.069867611226531,-0.02375942870031955,train
2015-02-18,-0.7556298552071503,-1.0267651300183867,0.27113527481123634,train
2015-02-19,-1.1908550793322583,-0.9974207324988211,-0.1934343468334372,train
2015-02-20,-0.4464535322876025,-1.0597717158278919,0.6133181835402894,train
2015-02-23,-1.2572965743509414,-0.7718152014600923,-0.48548137289084914,train
2015-02-24,-1.2376862987576465,-1.0152790677171708,-0.22240723104047566,train
2015-02-25,-1.653814472766989,-1.041678917587815,-0.6121355551791741,train
2015-02-26,-1.2678365923253343,-1.2718722820761774,0.004035689750843119,train
2015-02-27,-1.0340667113461914,-1.191368344325126,0.1573016329789345,train
2015-03-02,-1.871431720397964,-1.1457858581882019,-0.7256458622097621,train
2015-03-03,-1.6816475837773248,-1.4159724043074395,-0.2656751794698853,train
2015-03-04,-1.1884896057525456,-1.4265463770656561,0.23805677131311054,train
2015-03-05,-0.8194911842995545,-1.2723394744252758,0.45284829012572136,train
2015-03-06,0.0446689671532359,-1.1552413647467537,1.1999103318999895,train
2015-03-09,-1.3471923057558337,-0.734839191877341,-0.6123531138784927,train
2015-03-10,-0.3547547720319886,-1.1109553857963013,0.7562006137643127,train
2015-03-11,-0.1589994747380948,-0.7497742103898101,0.5907747356517152,train
2015-03-12,0.2934563944830785,-0.5824897872500868,0.8759461817331653,train
2015-03-13,-0.2509672860184941,-0.33327733567633944,0.08231004965784533,train
2015-03-16,-0.5811384649706381,-0.5261938638098939,-0.05494460116074429,train
2015-03-17,-0.9180488075625436,-0.5501592620784937,-0.36788954548404984,train
2015-03-18,1.7628976147258266,-0.694472304893968,2.4573699196197945,train
2015-03-19,0.5049291382983414,0.8665771964380142,-0.3616480581396728,train
2015-03-20,-0.0907690369989753,-0.06991687128074159,-0.020852165718233714,train
2015-03-23,0.1442750324132775,-0.2205420962998938,0.3648171287131713,train
2015-03-24,0.11892392798905,-0.07812485934563677,0.19704878733468678,train
2015-03-25,-0.691243746887628,0.006136125753097216,-0.6973798726407252,train
2015-03-26,-0.5020146707110805,-0.4227440054773255,-0.07927066523375503,train
2015-03-27,-0.309916570749603,-0.4503720111169387,0.1404554403673357,train
2015-03-30,-0.6316870829718269,-0.39923953966387915,-0.2324475433079477,train
2015-03-31,-0.7318188564334286,-0.56820133693774,-0.1636175194956886,train
2015-04-01,-0.5775118951150566,-0.6216197255590452,0.04410783044398858,train
2015-04-02,-0.5389364739585704,-0.5805156708874923,0.04157919692892198,train
2015-04-03,0.3168415214346737,-0.5741233712059903,0.890964892640664,train
2015-04-06,-0.8715653419703103,-0.10735678195604317,-0.7642085600142672,train
2015-04-07,-0.639142439171582,-0.685235825408382,0.04609338623680004,train
2015-04-08,-0.4562879254418874,-0.5350743889992643,0.0787864635573769,train
2015-04-09,-0.8629868273112576,-0.5125152099791641,-0.35047161733209353,train
2015-04-10,-0.7137793288432887,-0.6158178944866419,-0.09796143435664673,train
2015-04-13,-0.696305115371116,-0.6562221210178171,-0.04008299435329887,train
2015-04-14,-0.1161266836180476,-0.6440255785446565,0.5278988949266089,train
2015-04-15,-0.2139113355245214,-0.44672197165737837,0.23281063613285696,train
2015-04-16,0.1063059839930371,-0.4364690125561369,0.542774996549174,train
2015-04-17,-0.2585604756024222,-0.25200848673350984,-0.0065519888689123396,train
2015-04-20,-0.7904518532139512,-0.34822064948072784,-0.44223120373322333,train
2015-04-21,-0.6902235794169017,-0.5104251780113225,-0.17979840140557923,train
2015-04-22,-0.6834771844554399,-0.5506079279855346,-0.13286925646990533,train
2015-04-23,-0.3318214926951535,-0.6206012281072407,0.28877973541208724,train
2015-04-24,-0.3090748089090857,-0.5250245160321736,0.21594970712308792,train
2015-04-27,-0.8001787251730199,-0.5227603990191336,-0.2774183261538863,train
2015-04-28,-0.7411154499352244,-0.6683598777422268,-0.07275557219299755,train
2015-04-29,0.1026904134199443,-0.6632328779785502,0.7659232913984946,train
2015-04-30,0.4155485597589372,-0.337670040027188,0.7532185997861252,train
2015-05-01,-0.3103420504035478,-0.1719282979622127,-0.13841375244133508,train
2015-05-04,-0.9897765606533152,-0.40733009065255993,-0.5824464700007552,train
2015-05-05,-0.1357789713738039,-0.6065163248242273,0.47073735345042345,train
2015-05-06,-0.2693239984534126,-0.322213063175099,0.05288906472168642,train
2015-05-07,-0.3614871957639546,-0.38291278435325854,0.021425588589303934,train
2015-05-08,0.4121435590429037,-0.4616338167471712,0.8737773757900749,train
2015-05-11,-0.6804271834111277,-0.12936096794822233,-0.5510662154629054,train
2015-05-12,-0.7570902778106297,-0.46611366672085464,-0.290976611089775,train
2015-05-13,-0.2993256071973513,-0.5608104656514754,0.2614848584541241,train
2015-05-14,-0.5628484778066253,-0.4186722784548659,-0.1441761993517594,train
2015-05-15,-0.4913962768876309,-0.4902009915233184,-0.0011952853643124595,train
2015-05-18,-0.7639143994584068,-0.5558785599932967,-0.20803583946511006,train
2015-05-19,0.1050196722346656,-0.6512267130487274,0.7562463852833929,train
2015-05-20,-0.1876877503362637,-0.30373804054512366,0.11605029020885996,train
2015-05-21,-0.506176300349678,-0.3924200136256929,-0.11375628672398508,train
2015-05-22,-0.1481276133554679,-0.4775323477795662,0.32940473442409834,train
2015-05-25,-1.4425075816570287,-0.36751651639097876,-1.07499106526605,train
2015-05-26,-0.6139217781413024,-0.7819113630948075,0.16798958495350502,train
2015-05-27,-0.3378194474140679,-0.5945251355234322,0.25670568810936434,train
2015-05-28,-0.4528748982416443,-0.5405313392510338,0.08765644100938952,train
2015-05-29,-0.7113597882251363,-0.5512131418593095,-0.16014664636582687,train
2015-06-01,-0.5132169988944365,-0.6743974917900055,0.16118049289556902,train
2015-06-02,-0.1056503717964325,-0.5854897023401118,0.4798393305436793,train
2015-06-03,0.1927769967229913,-0.3991803940758565,0.5919573907988478,train
2015-06-04,-0.1857182107891167,-0.23792574129204652,0.05220753050292981,train
2015-06-05,0.4069292241493401,-0.34799736147874655,0.7549265856280867,train
2015-06-08,-0.2262664107459242,0.014360701598434472,-0.24062711234435868,train
2015-06-09,-0.3379972033013295,-0.24937279279838145,-0.08862441050294803,train
2015-06-10,-0.0874501163145123,-0.30128799736609635,0.21383788105158405,train
2015-06-11,-0.5686271639534615,-0.24080823796091022,-0.32781892599255125,train
2015-06-12,-0.283722879989347,-0.4112750607791503,0.12755218078980335,train
2015-06-15,-0.6369537262203676,-0.4031805112209701,-0.23377321499939752,train
2015-06-16,-0.9407673832478312,-0.5230654516669294,-0.41770193158090174,train
2015-06-17,-0.8520066976716631,-0.6830675406579743,-0.1689391570136889,train
2015-06-18,-0.2720826147414648,-0.7116370885763345,0.4395544738348697,train
2015-06-19,-0.9624752706348524,-0.5199743342595289,-0.4425009363753235,train
2015-06-22,-0.7114712910875854,-0.7991597522285281,0.08768846114094264,train
2015-06-23,-0.7510304132150287,-0.7035103215499559,-0.04752009166507287,train
2015-06-24,-0.8978740337325167,-0.6994537512579941,-0.1984202824745226,train
2015-06-25,-1.0200758219054658,-0.741673654115507,-0.27840216778995874,train
2015-06-26,-0.9497541979860908,-0.8621354326789464,-0.08761876530714441,train
2015-06-29,0.602231910405399,-0.8603104081753759,1.4625423185807749,train
2015-06-30,-0.3372297171075561,-0.25346757048982127,-0.08376214661773485,train
2015-07-01,-0.6032871224729118,-0.5254347689587099,-0.07785235351420194,train
2015-07-02,-0.3703854698594406,-0.5995327384364043,0.22914726857696371,train
2015-07-03,-1.3587108778332364,-0.539116608006541,-0.8195942698266954,train
2015-07-06,-0.3426308582025796,-0.8474630102889998,0.5048321520864203,train
2015-07-07,-0.5162821638159749,-0.5577103408157603,0.041428176999785404,train
2015-07-08,-0.503918501575968,-0.6355215055119114,0.13160300393594349,train
2015-07-09,-0.6962577087583853,-0.6109118470811649,-0.08534586167722047,train
2015-07-10,-0.2715447343717747,-0.7001442087658979,0.4285994743941232,train
2015-07-13,-0.0643536964355035,-0.49773664441045096,0.4333829479749475,train
2015-07-14,-0.9501537701433715,-0.41252481019031995,-0.5376289599530516,train
2015-07-15,-0.8950031052926388,-0.7041321522739266,-0.19087095301871226,train
2015-07-16,-0.6613701162060881,-0.7676177934756715,0.1062476772695834,train
2015-07-17,-1.4221226668144653,-0.662201644421363,-0.7599210223931023,train
2015-07-20,-1.499219394807791,-0.9935720331964415,-0.5056473616113495,train
2015-07-21,-1.0224169243756005,-1.1004639153347198,0.07804699095911927,train
2015-07-22,-1.047705992746467,-1.0319976079657809,-0.015708384780686035,train
2015-07-23,-0.7166386626540218,-1.005885728894469,0.28924706624044716,train
2015-07-24,-0.8969372431582083,-0.9429573751901018,0.04602013203189348,train
2015-07-27,-0.7964979182723149,-0.9687563764225912,0.1722584581502763,train
2015-07-28,-1.5007461184251225,-0.8627515196961142,-0.6379945987290083,train
2015-07-29,-0.8872358333326102,-1.0987212016240069,0.21148536829139664,train
2015-07-30,-1.1567396628417788,-0.9304409301399079,-0.22629873270187084,train
2015-07-31,0.0455420126388537,-1.019667358393702,1.0652093710325556,train
2015-08-03,-1.4254316989095626,-0.5972212761563734,-0.8282104227531891,train
2015-08-04,-1.3191225725232794,-1.0773978596592118,-0.2417247128640676,train
2015-08-05,-1.0135687995362688,-1.059292725742126,0.0457239262058573,train
2015-08-06,-1.49808064851589,-1.0276230710897922,-0.47045757742609773,train
2015-08-07,-0.2142738197181166,-1.1355913721262794,0.9213175524081627,train
2015-08-10,-1.120662183326001,-0.8608873840553909,-0.2597747992706102,train
2015-08-11,-0.6606256936860875,-1.1237464830521333,0.46312078936604584,train
2015-08-12,-0.731629611099092,-0.862532579189583,0.13090296809049107,train
2015-08-13,-0.8102255029103301,-0.856640790275554,0.04641528736522382,train
2015-08-14,-1.2356346315652085,-0.8447304343631661,-0.3909041972020424,train
2015-08-17,-1.2241449578359336,-1.0467166176021785,-0.1774283402337551,train
2015-08-18,-1.604080756659147,-1.0721140093651238,-0.5319667472940233,train
2015-08-19,-0.8451230216308401,-1.2594195662453864,0.41429654461454635,train
2015-08-20,-0.9258557029536296,-1.086434826163635,0.16057912321000534,train
2015-08-21,-0.8900455204086631,-1.0574838431364821,0.167438322727819,train
2015-08-24,0.8793194656362152,-1.002841831280062,1.8821612969162773,train
2015-08-25,0.2560486908569517,-0.29956870506333333,0.555617395920285,train
2015-08-26,0.0884749174616446,-0.3391837112822383,0.4276586287438829,train
2015-08-27,-0.4306650888261485,-0.29966098838489097,-0.13100410044125754,train
2015-08-28,-0.5715405457182807,-0.40050947500729484,-0.1710310707109859,train
2015-08-31,-0.840080256512095,-0.4447328058361224,-0.39534745067597254,train
2015-09-01,-0.37069591761797,-0.6121294205408869,0.24143350292291693,train
2015-09-02,-0.8515860113636826,-0.5504153967691631,-0.30117061459451955,train
2015-09-03,-0.4560585112091693,-0.7359076116159414,0.27984910040677213,train
2015-09-04,-0.4595010311140498,-0.6892061280978933,0.2297050969838435,train
2015-09-07,-1.5020960492777289,-0.6995969788227405,-0.8024990704549884,train
2015-09-08,-1.1860918911361544,-0.961231806842859,-0.2248600842932954,train
2015-09-09,-1.278258555084279,-0.9798550174376957,-0.29840353764658345,train
2015-09-10,-0.8015507763990058,-0.9890390916416529,0.18748831524264709,train
2015-09-11,-0.9961749048822808,-0.9162120913146827,-0.07996281356759805,train
2015-09-14,-1.435065024294233,-1.0194277590354917,-0.41563726525874145,train
2015-09-15,-1.5000354307040984,-1.149915677931942,-0.35011975277215646,train
2015-09-16,-1.1451221744225273,-1.1878767785855564,0.04275460416302912,train
2015-09-17,-0.2870737255286094,-1.1450206746078802,0.8579469490792708,train
2015-09-18,-0.78033800401712,-0.7933094577489521,0.012971453731832172,train
2015-09-21,-1.1895271903743942,-0.8837696099491616,-0.3057575804252326,train
2015-09-22,-1.2340813160987238,-0.9937799937202068,-0.2403013223785171,train
2015-09-23,-0.5570697479834286,-1.0133105687882145,0.4562408208047859,train
2015-09-24,-0.8887737979205641,-0.7746085122122448,-0.1141652857083193,train
2015-09-25,-0.6797378918904037,-0.92062947205265,0.24089158016224632,train
2015-09-28,-1.0839401279278291,-0.8459653942339451,-0.237974733693884,train
2015-09-29,-0.8815562333929812,-0.9696900211250611,0.08813378773207992,train
2015-09-30,-1.2182447048411118,-0.8911129988256891,-0.32713170601542274,train
2015-10-01,-1.5351531851021931,-1.036046876917091,-0.49910630818510215,train
2015-10-02,0.3692525489886927,-1.172845503975571,1.5420980529642636,train
2015-10-05,-1.087684697617063,-0.4040903733021224,-0.6835943243149407,train
2015-10-06,-1.410197894351641,-0.9847572571742005,-0.4254406371774404,train
2015-10-07,-1.29349029314913,-1.1443674982414118,-0.1491227949077183,train
2015-10-08,-1.033541914762416,-1.0798647144602016,0.04632279969778552,train
2015-10-09,-1.136168878436861,-1.0475025187966565,-0.08866635964020464,train
2015-10-12,-1.991260370295305,-1.1453481664150642,-0.8459122038802407,train
2015-10-13,-1.4893775698150382,-1.4560820790877853,-0.03329549072725291,train
2015-10-14,-1.2768467351010997,-1.336377504522132,0.059530769421032304,train
2015-10-15,-0.7316747044925744,-1.334988148821286,0.6033134443287116,train
2015-10-16,-1.0900384476186853,-1.106357736035502,0.016319288416816624,train
2015-10-19,-1.6283040860713751,-1.1966918878683963,-0.4316121982029788,train
2015-10-20,-1.874154749160062,-1.284037950975446,-0.590116798184616,train
2015-10-21,-1.767159290274127,-1.4175145869155164,-0.34964470335861075,train
2015-10-22,-0.3567573523954495,-1.4333910244319124,1.0766336720364629,train
2015-10-23,-0.4805592826021836,-1.0679326499659312,0.5873733673637476,train
2015-10-26,-1.5461723423180889,-0.9716099101113623,-0.5745624322067265,train
2015-10-27,-1.4141902885712496,-1.2753473932875017,-0.13884289528374794,train
2015-10-28,0.0214633478313453,-1.2096266565330998,1.231090004364445,train
2015-10-29,-0.946489032428176,-0.6391212521855075,-0.3073677802426684,train
2015-10-30,-0.9211606575794185,-0.969334353624281,0.048173696044862546,train
2015-11-02,-1.4221254589885768,-0.9919377230824151,-0.43018773590616166,train
2015-11-03,-1.405568380915983,-1.1180164098754382,-0.28755197104054475,train
2015-11-04,-1.1217692647066826,-1.1560021659858415,0.0342329012791589,train
2015-11-05,-1.2769701781771516,-1.1972618375629653,-0.0797083406141863,train
2015-11-06,0.189683858892262,-1.2389723765439844,1.4286562354362464,train
2015-11-09,-1.226147461131447,-0.6053321675564096,-0.6208152935750373,train
2015-11-10,-1.1942389379127565,-1.0848541090113901,-0.10938482890136636,train
2015-11-11,-1.3294841306301897,-1.061752262209808,-0.26773186842038177,train
2015-11-12,-0.3383462321190036,-1.097984489877776,0.7596382577587724,train
2015-11-13,-0.8387000147576276,-0.7607411788377058,-0.07795883591992181,train
2015-11-16,-1.1305926202993053,-1.0323629121478282,-0.09822970815147714,train
2015-11-17,-1.3799503504276254,-1.0606815768741253,-0.31926877355350003,train
2015-11-18,-1.4867623856628125,-1.1302139418400483,-0.3565484438227642,train
2015-11-19,-0.9852203755042108,-1.2477959486614942,0.2625755731572834,train
2015-11-20,-1.335856574356222,-1.0625676118957756,-0.2732889624604464,train
2015-11-23,-1.3461823418646843,-1.2058473566622205,-0.1403349852024638,train
2015-11-24,-1.4088826880140115,-1.222528395917377,-0.18635429209663457,train
2015-11-25,-1.1025586069883333,-1.2704130378685337,0.16785443088020036,train
2015-11-26,-2.4341054168031606,-1.13862513797036,-1.2954802788328006,train
2015-11-27,-1.8601038493140405,-1.6212897610688362,-0.23881408824520434,train
2015-11-30,-1.834558872635671,-1.5598490498646795,-0.27470982277099143,train
2015-12-01,-1.6368433928079285,-1.5739282503951033,-0.06291514241282514,train
2015-12-02,-1.1974772811294925,-1.534154853242149,0.3366775721126565,train
2015-12-03,1.2764984030292474,-1.4752872003478656,2.751785603377113,train
2015-12-04,-0.089331192634325,-0.11575718422748071,0.026425991593155715,train
2015-12-07,-1.4318333356427722,-0.6491780776879912,-0.782655257954781,train
2015-12-08,-1.4443849670955606,-0.9757834036579833,-0.4686015634375773,train
2015-12-09,-1.1235261842331925,-0.9922345282860094,-0.13129165594718306,train
2015-12-10,-1.2253648523327998,-0.8927655939132223,-0.3325992584195775,train
2015-12-11,-0.7868952559402497,-1.1199000853450627,0.333004829404813,train
2015-12-14,-1.2328996660224163,-1.0932930535517624,-0.13960661247065387,train
2015-12-15,-1.2289669477518526,-1.1696349775429349,-0.05933197020891767,train
2015-12-16,-0.1338263243662683,-1.1637529407817386,1.0299266164154703,train
2015-12-17,-0.8427304244172543,-0.7726084372964551,-0.0701219871207992,train
2015-12-18,-0.967867860392512,-0.9374531163998369,-0.030414743992675186,train
2015-12-21,-1.4773912022356523,-0.987783768853241,-0.4896074333824113,train
2015-12-22,-1.7112839671972346,-1.1320267419060785,-0.5792572252911561,train
2015-12-23,-1.4720328401714748,-1.2475525077363028,-0.22448033243517207,train
2015-12-24,-1.7072598066330325,-1.3519090845311186,-0.3553507221019139,train
2015-12-28,-1.8874232002306013,-1.4178677072951833,-0.469555492935418,train
2015-12-29,-1.4973356028845382,-1.5886702906793662,0.091334687794828,train
2015-12-30,-1.7779264163503603,-1.5650969703149031,-0.21282944603545717,train
2015-12-31,-1.3088140205298888,-1.5080546351207726,0.19924061459088382,train
2016-01-04,-0.7269316752347534,-1.4226721419825499,0.6957404667477964,train
2016-01-05,-1.290558356067297,-1.1315362974944128,-0.15902205857288432,train
2016-01-06,-0.8959814194808109,-1.2298919690501964,0.3339105495693855,train
2016-01-07,-0.5601489395704329,-1.1303423286813965,0.5701933891109636,train
2016-01-08,-0.199731082269906,-0.9052570708207335,0.7055259885508275,train
2016-01-11,-0.5963601793074348,-0.7221768799978769,0.12581670069044215,train
2016-01-12,-1.1375837431747091,-0.7944309294708262,-0.34315281370388295,train
2016-01-13,-1.027592381299849,-0.9555508399525369,-0.07204154134731222,train
2016-01-14,-0.6913232011467612,-0.9151330855257573,0.22380988437899618,train
2016-01-15,-0.5085259804706626,-0.8496683899115396,0.34114240944087704,train
2016-01-18,-1.6685608969015313,-0.8035249700737652,-0.8650359268277661,train
2016-01-19,-1.184474878221676,-1.1996208274580287,0.015145949236352596,train
2016-01-20,-0.9310659821123628,-1.073114456018641,0.14204847390627817,train
2016-01-21,0.0310827251560642,-1.0108725281687128,1.041955253324777,train
2016-01-22,-1.0816798029778538,-0.6683715983153319,-0.41330820466252194,train
2016-01-25,-1.8348277267925448,-1.023051059311502,-0.8117766674810427,train
2016-01-26,-1.5577432817940708,-1.2257046992123182,-0.3320385825817527,train
2016-01-27,-1.0970030929385084,-1.1916388535439841,0.09463576060547574,train
2016-01-28,-1.3606377002340029,-1.134810726398857,-0.22582697383514594,train
2016-01-29,-0.6856055191271294,-1.292262391413128,0.6066568722859985,train
2016-02-01,-1.6163218620906077,-1.0503438206239013,-0.5659780414667064,train
2016-02-02,-1.6709954692440503,-1.2780059169171638,-0.3929895523268865,train
2016-02-03,-0.3735041862036737,-1.3064964506020798,0.9329922643984061,train
2016-02-04,-0.4003304137604754,-0.9025755332142275,0.502245119453752,train
2016-02-05,-0.5954298999487531,-0.808461103608786,0.21303120366003292,train
2016-02-08,-0.7094485490276213,-0.9007748325264516,0.1913262834988303,train
2016-02-09,-0.4073038141355399,-0.8414422791946081,0.4341384650590682,train
2016-02-10,-0.613553160009906,-0.6282888097069884,0.014735649697082409,train
2016-02-11,-0.2471735619231411,-0.715600686491065,0.4684271245679239,train
2016-02-12,-0.7860151038757373,-0.5793352560039032,-0.20667984787183402,train
2016-02-15,-1.3896326572999638,-0.8223241033826801,-0.5673085539172836,train
2016-02-16,-1.4289034820391362,-0.982302417390739,-0.4466010646483972,train
2016-02-17,-1.2293971201340983,-1.1007754378491597,-0.12862168228493864,train
2016-02-18,-1.1707249857385946,-1.054982277182741,-0.11574270855585356,train
2016-02-19,-1.1821005406820004,-1.115313815147104,-0.0667867255348964,train
2016-02-22,-1.413789610972732,-1.171191469758343,-0.24259814121438894,train
2016-02-23,-1.2992955972029527,-1.245833923291599,-0.05346167391135381,train
2016-02-24,-1.0775582916526814,-1.2148238079114837,0.13726551625880234,train
2016-02-25,-1.2981016101628615,-1.1460470106731608,-0.15205459948970068,train
2016-02-26,-1.044089680472334,-1.2138647819056783,0.16977510143334418,train
2016-02-29,-1.4151484513662311,-1.1422242810516194,-0.2729241703146117,train
2016-03-01,-1.067529338123851,-1.2067122135775965,0.1391828754537454,train
2016-03-02,-1.5953059705732835,-1.1436927599781206,-0.4516132105951629,train
2016-03-03,-1.2501210501816185,-1.3480872181436179,0.09796616796199942,train
2016-03-04,-0.1740085115323691,-1.184890371904553,1.0108818603721839,train
2016-03-07,-1.6479400538572948,-0.8393900360164581,-0.8085500178408367,train
2016-03-08,-1.3501520738051154,-1.2611738254707794,-0.08897824833433599,train
2016-03-09,-1.4428320198032791,-1.1908760449846492,-0.25195597481862997,train
2016-03-10,1.2108945150645265,-1.2523403281660548,2.4632348432305813,train
2016-03-11,-0.6958230898837909,-0.026565973555441907,-0.669257116328349,train
2016-03-14,-1.3837261338030185,-0.837275248008715,-0.5464508857943035,train
2016-03-15,-1.5628409632865297,-1.023809327806108,-0.5390316354804217,train
2016-03-16,-0.4217871892852248,-1.1044439237220904,0.6826567344368657,train
2016-03-17,-0.8251312470085332,-0.7671436835529859,-0.05798756345554734,train
2016-03-18,-1.527111776770971,-0.9774639476645722,-0.5496478291063988,train
2016-03-21,-1.6691802158989058,-1.224840660600824,-0.4443395552980818,train
2016-03-22,-1.085636429627162,-1.2949873334317712,0.2093509038046093,train
2016-03-23,-1.7695385862481536,-1.2099938273263415,-0.5595447589218121,train
2016-03-24,-1.531233096816377,-1.397997471667396,-0.13323562514898102,train
2016-03-25,-2.9609057100480443,-1.4074114640425073,-1.553494246005537,train
2016-03-28,-2.306391023115204,-1.9529928468955364,-0.3533981762196676,train
2016-03-29,-0.6654398117034701,-1.8314785325326388,1.1660387208291687,train
2016-03-30,-1.3235642477956882,-1.4884822005697096,0.16491795277402144,train
2016-03-31,-1.426659035621635,-1.4901000897079755,0.06344105408634038,train
2016-04-01,-0.8403138728013874,-1.5175427577132006,0.6772288849118132,train
2016-04-04,-1.8086186518614928,-1.1912752683101977,-0.6173433835512951,train
2016-04-05,-1.3780480632760796,-1.3918946985618503,0.013846635285770681,train
2016-04-06,-1.1297368685030171,-1.3628411886982421,0.23310432019522498,train
2016-04-07,-0.8397989114389462,-1.2594068639808147,0.41960795254186845,train
2016-04-08,-1.506048021467476,-1.099112198945791,-0.40693582252168503,train
2016-04-11,-1.5994220830953705,-1.3484995243894666,-0.25092255870590385,train
2016-04-12,-1.1959124352418284,-1.3813903646989014,0.18547792945707298,train
2016-04-13,-1.3393068943874262,-1.2855857835850149,-0.053721110802411376,train
2016-04-14,-1.4716354910193783,-1.312473766980231,-0.1591617240391472,train
2016-04-15,-1.5889902985423332,-1.4434202372052858,-0.14557006133704742,train
2016-04-18,-1.6518242511360706,-1.5000883069364377,-0.15173594419963288,train
2016-04-19,-1.8311594990970368,-1.4926598258751376,-0.3384996732218992,train
2016-04-20,-1.625972676001191,-1.579164819176956,-0.04680785682423494,train
2016-04-21,-0.5634520617871054,-1.561687080313146,0.9982350185260406,train
2016-04-22,-1.5704850784964608,-1.2602113081571331,-0.3102737703393277,train
2016-04-25,-1.7675981324356933,-1.46824060639361,-0.2993575260420833,train
2016-04-26,-1.588382096748662,-1.5068411369661507,-0.08154095978251119,train
2016-04-27,-1.3798022918115829,-1.5084537142026027,0.1286514223910198,train
2016-04-28,-1.1546048196746856,-1.4118241567603547,0.257219337085669,train
2016-04-29,-1.1425930684762542,-1.3527786944129425,0.21018562593668833,train
2016-05-02,-1.3497085923907302,-1.3426830972956958,-0.007025495095034362,train
2016-05-03,-1.2266168857299655,-1.4837372164608869,0.25712033073092133,train
2016-05-04,-0.8766191388639077,-1.2582950648020714,0.3816759259381637,train
2016-05-05,-1.5927693572977677,-1.1604775639184441,-0.43229179337932355,train
2016-05-06,-1.2485109764024105,-1.418863574531739,0.17035259812932857,train
2016-05-09,-1.6062449778334285,-1.372385383537459,-0.23385959429596936,train
2016-05-10,-1.5969435101363896,-1.4119957673158698,-0.18494774282051973,train
2016-05-11,-2.169249878124115,-1.4883763936894545,-0.6808734844346604,train
2016-05-12,-2.069821733184101,-1.6640089518059233,-0.4058127813781778,train
2016-05-13,-1.3827353900962531,-1.6976423566231669,0.31490696652691375,train
2016-05-16,-2.06025016494132,-1.6318475197231257,-0.4284026452181944,train
2016-05-17,-2.185038518792959,-1.7513607032337721,-0.4336778155591867,train
2016-05-18,-1.1705886334409823,-1.8472136150600877,0.6766249816191054,train
2016-05-19,-1.631192915343157,-1.706897048462841,0.07570413311968394,train
2016-05-20,-2.2246175864520974,-1.6025807762909499,-0.6220368101611475,train
2016-05-23,-2.0591962057588376,-1.806633738742834,-0.2525624670160036,train
2016-05-24,-1.827771052934126,-1.764325496501017,-0.0634455564331089,train
2016-05-25,-2.2193079069666557,-1.6779900021574865,-0.5413179048091692,train
2016-05-26,-1.918432022513073,-1.9116084511783156,-0.006823571334757528,train
2016-05-27,-1.927247070213468,-1.8502479579669757,-0.07699911224649236,train
2016-05-30,-2.7935036604576604,-1.9507036209784336,-0.8428000394792268,train
2016-05-31,-1.6502804858244176,-2.1508780268434826,0.5005975410190651,train
2016-06-01,-1.409905020831508,-1.8397116852140256,0.4298066643825176,train
2016-06-02,-1.0752921316941475,-1.7112431423329255,0.635951010638778,train
2016-06-03,0.1163570192706589,-1.6728821038550208,1.7892391231256797,train
2016-06-06,-1.6161043922035392,-0.9377826830399905,-0.6783217091635487,train
2016-06-07,-1.9775964080886288,-1.3926716292725811,-0.5849247788160477,train
2016-06-08,-2.1428150033377924,-1.5352553717419364,-0.607559631595856,train
2016-06-09,-1.4238721320413543,-1.6092215062376107,0.1853493741962564,train
2016-06-10,-1.6242947220770168,-1.546604871591931,-0.07768985048508581,train
2016-06-13,-1.7040872617648353,-1.6846419664095422,-0.019445295355293046,train
2016-06-14,-1.6488732858764386,-1.6564390779441118,0.0075657920676732715,train
2016-06-15,-1.2254385077397745,-1.6261125819504982,0.40067407421072376,train
2016-06-16,-0.4385100630496062,-1.5122665756520433,1.073756512602437,train
2016-06-17,-0.998839689590647,-1.1690056813298582,0.1701659917392112,train
2016-06-20,-1.3663008450222438,-1.2721695361470768,-0.09413130887516696,train
2016-06-21,-1.1965025244447152,-1.2802256173324116,0.08372309288769642,train
2016-06-22,-1.3016752941246388,-1.2744986685813702,-0.027176625543268607,train
2016-06-23,-0.3743344071496581,-1.2422326401048696,0.8678982329552114,train
2016-06-24,1.9330445990419405,-0.9529060608198043,2.885950659861745,train
2016-06-27,-0.172265737367449,0.0035478434410891047,-0.1758135808085381,train
2016-06-28,-0.8166247108294467,-0.49599709122478736,-0.3206276196046593,train
2016-06-29,-0.7367186725860385,-0.6292393927605564,-0.10747927982548211,train
2016-06-30,-0.0877322904772188,-0.5492760056671702,0.46154371518995135,train
2016-07-01,-0.964591765250848,-0.3438519851518266,-0.6207397800990214,train
2016-07-04,-1.8772152717350088,-0.7992108353565983,-1.0780044363784105,train
2016-07-05,-1.0462412993585442,-1.361156667511191,0.31491536815264687,train
2016-07-06,-0.9472050743768324,-1.058714879960718,0.11150980558388557,train
2016-07-07,-1.2427797489472363,-0.971602897876874,-0.27117685107036227,train
2016-07-08,-0.2940158500773479,-1.1433025094626694,0.8492866593853216,train
2016-07-11,-1.8992819810044064,-0.8617417664744449,-1.0375402145299615,train
2016-07-12,-1.3867342241194385,-1.266739191515269,-0.11999503260416944,train
2016-07-13,-1.772147426014119,-1.160313432027122,-0.611833993986997,train
2016-07-14,-1.075910417640521,-1.3457992662143676,0.26988884857384665,train
2016-07-15,-1.3192204795437668,-1.2223119871430965,-0.09690849240067023,train
2016-07-18,-1.9780541296554728,-1.2974078361526704,-0.6806462935028024,train
2016-07-19,-1.892313066888151,-1.4612307483801315,-0.4310823185080195,train
2016-07-20,-1.488290879681032,-1.5003260913320613,0.012035211651029387,train
2016-07-21,-1.2670235841320674,-1.3953764854142245,0.12835290128215715,train
2016-07-22,-1.559369008917958,-1.34721375042512,-0.2121552584928379,train
2016-07-25,-2.310063636857921,-1.4555577965212627,-0.8545058403366583,train
2016-07-26,-2.2140500568835337,-1.6992442846572235,-0.5148057722263102,train
2016-07-27,-1.286253537119146,-1.7568202601313554,0.4705667230122095,train
2016-07-28,-1.7253494861664092,-1.5900137247077422,-0.135335761458667,train
2016-07-29,-1.4683662869566902,-1.6840274898476417,0.21566120289095148,train
2016-08-01,-2.336767562942235,-1.6128912102371513,-0.7238763527050838,train
2016-08-02,-2.2516324339037297,-1.805586995359414,-0.4460454385443158,train
2016-08-03,-2.2411963271361013,-1.82506609653643,-0.41613023059967125,train
2016-08-04,-2.210291998843233,-1.9913099996311736,-0.2189819992120592,train
2016-08-05,-1.0234011533192933,-1.9752722091374555,0.9518710558181622,train
2016-08-08,-2.53926036730638,-1.9172082716422851,-0.6220520956640949,train
2016-08-09,-2.4166768667200142,-1.9884963278600856,-0.4281805388599287,train
2016-08-10,-2.018623419082603,-2.160262377908997,0.14163895882639377,train
2016-08-11,-2.176096157059481,-1.9344172960762402,-0.24167886098324054,train
2016-08-12,-1.4423986190463145,-1.9519856449265927,0.5095870258802782,train
2016-08-15,-2.5774628806757844,-1.999911008760651,-0.5775518719151334,train
2016-08-16,-1.2187051858414848,-2.1465895883071813,0.9278844024656965,train
2016-08-17,-1.5164326959603065,-1.677734344183518,0.16130164822321147,train
2016-08-18,-1.474708197753612,-1.8272300638741399,0.3525218661205278,train
2016-08-19,-1.866465880574176,-1.5803819020845367,-0.2860839784896394,train
2016-08-22,-2.0950340848800906,-1.750001082634213,-0.34503300224587763,train
2016-08-23,-2.234218087741929,-1.7712365316185104,-0.46298155612341874,train
2016-08-24,-1.9717309786668031,-1.8982543262471427,-0.0734766524196604,train
2016-08-25,-2.5768106484723368,-1.9174153647437415,-0.6593952837285952,train
2016-08-26,-0.9186916316525796,-2.137917387252619,1.2192257556000397,train
2016-08-29,-2.231099494766561,-1.6460366091584109,-0.5850628856081501,train
2016-08-30,-2.2006987762450767,-1.9346868005226954,-0.26601197572238133,train
2016-08-31,-1.9847264678132024,-1.943256111181153,-0.04147035663204934,train
2016-09-01,-1.5445513271271951,-1.9254262630733616,0.3808749359461665,train
2016-09-02,-0.4506257194245285,-1.908038767507593,1.4574130480830645,train
2016-09-05,-2.5268633159768115,-1.4743522861013862,-1.0525110298754252,train
2016-09-06,-1.112538001804484,-1.9332114755394567,0.8206734737349728,train
2016-09-07,-1.9982501922846807,-1.8004148009869154,-0.19783539129776528,train
2016-09-08,-1.279544177975147,-1.6913956087212754,0.4118514307461283,train
2016-09-09,-1.538096517221243,-1.4991993324171107,-0.0388971848041324,train
2016-09-12,-1.5672811807690927,-1.6870653182336146,0.11978413746452188,train
2016-09-13,-1.6357468545511782,-1.5579312982300983,-0.07781555632107984,train
2016-09-14,-1.7999316920484292,-1.622266810709203,-0.1776648813392261,train
2016-09-15,-1.8260944988929877,-1.7066886839507942,-0.11940581494219349,train
2016-09-16,-1.7875780231015337,-1.67163402698677,-0.11594399611476369,train
2016-09-19,-2.475875623160012,-1.7655510764854867,-0.7103245466745252,train
2016-09-20,-2.166099671405437,-1.9640279979019706,-0.20207167350346644,train
2016-09-21,-1.1644007506937106,-2.037603262950168,0.8732025122564575,train
2016-09-22,-1.9254863600225776,-1.7166418761136835,-0.2088444839088941,train
2016-09-23,-2.042270965385696,-1.8370183902458803,-0.20525257513981576,train
2016-09-26,-2.213978076287338,-1.9093970292353522,-0.30458104705198563,train
2016-09-27,-2.1573255254634485,-1.9254102482412263,-0.23191527722222216,train
2016-09-28,-2.1469162065039344,-1.8687892000266413,-0.27812700647729316,train
2016-09-29,-1.928063173247049,-1.9515298017755225,0.023466628528473477,train
2016-09-30,-1.2746635787936225,-1.9173271279244328,0.6426635491308104,train
2016-10-03,-2.4797607313165093,-1.6521048937195355,-0.8276558375969738,train
2016-10-04,-1.0089456940246757,-2.017126454939756,1.0081807609150801,train
2016-10-05,-1.9000780374788209,-1.6668245386136455,-0.23325349886517532,train
2016-10-06,-1.912633178462255,-1.8535539708211153,-0.05907920764113972,train
2016-10-07,-1.076428438781024,-1.8963860375237394,0.8199575987427155,train
2016-10-10,-2.460977927917316,-1.5324826853829578,-0.9284952425343582,train
2016-10-11,-1.746964033914668,-1.8501901024123044,0.10322606849763649,train
2016-10-12,-1.3633586352201896,-1.7189109743530857,0.3555523391328961,train
2016-10-13,-1.3764840074175078,-1.5809960206744684,0.20451201325696067,train
2016-10-14,-1.6260922855341031,-1.5550343398984865,-0.07105794563561663,train
2016-10-17,-2.2983417045114027,-1.707170109858539,-0.5911715946528637,train
2016-10-18,-1.9144706894702532,-1.8149442082444778,-0.09952648122577545,train
2016-10-19,-1.951696108547875,-1.7576631688680027,-0.19403293967987234,train
2016-10-20,-0.6895148900604234,-1.8070285123855683,1.117513622325145,train
2016-10-21,-2.065906411711277,-1.505349049260382,-0.560557362450895,train
2016-10-24,-2.3590705298746912,-1.8241200091972998,-0.5349505206773915,train
2016-10-25,-2.077138887151601,-1.859634186175271,-0.21750470097633023,train
2016-10-26,-1.9150033736710248,-1.8275129839184512,-0.08749038975257362,train
2016-10-27,-1.7770861257818271,-1.7772296434017743,0.00014351761994713108,train
2016-10-28,-1.476456339377232,-1.8825358941134263,0.40607955473619417,train
2016-10-31,-1.976362199996466,-1.6932484536328785,-0.28311374636358755,train
2016-11-01,-2.2094078375878228,-1.9658732450762646,-0.24353459251155818,train
2016-11-02,-1.5943042479965015,-1.87613061446372,0.2818263664672185,train
2016-11-03,-1.5827693481966556,-1.6943457328379887,0.11157638464133313,train
2016-11-04,-1.933638942522108,-1.6446940405529262,-0.2889449019691819,train
2016-11-07,-1.8996886517859084,-1.838098100233136,-0.06159055155277238,train
2016-11-08,-2.197714655980625,-1.7597201327259273,-0.43799452325469757,train
2016-11-09,1.0672520435230903,-1.8482693339684217,2.915521377491512,train
2016-11-10,-0.8590853976876809,-0.6788303006393008,-0.18025509704838005,train
2016-11-11,-1.050961387660095,-1.1672586463355197,0.11629725867542473,train
2016-11-14,-0.7281362071574098,-1.1475110464949965,0.4193748393375867,train
2016-11-15,-1.083223806384866,-0.9483068785129753,-0.1349169278718907,train
2016-11-16,-0.9859352163021594,-0.9742175058503924,-0.01171771045176706,train
2016-11-17,-0.8836962302844067,-1.092209744646746,0.20851351436233934,train
2016-11-18,-0.7764755686878173,-1.0468505205852103,0.270374951897393,train
2016-11-21,-1.0897223810211587,-0.9911150309078622,-0.09860735011329647,train
2016-11-22,-1.3073504784522982,-1.0964644820744653,-0.2108859963778329,train
2016-11-23,-1.1216400981347328,-1.1855172465876103,0.06387714845287751,train
2016-11-24,-1.2574078279519394,-1.1283362619317427,-0.12907156602019665,train
2016-11-25,-1.1594016547422896,-1.1963668421635734,0.03696518742128374,train
2016-11-28,-1.001024670063833,-1.1872921949267772,0.18626752486294418,train
2016-11-29,-1.0893586054003532,-1.1234553358006205,0.03409673040026728,train
2016-11-30,-0.567062730035391,-1.1388160875899738,0.5717533575545828,train
2016-12-01,-0.9704267934455092,-0.9441200556339677,-0.02630673781154147,train
2016-12-02,-1.273343289338914,-1.0069337721461582,-0.26640951719275585,train
2016-12-05,0.1111742566474018,-1.096654228187397,1.2078284848347989,train
2016-12-06,-1.2063845484132598,-0.5904905296064649,-0.615894018806795,train
2016-12-07,-1.74412725141277,-1.0012043261816332,-0.7429229252311367,train
2016-12-08,0.0287213684065933,-1.2440411459104328,1.272762514317026,train
2016-12-09,-1.2896790780153224,-0.605540497532051,-0.6841385804832715,train
2016-12-12,-1.2326378890347138,-1.0269054343849875,-0.20573245464972634,train
2016-12-13,-1.2728157558648376,-1.1060124928539068,-0.16680326301093085,train
2016-12-14,-0.3839215628584609,-1.1398256100215067,0.7559040471630458,train
2016-12-15,-0.1545962528426389,-0.8286582209773654,0.6740619681347265,train
2016-12-16,-0.7499377363317714,-0.7040841070566743,-0.04585362927509706,train
2016-12-19,-1.1449107190457817,-0.8167118041147103,-0.32819891493107134,train
2016-12-20,-1.4423708635765364,-0.9299913976038373,-0.5123794659726991,train
2016-12-21,-1.44724515982676,-1.0350724672568383,-0.4121726925699216,train
2016-12-22,-1.294876752961986,-1.1239202942608308,-0.17095645870115517,train
2016-12-23,-2.0925165493074105,-1.205272774741208,-0.8872437745662025,train
2016-12-27,-2.4557769050538005,-1.5035495717871519,-0.9522273332666487,train
2016-12-28,-1.784043349157771,-1.7359183479367974,-0.04812500122097352,train
2016-12-29,-1.3567018334381404,-1.5773748616814485,0.22067302824330803,train
2016-12-30,0.202667530674189,-1.4664543508128023,1.6691218814869913,train
2017-01-03,-0.6473145604275726,-0.8392332621657639,0.19191870173819126,train
2017-01-04,-0.9600628885142276,-1.032053960477421,0.07199107196319343,train
2017-01-05,-0.3539005490431364,-0.995503552704924,0.6416030036617876,train
2017-01-06,-0.8772825573743636,-0.6837997824130875,-0.19348277496127608,train
2017-01-09,-1.1255968725577126,-0.8198198803742027,-0.30577699218350984,train
2017-01-10,-1.1086950410623106,-0.9596204968974026,-0.14907454416490806,train
2017-01-11,-0.1102646319589518,-0.994699892819663,0.8844352608607112,train
2017-01-12,-0.7416650254464802,-0.6522015289920307,-0.08946349645444951,train
2017-01-13,-0.8320834583000755,-0.8430619398917658,0.010978481591690348,train
2017-01-16,-1.4148039881259438,-0.972068665833866,-0.4427353222920778,train
2017-01-17,-0.8674577401746061,-1.0710176924840322,0.20355995230942614,train
2017-01-18,-1.3531089649710666,-0.8830430876933669,-0.47006587727769966,train
2017-01-19,-0.7145259145149,-1.1967501251508066,0.4822242106359066,train
2017-01-20,-1.1618511610996851,-1.0196564920627968,-0.14219466903688827,train
2017-01-23,-1.191814506349722,-1.1113819526746973,-0.08043255367502478,train
2017-01-24,-1.7018959903737103,-1.1103607534322322,-0.5915352369414781,train
2017-01-25,-1.4347503913727713,-1.2779027705926274,-0.15684762078014391,train
2017-01-26,-1.3688888815931652,-1.2400464132792461,-0.1288424683139191,train
2017-01-27,-1.423887225966938,-1.2896425591077991,-0.13424466685913883,train
2017-01-30,-1.3160455645532514,-1.3565062319358925,0.04046066738264109,train
2017-01-31,-0.9419536550052776,-1.3103769089465322,0.36842325394125464,train
2017-02-01,-1.0347176343733362,-1.1195995773875402,0.08488194301420404,train
2017-02-02,-1.487328094894402,-1.203359939395689,-0.283968155498713,train
2017-02-03,-1.0405168859565814,-1.2519057288242421,0.2113888428676607,train
2017-02-06,-1.7043390920613302,-1.1972742848913065,-0.5070648071700237,train
2017-02-07,-1.6140668873503463,-1.3276073860959174,-0.28645950125442887,train
2017-02-08,-1.5681746380804271,-1.372327963326361,-0.19584667475406614,train
2017-02-09,-1.5629653403688055,-1.3994618154395237,-0.16350352492928177,train
2017-02-10,-1.799053531394815,-1.5392599399929106,-0.2597935914019045,train
2017-02-13,-2.097452681303037,-1.5667266232481407,-0.5307260580548965,train
2017-02-14,-1.429089401497177,-1.6497664601392776,0.22067705864210074,train
2017-02-15,-1.324973391756494,-1.5459243980589479,0.2209510063024538,train
2017-02-16,-1.48377418654173,-1.6173524464327045,0.1335782598909745,train
2017-02-17,-1.969855996529448,-1.4836437793357113,-0.48621221719373664,train
2017-02-20,-2.246903020368808,-1.6378819505259352,-0.6090210698428729,train
2017-02-21,-1.6734613777823826,-1.727883621372277,0.05442224358989445,train
2017-02-22,-0.7927522114985969,-1.670792482550801,0.8780402710522041,train
2017-02-23,-1.5670108478601374,-1.436951365819259,-0.13005948204087847,train
2017-02-24,-1.442231114770638,-1.5265018191547304,0.08427070438409245,train
2017-02-27,-1.81281861045697,-1.5018945878565853,-0.31092402260038465,train
2017-02-28,-1.464363119886081,-1.5550937384892942,0.0907306186032133,train
2017-03-01,-1.2548422962648058,-1.455215493713908,0.2003731974491021,train
2017-03-02,-1.9940676907336672,-1.41405087913073,-0.5800168116029372,train
2017-03-03,-1.3770798604238683,-1.6227635687989592,0.2456837083750909,train
2017-03-06,-1.6873186894070058,-1.5009895196653682,-0.1863291697416376,train
2017-03-07,-2.3510496899625286,-1.5837114914889354,-0.7673381984735932,train
2017-03-08,-2.087531790059464,-1.814104034788101,-0.27342775527136287,train
2017-03-09,-1.1398939139476862,-1.9107702782540468,0.7708763643063605,train
2017-03-10,-1.2090988658963646,-1.6229722423125486,0.41387337641618394,train
2017-03-13,-2.008031794145471,-1.5825283487818809,-0.4255034453635902,train
2017-03-14,-2.2557977939475258,-1.7291819660123569,-0.5266158279351689,train
2017-03-15,-0.8323860881915234,-1.8156675151140276,0.9832814269225042,train
2017-03-16,-1.541256000579896,-1.498988241184173,-0.042267759395723026,train
2017-03-17,-1.680808507575747,-1.5088185827752403,-0.1719899248005068,train
2017-03-20,-2.2337159339320056,-1.7550240129776882,-0.47869192095431745,train
2017-03-21,-1.5773453211812107,-1.7644477079825558,0.18710238680134506,train
2017-03-22,-1.8745911479094115,-1.5592001120871353,-0.31539103582227623,train
2017-03-23,-2.0630264796155666,-1.7001533424006348,-0.36287313721493186,train
2017-03-24,-2.01423586922059,-1.7924165473241707,-0.22181932189641929,train
2017-03-27,-2.011206576579122,-1.9004154162137068,-0.11079116036541503,train
2017-03-28,-1.9252552438210675,-1.8151071578296254,-0.1101480859914421,train
2017-03-29,-1.4026789938146809,-1.8293773304316743,0.4266983366169934,train
2017-03-30,-1.692902652330279,-1.8569945171597388,0.1640918648294598,train
2017-03-31,-1.8724844565632228,-1.8138576961392874,-0.05862676042393544,train
2017-04-03,-2.171137449792813,-1.7199988320377195,-0.45113861775509356,train
2017-04-04,-2.3342247265179483,-1.9125964042447312,-0.4216283222732171,train
2017-04-05,-1.8069479334492708,-1.9071391062603653,0.10019117281109446,train
2017-04-06,-1.5713123932438873,-2.0124234442385567,0.4411110509946694,train
2017-04-07,-1.5489304351718762,-1.8810283485947572,0.332097913422881,train
2017-04-10,-2.454840820717137,-1.7769214152883137,-0.6779194054288231,train
2017-04-11,-2.3039006384558003,-2.010296280236165,-0.2936043582196355,train
2017-04-12,-1.6163469683222411,-1.986651282845127,0.3703043145228859,train
2017-04-13,-2.096506908263732,-2.0000009121867603,-0.09650599607697163,train
2017-04-14,-2.791766122358663,-1.8791408315700266,-0.9126252907886365,train
2017-04-17,-2.19702564861988,-2.387871317983799,0.1908456693639189,train
2017-04-18,-1.697362779761112,-2.329991745282441,0.6326289655213289,train
2017-04-19,-2.282740779350132,-1.9770217173654874,-0.3057190619846446,train
2017-04-20,-1.7306305674253883,-2.0876112756734173,0.35698070824802897,train
2017-04-21,-1.7559141475816116,-1.9128511760335274,0.15693702845191582,train
2017-04-24,-0.798144919496687,-1.8245086159152504,1.0263636964185634,train
2017-04-25,-1.7274858944936136,-1.4142072376661745,-0.31327865682743905,train
2017-04-26,-1.412227978979925,-1.721877002047785,0.3096490230678599,train
2017-04-27,-1.0115115337623852,-1.5539090883812126,0.5423975546188273,train
2017-04-28,-1.3682924141621082,-1.4086695329201724,0.04037711875806416,train
2017-05-01,-2.5431722963954626,-1.5377411032931514,-1.0054311931023112,train
2017-05-02,-2.187426015441489,-1.8613547181660375,-0.32607129727545137,train
2017-05-03,-2.282215369294456,-1.8203342114940977,-0.4618811578003581,train
2017-05-04,-1.6082001996577333,-2.0001429102330084,0.3919427105752751,train
2017-05-05,-1.873888564894073,-1.8498514642888302,-0.02403710060524289,train
2017-05-08,-1.444866897087213,-1.9515926717571672,0.5067257746699543,train
2017-05-09,-1.7162471438702918,-1.6775719868407817,-0.03867515702951008,train
2017-05-10,-1.9295613703865435,-1.764943638992041,-0.16461773139450253,train
2017-05-11,-2.138349075998355,-1.7279040138814625,-0.41044506211689247,train
2017-05-12,-1.91915176687958,-1.9184473241271807,-0.0007044427523992258,train
2017-05-15,-2.274620687913496,-2.0156410852984594,-0.2589796026150366,train
2017-05-16,-1.734202708598675,-1.9450066414244016,0.21080393282572651,train
2017-05-17,-1.6378102539007895,-1.7974763778215626,0.15966612392077306,train
2017-05-18,-1.3052650884685086,-1.7355473779837838,0.43028228951527514,train
2017-05-19,-1.9209144564050629,-1.5766604420494326,-0.3442540143556303,train
2017-05-22,-1.3259556919339732,-1.7385881193288772,0.412632427394904,train
2017-05-23,-1.1907670821103216,-1.5866842011377111,0.3959171190273896,train
2017-05-24,-1.2795450885048325,-1.4459109600623588,0.16636587155752625,train
2017-05-25,-1.9201435064417955,-1.5237365419235442,-0.3964069645182513,train
2017-05-26,-1.7665482530312997,-1.6160709460040898,-0.15047730702720985,train
2017-05-29,-2.642944298886812,-1.6119742824598056,-1.0309700164270066,train
2017-05-30,-1.105591095505492,-1.945190572532805,0.839599477027313,train
2017-05-31,-1.598273895506821,-1.7490920651612307,0.15081816965440975,train
2017-06-01,-2.020905231413489,-1.7063748353036505,-0.3145303961098387,train
2017-06-02,-1.2160825619233644,-1.8011954937539953,0.585112931830631,train
2017-06-05,-2.272259371521566,-1.909863416764224,-0.3623959547573419,train
2017-06-06,-2.1668857983339564,-1.8422768760495305,-0.32460892228442595,train
2017-06-07,-1.077432633520263,-1.8749194334933559,0.7974867999730928,train
2017-06-08,-1.539972348514532,-1.6714534215344063,0.13148107301987433,train
2017-06-09,-1.5161819704900197,-1.6397213955919985,0.1235394251019788,train
2017-06-12,-2.3676550218610344,-1.5990557798782516,-0.7685992419827827,train
2017-06-13,-2.33846394417535,-1.806264220290154,-0.5321997238851959,train
2017-06-14,-0.7534435061912238,-1.9850948929033179,1.2316513867120942,train
2017-06-15,-1.72770209823873,-1.5113475909026193,-0.21635450733611084,train
2017-06-16,-2.301651001409557,-1.6733593146511772,-0.6282916867583799,train
2017-06-19,-2.449820395085897,-1.8818717479351936,-0.5679486471507036,train
2017-06-20,-2.285754902363009,-1.9495252938000234,-0.33622960856298567,train
2017-06-21,-2.566700597020149,-1.9188449461251529,-0.647855650894996,train
2017-06-22,-2.558416517842806,-2.1289577382526126,-0.42945877959019363,train
2017-06-23,-2.5068517210357824,-2.209787407093251,-0.2970643139425313,train
2017-06-26,-1.8168154159292265,-2.292557800517071,0.47574238458784435,train
2017-06-27,-1.1805120393424602,-2.109786745485054,0.9292747061425937,train
2017-06-28,-0.151228578208155,-1.845453449757314,1.694224871549159,train
2017-06-29,-1.507436060371865,-1.249750620582839,-0.257685439789026,train
2017-06-30,-1.7973233308763652,-1.5563982985571474,-0.2409250323192178,train
2017-07-03,-2.20542751000188,-1.5691083973291335,-0.6363191126727465,train
2017-07-04,-2.381712065818838,-1.647403500352266,-0.7343085654665722,train
2017-07-05,-2.0443812603268965,-1.871283367419791,-0.17309789290710542,train
2017-07-06,-1.983792460010977,-1.8873503409589996,-0.09644211905197753,train
2017-07-07,-1.5634170626531667,-1.9465165506922892,0.3830994880391225,train
2017-07-10,-2.600445226870565,-1.9834419796165204,-0.6170032472540448,train
2017-07-11,-2.038707096491765,-2.140913867190223,0.10220677069845818,train
2017-07-12,-1.4168458795865642,-2.1940941958466977,0.7772483162601336,train
2017-07-13,-1.6617607409003734,-1.761917891717141,0.10015715081676757,train
2017-07-14,-1.6204487798602822,-1.7609152113598519,0.1404664314995696,train
2017-07-17,-2.452152084979406,-1.9477810394739916,-0.5043710455054145,train
2017-07-18,-1.4459871466767733,-1.9572465217597175,0.5112593750829442,train
2017-07-19,-2.319356170084567,-1.7944896380461586,-0.5248665320384083,train
2017-07-20,-1.156972349375366,-1.9449661777677252,0.7879938283923591,train
2017-07-21,-1.7623883375890448,-1.6222107980748228,-0.14017753951422196,train
2017-07-24,-2.2202613508719145,-1.8047191254788792,-0.4155422253930352,train
2017-07-25,-1.5212778370411868,-1.8734296010529392,0.3521517640117524,train
2017-07-26,-0.9151385066959068,-1.6721793826120963,0.7570408759161895,train
2017-07-27,-1.2638332920054494,-1.4639718067807743,0.20013851477532496,train
2017-07-28,-1.5227006634891318,-1.5278455073864894,0.005144843897357587,train
2017-07-31,-1.4342498664184335,-1.6033231836243278,0.16907331720589425,train
2017-08-01,-1.6007765903489724,-1.5973378727569982,-0.0034387175919741164,train
2017-08-02,-1.3724490111509249,-1.4938026630400403,0.1213536518891154,train
2017-08-03,-1.5653937109539628,-1.4868909958302627,-0.0785027151237001,train
2017-08-04,-0.8807923771640577,-1.5177100847529614,0.6369177075889038,train
2017-08-07,-2.0448839662536566,-1.343143146179322,-0.7017408200743347,train
2017-08-08,-1.6994009712748823,-1.7380524418630199,0.03865147058813756,train
2017-08-09,-1.129163958019972,-1.6069235770034893,0.4777596189835174,train
2017-08-10,-1.3696223239340362,-1.4449278045808343,0.0753054806467981,train
2017-08-11,-1.1358348227669646,-1.4149090046274442,0.2790741818604796,train
2017-08-14,-1.869670675261711,-1.539746339423453,-0.329924335838258,train
2017-08-15,-1.299545235181556,-1.5939409678034204,0.29439573262186447,train
2017-08-16,-0.9862346517883774,-1.5825580034393913,0.5963233516510139,train
2017-08-17,-1.1235322758245982,-1.3258677204206075,0.20233544459600927,train
2017-08-18,-1.3293779268318526,-1.3431725768475402,0.013794650015687582,train
2017-08-21,-2.0986499613201985,-1.3916713595172836,-0.7069786018029149,train
2017-08-22,-1.9228310606439456,-1.608740475731906,-0.31409058491203967,train
2017-08-23,-1.930661928854664,-1.5685887582236397,-0.3620731706310243,train
2017-08-24,-2.514937561080283,-1.7697017414282645,-0.7452358196520183,train
2017-08-25,-0.7710120858671773,-1.9374533249662855,1.1664412390991084,train
2017-08-28,-2.252355014776507,-1.5402258293967561,-0.7121291853797507,train
2017-08-29,-0.9815929734199343,-1.8328179574797485,0.8512249840598142,train
2017-08-30,-1.4051894309194286,-1.4286188520793996,0.023429421159971042,train
2017-08-31,-1.2485688385640596,-1.46967390385076,0.22110506528670038,train
2017-09-01,-0.4872934917041084,-1.3308217462238046,0.8435282545196962,train
2017-09-04,-1.8897393003700336,-1.1714456842874028,-0.7182936160826308,train
2017-09-05,-1.3498977312803162,-1.4991415595190893,0.14924382823877314,train
2017-09-06,-1.8233977030428337,-1.3591486459172717,-0.46424905712556197,train
2017-09-07,-0.6903834806594598,-1.4644066538957834,0.7740231732363236,train
2017-09-08,-0.9920800314798496,-1.1697294873761699,0.1776494558963203,train
2017-09-11,-1.9381475469175693,-1.2849931533904215,-0.6531543935271478,train
2017-09-12,-1.9326289988038363,-1.4972743986477692,-0.4353546001560671,train
2017-09-13,-1.6850807778441792,-1.5847353250995764,-0.10034545274460283,train
2017-09-14,-1.03177452235259,-1.5098523739434795,0.47807785159088945,train
2017-09-15,-1.396265403584355,-1.4420651452621038,0.04579974167774892,train
2017-09-18,-1.7901954898498622,-1.4780509938877568,-0.31214449596210536,train
2017-09-19,-1.5681587653172675,-1.56459368697561,-0.003565078341657424,train
2017-09-20,-0.4337973358477275,-1.4941240737768429,1.0603267379291155,train
2017-09-21,-1.6021137440359965,-1.141562907810315,-0.4605508362256814,train
2017-09-22,-1.7531225871865228,-1.4135747650057011,-0.3395478221808217,train
2017-09-25,-1.7528330077320715,-1.5082466324091803,-0.24458637532289118,train
2017-09-26,-1.2606609392842032,-1.4691066610067587,0.2084457217225555,train
2017-09-27,-1.6793786791634155,-1.4249075612935598,-0.25447111786985577,train
2017-09-28,-1.7704662181609756,-1.5328836255472331,-0.23758259261374248,train
2017-09-29,-1.7281729957997043,-1.5439459135287419,-0.1842270822709624,train
2017-10-02,-1.889997563835938,-1.6068064111970735,-0.28319115263886463,train
2017-10-03,-2.0706344741187355,-1.6538479333031073,-0.41678654081562816,train
2017-10-04,-1.854052347888076,-1.7564917099901456,-0.09756063789793035,train
2017-10-05,-2.318869828690952,-1.7531459246484111,-0.565723904042541,train
2017-10-06,-1.495143830214667,-1.9558828797043961,0.4607390494897292,train
2017-10-09,-2.5225997123312043,-1.787370066949876,-0.7352296453813283,train
2017-10-10,-1.9697520142630325,-2.032763690523624,0.06301167626059168,train
2017-10-11,-1.8720578028711456,-1.859798827758918,-0.012258975112227732,train
2017-10-12,-2.303172108480391,-1.8371580744302087,-0.46601403405018216,train
2017-10-13,-1.0709527023199157,-1.9505498195623503,0.8795971172424346,train
2017-10-16,-2.162212032985361,-1.857746571030162,-0.30446546195519897,train
2017-10-17,-2.353879943920434,-1.8672147522269777,-0.4866651916934561,train
2017-10-18,-2.201844395822772,-1.9805094293841754,-0.2213349664385964,train
2017-10-19,-1.6010912861929385,-1.9742115398800975,0.37312025368715895,train
2017-10-20,-1.801830630554471,-1.7393633185894335,-0.06246731196503741,train
2017-10-23,-2.128249456956585,-1.8263625121773375,-0.3018869447792474,train
2017-10-24,-2.2036430565438225,-1.9333671375231343,-0.27027591902068826,train
2017-10-25,-1.94254949684358,-1.9492034339346063,0.006653937091026352,train
2017-10-26,-0.81364275132024,-1.9206918048953159,1.1070490535750759,train
2017-10-27,-1.3494412066620562,-1.6014979800597093,0.2520567733976531,train
2017-10-30,-2.0062322439742104,-1.663242185381464,-0.34299005859274634,train
2017-10-31,-1.9365473049326287,-1.7479562635996284,-0.1885910413330003,train
2017-11-01,-1.8702537493691191,-1.7287837631742315,-0.1414699861948876,train
2017-11-02,-1.5822316428023158,-1.7407545282474532,0.15852288544513748,train
2017-11-03,-1.6610396352057295,-1.6920962473721364,0.03105661216640687,train
2017-11-06,-2.1042394077447373,-1.9480948660869775,-0.15614454165775982,train
2017-11-07,-1.983489741743508,-1.8316815965659918,-0.15180814517751617,train
2017-11-08,-2.2505053081052053,-1.884331328682648,-0.36617397942255736,train
2017-11-09,-1.9821289171252825,-1.986573399015586,0.004444481890303553,train
2017-11-10,-2.2241003728166056,-1.8999796411007828,-0.3241207317158228,train
2017-11-13,-2.619688607848862,-1.9798436973633444,-0.6398449104855175,train
2017-11-14,-1.880120036944364,-2.162997051879989,0.282877014935625,train
2017-11-15,-1.5461269533237167,-2.0158480109700556,0.46972105764633887,train
2017-11-16,-1.801587645413562,-1.8110335497315309,0.009445904317968878,train
2017-11-17,-1.837420765616483,-1.8419294057708697,0.004508640154386789,train
2017-11-20,-1.3175500032167065,-1.8104900192150297,0.49294001599832327,train
2017-11-21,-1.877684152928724,-1.577617080698234,-0.3000670722304901,train
2017-11-22,-1.8389207762163025,-1.745258315226067,-0.09366246099023545,train
2017-11-23,-2.2161549887377285,-1.7715992305482955,-0.44455575818943305,train
2017-11-24,-2.0107285497567498,-1.9681818875415535,-0.04254666221519621,train
2017-11-27,-1.9598401695250536,-1.8314755582975613,-0.12836461122749232,train
2017-11-28,-1.6001048956139237,-1.9136872070136848,0.3135823113997611,train
2017-11-29,-1.749111800024394,-1.7521686122364433,0.0030568122120493424,train
2017-11-30,-1.4139127758845005,-1.7747362306520396,0.3608234547675391,train
2017-12-01,-1.147540482571089,-1.6456571862769334,0.49811670370584427,train
2017-12-04,-1.9637667304535449,-1.5492133628105618,-0.4145533676429831,train
2017-12-05,-1.9203107464214508,-1.6926383234466744,-0.2276724229747764,train
2017-12-06,-1.9963010918278368,-1.8207540795254675,-0.17554701230236924,train
2017-12-07,-2.136362345338326,-1.7691896367099382,-0.3671727086283878,train
2017-12-08,-1.952963354168536,-1.8407208858441202,-0.11224246832441587,train
2017-12-11,-2.3411259249090515,-2.005600951897986,-0.33552497301106543,train
2017-12-12,-2.1612160981686377,-1.9895343805878858,-0.1716817175807519,train
2017-12-13,-1.5630900093034348,-2.053602853598624,0.49051284429518915,train
2017-12-14,-1.2456835771118413,-1.9437542809832213,0.69807070387138,train
2017-12-15,-2.0726954234635824,-1.6449011742592838,-0.42779424920429854,train
2017-12-18,-2.0597790606731587,-1.8477528242175982,-0.2120262364555605,train
2017-12-19,-1.9851809140526508,-1.8574677720932298,-0.12771314195942107,train
2017-12-20,-2.114157670839915,-1.8175045199606965,-0.2966531508792183,train
2017-12-21,-2.17522960931152,-1.9111038203307391,-0.2641257889807811,train
2017-12-22,-1.9219347242072928,-1.9560592881060828,0.03412456389878993,train
2017-12-26,-2.406655977066772,-2.050209039179634,-0.3564469378871382,train
2017-12-27,-2.4569159916700687,-2.3050482381296367,-0.15186775354043203,train
2017-12-28,-2.697348039536529,-2.1964538341762765,-0.5008942053602525,train
2017-12-29,-2.4286772671358547,-2.207584139619753,-0.22109312751610188,train
2018-01-02,-2.1269781712764746,-2.191294416648696,0.06431624537222147,train
2018-01-03,-2.0626057013719974,-2.097762729036099,0.03515702766410156,train
2018-01-04,-1.89890899350757,-2.139385596658455,0.24047660315088493,train
2018-01-05,-1.8338044583547144,-1.9917110619678404,0.15790660361312603,train
2018-01-08,-2.1150696655630266,-2.084794342312933,-0.03027532325009341,train
2018-01-09,-2.0216632522585973,-1.9445226647884986,-0.07714058747009878,train
2018-01-10,-1.2873754599127212,-1.9162897007371495,0.6289142408244284,train
2018-01-11,-0.9017175196603384,-1.6914613654922814,0.789743845831943,train
2018-01-12,-0.818377991348535,-1.6839370309649655,0.8655590396164305,train
2018-01-15,-1.2216122935994542,-1.3862342077667624,0.1646219141673082,train
2018-01-16,-0.9793736393168934,-1.3587304272627798,0.37935678794588645,train
2018-01-17,-0.8311973910286257,-1.2989437993242718,0.4677464082956462,train
2018-01-18,-1.0844926932846284,-1.1407013358501648,0.05620864256553637,train
2018-01-19,-1.33571041085757,-1.1881003003216417,-0.1476101105359282,train
2018-01-22,-1.9578046015945916,-1.2846114305367136,-0.673193171057878,train
2018-01-23,-1.6050593629727088,-1.4944881971654789,-0.11057116580722992,train
2018-01-24,-1.1094969211350088,-1.4713949427908433,0.3618980216558345,train
2018-01-25,0.0863764693981138,-1.3477321554520472,1.4341086248501609,train
2018-01-26,-0.8418098561268669,-0.8934995061249713,0.05168964999810444,train
2018-01-29,-1.354394945822642,-1.100382861120106,-0.254012084702536,train
2018-01-30,-1.0370125154075265,-1.183829723941236,0.1468172085337096,train
2018-01-31,-1.2525200794867126,-1.042161537172676,-0.2103585423140366,train
2018-02-01,-1.2234162153477224,-1.1040806592593198,-0.11933555608840263,train
2018-02-02,-1.0133422548979212,-1.176059621465982,0.1627173665680608,train
2018-02-05,-1.1347223584555668,-1.1804279512599705,0.04570559280440367,train
2018-02-06,-0.9179376342158256,-1.1532991109863142,0.23536147677048858,train
2018-02-07,-1.3655895594666931,-1.078681684646269,-0.2869078748204241,train
2018-02-08,-0.8945466329520095,-1.1741210825562904,0.2795744496042809,train
2018-02-09,-1.2471183229883958,-1.027188821561234,-0.21992950142716183,train
2018-02-12,-1.5912333697189622,-1.1315460740865149,-0.45968729563244737,train
2018-02-13,-1.5044660149452214,-1.2726125863620539,-0.2318534285831675,train
2018-02-14,-0.3864390304609729,-1.2935070547021545,0.9070680242411817,train
2018-02-15,-1.2420142862710957,-0.962773295773178,-0.2792409904979176,train
2018-02-16,-1.329367193263227,-1.171098373407081,-0.15826881985614594,train
2018-02-19,-1.7080157746156233,-1.2328235064918247,-0.47519226812379856,train
2018-02-20,-1.5125806536432866,-1.3665613006981263,-0.14601935294516033,train
2018-02-21,-1.3138066762443692,-1.2868777317841134,-0.026928944460255844,train
2018-02-22,-1.4003775060188015,-1.4161304087011575,0.015752902682355963,train
2018-02-23,-1.7298116866093298,-1.3913059992938246,-0.33850568731550523,train
2018-02-26,-1.7726895415969783,-1.4679336074483205,-0.30475593414865787,train
2018-02-27,-1.2247389665911947,-1.4799907205902443,0.25525175399904954,train
2018-02-28,-1.659882887396537,-1.3641206719861088,-0.29576221541042824,train
2018-03-01,-1.1844311102721763,-1.463121237849863,0.27869012757768674,train
2018-03-02,-1.4529969551135316,-1.3677786957477402,-0.0852182593657913,train
2018-03-05,-1.144820951079815,-1.4025303408243228,0.25770938974450774,train
2018-03-06,-1.4704943411748237,-1.2478768098070223,-0.22261753136780138,train
2018-03-07,-1.5575468094696596,-1.439233609239413,-0.11831320023024672,train
2018-03-08,-0.9457959419165524,-1.3838990149942807,0.43810307307772833,train
2018-03-09,-1.6766374859036195,-1.3452778632772446,-0.33135962262637486,train
2018-03-12,-2.1761777812453444,-1.478104353398044,-0.6980734278473004,train
2018-03-13,-1.5689702031279371,-1.6595623262597716,0.09059212313183451,train
2018-03-14,-1.683642466054197,-1.5653242617482142,-0.11831820430598294,train
2018-03-15,-1.9673520882584536,-1.6664922655644836,-0.30085982269397005,train
2018-03-16,-1.8659161555727384,-1.7283409123863196,-0.13757524318641878,train
2018-03-19,-1.8247479169503047,-1.734662245056941,-0.09008567189336358,train
2018-03-20,-1.8609877971510012,-1.8083628637259794,-0.052624933425021725,train
2018-03-21,-1.6815316369123312,-1.7032473453382182,0.021715708425886993,train
2018-03-22,-1.4109572694549648,-1.718133947096987,0.30717667764202217,train
2018-03-23,-1.6856701791315665,-1.5245649451415264,-0.16110523399004006,train
2018-03-26,-1.94820070617731,-1.6113130189968672,-0.3368876871804427,train
2018-03-27,-1.8767482640029125,-1.672084875291934,-0.20466338871097856,train
2018-03-28,-1.6954036642389212,-1.6725297511636854,-0.022873913075235786,train
2018-03-29,-1.9362796683937764,-1.6161161959972044,-0.32016347239657206,train
2018-03-30,-2.916935983401004,-1.7378985967475256,-1.1790373866534782,train
2018-04-02,-2.356906214695229,-2.1988280692164697,-0.15807814547875942,train
2018-04-03,-1.8798360805103205,-2.242413139507895,0.36257705899757453,train
2018-04-04,-1.837270794577388,-1.9152807527319495,0.07800995815456147,train
2018-04-05,-1.9846797670865268,-1.9230450921531426,-0.06163467493338426,train
2018-04-06,-1.5567658631682062,-1.9597830781901369,0.40301721502193066,train
2018-04-09,-1.9700334378407744,-1.8501647228771372,-0.11986871496363727,train
2018-04-10,-1.3209380776368582,-1.8187418827105772,0.497803805073719,train
2018-04-11,-2.136185687628256,-1.807694451280672,-0.3284912363475838,train
2018-04-12,-2.012330538598404,-1.83800044584507,-0.174330092753334,train
2018-04-13,-2.3194179501066445,-1.8273671351770193,-0.4920508149296252,train
2018-04-16,-2.2680189154254538,-2.015003396813323,-0.25301551861213056,train
2018-04-17,-2.1939997720705464,-2.060421459919159,-0.13357831215138738,train
2018-04-18,-2.011497340666029,-2.060659426419165,0.049162085753136076,train
2018-04-19,-1.9190344542433144,-1.9837686898793294,0.06473423563601499,train
2018-04-20,-1.828978956492656,-1.9543078259994189,0.12532886950676292,train
2018-04-23,-1.807030253239956,-1.8764376845197255,0.06940743127976945,train
2018-04-24,-1.7948003469512948,-1.8417950074129796,0.04699466046168488,train
2018-04-25,-1.896482208605548,-1.7800004226172945,-0.11648178598825343,train
2018-04-26,-1.1845603704459615,-1.841548968799499,0.6569885983535375,train
2018-04-27,-1.640324343885993,-1.6040721777876574,-0.03625216609833548,train
2018-04-30,-1.7408213072292618,-1.6731467750392364,-0.0676745321900254,train
2018-05-01,-1.7375204614599695,-1.694374954411971,-0.043145507047998466,train
2018-05-02,-0.6850425722493482,-1.6999332756538172,1.0148907034044692,train
2018-05-03,-1.251695710004264,-1.3228801584487169,0.07118444844445282,train
2018-05-04,-1.1534458594520398,-1.4384208101671325,0.2849749507150927,train
2018-05-07,-1.9605424774555016,-1.4301636083326286,-0.530378869122873,train
2018-05-08,-1.3731042783847711,-1.568742696108189,0.19563841772341783,train
2018-05-09,-1.6514351086664711,-1.3929984234133916,-0.2584366852530795,train
2018-05-10,-1.1163153418844018,-1.5241171931387567,0.40780185125435486,train
2018-05-11,-1.818446584597554,-1.429871425272905,-0.3885751593246489,train
2018-05-14,-1.958217387543016,-1.6122911881849342,-0.3459261993580818,train
2018-05-15,-1.4438835319911931,-1.6652846227004365,0.2214010907092434,train
2018-05-16,-1.235407331635129,-1.527834131010843,0.2924267993757139,train
2018-05-17,-1.2859133451325018,-1.4348194670507604,0.14890612191825858,train
2018-05-18,-1.787757116586442,-1.4453335687119415,-0.3424235478745006,train
2018-05-21,-1.702416161304436,-1.5798378270391025,-0.12257833426533349,train
2018-05-22,-1.6366971882495882,-1.5114041723077303,-0.12529301594185793,train
2018-05-23,-0.8251503436943659,-1.5269269714274745,0.7017766277331086,train
2018-05-24,-1.6061544591216064,-1.3282305145964282,-0.2779239445251782,train
2018-05-25,-1.4252366939940362,-1.4843291354345975,0.05909244144056136,train
2018-05-28,-1.6328815023633207,-1.4717292674471905,-0.1611522349161303,train
2018-05-29,-0.8663574124570701,-1.4986991284937137,0.6323417160366436,train
2018-05-30,-0.8868220033294562,-1.1735634537355493,0.2867414504060931,train
2018-05-31,-0.697341117454873,-1.2048325383588638,0.5074914209039908,train
2018-06-01,-1.1225814368328455,-1.055774159400336,-0.06680727743250947,train
2018-06-04,-1.7248888101035285,-1.1731898907056255,-0.5516989193979029,train
2018-06-05,-1.3919051019796578,-1.32047514384274,-0.07142995813691777,train
2018-06-06,-1.1991051607286278,-1.3140438297372876,0.11493866900865979,train
2018-06-07,-1.58927326334843,-1.3515097137886516,-0.23776354955977852,train
2018-06-08,-1.645686849827422,-1.419794420018675,-0.22589242980874702,train
2018-06-11,-1.7222378704910757,-1.5077545534024919,-0.2144833170885838,train
2018-06-12,-1.4312126580034716,-1.5182913634682735,0.0870787054648019,train
2018-06-13,-1.193898372232458,-1.46272870237228,0.2688303301398218,train
2018-06-14,-0.6412831993149215,-1.5444050127608921,0.9031218134459706,train
2018-06-15,-0.8693638519326976,-1.1804756723779302,0.31111182044523256,train
2018-06-18,-1.8626797167437432,-1.1447524302314462,-0.717927286512297,train
2018-06-19,-1.1330138453849627,-1.442270783430601,0.30925693804563825,train
2018-06-20,-1.493057636025808,-1.2034770806115487,-0.2895805554142594,train
2018-06-21,-1.0072114021247138,-1.2945299008701074,0.2873184987453936,train
2018-06-22,-1.2336152270881469,-1.2377255376154546,0.004110310527307703,train
2018-06-25,-1.4133789708655058,-1.391418730002366,-0.021960240863139857,train
2018-06-26,-1.6624666634597536,-1.2884188142177968,-0.3740478492419568,train
2018-06-27,-1.357840729626999,-1.409496933363764,0.05165620373676494,train
2018-06-28,-1.0777586994150967,-1.312860875065898,0.23510217565080138,train
2018-06-29,-0.710358267286064,-1.2536381356803474,0.5432798683942834,train
2018-07-02,-1.4507815004067812,-1.2121680319868486,-0.23861346841993258,train
2018-07-03,-1.7631950745503473,-1.3420001612265893,-0.421194913323758,train
2018-07-04,-1.978579628727888,-1.4143094015586835,-0.5642702271692046,train
2018-07-05,-1.866737022432072,-1.6788301484925778,-0.18790687393949423,train
2018-07-06,-1.6624197983070952,-1.593419584069325,-0.06900021423777014,train
2018-07-09,-1.812804048043096,-1.6705533539106572,-0.14225069413243885,train
2018-07-10,-1.85755851338376,-1.6558426043587264,-0.20171590902503356,train
2018-07-11,-1.3431208577510143,-1.674202210056351,0.33108135230533664,train
2018-07-12,-1.7753407522612052,-1.636208729100854,-0.13913202316035123,train
2018-07-13,-1.7489531012995951,-1.6772168845049669,-0.07173621679462827,train
2018-07-16,-2.1416680692091634,-1.597297334163004,-0.5443707350461595,train
2018-07-17,-1.7965298485415668,-1.7455619897879449,-0.050967858753621975,train
2018-07-18,-1.9094753370943665,-1.7033227342989485,-0.20615260279541792,train
2018-07-19,-1.002340481950748,-1.7070135386409575,0.7046730566902095,train
2018-07-20,-1.4461133856542796,-1.4951108317877437,0.04899744613346413,train
2018-07-23,-1.8480378916012643,-1.530626252850247,-0.3174116387510173,train
2018-07-24,-1.7436898662503604,-1.5909875600357795,-0.15270230621458092,train
2018-07-25,-1.5809042888304636,-1.6986647093962852,0.11776042056582159,train
2018-07-26,-1.6150333810221202,-1.5157687023979998,-0.09926467862412047,train
2018-07-27,-2.2706685854436377,-1.6333153922711785,-0.6373531931724592,train
2018-07-30,-2.4483558892258244,-1.8819378885655722,-0.5664180006602522,train
2018-07-31,-1.8247774698547097,-2.03968673143221,0.21490926157750034,train
2018-08-01,-2.133354372354733,-1.7983049856946658,-0.3350493866600672,train
2018-08-02,-1.98045290628754,-1.9598904363346403,-0.020562469952899676,train
2018-08-03,-1.764240220733626,-1.9651334094502522,0.2008931887166261,train
2018-08-06,-2.2500456444908274,-1.8595597848579497,-0.39048585963287774,train
2018-08-07,-2.472545286775176,-1.9543305289684572,-0.5182147578067187,train
2018-08-08,-2.074692658973736,-2.070491342699598,-0.0042013162741376675,train
2018-08-09,-2.175865422627036,-1.9480285780614188,-0.22783684456561715,train
2018-08-10,-0.6016593653283264,-1.9610221273048731,1.3593627619765467,train
2018-08-13,-1.1908304152032412,-1.4716259437686579,0.2807955285654167,train
2018-08-14,-1.4840987614036305,-1.5198371433761935,0.03573838197256296,train
2018-08-15,-1.3395447388121735,-1.5407563475742294,0.2012116087620559,train
2018-08-16,-1.321679895413463,-1.4874097428444124,0.16572984743094943,train
2018-08-17,-1.6134719629444751,-1.3501943169560262,-0.26327764598844894,train
2018-08-20,-1.984143316906669,-1.6268113363504635,-0.3573319805562054,train
2018-08-21,-1.21582667160128,-1.6938775758892035,0.4780509042879235,train
2018-08-22,-1.497400798242827,-1.5262870746936563,0.028886276450829307,train
2018-08-23,-1.4027206860389507,-1.6663405419551502,0.2636198559161995,train
2018-08-24,-1.2908363322458858,-1.5153381201103218,0.22450178786443598,train
2018-08-27,-1.9084075461940335,-1.665070811617371,-0.2433367345766626,train
2018-08-28,-1.8076158154468565,-1.614693615476038,-0.1929221999708184,train
2018-08-29,-1.8190719976673704,-1.6112638824722185,-0.20780811519515185,train
2018-08-30,-1.5381518804971095,-1.6602053996620376,0.12205351916492813,train
2018-08-31,-1.3540424235033146,-1.6011285384205158,0.24708611491720123,train
2018-09-03,-1.998918412409481,-1.5446745696420785,-0.4542438427674025,train
2018-09-04,-1.746871859642295,-1.8839336850635424,0.13706182542124745,train
2018-09-05,-1.2420363923701951,-1.6563414637105804,0.4143050713403853,train
2018-09-06,-1.6464797350470033,-1.5096282001103634,-0.13685153493663993,train
2018-09-07,-1.3900623934454033,-1.5707827332108044,0.18072033976540114,train
2018-09-10,-2.0555305643475217,-1.6060106913413632,-0.4495198730061585,train
2018-09-11,-1.8336425801838248,-1.7635338337679554,-0.0701087464158694,train
2018-09-12,-1.5779794213649978,-1.6119466606489676,0.03396723928396983,train
2018-09-13,-1.4731447462210303,-1.691458317863404,0.21831357164237364,train
2018-09-14,-1.8049386243745649,-1.6777435140517611,-0.12719511032280373,train
2018-09-17,-2.294953560981269,-1.7135165431835055,-0.5814370177977635,train
2018-09-18,-1.6106672466828862,-1.8686965278009948,0.25802928111810863,train
2018-09-19,-1.7343841045598387,-1.6147871746105706,-0.11959692994926807,train
2018-09-20,-1.5233139626739431,-1.7110225634876155,0.18770860081367235,train
2018-09-21,-1.93239829382622,-1.6542555996233221,-0.27814269420289794,train
2018-09-24,-1.4389159472133377,-1.7725699717849297,0.333654024571592,train
2018-09-25,-1.863626712326322,-1.696784505557771,-0.16684220676855088,train
2018-09-26,-1.4938334978627017,-1.761098891219306,0.26726539335660426,train
2018-09-27,-1.2670229320638864,-1.717142590652158,0.45011965858827163,train
2018-09-28,-1.8908919731511076,-1.4882061028265632,-0.4026858703245444,train
2018-10-01,-1.9181149955739525,-1.6439037430333931,-0.27421125254055934,train
2018-10-02,-1.759824203666423,-1.701232843041548,-0.05859136062487491,train
2018-10-03,-1.2476325560667263,-1.6327473558065315,0.3851147997398052,train
2018-10-04,-1.4999011646801386,-1.5577515561949693,0.057850391514830735,train
2018-10-05,-1.5199317081724548,-1.6390092659814115,0.11907755780895668,train
2018-10-08,-2.0015306919754705,-1.6688090836739309,-0.33272160830153963,train
2018-10-09,-1.6747543335538309,-1.6917531663274872,0.016998832773656325,train
2018-10-10,-1.894753558877163,-1.6427681913749104,-0.25198536750225253,train
2018-10-11,-1.245488920352058,-1.696281347403428,0.4507924270513699,train
2018-10-12,-1.806247354611313,-1.569248934761495,-0.23699841984981784,train
2018-10-15,-2.075476446796681,-1.6681936216480586,-0.40728282514862246,train
2018-10-16,-1.940792118252353,-1.7901885572271736,-0.15060356102517947,train
2018-10-17,-1.8303675921426688,-1.8321791848890858,0.0018115927464170678,train
2018-10-18,-1.7724576430254002,-1.7050139173716659,-0.06744372565373435,train
2018-10-19,-1.4546813799031102,-1.7402152370587958,0.2855338571556856,train
2018-10-22,-1.836924518731816,-1.652992346202538,-0.18393217252927796,train
2018-10-23,-1.6912599463185765,-1.7255241093896543,0.034264163071077824,train
2018-10-24,-1.702132781235043,-1.6722484321484878,-0.02988434908655524,train
2018-10-25,-1.7250089015477317,-1.6431875918934375,-0.08182130965429413,train
2018-10-26,-1.6105945050379322,-1.6747741761240889,0.06417967108615663,train
2018-10-29,-1.4024164023852226,-1.6115397929333801,0.20912339054815754,train
2018-10-30,-2.0112280528086117,-1.544690032970633,-0.4665380198379787,train
2018-10-31,-1.722414696977257,-1.7393257666116577,0.01691106963440081,train
2018-11-01,-1.820398673787326,-1.65538855374895,-0.16501012003837578,train
2018-11-02,-1.418084110518418,-1.6602643322216535,0.2421802217032354,train
2018-11-05,-2.176739807832293,-1.6079033779622534,-0.5688364298700397,train
2018-11-06,-2.106289226796896,-1.8415252795384258,-0.26476394725846997,train
2018-11-07,-0.7202660463572217,-1.8576924043124268,1.137426357955205,train
2018-11-08,-1.5858663569032985,-1.3719666293907857,-0.21389972751251274,train
2018-11-09,-1.862731885098442,-1.607152353757203,-0.255579531341239,train
2018-11-12,-1.4705219225066215,-1.6516294886727791,0.18110756616615764,train
2018-11-13,-1.4097014000504655,-1.6576895868965822,0.24798818684611668,train
2018-11-14,-0.894557582900377,-1.4308320559955925,0.5362744730952155,train
2018-11-15,-0.8671281335973317,-1.3480474447366098,0.4809193111392781,train
2018-11-16,-1.4800814849342354,-1.238466223623098,-0.2416152613111373,train
2018-11-19,-1.8104435796751808,-1.3952651521875301,-0.41517842748765066,train
2018-11-20,-1.8052439540149183,-1.50719010768534,-0.2980538463295783,train
2018-11-21,-1.3884144416304711,-1.5356411568474058,0.14722671521693464,train
2018-11-22,-2.088276772314895,-1.4667760078767162,-0.6215007644381789,train
2018-11-23,-1.6935705200644573,-1.7886247682448888,0.09505424818043151,train
2018-11-26,-2.009301735098082,-1.873696750121354,-0.13560498497672824,train
2018-11-27,-1.6226165047448846,-1.7351272096425954,0.11251070489771076,train
2018-11-28,-0.7708030013006811,-1.668044937831112,0.8972419365304308,train
2018-11-29,-1.6238054801914632,-1.5136576083489546,-0.11014787184250863,train
2018-11-30,-2.0713224856953807,-1.515788411530882,-0.5555340741644987,train
2018-12-03,-1.458057736733555,-1.6832234458188025,0.22516570908524747,train
2018-12-04,-1.695278772167744,-1.4589906062067226,-0.23628816596102142,train
2018-12-05,-1.9075669599882596,-1.5444417391123961,-0.3631252208758635,train
2018-12-06,-1.511216246216927,-1.7107570003548216,0.19954075413789463,train
2018-12-07,-0.922810139851042,-1.584436191350417,0.661626051499375,train
2018-12-10,-1.4188617535422574,-1.4746898132527075,0.05582805971045013,train
2018-12-11,-1.7193677466116404,-1.5055716022419767,-0.21379614436966365,train
2018-12-12,-1.440927921253322,-1.5244193631596827,0.08349144190636082,train
2018-12-13,-1.4490777980947096,-1.5139704813162493,0.06489268322153974,train
2018-12-14,-1.7879974312771214,-1.6352304722124633,-0.1527669590646581,train
2018-12-17,-2.152059234336428,-1.651817943199442,-0.500241291136986,train
2018-12-18,-2.0113528499641102,-1.8031244729432125,-0.2082283770208977,train
2018-12-19,-1.1086551941132992,-1.7309881814588715,0.6223329873455723,train
2018-12-20,-1.2322109381097943,-1.6135563857606554,0.3813454476508611,train
2018-12-21,-1.2334389544260584,-1.499565113435739,0.2661261590096806,train
2018-12-24,-1.7112729470470558,-1.4542999161696386,-0.2569730308774172,train
2018-12-26,-1.887706988666395,-1.5323781670178394,-0.3553288216485557,train
2018-12-27,-1.1521332011710923,-1.6014648943054042,0.44933169313431187,train
2018-12-28,-1.4399363181569291,-1.4112710988751642,-0.02866521928176491,train
2018-12-31,-1.8298923851113185,-1.4906756477493095,-0.33921673736200897,train
2019-01-02,-1.386113260583676,-1.6645556031432198,0.2784423425595439,train
2019-01-03,-0.9396984942211004,-1.5055782562742583,0.5658797620531579,train
2019-01-04,-1.1808857965840702,-1.303547669465577,0.12266187288150676,train
2019-01-07,-1.935203049059348,-1.4389364197890657,-0.4962666292702822,train
2019-01-08,-1.755685527989438,-1.572732048096837,-0.18295347989260113,train
2019-01-09,-1.3432944776377458,-1.5132607736458537,0.16996629600810786,train
2019-01-10,-1.5740377565793782,-1.5080265634050343,-0.0660111931743439,train
2019-01-11,-1.5036657145815289,-1.5184552090137062,0.014789494432177364,train
2019-01-14,-1.9411534112711677,-1.6187498333590986,-0.3224035779120691,train
2019-01-15,-1.3996463774035557,-1.685399677131731,0.2857532997281753,train
2019-01-16,-2.0257419080319363,-1.5507737514725237,-0.4749681565594126,train
2019-01-17,-2.179775344440961,-1.6971568639224217,-0.4826184805185392,train
2019-01-18,-2.407182123523448,-1.8651651821311925,-0.5420169413922555,train
2019-01-21,-2.9577658893925918,-1.9833209644015548,-0.974444924991037,train
2019-01-22,-2.568482285146301,-2.1567153572126836,-0.4117669279336176,train
2019-01-23,-2.4523399802686345,-2.1446070529323307,-0.30773292733630386,train
2019-01-24,-1.4384675007986114,-2.2242034942886812,0.7857359934900698,train
2019-01-25,-1.894413551459252,-1.8997968273761363,0.005383275916884367,train
2019-01-28,-2.297972726063394,-1.938890330676587,-0.359082395386807,train
2019-01-29,-2.417543326540139,-1.987990193832773,-0.42955313270736606,train
2019-01-30,-1.050593902175025,-2.024667211507037,0.9740733093320122,train
2019-01-31,-1.9317399277994507,-1.8637966325734767,-0.06794329522597398,train
2019-02-01,-1.8082373622378136,-1.812656049950281,0.004418687712467451,train
2019-02-04,-2.5742263811476667,-1.9384252650963651,-0.6358011160513015,train
2019-02-05,-2.7092619058619203,-2.0965385355787687,-0.6127233702831516,train
2019-02-06,-2.9235142006827397,-2.109608651449306,-0.8139055492334335,train
2019-02-07,-2.482358401579386,-2.308954993497105,-0.17340340808228083,train
2019-02-08,-2.853705538675607,-2.2979020395324556,-0.5558034991431513,train
2019-02-11,-2.2288146270546845,-2.4880846692271716,0.25927004217248717,train
2019-02-12,-2.2253163829725677,-2.481304286310575,0.25598790333800725,train
2019-02-13,-1.984135473537529,-2.443655648418809,0.45952017488128005,train
2019-02-14,-1.450081029150392,-2.2181992690532137,0.7681182399028217,train
2019-02-15,-2.155768075075636,-2.079194695942178,-0.07657337913345819,train
2019-02-18,-2.5223415249306456,-2.0282622435415147,-0.4940792813891308,train
2019-02-19,-1.95870286295634,-2.174508906280317,0.2158060433239768,train
2019-02-20,-2.10954145806618,-2.0025009607649267,-0.10704049730125353,train
2019-02-21,-1.9488636809101565,-1.9951332575776026,0.04626957666744613,train
2019-02-22,-2.284425982385678,-2.0458910486106565,-0.23853493377502133,train
2019-02-25,-2.5236181531240334,-2.1150217209547293,-0.4085964321693041,train
2019-02-26,-2.2885903595017028,-2.1502008068973275,-0.13838955260437524,train
2019-02-27,-2.176444318492801,-2.166331903636324,-0.01011241485647707,train
2019-02-28,-2.019681571854194,-2.117839165133633,0.09815759327943896,train
2019-03-01,-2.4531989085068004,-2.092359451105262,-0.36083945740153833,train
2019-03-04,-2.6891731819242235,-2.195820170795373,-0.49335301112885066,train
2019-03-05,-2.101442846589125,-2.3350243571001315,0.2335815105110064,train
2019-03-06,-2.7159163257347583,-2.2811616990302657,-0.4347546267044926,train
2019-03-07,-1.832109175519463,-2.354115669477364,0.522006493957901,train
2019-03-08,-2.209073802867114,-2.185360172999997,-0.023713629867117003,train
2019-03-11,-2.507047751337838,-2.193110078335435,-0.3139376730024033,train
2019-03-12,-1.828930113800234,-2.18887084082555,0.3599407270253161,train
2019-03-13,-2.2121987894461235,-2.0152995139668093,-0.19689927547931418,train
2019-03-14,-2.4500349857276675,-2.104931001437241,-0.34510398429042644,train
2019-03-15,-2.434699984686716,-2.1776160934467557,-0.2570838912399602,train
2019-03-18,-2.781775370908892,-2.197430565591355,-0.5843448053175373,train
2019-03-19,-2.696060711810824,-2.3113414301271464,-0.38471928168367775,train
2019-03-20,-1.0539349054500635,-2.4558227970152444,1.401887891565181,train
2019-03-21,-1.9991490815944772,-2.1416915557736806,0.1425424741792034,train
2019-03-22,-0.9605471738147876,-2.037651857620252,1.0771046838054645,train
2019-03-25,-2.339296121959689,-1.8644369082806602,-0.47485921367902884,train
2019-03-26,-2.505323448314613,-1.979857891525377,-0.5254655567892361,train
2019-03-27,-1.9252407808312744,-2.011592265763569,0.08635148493229483,train
2019-03-28,-1.7502605256428545,-1.8960872001489675,0.14582667450611297,train
2019-03-29,-1.927754599337824,-1.8391667064635102,-0.08858789287431379,train
2019-04-01,-2.414148709910786,-1.9903855011058549,-0.42376320880493124,train
2019-04-02,-2.343784164197314,-2.1393923181319874,-0.20439184606532645,train
2019-04-03,-2.4343856668205834,-2.0983752513751224,-0.33601041544546106,train
2019-04-04,-2.7786923768588485,-2.1687217653361532,-0.6099706115226953,train
2019-04-05,-2.5675737362851203,-2.412497926922339,-0.15507580936278131,train
2019-04-08,-2.718933503903394,-2.4539605246621465,-0.2649729792412474,train
2019-04-09,-2.527867608610192,-2.578047681544107,0.05018007293391502,train
2019-04-10,-2.31931694527402,-2.338219058802509,0.01890211352848903,train
2019-04-11,-2.629213386229928,-2.3916141113442535,-0.23759927488567456,train
2019-04-12,-2.329898652430572,-2.384693358408625,0.05479470597805314,train
2019-04-15,-2.9753817900552737,-2.2798264314737375,-0.6955553585815362,train
2019-04-16,-2.335095531373342,-2.4464806399694403,0.11138510859609818,train
2019-04-17,-2.5608465894959567,-2.467829747641556,-0.09301684185440084,train
2019-04-18,-1.868475425811368,-2.401677458455449,0.533202032644081,train
2019-04-19,-4.070282846757014,-2.5651749223926847,-1.5051079243643288,train
2019-04-22,-3.8189917949282464,-3.105666532997504,-0.7133252619307422,train
2019-04-23,-2.465673722664826,-2.8982644317645687,0.43259070909974273,train
2019-04-24,-2.047238589010647,-2.602621324725897,0.5553827357152499,train
2019-04-25,-2.180975406193559,-2.4462774941083554,0.2653020879147965,train
2019-04-26,-2.2470757813723914,-2.4381421196952084,0.19106633832281705,train
2019-04-29,-2.732551511550087,-2.3621807268525874,-0.37037078469749973,train
2019-04-30,-2.5002537118153376,-2.3974860955840587,-0.10276761623127895,train
2019-05-01,-1.4406654145500768,-2.364993530638471,0.9243281160883943,train
2019-05-02,-2.6310800764232645,-2.2623550690316945,-0.36872500739157,train
2019-05-03,-2.189702860917273,-2.40287373922432,0.21317087830704695,train
2019-05-06,-2.4615960692941248,-2.3530711998364953,-0.10852486945762951,train
2019-05-07,-2.2778785503900765,-2.2764612670012054,-0.0014172833888710379,train
2019-05-08,-2.243051382247918,-2.214264611738173,-0.028786770509745097,train
2019-05-09,-2.008174651446854,-2.3379569454258284,0.3297822939789743,train
2019-05-10,-2.584123632023996,-2.2063559944544693,-0.3777676375695269,train
2019-05-13,-2.5993160940523747,-2.294507825680242,-0.30480826837213293,train
2019-05-14,-2.4688141038936986,-2.3301562441841015,-0.1386578597095971,train
2019-05-15,-1.9910860243209805,-2.372523428643455,0.38143740432247464,train
2019-05-16,-2.6859164170974354,-2.7017354480305853,0.015819030933149847,train
2019-05-17,-2.9106516350368925,-2.5084676580068037,-0.4021839770300888,train
2019-05-20,-3.1169165100956984,-2.4756641170859672,-0.6412523930097311,train
2019-05-21,-2.288854745793336,-2.6625256578082124,0.37367091201487623,train
2019-05-22,-3.12827950220282,-2.8784982611350802,-0.24978124106773958,train
2019-05-23,-2.088392853281229,-2.6292661405769318,0.5408732872957027,train
2019-05-24,-2.384460612512511,-2.371877907598282,-0.012582704914229303,train
2019-05-28,-2.607344044468969,-2.447452140967873,-0.15989190350109572,train
2019-05-29,-2.7159958629062064,-2.40660113225465,-0.3093947306515563,train
2019-05-30,-2.8964347537450017,-2.5238135375394757,-0.372621216205526,train
2019-05-31,-2.0487854485183927,-2.525827602635601,0.4770421541172083,train
2019-06-03,-2.287823652207205,-2.3065346960726454,0.018711043865440313,train
2019-06-04,-1.664091107317197,-2.296718839042826,0.6326277317256292,train
2019-06-05,-1.7013639560746756,-2.097646841526501,0.39628288545182544,train
2019-06-06,-1.3006523995363664,-2.0672662671919566,0.7666138676555903,train
2019-06-07,-1.6026402695954935,-1.8578803725418924,0.2552401029463989,train
2019-06-10,-2.550825307149272,-2.140040601158984,-0.41078470599028805,train
2019-06-11,-2.3235001601466805,-2.0702906966158143,-0.25320946353086615,train
2019-06-12,-2.227394018554001,-2.1508750572640682,-0.07651896128993263,train
2019-06-13,-2.7396863180694697,-2.131002630038511,-0.6086836880309585,train
2019-06-14,-2.0322354485614427,-2.412507904161391,0.38027245559994816,train
2019-06-17,-2.535958795469239,-2.284436205620181,-0.25152258984905806,train
2019-06-18,-1.6041865701568734,-2.4235322570510607,0.8193456868941873,train
2019-06-19,-1.9206288412381043,-2.2078856626103813,0.28725682137227704,train
2019-06-20,-1.938467338276828,-2.362368840172018,0.42390150189519016,train
2019-06-21,-1.7022013472109667,-1.9257188150684572,0.2235174678574905,train
2019-06-24,-2.41667434679166,-1.925470607620082,-0.4912037391715778,train
2019-06-25,-1.5167660191661432,-2.0024010368949963,0.4856350177288531,train
2019-06-26,-2.1567277139632126,-1.9321234073864637,-0.2246043065767489,train
2019-06-27,-2.510359174283138,-1.9564443962753908,-0.5539147780077471,train
2019-06-28,-2.5188906648944,-2.0836425170333737,-0.43524814786102617,train
2019-07-01,-2.169813565993861,-2.183833766473471,0.014020200479609723,train
2019-07-02,-2.19620608386278,-2.0720680514779546,-0.12413803238482535,train
2019-07-03,-2.283484269489321,-2.1894113818769583,-0.09407288761236288,train
2019-07-04,-3.594499527843233,-2.2908339371164628,-1.3036655907267702,train
2019-07-05,-2.199411495191653,-2.607158454578847,0.4077469593871941,train
2019-07-08,-3.000415929832822,-2.3434566280661615,-0.6569593017666606,train
2019-07-09,-2.992203298102749,-2.5061532289732984,-0.4860500691294507,train
2019-07-10,-1.823760197391429,-2.57435644601834,0.7505962486269109,train
2019-07-11,-2.0509710777920853,-2.568880192802681,0.5179091150105957,train
2019-07-12,-2.754055127786707,-2.2230374035653755,-0.5310177242213316,train
2019-07-15,-2.8235610010342693,-2.3898522765684764,-0.4337087244657929,train
2019-07-16,-2.6029745918357663,-2.418411196243438,-0.18456339559232848,train
2019-07-17,-2.938577671089463,-2.3479113523002795,-0.5906663187891836,train
2019-07-18,-2.143831378552719,-2.495518678288417,0.3516872997356981,train
2019-07-19,-1.8312208373365555,-2.5777148918382924,0.7464940545017369,train
2019-07-22,-2.9375561476194934,-2.2806647543913914,-0.656891393228102,train
2019-07-23,-2.8350055099221594,-2.4215681377670792,-0.41343737215508014,train
2019-07-24,-2.51226492052279,-2.4520332497429616,-0.060231670779828494,train
2019-07-25,-1.6885361457929962,-2.44692648292542,0.7583903371324239,train
2019-07-26,-2.5227388535395296,-2.1512344374798227,-0.37150441605970697,train
2019-07-29,-2.911539128330555,-2.3935090780021735,-0.5180300503283815,train
2019-07-30,-2.576361290544904,-2.4812305545148927,-0.09513073603001132,train
2019-07-31,-1.4142042942618496,-2.3882574232370546,0.974053128975205,train
2019-08-01,-1.7597158545086515,-2.1419046672316444,0.3821888127229929,train
2019-08-02,-1.9970467867797537,-2.0152349837096253,0.018188196929871614,train
2019-08-05,-1.783674537201085,-2.1294559585751056,0.3457814213740207,train
2019-08-06,-1.7047229866302034,-1.881542104998999,0.1768191183687957,train
2019-08-07,-1.7657414052625673,-1.7996268716724382,0.03388546640987089,train
2019-08-08,-1.7233579721680778,-1.8144966820004114,0.09113870983233352,train
2019-08-09,-2.198578125185428,-1.9103745924709836,-0.28820353271444454,train
2019-08-12,-2.4072108931248795,-1.9572413316168797,-0.4499695615079997,train
2019-08-13,-1.790718737548918,-2.1483182207044274,0.3575994831555094,train
2019-08-14,-2.089853744976885,-1.9437488540715442,-0.14610489090534062,train
2019-08-15,-1.8878953655209736,-2.0530217031977718,0.16512633767679818,train
2019-08-16,-2.1166566980540416,-1.9785315451925802,-0.13812515286146132,train
2019-08-19,-2.802331286811404,-2.298553130858005,-0.5037781559533991,train
2019-08-20,-2.6908043449217933,-2.232562922303536,-0.4582414226182574,train
2019-08-21,-2.80162400351392,-2.316157810270196,-0.4854661932437243,train
2019-08-22,-2.142149440575093,-2.3554455187296135,0.21329607815452034,train
2019-08-23,-1.632684483338919,-2.2826346576976717,0.6499501743587528,train
2019-08-26,-1.972890623064932,-2.0535243397299796,0.0806337166650477,train
2019-08-27,-2.7489439065339543,-2.0732350628836964,-0.6757088436502579,train
2019-08-28,-2.751228606484033,-2.2651903111795666,-0.4860382953044664,train
2019-08-29,-2.2841445588350653,-2.30179962156761,0.017655062732544913,train
2019-08-30,-2.0714066432673537,-2.341919075557565,0.27051243229021127,train
2019-09-02,-2.5710231814304287,-2.355545590474981,-0.2154775909554476,train
2019-09-03,-1.5114282913365658,-2.335943371357917,0.8245150800213514,train
2019-09-04,-2.1506100907318366,-2.049743345757935,-0.10086674497390158,train
2019-09-05,-2.2687349543919133,-2.1274078316211873,-0.141327122770726,train
2019-09-06,-2.43452262578352,-2.0892074495380446,-0.34531517624547536,train
2019-09-09,-2.1257656146826327,-2.248007045912155,0.12224143122952214,train
2019-09-10,-2.648577430289192,-2.295492020396936,-0.3530854098922558,train
2019-09-11,-2.7717856231437388,-2.3673867022989,-0.40439892084483864,train
2019-09-12,-0.6660921334149623,-2.3478387057518555,1.6817465723368932,train
2019-09-13,-1.9229402557425732,-1.7069542608642636,-0.2159859948783096,train
2019-09-16,-2.262337292762564,-1.9689194946893043,-0.29341779807325974,train
2019-09-17,-2.120293407143949,-2.0789912524971617,-0.041302154646787326,train
2019-09-18,-1.8246840530873571,-1.9727926616095433,0.1481086085221861,train
2019-09-19,-2.344578542360229,-1.922807736475709,-0.42177080588452,train
2019-09-20,-2.290160228573354,-2.102987524655072,-0.18717270391828222,train
2019-09-23,-2.0588432565901376,-2.0889519007860398,0.0301086441959022,train
2019-09-24,-2.4259319904273475,-2.3057715559983625,-0.12016043442898505,train
2019-09-25,-2.635042632225252,-2.3004346781533584,-0.3346079540718936,train
2019-09-26,-2.138085209711983,-2.237438622620744,0.09935341290876076,train
2019-09-27,-2.2554111644984824,-2.2190507244393003,-0.03636044005918215,train
2019-09-30,-2.0891658048254125,-2.1608458255863603,0.07168002076094782,train
2019-10-01,-1.7454538273954905,-2.332485779807929,0.5870319524124386,train
2019-10-02,-2.450791406985592,-2.397294984887393,-0.05349642209819905,train
2019-10-03,-1.3891030223862677,-2.099835917575535,0.7107328951892671,train
2019-10-04,-2.0557131565035656,-2.047033889897018,-0.008679266606547387,train
2019-10-07,-2.6511060391667307,-2.0743500573863525,-0.5767559817803782,train
2019-10-08,-2.5706476504126985,-2.1789384508153815,-0.391709199597317,train
2019-10-09,-2.5254626542643157,-2.1805169757723326,-0.3449456784919831,train
2019-10-10,-2.351143994334492,-2.1861365492711458,-0.1650074450633463,train
2019-10-11,-1.8698362268461723,-2.2022900159459295,0.3324537890997572,train
2019-10-14,-2.862274381073016,-2.05671602860724,-0.8055583524657761,train
2019-10-15,-1.5601676520407088,-2.380358839572069,0.8201911875313601,train
2019-10-16,-1.7857765237189225,-2.1205892341502213,0.3348127104312988,train
2019-10-17,-1.68426067617587,-2.0220500374188193,0.3377893612429492,train
2019-10-18,-2.448446888862691,-1.9338128615146273,-0.5146340273480638,train
2019-10-21,-2.587342311874417,-2.1249735484886623,-0.4623687633857547,train
2019-10-22,-2.1190227301418134,-2.1092457576650236,-0.00977697247678977,train
2019-10-23,-2.8135255135149446,-2.2585164310666075,-0.5550090824483371,train
2019-10-24,-1.7893364835501258,-2.27940862983703,0.49007214628690443,train
2019-10-25,-3.0324710744469585,-2.2159837544021888,-0.8164873200447698,train
2019-10-28,-3.237284370211639,-2.4180469969276635,-0.8192373732839755,train
2019-10-29,-2.8027293310731216,-2.548242305517645,-0.25448702555547653,train
2019-10-30,-1.7963978989598717,-2.5721595030453503,0.7757616040854787,train
2019-10-31,-2.2282266376165007,-2.252906201693136,0.024679564076635074,train
2019-11-01,-2.274332948311612,-2.2704550302883195,-0.003877918023292626,train
2019-11-04,-2.614871697804933,-2.4964401580167586,-0.11843153978817433,train
2019-11-05,-2.2200614934138505,-2.4099217707171636,0.18986027730331312,train
2019-11-06,-3.148042183430074,-2.2227096591190953,-0.9253325243109787,train
2019-11-07,-2.5437417043617607,-2.482085305519046,-0.061656398842714566,train
2019-11-08,-3.039738883578214,-2.3751825693179387,-0.6645563142602753,train
2019-11-11,-3.4013156208023347,-2.5925928168934678,-0.808722803908867,train
2019-11-12,-3.0025658949525886,-2.7861475512754486,-0.21641834367714008,train
2019-11-13,-2.93696181443665,-2.7664667365204276,-0.1704950779162222,train
2019-11-14,-2.964207927802355,-2.6545129628368858,-0.3096949649654692,train
2019-11-15,-3.210816688963302,-2.7362067607722387,-0.4746099281910632,train
2019-11-18,-3.127975019453612,-2.801041065608533,-0.32693395384507884,train
2019-11-19,-3.2965809361090903,-2.808976719210132,-0.4876042168989585,train
2019-11-20,-2.869901969901828,-2.8785502050513405,0.008648235149512296,train
2019-11-21,-3.0183776289506823,-2.7883727419490727,-0.2300048870016096,train
2019-11-22,-2.4419702433453265,-2.955545312176,0.5135750688306735,train
2019-11-25,-3.1367702343279795,-2.787825968219815,-0.3489442661081643,train
2019-11-26,-3.292502579046571,-2.7909620083725817,-0.5015405706739893,train
2019-11-27,-3.1029092367566,-2.850857099396249,-0.25205213736035104,train
2019-11-28,-3.710945094983032,-2.92384417486061,-0.7871009201224219,train
2019-11-29,-2.58459151407299,-3.048035012826941,0.46344349875395086,train
2019-12-02,-2.4339472697258464,-2.9341396672465763,0.5001923975207299,train
2019-12-03,-2.8167375380752784,-2.7876870698811493,-0.029050468194129042,train
2019-12-04,-2.5519535337508894,-2.806574827818637,0.2546212940677477,train
2019-12-05,-2.9240406431480577,-2.721500063963899,-0.2025405791841588,train
2019-12-06,-2.2304454353349668,-2.651855774268375,0.4214103389334083,train
2019-12-09,-3.5132625617890803,-2.8915044727453902,-0.62175808904369,train
2019-12-10,-3.110774437058665,-2.8748008625390704,-0.23597357451959455,train
2019-12-11,-2.32216511751559,-2.8391738788275562,0.517008761311966,train
2019-12-12,-2.198723417806731,-2.7487127691882174,0.5499893513814862,train
2019-12-13,-1.2308867452113434,-2.5169947661104097,1.2861080208990663,train
2019-12-16,-2.636863621230982,-2.2523262634253016,-0.38453735780568055,train
2019-12-17,-2.623196202482208,-2.518995134276338,-0.10420106820587005,train
2019-12-18,-2.760548281603365,-2.4105255632706952,-0.35002271833266985,train
2019-12-19,-2.5463352780861084,-2.4325083640042915,-0.11382691408181689,train
2019-12-20,-2.8899407610985635,-2.40076658422228,-0.4891741768762836,train
2019-12-23,-3.2341767004385518,-2.7174781966904025,-0.5166985037481493,train
2019-12-24,-3.3673339475851787,-2.7214231502614505,-0.6459107973237281,train
2019-12-26,-3.605784150863236,-2.828127561918372,-0.7776565889448639,train
2019-12-27,-2.4544027153291217,-2.9737854122853093,0.5193826969561877,train
2019-12-30,-2.4757947266244167,-2.6915893661830674,0.21579463955865075,train
2019-12-31,-2.883684958937466,-2.634363918920314,-0.24932104001715194,train
2020-01-02,-2.285358477775889,-2.7037384784982232,0.41838000072233417,train
2020-01-03,-2.5910880808586847,-2.660416800615799,0.06932871975711441,train
2020-01-06,-2.714420559056116,-2.445901415136532,-0.2685191439195842,train
2020-01-07,-2.3817225224050054,-2.464420508456234,0.08269798605122869,train
2020-01-08,-2.121200495175044,-2.4113663908194014,0.29016589564435735,train
2020-01-09,-2.636971047513679,-2.269798880144787,-0.36717216736889213,train
2020-01-10,-2.306509559240714,-2.435752745355874,0.12924318611515995,train
2020-01-13,-2.9467717636788056,-2.651831039329714,-0.29494072434909135,train
2020-01-14,-2.973942901924453,-2.4832087507318548,-0.4907341511925982,train
2020-01-15,-2.751124020316591,-2.531104089102918,-0.22001993121367303,train
2020-01-16,-2.6316288735307176,-2.659938698860625,0.028309825329907223,train
2020-01-17,-3.127692302969437,-2.612201385339318,-0.5154909176301188,train
2020-01-20,-3.4227108640341948,-2.748932325530699,-0.6737785385034956,train
2020-01-21,-2.964783952597981,-2.8645049480817915,-0.10027900451618965,train
2020-01-22,-2.906935372491797,-2.7376980852484225,-0.16923728724337428,train
2020-01-23,-1.9400476745123767,-2.8899411382122024,0.9498934636998257,train
2020-01-24,-3.055523370380804,-2.6027799856839477,-0.45274338469685604,train
2020-01-27,-2.85039854065127,-2.7283279868730164,-0.12207055377825382,train
2020-01-28,-3.170301534463881,-2.6660296395572205,-0.5042718949066605,train
2020-01-29,-2.821968535441907,-2.692749503343797,-0.12921903209810992,train
2020-01-30,-2.9650135937737825,-2.6406454349630684,-0.3243681588107141,train
2020-01-31,-2.617743254587776,-2.7359560619570047,0.11821280736922857,train
2020-02-03,-2.7881272341761623,-2.79552061115677,0.007393376980607602,train
2020-02-04,-2.9795564760801003,-2.6127286279395157,-0.36682784814058467,train
2020-02-05,-2.9114767549004106,-2.7192737022363085,-0.1922030526641021,train
2020-02-06,-2.516766859635323,-2.7254708466839284,0.20870398704860538,train
2020-02-07,-2.292602821304976,-2.6496344211431744,0.3570315998381983,train
2020-02-10,-2.9999090946902505,-2.5474744663999553,-0.4524346282902951,train
2020-02-11,-2.779545388021496,-2.6807660928378576,-0.09877929518363837,train
2020-02-12,-2.529453751894861,-2.6141988830799465,0.08474513118508531,train
2020-02-13,-2.526507643879173,-2.5645421805316513,0.038034536652478135,train
2020-02-14,-2.577221422822319,-2.580002069180131,0.0027806463578117224,train
2020-02-17,-3.5626332523885766,-2.584488618561935,-0.9781446338266417,train
2020-02-18,-2.2352471758732846,-2.830052921405019,0.5948057455317346,train
2020-02-19,-2.691557932050036,-2.5764532101402167,-0.11510472190981913,train
2020-02-20,-2.1932653182739994,-2.5367909330092173,0.3435256147352179,train
2020-02-21,-1.7413276026986062,-2.3959426669676347,0.6546150642690285,train
2020-02-24,-1.821612719306291,-2.5396425967311345,0.7180298774248435,train
2020-02-25,-2.019482526119048,-2.102141043786215,0.08265851766716725,train
2020-02-26,-1.619024180193203,-2.1121263124273497,0.4931021322341467,train
2020-02-27,-1.498005513904738,-1.8735632137508709,0.37555769984613296,train
2020-02-28,-0.7327799077660648,-1.7866322581332161,1.0538523503671513,train
2020-03-02,-0.6360338960081707,-1.4620082764281956,0.8259743804200249,train
2020-03-03,-0.3260001380802087,-1.3030627526362024,0.9770626145559937,train
2020-03-04,-1.1632351592724743,-1.1063397060322024,-0.0568954532402719,train
2020-03-05,-1.3140586668255552,-1.24369161630315,-0.07036705052240522,train
2020-03-06,-0.6446653513093179,-1.2365638591105013,0.5918985078011834,train
2020-03-09,0.7357301965957312,-1.0281217214055514,1.7638519180012826,train
2020-03-10,-0.2223782552767572,-0.4640782242150355,0.24169996893827828,train
2020-03-11,-0.6697240366540171,-0.740768655657774,0.0710446190037568,train
2020-03-12,0.8689986490770469,-0.805830865724372,1.674829514801419,train
2020-03-13,0.2694548503486114,-0.12318305559727094,0.3926379059458823,train
2020-03-16,0.4509029751013536,-0.22072131033176676,0.6716242854331204,train
2020-03-17,-0.2284339781893885,-0.1736800714009916,-0.054753906788396894,train
2020-03-18,0.0697386596562472,-0.3389224523529572,0.4086611120092044,train
2020-03-19,1.032072218483202,-0.15922442261640685,1.1912966410996089,train
2020-03-20,0.5326708225179198,0.1606859806457978,0.37198484187212194,train
2020-03-23,0.5777313912310829,0.06793695126525068,0.5097944399658322,train
2020-03-24,0.3341857441167165,0.13227630792369272,0.20190943619302376,train
2020-03-25,-0.4128675156978393,0.1275283517360428,-0.5403958674338821,train
2020-03-26,-0.1083290103948926,-0.14001737177485327,0.03168836137996067,train
2020-03-27,-0.3198264409665176,-0.10421219626937608,-0.2156142446971415,train
2020-03-30,-0.5238998181516173,-0.21451995334133317,-0.3093798648102842,train
2020-03-31,-0.1474555099843346,-0.35348197857449365,0.20602646859015905,train
2020-04-01,-0.8251410876551998,-0.2889083853545977,-0.5362327023006022,train
2020-04-02,-0.4398458117935752,-0.5021161351614235,0.062270323367848324,train
2020-04-03,-0.8830166443811733,-0.42677752399711316,-0.45623912038406017,train
2020-04-06,-1.112980275903539,-0.599736880073483,-0.513243395830056,train
2020-04-07,-1.1544935154305414,-0.7234861833108635,-0.4310073321196779,train
2020-04-08,-0.9014828433892136,-0.7923950238313726,-0.10908781955784097,train
2020-04-09,-0.9661495243485334,-0.8775818813831384,-0.08856764296539499,train
2020-04-10,-2.555999837313954,-0.8295055240856999,-1.7264943132282542,train
2020-04-13,-1.6296541057389595,-1.454613870320482,-0.17504023541847746,train
2020-04-14,-1.480605514795603,-1.3116181237610451,-0.16898739103455784,train
2020-04-15,-1.3277612942120762,-1.2170964594997429,-0.11066483471233335,train
2020-04-16,-1.034018303460774,-1.2512428459839358,0.2172245425231618,train
2020-04-17,-1.183314032538609,-1.1618675820769095,-0.02144645046169935,train
2020-04-20,-1.5594408518092295,-1.109704318347624,-0.44973653346160547,train
2020-04-21,-1.1076721734814885,-1.233981469898255,0.12630929641676647,train
2020-04-22,-1.7479136996419804,-1.1842687965643732,-0.5636449030776072,train
2020-04-23,-0.7757036235873009,-1.3267011587452238,0.5509975351579228,train
2020-04-24,-1.0777630024755054,-1.0921366152043464,0.014373612728840968,train
2020-04-27,-1.5648019812431817,-1.1599712031662133,-0.40483077807696843,train
2020-04-28,-1.4352889931720725,-1.2740170741627046,-0.16127191900936788,train
2020-04-29,-1.464665337340338,-1.315098192998514,-0.14956714434182405,train
2020-04-30,-0.6543143953942895,-1.2961085140875543,0.6417941186932649,train
2020-05-01,-1.4852546693851028,-1.096129087181339,-0.3891255822037638,train
2020-05-04,-1.6467853024093662,-1.3909806729573657,-0.25580462945200044,train
2020-05-05,-1.0898547101083471,-1.4527227734200263,0.3628680633116792,train
2020-05-06,-1.553530698635073,-1.227290352432504,-0.3262403462025689,train
2020-05-07,-1.5315054072107257,-1.355844433181472,-0.17566097402925362,train
2020-05-08,-1.7276949842181089,-1.420843394496021,-0.3068515897220878,train
2020-05-11,-1.7385851417746403,-1.6046611939782214,-0.13392394779641892,train
2020-05-12,-1.6027347675231771,-1.5216051852011967,-0.08112958232198042,train
2020-05-13,-1.50752569089616,-1.6164621858930666,0.1089364949969065,train
2020-05-14,-1.6437368058854205,-1.5049203439877579,-0.1388164618976626,train
2020-05-15,-1.705964766483263,-1.5942796313392686,-0.11168513514399425,train
2020-05-18,-1.105200358730518,-1.6003410972604273,0.49514073852990936,train
2020-05-19,-1.663157232636732,-1.3737833534672472,-0.28937387916948487,train
2020-05-20,-1.926254562910392,-1.4887360556745963,-0.43751850723579566,train
2020-05-21,-1.5920887850011622,-1.6230139657226506,0.03092518072148831,train
2020-05-22,-2.143141712241753,-1.54754948285537,-0.5955922293863831,train
2020-05-25,-2.684661245238813,-1.705507913488698,-0.9791533317501151,train
2020-05-26,-1.7678210081962664,-2.0366907946050654,0.268869786408799,train
2020-05-27,-0.7613605055507735,-1.7731901163346528,1.0118296107838793,train
2020-05-28,-1.5317031195668964,-1.4115433428651272,-0.12015977670176925,train
2020-05-29,-1.0232572220458405,-1.597149515018882,0.5738922929730415,train
2020-06-01,-1.597518478038422,-1.363859040357638,-0.2336594376807839,train
2020-06-02,-1.3725592969230718,-1.434892579126895,0.06233328220382317,train
2020-06-03,-1.270218187811956,-1.3577075645549874,0.08748937674303137,train
2020-06-04,-0.6789889664200945,-1.340833743363421,0.6618447769433264,train
2020-06-05,-0.793404257383149,-1.1733692551829458,0.37996499779979676,train
2020-06-08,-1.4473280769073034,-1.1729653597130367,-0.27436271719426664,train
2020-06-09,-1.3407025024074235,-1.2810627467200963,-0.059639755687327156,train
2020-06-10,-0.8195591223848697,-1.2714762429508164,0.4519171205659467,train
2020-06-11,-0.7871693346556158,-1.0949148470875425,0.3077455124319267,train
2020-06-12,-0.8518385612250248,-1.042303536188558,0.1904649749635332,train
2020-06-15,-1.1516012885088331,-1.060039222896831,-0.0915620656120022,train
2020-06-16,-1.0692240235946229,-1.1425055893961802,0.07328156580155731,train
2020-06-17,-1.14702698175417,-1.0922644758540734,-0.05476250590009668,train
2020-06-18,-1.3317107860764776,-1.1662629046337694,-0.16544788144270828,train
2020-06-19,-1.177239378584504,-1.2399385567148098,0.0626991781303059,train
2020-06-22,-1.8350128580278997,-1.3149541717435196,-0.5200586862843801,train
2020-06-23,-1.4635645327724724,-1.4884241626943067,0.024859629921834214,train
2020-06-24,-1.490295976388912,-1.3639446834905151,-0.12635129289839697,train
2020-06-25,-1.741852155167656,-1.4020276476119378,-0.33982450755571825,train
2020-06-26,-1.9989962371548904,-1.4791958616561611,-0.5198003754987293,train
2020-06-29,-1.8615633769741105,-1.6304683427338014,-0.23109503424030908,train
2020-06-30,-1.5106654870043186,-1.5923321872170828,0.08166670021276423,train
2020-07-01,-1.9401656059369876,-1.4947767988553007,-0.44538880708168693,train
2020-07-02,-1.4760295469499294,-1.6802897284864975,0.2042601815365681,train
2020-07-03,-2.308424190515055,-1.580191601157197,-0.7282325893578578,train
2020-07-06,-1.7842018214414763,-1.8225585869412952,0.03835676549981892,train
2020-07-07,-1.7073697166325004,-1.673264477116175,-0.03410523951632527,train
2020-07-08,-1.831813294509606,-1.6734244537879215,-0.15838884072168447,train
2020-07-09,-1.2850779617557375,-1.6747083603483146,0.3896303985925771,train
2020-07-10,-2.038617466876339,-1.5458182614191045,-0.4927992054572343,train
2020-07-13,-1.795880572870342,-1.7245252586958961,-0.07135531417444585,train
2020-07-14,-1.956043840529724,-1.6295042924152208,-0.32653954811450325,train
2020-07-15,-1.7485628434993643,-1.7537830165349266,0.0052201730355623255,train
2020-07-16,-1.597292810268207,-1.7355265051600939,0.13823369489188697,train
2020-07-17,-1.9993392606534028,-1.6744435838057237,-0.32489567684767917,train
2020-07-20,-1.249433033513903,-1.777169549481299,0.5277365159673959,train
2020-07-21,-1.1210445199462389,-1.526794888290832,0.4057503683445931,train
2020-07-22,-1.1959507639728262,-1.4358814211871676,0.23993065721434137,train
2020-07-23,-1.5435992458277823,-1.386437835215038,-0.15716141061274436,train
2020-07-24,-1.5750012453499316,-1.4719483533826756,-0.10305289196725598,train
2020-07-27,-1.1301744436832848,-1.4512920335604345,0.32111758987714967,train
2020-07-28,-1.3855213335636822,-1.3297594030156712,-0.05576193054801104,train
2020-07-29,-1.2815700520884603,-1.3863701237763528,0.10480007168789252,train
2020-07-30,-1.2461658211751274,-1.4109668012935532,0.1648009801184258,train
2020-07-31,-0.8470715236535952,-1.3654265980143694,0.5183550743607742,train
2020-08-03,-1.2995448212560106,-1.1579256030842782,-0.1416192181717324,train
2020-08-04,-1.409843904943034,-1.2961535199379501,-0.11369038500508388,train
2020-08-05,-1.2890183939162698,-1.3162998396990717,0.027281445782801894,train
2020-08-06,-1.0452065328344544,-1.2782460717527666,0.2330395389183122,train
2020-08-07,-1.1156085082714329,-1.2097778366248724,0.0941693283534395,train
2020-08-10,-1.8569272139604305,-1.2641630532622035,-0.592764160698227,train
2020-08-11,-1.2325420500787871,-1.4925475446442262,0.2600054945654391,train
2020-08-12,-1.3540171000192045,-1.2857250203081483,-0.06829207971105622,train
2020-08-13,-1.5311147755022505,-1.3282523968362239,-0.20286237866602663,train
2020-08-14,-1.7176158623955295,-1.4156307817082132,-0.30198508068731633,train
2020-08-17,-1.810613304046605,-1.528397287099855,-0.28221601694675,train
2020-08-18,-1.4327503297765232,-1.5343761681100425,0.10162583833351935,train
2020-08-19,-1.115896208510102,-1.513842162468705,0.397945953958603,train
2020-08-20,-1.230514503512193,-1.4700600482132347,0.23954554470104172,train
2020-08-21,-1.3026240491762822,-1.3192415087916622,0.01661745961538008,train
2020-08-24,-1.9224022840791208,-1.358762335575088,-0.5636399485040329,train
2020-08-25,-1.7472764362040083,-1.494629858178705,-0.2526465780253033,train
2020-08-26,-1.869770664852805,-1.482587319555969,-0.38718334529683607,train
2020-08-27,-0.6261625143504853,-1.580633564135412,0.9544710497849266,train
2020-08-28,-1.170606760099722,-1.2181816882628267,0.0475749281631046,train
2020-08-31,-1.6672514116729371,-1.326888537083348,-0.340362874589589,train
2020-09-01,-0.8655322977033343,-1.4364136555785634,0.5708813578752291,train
2020-09-02,-1.2780941454717725,-1.2033463158514754,-0.07474782962029702,train
2020-09-03,-1.3427532204634671,-1.211698306798079,-0.13105491366538802,train
2020-09-04,-1.2535539609022677,-1.2947597332315808,0.041205772329313106,train
2020-09-07,-2.551977444408257,-1.3577617304222118,-1.194215713986045,train
2020-09-08,-1.3798489596236034,-1.736237969578449,0.35638900995484546,train
2020-09-09,-1.6104336398975163,-1.4347659847599918,-0.17566765513752447,train
2020-09-10,-0.989553039210072,-1.6207158840704554,0.6311628448603834,train
2020-09-11,-1.8980342543659177,-1.4158173608442761,-0.48221689352164154,train
2020-09-14,-2.254079497305353,-1.6310709900266285,-0.6230085072787244,train
2020-09-15,-1.9117236304925485,-1.7169781693299981,-0.19474546116255032,train
2020-09-16,-1.095615077786909,-1.676378238702091,0.580763160915182,train
2020-09-17,-1.438979874464703,-1.443374970205966,0.004395095741262844,train
2020-09-18,-2.0548046276193195,-1.5540825775176232,-0.5007220501016962,train
2020-09-21,-1.4267937085579985,-1.6882787604461633,0.26148505188816484,train
2020-09-22,-1.3666021620029438,-1.4838492102305756,0.11724704822763177,train
2020-09-23,-1.4704811849280408,-1.408822433491687,-0.0616587514363538,train
2020-09-24,-1.402465891979069,-1.4848307859011454,0.08236489392207647,train
2020-09-25,-1.8542517917013828,-1.4350328268681867,-0.4192189648331961,train
2020-09-28,-1.848021809035604,-1.5523480580100917,-0.2956737510255123,train
2020-09-29,-1.66439596561703,-1.5822111883941128,-0.08218477722291717,train
2020-09-30,-1.436290316115485,-1.635236732632499,0.19894641651701406,train
2020-10-01,-1.5645924654388823,-1.4971628930182692,-0.0674295724206131,train
2020-10-02,-1.7430666001352175,-1.5903783121773154,-0.15268828795790212,train
2020-10-05,-2.317782871960396,-1.597065828047198,-0.720717043913198,train
2020-10-06,-1.5347139116886044,-1.8938664285736833,0.3591525168850789,train
2020-10-07,-2.0824950741318973,-1.7931065132723556,-0.2893885608595417,train
2020-10-08,-2.3224894700008334,-1.7802429154728328,-0.5422465545280006,train
2020-10-09,-2.1757682731330577,-1.9565797913737315,-0.21918848175932615,train
2020-10-12,-2.3924786001649747,-2.1237333505936267,-0.26874524957134804,train
2020-10-13,-2.053666437073896,-2.0004757219264513,-0.05319071514744467,train
2020-10-14,-2.231524993353933,-2.0452464182492323,-0.18627857510470092,train
2020-10-15,-2.089933023942496,-2.0136701161319546,-0.07626290781054124,train
2020-10-16,-2.24507934201928,-1.9530263814456972,-0.2920529605735829,train
2020-10-19,-2.1755165184170657,-2.0502765906882585,-0.1252399277288072,train
2020-10-20,-2.173665275175377,-2.046150581083583,-0.12751469409179395,train
2020-10-21,-2.049993341241556,-2.011288842970056,-0.03870449827150013,train
2020-10-22,-2.1405938702837424,-1.9913251089068615,-0.14926876137688083,train
2020-10-23,-2.0733811457066524,-1.9957966627912835,-0.0775844829153689,train
2020-10-26,-2.2222025588027177,-1.9929685785764708,-0.22923398022624686,train
2020-10-27,-2.074467854091413,-2.027038050416153,-0.04742980367525984,train
2020-10-28,-1.890885866999656,-1.9914895359229643,0.1006036689233083,train
2020-10-29,-1.590914531316403,-1.9143048966786258,0.32339036536222276,train
2020-10-30,-1.8573398493139717,-1.7933774490788439,-0.06396240023512778,train
2020-11-02,-2.355917834967763,-1.8359237298776514,-0.5199941050901118,train
2020-11-03,-2.034054577039404,-1.9987306906952558,-0.03532388634414829,train
2020-11-04,-0.113604432961204,-1.9298088443108987,1.8162044113496947,train
2020-11-05,-1.042870421987084,-1.208272534052967,0.16540211206588307,train
2020-11-06,-1.0371793440087764,-1.401859140111878,0.36467979610310164,train
2020-11-09,-0.8382581711734451,-1.395905558424627,0.5576473872511818,train
2020-11-10,-1.201471514447565,-1.1630460100424371,-0.03842550440512782,train
2020-11-11,-1.822158152879599,-1.1933058493402344,-0.6288523035393645,train
2020-11-12,-1.9202191197490792,-1.4928343455921695,-0.4273847741569097,train
2020-11-13,-2.328359949224086,-1.5930506654649197,-0.7353092837591662,train
2020-11-16,-1.9625414848545264,-1.8209070195672064,-0.14163446528732004,train
2020-11-17,-2.322183469977196,-1.814839195158651,-0.507344274818545,train
2020-11-18,-2.4114339809836247,-1.970675562858004,-0.4407584181256208,train
2020-11-19,-2.2524197079956383,-2.0573476661759207,-0.1950720418197176,train
2020-11-20,-2.568748828223326,-2.0318471340973776,-0.5369016941259486,train
2020-11-23,-1.7041708641638416,-2.2066611774731744,0.5024903133093328,train
2020-11-24,-1.6934450351212538,-2.010893400769384,0.3174483656481304,train
2020-11-25,-1.700881389195819,-1.8907431635139071,0.18986177431808815,train
2020-11-26,-2.4418284687756606,-1.7784698080539356,-0.663358660721725,train
2020-11-27,-2.654778489460697,-2.0113590295404036,-0.6434194599202936,train
2020-12-01,-1.7233828415748609,-2.046605336024574,0.32322249444971307,train
2020-12-02,-1.529443631819172,-1.882657255311697,0.35321362349252494,train
2020-12-03,-1.7874059666476452,-1.7500384801467403,-0.03736748650090482,train
2020-12-04,-1.7709067264842808,-1.836343498893223,0.06543677240894219,train
2020-12-07,-1.7803620960469246,-1.772482633143905,-0.007879462903019663,train
2020-12-08,-2.0790787824875574,-1.7175839059865736,-0.3614948765009838,train
2020-12-09,-2.003055432013255,-1.8359373064532423,-0.16711812556001293,train
2020-12-10,-1.4386865588103874,-1.835690080045639,0.3970035212352516,train
2020-12-11,-1.8966170176530917,-1.7379302430950865,-0.15868677455800517,train
2020-12-14,-1.8811761667528069,-1.8067612190457067,-0.07441494770710011,train
2020-12-15,-1.752366426864505,-1.8221361404866347,0.0697697136221298,train
2020-12-16,-1.0588723420734456,-1.8613612560305728,0.8024889139571272,train
2020-12-17,-1.9385289152145424,-1.5818866870063792,-0.35664222820816316,train
2020-12-18,-2.208964266458229,-1.8164891214631278,-0.3924751449951014,train
2020-12-21,-1.0949537925405566,-1.8630227571318105,0.768068964591254,train
2020-12-22,-1.7229201775651737,-1.4601374090776296,-0.2627827684875441,train
2020-12-23,-1.60090407869652,-1.6527495296396038,0.05184545094308368,train
2020-12-24,-2.4409437525553863,-1.6466318760065426,-0.7943118765488437,train
2020-12-28,-1.7276705230952627,-1.9127961612681843,0.1851256381729216,train
2020-12-29,-1.882356512716869,-1.6958598187130138,-0.18649669400385527,train
2020-12-30,-1.6604365749871903,-1.8017323531139708,0.1412957781267805,train
2020-12-31,-1.609303512004037,-1.727939579086585,0.11863606708254792,train
2021-01-04,-1.6439230878639408,-1.690232400843303,0.04630931297936214,train
2021-01-05,-2.0943676192248506,-1.6049259573620132,-0.48944166186283744,train
2021-01-06,-1.0932566039695024,-1.7608795405163082,0.6676229365468058,train
2021-01-07,-1.6310103732882713,-1.4440559879289572,-0.18695438535931408,train
2021-01-08,-0.9284499985511542,-1.5844922938620267,0.6560422953108725,train
2021-01-11,-1.5160069655119175,-1.336896330869361,-0.1791106346425564,train
2021-01-12,-1.6659416668175633,-1.4713926605368952,-0.19454900628066807,train
2021-01-13,-1.5917178949057391,-1.471769126724437,-0.11994876818130207,train
2021-01-14,-1.561525626273084,-1.52189800295918,-0.039627623313904126,train
2021-01-15,-1.9371990370662493,-1.4923769883647564,-0.4448220487014929,train
2021-01-18,-2.5955061758189517,-1.66522994531711,-0.9302762305018417,train
2021-01-19,-2.18172719724708,-1.9168773098044305,-0.2648498874426495,train
2021-01-20,-1.7936527179388622,-1.9120875343357537,0.11843481639689157,train
2021-01-21,-1.865520163965886,-1.8779265150185784,0.012406351052692388,train
2021-01-22,-2.082197046288049,-1.8508954089283376,-0.2313016373597112,train
2021-01-25,-2.152311091269202,-1.9500736314047322,-0.20223745986446984,train
2021-01-26,-2.151330405415208,-1.960079058097177,-0.19125134731803084,train
2021-01-27,-1.5496322601015693,-1.9273713849240652,0.37773912482249594,train
2021-01-28,-1.6587268509660862,-1.7876624839421043,0.12893563297601807,train
2021-01-29,-1.6885946835033252,-1.7148946688749964,0.02629998537167122,train
2021-02-01,-1.873854586904462,-1.7004068736940223,-0.17344771321043972,train
2021-02-02,-1.742585837690119,-1.7375090662153934,-0.005076771474725739,train
2021-02-03,-2.1379253837961887,-1.7121574891057842,-0.42576789469040444,train
2021-02-04,-2.156532399349975,-1.832393607932743,-0.32413879141723223,train
2021-02-05,-2.0524122070264403,-1.8711373375105005,-0.18127486951593985,train
2021-02-08,-2.1852098721052635,-2.012844144365956,-0.17236572773930758,train
2021-02-09,-2.2812665137987427,-1.9450769054806365,-0.3361896083181062,train
2021-02-10,-2.3926560120243883,-2.0578768845294624,-0.3347791274949259,train
2021-02-11,-2.676914935999702,-2.114046257391178,-0.5628686786085244,train
2021-02-12,-2.475602132276505,-2.2605603738858853,-0.2150417583906199,train
2021-02-15,-3.0043283485265837,-2.190146815092329,-0.8141815334342546,train
2021-02-16,-2.105659813692119,-2.405523170917751,0.29986335722563195,train
2021-02-17,-2.063679956267704,-2.2365351067376467,0.1728551504699425,train
2021-02-18,-2.475959330164307,-2.130070419549426,-0.3458889106148808,train
2021-02-19,-2.3429161415544084,-2.2484601887871576,-0.09445595276725083,train
2021-02-22,-2.016160271910308,-2.1701544281140395,0.15399415620373125,train
2021-02-23,-2.3873590642319678,-2.014817012844847,-0.37254205138712093,train
2021-02-24,-1.7420280946182116,-2.1349100327702724,0.39288193815206074,train
2021-02-25,-1.3697344661892372,-1.9682597960637573,0.5985253298745201,train
2021-02-26,-1.1033589562168054,-1.7842092705805062,0.6808503143637008,train
2021-03-01,-1.904024729737012,-1.5578906321621955,-0.3461340975748166,train
2021-03-02,-1.7808837332714609,-1.7568307012030084,-0.02405303206845244,train
2021-03-03,-1.781880997000861,-1.7291064355622774,-0.05277456143858372,train
2021-03-04,-1.6708078595178957,-1.7838829149500532,0.11307505543215757,train
2021-03-05,-1.3185826260294249,-1.7214542121685645,0.40287158613913965,train
2021-03-08,-2.0903331879044176,-1.7026343034757505,-0.38769888442866707,train
2021-03-09,-1.9619189065828229,-1.811486728605308,-0.15043217797751485,train
2021-03-10,-1.7485622789888775,-1.811829559402486,0.06326728041360852,train
2021-03-11,-1.5213963966697337,-1.8749886938092908,0.3535922971395571,train
2021-03-12,-2.018756176825967,-1.724841407688913,-0.29391476913705405,train
2021-03-15,-2.033090357884803,-1.8403909388381927,-0.19269941904661048,train
2021-03-16,-2.1671979063496667,-1.849910594135552,-0.31728731221411466,train
2021-03-17,-1.6561736131087348,-1.9236406476800758,0.267467034571341,train
2021-03-18,-1.7908396223485477,-1.9234301622153835,0.1325905398668359,train
2021-03-19,-2.4319563554373858,-1.8112725995493695,-0.6206837558880163,train
2021-03-22,-2.129866367520511,-2.013613246774687,-0.11625312074582439,train
2021-03-23,-2.0803424809138606,-1.9589527547912073,-0.12138972612265331,train
2021-03-24,-2.069949014508792,-1.9428552629435472,-0.12709375156524505,train
2021-03-25,-2.0006274214573674,-1.932535566957278,-0.06809185450008948,train
2021-03-26,-2.417206017826352,-1.9329868051464958,-0.48421921267985635,train
2021-03-29,-2.1917377573617456,-2.0689943141070612,-0.12274344325468434,train
2021-03-30,-2.3962602234778507,-1.9991161739089367,-0.397144049568914,train
2021-03-31,-2.126218414307138,-2.088415173501419,-0.037803240805719174,train
2021-04-01,-2.137740040582237,-2.029495588071738,-0.1082444525104993,train
2021-04-02,-2.7069890061886595,-2.061153407091807,-0.6458355990968525,train
2021-04-05,-2.505181687445881,-2.368544303418945,-0.13663738402693593,train
2021-04-06,-2.291662215821737,-2.321711487621669,0.030049271799931887,train
2021-04-07,-1.98342716525369,-2.181076395613585,0.19764923035989512,train
2021-04-08,-2.265970147562137,-2.0559349006428302,-0.21003524691930675,train
2021-04-09,-2.359360565861291,-2.2100218271677305,-0.1493387386935603,train
2021-04-12,-2.3546304974308865,-2.193970496083752,-0.16066000134713443,train
2021-04-13,-2.115541517223837,-2.139462279938214,0.02392076271437693,train
2021-04-14,-2.451695661447052,-2.1236681272827536,-0.32802753416429864,train
2021-04-15,-2.1604344730202403,-2.1961702997181094,0.03573582669786912,train
2021-04-16,-2.4006201423483544,-2.1755608652293295,-0.22505927711902496,train
2021-04-19,-1.912343720304592,-2.202834727695463,0.2904910073908711,train
2021-04-20,-2.21594313693029,-2.1084168222240733,-0.10752631470621665,train
2021-04-21,-2.247027098379597,-2.1064772149674935,-0.1405498834121035,train
2021-04-22,-2.041695571980092,-2.1146959026650984,0.07300033068500644,train
2021-04-23,-2.509736938905869,-2.1133274187626427,-0.39640952014322606,train
2021-04-26,-2.14303110989434,-2.170128004153233,0.027096894258892945,train
2021-04-27,-2.4692234268950557,-2.114618306838101,-0.3546051200569549,train
2021-04-28,-1.828801367465052,-2.217284175764636,0.3884828082995839,train
2021-04-29,-2.3683060109735306,-2.115502917446393,-0.2528030935271377,train
2021-04-30,-1.9260455297967969,-2.168596670676709,0.24255114087991192,train
2021-05-03,-2.280691133877473,-2.2651074678621366,-0.015583666015336561,train
2021-05-04,-1.969381177129294,-2.3114458933748723,0.3420647162455783,train
2021-05-05,-2.7606052260271063,-2.3136081002094526,-0.4469971258176537,train
2021-05-06,-2.3956642054176798,-2.2804298165298866,-0.11523438888779314,train
2021-05-07,-0.8704540413656229,-2.1928484360653386,1.3223943946997156,train
2021-05-10,-1.8933547160066195,-1.9410485508336988,0.04769383482707923,train
2021-05-11,-2.071158052235465,-1.9072726789285503,-0.16388537330691455,train
2021-05-12,-1.0089785842750405,-1.965797485970639,0.9568189016955986,train
2021-05-13,-1.901764411156569,-1.6295867245175686,-0.27217768663900044,train
2021-05-14,-2.5563412830833045,-1.7774192608463353,-0.7789220222369693,train
2021-05-17,-2.5060227953763423,-2.0168994257502573,-0.48912336962608505,train
2021-05-18,-2.492605088413256,-2.044528127870048,-0.448076960543208,train
2021-05-19,-1.8171105494612685,-2.093613635586657,0.27650308612538854,train
2021-05-20,-2.367425675649767,-2.0447797311587905,-0.3226459444909766,train
2021-05-21,-1.883980465636868,-2.1590205162629905,0.2750400506261226,train
2021-05-24,-2.185323671531474,-2.0781989043168987,-0.1071247672145752,train
2021-05-25,-2.143154876036774,-2.121239852178727,-0.021915023858047,train
2021-05-26,-2.2084595355297743,-2.061299654074012,-0.14715988145576242,train
2021-05-27,-2.064277474275376,-2.136007437283538,0.07172996300816203,train
2021-05-28,-2.1123648999274227,-1.9645705039815096,-0.14779439594591315,train
2021-06-01,-2.4560220267723216,-2.056130929361827,-0.39989109741049456,train
2021-06-02,-2.405531451222562,-2.12744774939854,-0.27808370182402165,train
2021-06-03,-2.174636102792217,-2.2168545374733575,0.042218434681140504,train
2021-06-04,-1.5895056865280996,-2.179529715713966,0.5900240291858663,train
2021-06-07,-2.5578617427478303,-2.3482536937332306,-0.20960804901459973,train
2021-06-08,-2.7206934862998557,-2.189526222779648,-0.5311672635202078,train
2021-06-09,-2.903969625519814,-2.2737070189544717,-0.6302626065653425,train
2021-06-10,-1.9623816848132083,-2.386345554255744,0.4239638694425356,train
2021-06-11,-2.553342851887684,-2.156057289513394,-0.39728556237429036,train
2021-06-14,-2.670960725608372,-2.368991731611125,-0.3019689939972472,train
2021-06-15,-2.670527152163124,-2.3677156878713888,-0.30281146429173544,train
2021-06-16,-0.8672232853178407,-2.403450867405548,1.5362275820877076,train
2021-06-17,-1.4777300828591635,-2.0172946534678458,0.5395645706086822,train
2021-06-18,-1.597642207129267,-1.8146222823440008,0.21698007521473373,train
2021-06-21,-1.8674504213744088,-1.7833521401318915,-0.08409828124251728,train
2021-06-22,-2.05441725975164,-1.7666215556782794,-0.28779570407336075,train
2021-06-23,-2.298190308886035,-1.7933462296021134,-0.5048440792839215,train
2021-06-24,-2.330315044667769,-1.966653396133296,-0.36366164853447325,train
2021-06-25,-2.4994134413085995,-2.0456351188769695,-0.4537783224316301,train
2021-06-28,-2.160094385570198,-2.2013042370712332,0.04120985150103529,train
2021-06-29,-2.4283642143842226,-2.1356595652579182,-0.29270464912630434,train
2021-06-30,-2.0513905415190834,-2.1963753159719217,0.1449847744528383,train
2021-07-01,-2.1983932178897634,-2.095539967509934,-0.1028532503798294,train
2021-07-02,-1.724960937866242,-2.1578072626708833,0.43284632480464125,train
2021-07-05,-2.825677052586174,-2.1555216536475656,-0.6701553989386082,train
2021-07-06,-2.099809040764147,-2.308078236227444,0.2082691954632967,train
2021-07-07,-1.959683242232491,-2.0630039534604867,0.10332071122799569,train
2021-07-08,-1.978787614673192,-2.045555691077656,0.0667680764044638,train
2021-07-09,-2.5029846240008005,-2.0023103670583446,-0.5006742569424558,train
2021-07-12,-2.369101386547762,-2.2096940828600347,-0.15940730368772726,train
2021-07-13,-1.6463013720077917,-2.142032550668648,0.49573117866085625,train
2021-07-14,-2.395514410391884,-2.1142864865054345,-0.28122792388644946,train
2021-07-15,-2.4499878790505902,-2.265487750237404,-0.18450012881318623,train
2021-07-16,-2.528215438413507,-2.147383558080082,-0.38083188033342497,train
2021-07-19,-2.256080581871537,-2.195337725647394,-0.060742856224142994,train
2021-07-20,-2.091851537256491,-2.155470506713931,0.06361896945744006,train
2021-07-21,-2.521489775045624,-2.160376827763984,-0.3611129472816401,train
2021-07-22,-1.6756684893322014,-2.255501056721874,0.5798325673896727,train
2021-07-23,-2.5237870541298117,-2.0544201048178317,-0.4693669493119801,train
2021-07-26,-2.377574685288418,-2.211329138182869,-0.16624554710554929,train
2021-07-27,-2.2568432483207235,-2.2719942313982857,0.015150983077562241,train
2021-07-28,-1.8229487593106333,-2.1754278213394076,0.3524790620287743,train
2021-07-29,-2.5567077233951614,-2.0347176700800333,-0.521990053315128,train
2021-07-30,-2.4742312258227237,-2.3118390464881644,-0.1623921793345593,train
2021-08-02,-2.257823947203421,-2.230368066267232,-0.027455880936189114,train
2021-08-03,-2.67862481194849,-2.30793412725248,-0.37069068469600985,train
2021-08-04,-2.057725596550027,-2.327430506760385,0.2697049102103577,train
2021-08-05,-2.396759088235565,-2.3485293148087374,-0.04822977342682755,train
2021-08-06,-2.4550045876320232,-2.2745145963283897,-0.18048999130363352,train
2021-08-09,-2.612397311220992,-2.423761962461831,-0.18863534875916121,train
2021-08-10,-2.818090366015471,-2.2978587306559253,-0.5202316353595458,train
2021-08-11,-2.364537037924826,-2.4161213767496794,0.05158433882485358,train
2021-08-12,-2.8473213100940096,-2.578690457228741,-0.26863085286526855,train
2021-08-13,-2.935965988795871,-2.495289064670048,-0.4406769241258228,train
2021-08-16,-2.913195665210583,-2.6676376481523363,-0.24555801705824676,train
2021-08-17,-2.376350012916689,-2.53650049649619,0.16015048357950112,train
2021-08-18,-1.8359499698003132,-2.4798556052767364,0.6439056354764232,train
2021-08-19,-2.3538243422249447,-2.717846958304618,0.36402261607967334,train
2021-08-20,-2.6288831923482934,-2.2876905128063525,-0.3411926795419409,train
2021-08-23,-2.408529065062803,-2.449635571231761,0.041106506168957946,train
2021-08-24,-2.538695725686042,-2.2479351362613396,-0.2907605894247025,train
2021-08-25,-2.3559560863929017,-2.401338835043529,0.0453827486506273,train
2021-08-26,-2.4704403167490185,-2.3683784801585155,-0.10206183659050305,train
2021-08-27,-1.838879546216521,-2.3589817679239737,0.5201022217074527,train
2021-08-30,-3.038700876154992,-2.250735211096552,-0.7879656650584401,train
2021-08-31,-2.437065429988109,-2.526656410761922,0.08959098077381267,train
2021-09-01,-2.5240271225286617,-2.493492473535248,-0.030534648993413516,train
2021-09-02,-2.956785314522872,-2.459442726553975,-0.4973425879688973,train
2021-09-03,-1.7121176579358264,-2.5156434023654612,0.8035257444296349,train
2021-09-06,-3.4420433412272238,-2.385573437638898,-1.0564699035883258,train
2021-09-07,-2.4333852478702616,-2.7005672920941723,0.2671820442239108,train
2021-09-08,-2.6516121819956333,-2.4086059959740345,-0.24300618602159885,train
2021-09-09,-2.0754542007777697,-2.4708730603625266,0.395418859584757,train
2021-09-10,-2.768544348819691,-2.397141446429201,-0.3714029023904897,train
2021-09-13,-2.765173570284761,-2.5698501597264265,-0.19532341055833458,train
2021-09-14,-2.1348636502129663,-2.4401856213914117,0.3053219711784454,train
2021-09-15,-2.422179562035711,-2.7543871960467032,0.33220763401099207,train
2021-09-16,-2.456094069408339,-2.3409993992695264,-0.11509467013881247,train
2021-09-17,-2.5979221824059398,-2.3472101524296383,-0.2507120299763015,train
2021-09-20,-2.734014861962175,-2.3909020974397133,-0.34311276452246187,train
2021-09-21,-2.4349346330852137,-2.401479706852916,-0.033454926232297844,train
2021-09-22,-1.354132666445973,-2.40080646258194,1.0466737961359671,train
2021-09-23,-2.353520274812633,-2.176918066234657,-0.17660220857797615,train
2021-09-24,-2.579934282536205,-2.2330970670269608,-0.34683721550924407,train
2021-09-27,-2.524823139606009,-2.309113073319485,-0.2157100662865239,train
2021-09-28,-2.1564148106606926,-2.262636599767584,0.1062217891068915,train
2021-09-29,-2.1071455366189475,-2.1459437758509328,0.03879823923198522,train
2021-09-30,-1.992652870334264,-2.185733842749969,0.19308097241570477,train
2021-10-01,-2.146838128505401,-2.1078779331427486,-0.03896019536265216,train
2021-10-04,-2.505716814584907,-2.2923136238906743,-0.21340319069423286,train
2021-10-05,-2.4556633868471147,-2.253079386346415,-0.2025840005006998,train
2021-10-06,-2.228596599048077,-2.3647545623040807,0.1361579632560037,train
2021-10-07,-2.72060254678218,-2.1637840270877016,-0.5568185196944784,train
2021-10-08,-2.489997093710599,-2.3736792965019093,-0.11631779720868973,train
2021-10-11,-2.87204236990751,-2.352712805080115,-0.519329564827395,train
2021-10-12,-2.6553170304484284,-2.4754738587781384,-0.17984317167028996,train
2021-10-13,-2.317236543802257,-2.4348407068854967,0.11760416308323984,train
2021-10-14,-2.756891994751859,-2.4110047314743746,-0.34588726327748454,train
2021-10-15,-2.7250475437441537,-2.4318039571731616,-0.29324358657099214,train
2021-10-18,-2.4942829707047083,-2.483675265590245,-0.010607705114463073,train
2021-10-19,-2.460065901161113,-2.3520741348849805,-0.1079917662761325,train
2021-10-20,-2.7483435977812043,-2.3334815419220987,-0.4148620558591056,train
2021-10-21,-2.678858079893856,-2.450328488046474,-0.22852959184738175,train
2021-10-22,-2.5665803315340474,-2.4383366311913766,-0.12824370034267085,train
2021-10-25,-2.5378636312728715,-2.477885387489162,-0.059978243783709306,train
2021-10-26,-2.674860148923354,-2.4068473137641813,-0.2680128351591726,train
2021-10-27,-2.344505784486778,-2.492941586571061,0.14843580208428309,train
2021-10-28,-1.5654473888153453,-2.3489934553005605,0.7835460664852152,train
2021-10-29,-1.7853690974285474,-2.1688771738568624,0.38350807642831497,train
2021-11-01,-2.332424165488304,-2.1381219128405498,-0.19430225264775425,train
2021-11-02,-2.4776570716842445,-2.292421092831137,-0.1852359788531075,train
2021-11-03,-1.8206059843659337,-2.1919354741901764,0.37132948982424274,train
2021-11-04,-2.399502231557449,-2.0762428694126087,-0.3232593621448401,train
2021-11-05,-1.9870008278299451,-2.218499111270787,0.23149828344084167,train
2021-11-08,-2.2801302875835643,-2.1698649090901667,-0.11026537849339757,train
2021-11-09,-2.105195712891124,-2.1679252958072284,0.06272958291610431,train
2021-11-10,-1.5314679934982809,-2.086214405787668,0.554746412289387,train
2021-11-11,-2.1407512499932664,-1.9155373154109028,-0.2252139345823636,train
2021-11-12,-2.3507994475220126,-1.985456204660634,-0.36534324286137854,train
2021-11-15,-1.83649685927432,-2.1077345289511538,0.2712376696768337,train
2021-11-16,-1.690438143235948,-2.2311921317124517,0.5407539884765036,train
2021-11-17,-1.444916320784633,-1.8875014221259947,0.44258510134136175,train
2021-11-18,-2.054339500697167,-1.9221741342128746,-0.13216536648429233,train
2021-11-19,-1.260117841637865,-1.9591577595004288,0.6990399178625637,train
2021-11-22,-1.3571071124514895,-1.6286075548450527,0.2715004423935632,train
2021-11-23,-2.0937605654481057,-1.671054670877778,-0.4227058945703277,train
2021-11-24,-1.5496838885758126,-1.8108672762251241,0.2611833876493115,train
2021-11-25,-2.798704426198813,-1.721152424528432,-1.077552001670381,train
2021-11-26,-1.264802746425786,-2.0192106822177016,0.7544079357919156,train
2021-11-29,-1.996631097939638,-1.6305358717007266,-0.36609522623891144,train
2021-11-30,-0.8931920427352517,-1.8657724870889114,0.9725804443536598,train
2021-12-01,-1.394222840856434,-1.5196869563261233,0.12546411546968916,train
2021-12-02,-2.1612356488100684,-1.627768278093825,-0.5334673707162434,train
2021-12-03,-1.4613070131613788,-1.7080036726987975,0.2466966595374187,train
2021-12-06,-2.2292031631052907,-1.5881386348701276,-0.641064528235163,train
2021-12-07,-1.953205172022944,-1.7540467303311364,-0.19915844169180752,train
2021-12-08,-1.9970795766652996,-1.8463330406280778,-0.15074653603722177,train
2021-12-09,-2.219148836933967,-1.857963774229514,-0.36118506270445305,train
2021-12-10,-1.3068709843541964,-1.9168807840850388,0.6100097997308425,train
2021-12-13,-2.0950102328955342,-1.9310306044972596,-0.16397962839827462,train
2021-12-14,-2.3429125206668644,-1.842053905778658,-0.5008586148882064,train
2021-12-15,-1.525420716476818,-1.9739752426681925,0.44855452619137437,train
2021-12-16,-1.525915128165726,-1.7724618050975767,0.24654667693185073,train
2021-12-17,-2.000807691970615,-1.7795336828239905,-0.22127400914662454,train
2021-12-20,-2.0509059866741133,-1.8182378998736661,-0.23266808680044715,train
2021-12-21,-2.281242483488672,-1.8207449736884906,-0.46049750980018134,train
2021-12-22,-1.945025022686453,-1.9021292921623851,-0.04289573052406781,train
2021-12-23,-2.189455386801841,-1.8868162989597559,-0.30263908784208504,train
2021-12-24,-2.489846347421072,-2.005446611737635,-0.4843997356834371,train
2021-12-27,-2.309271196478074,-2.188527426165809,-0.12074377031226513,train
2021-12-28,-2.351896275956076,-2.1136473450289386,-0.23824893092713761,train
2021-12-29,-2.0989779460576816,-2.172076440998466,0.07309849494078424,train
2021-12-30,-1.7340326577891796,-2.1097404785089275,0.37570782071974795,train
2021-12-31,-1.5832376439148643,-1.9774658806404857,0.39422823672562135,train
2022-01-03,-1.730754856677093,-1.8205214751988787,0.0897666185217858,train
2022-01-04,-1.9967763837333623,-1.7911938674571215,-0.2055825162762408,train
2022-01-05,-1.8453187941544809,-1.8167089776914638,-0.02860981646301708,train
2022-01-06,-1.678831734122419,-1.8595946995676693,0.18076296544525028,train
2022-01-07,-2.025760664928325,-1.7675428161464328,-0.258217848781892,train
2022-01-10,-2.017467114834426,-1.9743998310333755,-0.043067283801050404,train
2022-01-11,-2.2053507876866822,-1.9430692217584122,-0.26228156592827,train
2022-01-12,-1.9451826961196792,-1.9532007335522836,0.00801803743260443,train
2022-01-13,-1.867309719232935,-2.0867362701711123,0.2194265509381772,train
2022-01-14,-1.9871447957262047,-1.8711274824098378,-0.11601731331636689,train
2022-01-17,-2.3369679711098965,-1.9917306818898053,-0.3452372892200912,train
2022-01-18,-1.846998173507664,-2.037919507360375,0.19092133385271115,train
2022-01-19,-2.279690446338612,-1.890541401361898,-0.3891490449767139,train
2022-01-20,-2.1189954714219077,-1.9863219398250622,-0.13267353159684547,train
2022-01-21,-2.2905249395918763,-2.005184666025962,-0.2853402735659145,train
2022-01-24,-2.003222088185436,-2.0664885215396587,0.06326643335422277,train
2022-01-25,-2.320276548430084,-1.9844947494214098,-0.335781799008674,train
2022-01-26,-1.9200405339554985,-2.0823642593245544,0.16232372536905593,train
2022-01-27,-1.6012256768140751,-2.0906093553631147,0.4893836785490395,train
2022-01-28,-1.607412966913744,-1.8705456314665092,0.2631326645527652,train
2022-01-31,-1.7913384134827317,-1.7809864592375184,-0.01035195424521329,train
2022-02-01,-1.6797206552861916,-1.7985312671098965,0.11881061182370489,train
2022-02-02,-2.146532797998187,-1.7045791571618674,-0.4419536408363198,train
2022-02-03,-0.7113731728322814,-1.8589376861986908,1.1475645133664094,train
2022-02-04,-1.0864971851511156,-1.420738954263645,0.33424176911252945,train
2022-02-07,-1.7412586906541176,-1.4936206452780154,-0.24763804537610223,train
2022-02-08,-1.902199364441512,-1.6277649233440983,-0.2744344410974138,train
2022-02-09,-2.159995121995136,-1.6913654387426929,-0.46862968325244325,train
2022-02-10,-0.65963896634131,-1.711642513715624,1.052003547374314,train
2022-02-11,-1.041201071916031,-1.3958451254691122,0.35464405355308126,train
2022-02-14,-1.2614317770851582,-1.4444061577572636,0.18297438067210536,train
2022-02-15,-1.5490536237104653,-1.4471780510235304,-0.10187557268693492,train
2022-02-16,-2.0510876844769106,-1.527359604204737,-0.5237280802721735,train
2022-02-17,-0.9666135561284324,-1.566383758954614,0.5997702028261815,train
2022-02-18,-1.9996504208860413,-1.363092480486558,-0.6365579403994832,train
2022-02-21,-1.759689722635923,-1.7250344966192406,-0.03465522601668236,train
2022-02-22,-1.3665990719382426,-1.6388892342098078,0.2722901622715652,train
2022-02-23,-2.017732537733556,-1.4865474137921812,-0.5311851239413747,train
2022-02-24,-0.2634689140546142,-1.7271138964415007,1.4636449823868865,train
2022-02-25,-0.9229464961954936,-1.0983816311051084,0.17543513490961482,train
2022-02-28,-0.5357039206093386,-1.1941303281448947,0.6584264075355561,train
2022-03-01,-0.988678062016555,-0.9817258184625961,-0.006952243553958848,train
2022-03-02,-0.5072926973173009,-1.0622820913499247,0.5549893940326238,train
2022-03-03,-1.2711435170376846,-0.8203937267288685,-0.4507497903088161,train
2022-03-04,-0.7495694918043823,-1.1218438591742703,0.37227436736988806,train
2022-03-07,-0.0764648468085138,-0.9162426474827252,0.8397778006742114,train
2022-03-08,-0.2243768750557318,-0.6781015779916003,0.45372470293586853,train
2022-03-09,-0.5741025511919041,-0.6634614126166215,0.08935886142471738,train
2022-03-10,-0.1380035252378309,-0.7685342839738434,0.6305307587360125,train
2022-03-11,-0.8931944789431203,-0.5313465499168117,-0.3618479290263086,train
2022-03-14,-1.2153142235507404,-0.7511965131005126,-0.46411771045022776,train
2022-03-15,-0.8610178038778761,-0.8913782678927127,0.030360464014836608,train
2022-03-16,-0.3799894192469908,-0.9022896032171601,0.5223001839701693,train
2022-03-17,-1.1878351172945092,-0.7270497827340393,-0.4607853345604699,train
2022-03-18,-1.5254879253338036,-1.055556547869047,-0.46993137746475666,train
2022-03-21,-1.5866001322376864,-1.1552133006912249,-0.4313868315464615,train
2022-03-22,-1.4924864311649224,-1.2151857341210892,-0.2773006970438332,train
2022-03-23,-1.61182926570221,-1.214929423437181,-0.39689984226502895,train
2022-03-24,-1.501925417780475,-1.3536995214851664,-0.1482258962953087,train
2022-03-25,-1.5636736561162277,-1.43192362644471,-0.13175002967151772,train
2022-03-28,-1.2781534990878054,-1.371355226939812,0.09320172785200653,train
2022-03-29,-0.3093529518207192,-1.3241970303770292,1.01484407855631,train
2022-03-30,-1.2502582693157869,-0.9157970777820142,-0.33446119153377263,train
2022-03-31,-0.9684952632744276,-1.151817820908321,0.18332255763389338,train
2022-04-01,-1.4064599620396236,-1.0676121411178305,-0.3388478209217931,train
2022-04-04,-1.9548728397371864,-1.1661844618781907,-0.7886883778589957,train
2022-04-05,-1.8996194576290972,-1.347238185011715,-0.5523812726173822,train
2022-04-06,-1.486109151418311,-1.5030709091947767,0.016961757776465802,train
2022-04-07,-1.419627844040754,-1.4232805215062339,0.0036526774654799254,train
2022-04-08,-1.656565659842245,-1.4297145469132961,-0.22685111292894877,train
2022-04-11,-1.5586344489727364,-1.542055513323003,-0.01657893564973345,train
2022-04-12,-1.3640701773471984,-1.4636548653309118,0.09958468798371345,train
2022-04-13,-1.7138412503060725,-1.4159527923773068,-0.2978884579287657,train
2022-04-14,-0.4807418461263581,-1.4994495783234478,1.0187077321970897,train
2022-04-15,-2.8034651722070425,-1.1325715615056429,-1.6708936107013996,train
2022-04-18,-2.005121884963657,-2.1519919473540003,0.1468700623903434,train
2022-04-19,-1.5497622334076842,-1.6361034658270028,0.08634123241931868,train
2022-04-20,-1.3607922532931596,-1.5478850881830182,0.18709283488985862,train
2022-04-21,-1.1903744556310325,-1.4865166240661387,0.2961421684351062,train
2022-04-22,-1.3613803953780257,-1.5061212207024535,0.14474082532442778,train
2022-04-25,-0.9273643256388856,-1.405807542040146,0.4784432164012603,train
2022-04-26,-1.3941472030186182,-1.2573270619718855,-0.13682014104673268,train
2022-04-27,-0.8759807889088661,-1.3202413899585985,0.4442606010497324,train
2022-04-28,-0.358869485007836,-1.1157403822248666,0.7568708972170306,train
2022-04-29,-0.8336994948715485,-0.9165277850569749,0.08282829018542637,train
2022-05-02,-1.0773192695187552,-0.9883813753267132,-0.08893789419204201,train
2022-05-03,-1.102270057573717,-1.0804689181683171,-0.02180113940539985,train
2022-05-04,-0.2867777635124771,-1.0653583981989978,0.7785806346865207,train
2022-05-05,-0.701687872491856,-0.7912314609838035,0.08954358849194743,train
2022-05-06,-0.2487072852569879,-0.8864951776494104,0.6377878923924225,train
2022-05-09,-0.898505687080154,-0.7139041635562802,-0.18460152352387382,train
2022-05-10,-1.193635444077121,-0.8686448963432284,-0.3249905477338927,train
2022-05-11,-1.017136955591503,-0.9543855951577545,-0.06275136043374863,train
2022-05-12,-0.5194485931893209,-0.9697239857140555,0.4502753925247346,train
2022-05-13,-1.1824260219015426,-0.8110299837299569,-0.3713960381715856,train
2022-05-16,-1.2669138879558353,-1.0482469723322532,-0.2186669156235821,train
2022-05-17,-0.8275541317367671,-1.1076060316057874,0.28005189986902035,train
2022-05-18,-1.2377256477280951,-1.0055290821042229,-0.23219656562387225,train
2022-05-19,-0.9023667097682048,-1.0726490415203682,0.17028233175216345,train
2022-05-20,-1.3331154409849488,-1.002579691316758,-0.3305357496681909,train
2022-05-23,-0.8910714687087159,-1.1222080036904638,0.2311365349817479,train
2022-05-24,-0.716908869425075,-0.9904358168768321,0.2735269474517571,train
2022-05-25,-1.21357428189622,-0.9690649021840921,-0.24450937971212794,train
2022-05-26,-1.3685131722397894,-1.0452441353634045,-0.32326903687638486,train
2022-05-27,-1.1903338680329605,-1.1342472640005608,-0.056086604032399734,train
2022-05-30,-1.639048399838815,-1.0854916677211364,-0.5535567321176786,train
2022-05-31,-0.8585032304273374,-1.2623909648744784,0.403887734447141,train
2022-06-01,-1.162392181904663,-1.1070467102209711,-0.05534547168369186,train
2022-06-02,-1.5580563420035116,-1.1834763030346185,-0.37458003896889314,train
2022-06-03,-1.649914894644736,-1.2884932576307846,-0.36142163701395136,train
2022-06-06,-1.6448933025048973,-1.461780793000115,-0.1831125095047823,train
2022-06-07,-1.532532701918893,-1.364960251920776,-0.16757244999811705,train
2022-06-08,-1.5467651016739958,-1.4063595791607144,-0.14040552251328142,train
2022-06-09,-0.2722273165812215,-1.45368219219484,1.1814548756136185,train
2022-06-10,-0.72275783076415,-0.9824617672778981,0.2597039365137481,train
2022-06-13,-0.7818102166545201,-1.0987284430808395,0.3169182264263194,train
2022-06-14,-0.9587146962388566,-0.9671012126228504,0.008386516383993792,train
2022-06-15,0.0924082756787179,-0.9584108711909082,1.050819146869626,train
2022-06-16,-0.2190571885125198,-0.5174776991105423,0.29842051059802255,train
2022-06-17,-0.6715408748238011,-0.6009813179655265,-0.07055955685827464,train
2022-06-20,-1.4687576216964715,-0.7146286192793116,-0.7541290024171599,train
2022-06-21,-1.2884672216962243,-0.9912080516452428,-0.29725917005098146,train
2022-06-22,-1.0856803395674954,-0.9687134921620388,-0.1169668474054566,train
2022-06-23,-0.585597802617269,-1.0488836608346137,0.4632858582173447,train
2022-06-24,-1.0593622014815418,-0.9212425232770017,-0.13811967820454008,train
2022-06-27,-1.4648800471228114,-1.1276750965979925,-0.3372049505248189,train
2022-06-28,-1.2940408254126388,-1.1766061620836135,-0.1174346633290253,train
2022-06-29,-1.181463988521359,-1.1495128539478796,-0.03195113457347931,train
2022-06-30,-0.9247780634162356,-1.1278865692335682,0.20310850581733264,train
2022-07-01,-1.0346822674238974,-1.1025556606129205,0.06787339318902319,train
2022-07-04,-1.684537531773262,-1.0855325332985797,-0.5990049984746824,train
2022-07-05,-0.7152641028862818,-1.3419567096806209,0.626692606794339,train
2022-07-06,-0.6904320379308104,-0.9834838021182412,0.29305176418743073,train
2022-07-07,-0.8894727192554757,-0.907518360694699,0.01804564143922338,train
2022-07-08,-0.4247529704735009,-0.9603607734726337,0.5356078029991328,train
2022-07-11,-1.0029816596209828,-0.771681124353728,-0.2313005352672548,train
2022-07-12,-0.8535072978098691,-0.8761093125516122,0.02260201474174306,train
2022-07-13,0.0953423992065498,-0.8621545368603711,0.957496936066921,train
2022-07-14,-0.3362104729578128,-0.4947964331709671,0.1585859602131543,train
2022-07-15,-0.7614152529339483,-0.5998101158843716,-0.16160513704957669,train
2022-07-18,-1.0270260353139569,-0.7941313157450168,-0.23289471956894003,train
2022-07-19,-0.4767232142631967,-0.8403160480707756,0.36359283380757895,train
2022-07-20,-0.6081531295269385,-0.6416264501072609,0.033473320580322485,train
2022-07-21,-0.0256631804198614,-0.7437041313038335,0.7180409508839721,train
2022-07-22,-0.41360112157446,-0.5213289056263697,0.10772778405190969,train
2022-07-25,-0.9123174096398782,-0.6318407457719077,-0.28047666386797043,train
2022-07-26,-0.8583256062769526,-0.7734180128870606,-0.08490759338989207,train
2022-07-27,-0.2968752617724277,-0.7388650353713819,0.44198977359895425,train
2022-07-28,-0.4084595249020565,-0.5776518638154682,0.16919233891341168,train
2022-07-29,-0.4947460471570543,-0.6048059021205279,0.11005985496347359,train
2022-08-01,-0.9921198546345252,-0.6274954319779101,-0.3646244226566151,train
2022-08-02,-0.7021677837196364,-0.7748353448223061,0.0726675611026697,train
2022-08-03,-0.8738063819672028,-0.6804462113885372,-0.1933601705786656,train
2022-08-04,-1.1073962310352945,-0.781703555132289,-0.32569267590300555,train
2022-08-05,-0.6886951190568922,-0.8935340881017628,0.20483896904487064,train
2022-08-08,-1.4095600712532368,-0.9700187447581065,-0.43954132649513034,train
2022-08-09,-1.6995650569632976,-1.0276534712169536,-0.671911585746344,train
2022-08-10,-0.2991779701365116,-1.2449801323919443,0.9458021622554327,train
2022-08-11,-1.237407939287569,-0.8380572892255953,-0.3993506500619737,train
2022-08-12,-1.3335858253452997,-1.0328257093149809,-0.3007601160303188,train
2022-08-15,-1.493469423088768,-1.207692838277536,-0.2857765848112319,train
2022-08-16,-1.2725277254036012,-1.178443235656192,-0.09408448974740913,train
2022-08-17,-1.1479081827064928,-1.10541580488653,-0.042492377819962845,train
2022-08-18,-1.274673268746598,-1.1610074563525101,-0.1136658123940879,train
2022-08-19,-1.5219830589841388,-1.1793666288084546,-0.3426164301756842,train
2022-08-22,-1.2758586268590828,-1.2742841956217248,-0.0015744312373580094,train
2022-08-23,-0.630099543322749,-1.2130594382144213,0.5829598948916723,train
2022-08-24,-0.8682878867099965,-1.0029661986577632,0.1346783119477667,train
2022-08-25,-0.8318602919172295,-1.0911182717437409,0.25925797982651133,train
2022-08-26,-0.1868839256255972,-0.9790228096627597,0.7921388840371625,train
2022-08-29,-0.8071168314609225,-0.6965283524476694,-0.11058847901325308,train
2022-08-30,-0.638970590005665,-0.8276551525203838,0.18868456251471877,train
2022-08-31,-0.6839452249844207,-0.784269560383399,0.10032433539897834,train
2022-09-01,-0.7235329197912502,-0.773748276706556,0.050215356915305764,train
2022-09-02,-0.6994035082057655,-0.8300737466054708,0.13067023839970537,train
2022-09-05,-0.9836770724635158,-0.8443625933159563,-0.13931447914755946,train
2022-09-06,-0.8086632320586525,-0.9131560441681754,0.10449281210952288,train
2022-09-07,-0.7757379676027331,-0.8656211149756086,0.0898831473728755,train
2022-09-08,-0.3352150862532455,-0.8544033936688659,0.5191883074156204,train
2022-09-09,-0.6257238608981557,-0.6958178448104417,0.07009398391228605,train
2022-09-12,-0.5033744835547246,-0.7737739032298346,0.27039941967511005,train
2022-09-13,0.2043306125972821,-0.6955872769696715,0.8999178895669536,train
2022-09-14,-0.9219789725692074,-0.31426588391135163,-0.6077130886578557,train
2022-09-15,-1.3536861780151788,-0.7136237241752764,-0.6400624538399023,train
2022-09-16,-0.7860303927843595,-0.9268577863393304,0.14082739355497087,train
2022-09-19,-1.3436928019068863,-0.7819985230619899,-0.5616942788448964,train
2022-09-20,-1.0848300526292962,-0.9977527035557212,-0.087077349073575,train
2022-09-21,-0.006963960808788,-1.0065779157356352,0.9996139549268471,train
2022-09-22,-0.4873699526283219,-0.6220803304977582,0.13471037786943635,train
2022-09-23,-0.3361951999753844,-0.6924617330781195,0.35626653310273515,train
2022-09-26,0.8504574035278203,-0.6152764736420593,1.4657338771698796,train
2022-09-27,-0.3011418695692767,0.08164280993553386,-0.38278467950481054,train
2022-09-28,0.1880448349805287,-0.3454649019079328,0.5335097368884615,train
2022-09-29,0.0621074544856902,-0.17482239481991274,0.23692984930560296,train
2022-09-30,-0.162445789111242,-0.1587540535816408,-0.0036917355296011978,train
2022-10-03,-0.2422337604641707,-0.20485455785116122,-0.03737920261300948,train
2022-10-04,-0.5671643593621231,-0.31587844195860276,-0.2512859174035203,train
2022-10-05,-0.5818134030441396,-0.42268742749763283,-0.15912597554650681,train
2022-10-06,-0.6783557923464953,-0.5099464562034304,-0.16840933614306497,train
2022-10-07,-0.49995958159535,-0.5669348679146564,0.06697528631930644,train
2022-10-10,-0.6154267626317608,-0.5587416021905641,-0.05668516044119665,train
2022-10-11,-0.6199880639207289,-0.6335853427138392,0.013597278793110235,train
2022-10-12,-0.4466793827782446,-0.6175120248764578,0.17083264209821325,train
2022-10-13,0.5344005011237605,-0.5815517232247421,1.1159522243485025,train
2022-10-14,-0.2993103047256805,-0.005280732161178706,-0.2940295725645018,train
2022-10-17,-0.5804891464814967,-0.3932367034286847,-0.18725244305281202,train
2022-10-18,-0.6360778704636998,-0.462725645592141,-0.17335222487155877,train
2022-10-19,-0.8426924017020274,-0.46857157680942985,-0.37412082489259757,train
2022-10-20,-0.5845555356287769,-0.5562788468012275,-0.028276688827549412,train
2022-10-21,0.119050712757039,-0.5717084449333545,0.6907591576903935,train
2022-10-24,-0.088895716154714,-0.3325136136849358,0.2436178975302218,train
2022-10-25,-0.7729784425734926,-0.35479273178021403,-0.41818571079327854,train
2022-10-26,-0.71068942332483,-0.5747917315209077,-0.1358976918039223,train
2022-10-27,-0.4413481163704855,-0.5514216896018296,0.11007357323134409,train
2022-10-28,-0.7692177610434073,-0.4654969723984297,-0.30372078864497765,train
2022-10-31,-1.0366469727179006,-0.6508940820783146,-0.38575289063958607,train
2022-11-01,-0.9088992241439918,-0.7984554929127273,-0.1104437312312645,train
2022-11-02,0.0934981110664256,-0.8285702487621158,0.9220683598285414,train
2022-11-03,-0.862340792546814,-0.4077830397751924,-0.4545577527716215,train
2022-11-04,-0.2934148396456517,-0.7346666984330732,0.4412518587874215,train
2022-11-07,-0.5415547579803506,-0.5408059332847699,-0.0007488246955806854,train
2022-11-08,-0.9036780772353104,-0.5695420241398842,-0.33413605309542616,train
2022-11-09,-0.5948450649683243,-0.6917274009118587,0.09688233594353435,train
2022-11-10,0.8916616450068034,-0.6652424968318066,1.55690414183861,train
2022-11-11,-0.5327186256276574,0.2859424346109632,-0.8186610602386206,train
2022-11-14,-0.5159395293966612,-0.4771078152297933,-0.038831714166867926,train
2022-11-15,0.5039910392094907,-0.4847081563270871,0.9886991955365778,train
2022-11-16,-0.3988024005315261,-0.016640355359643852,-0.38216204517188224,train
2022-11-17,-0.6850634487019273,-0.31500588702253773,-0.3700575616793895,train
2022-11-18,-0.9893869676126752,-0.5355332926708167,-0.45385367494185846,train
2022-11-21,-1.0662307406309064,-0.6367441279463787,-0.4294866126845277,train
2022-11-22,-1.2771233148952523,-0.7098220777720324,-0.5673012371232199,train
2022-11-23,-0.7435988740263964,-0.9376292026672242,0.1940303286408278,train
2022-11-24,-1.261707648106207,-0.8628859854737962,-0.3988216626324108,train
2022-11-25,-1.2807278380519942,-1.0214516938181581,-0.25927614423383605,train
2022-11-28,-0.6960698577569631,-1.043939905095556,0.34787004733859295,train
2022-11-29,-0.5908789213605501,-0.8543532183712904,0.2634742970107403,train
2022-11-30,-0.3222076284489222,-0.7864822084518113,0.46427458000288907,train
2022-12-01,-0.3017793604088981,-0.6665028998081414,0.3647235393992433,train
2022-12-02,0.0478935296583522,-0.567714073056096,0.6156076027144483,train
2022-12-05,-0.6203187512375087,-0.3417038665219705,-0.2786148847155382,train
2022-12-06,-1.033580184944373,-0.5633724226613305,-0.4702077622830426,train
2022-12-07,-0.8766793322242739,-0.6944532122415967,-0.18222611998267713,train
2022-12-08,-1.3269474241000787,-0.7045106011679915,-0.6224368229320872,train
2022-12-09,-1.1477708543948577,-0.9204841855854673,-0.2272866688093904,train
2022-12-12,-1.3399542483947784,-0.9979058193121562,-0.34204842908262223,train
2022-12-13,-0.2540227528291551,-1.111679245809196,0.8576564929800409,train
2022-12-14,-0.4928113516025123,-0.7803999493945352,0.28758859779202284,train
2022-12-15,-0.3259934227032188,-0.8048111969164777,0.47881777421325894,train
2022-12-16,-1.0619609301315047,-0.679240720990215,-0.3827202091412897,train
2022-12-19,-1.1957641456782246,-0.8677819532095101,-0.3279821924687145,train
2022-12-20,-0.6670360649134264,-0.9042569307260453,0.23722086581261892,train
2022-12-21,-1.371607087748195,-0.7888054113120847,-0.5828016764361102,train
2022-12-22,-1.1856878117572518,-1.0340685341262938,-0.15161927763095795,train
2022-12-23,-1.4775470549663432,-1.0973593352406588,-0.38018771972568444,train
2022-12-26,-2.542914338792232,-1.211440881983635,-1.331473456808597,train
2022-12-27,-1.6029142296199044,-1.736548155880651,0.13363392626074666,train
2022-12-28,-1.7486611296266807,-1.3999820757500734,-0.34867905387660736,train
2022-12-29,-1.6024481791297016,-1.4916662027468515,-0.11078197638285014,train
2022-12-30,-1.0263678383364427,-1.5432161878842792,0.5168483495478364,train
2023-01-02,-1.4599182527982917,-1.3087259422315318,-0.15119231056675986,train
2023-01-03,-0.6770417678050435,-1.3956929276870111,0.7186511598819676,train
2023-01-04,-0.8765773316229277,-1.0689670423211886,0.19238971069826083,train
2023-01-05,-0.9552039829936628,-1.099483313745667,0.14427933075200416,train
2023-01-06,-0.4345700455566802,-1.0360878054610492,0.601517759904369,train
2023-01-09,-1.2643932041157468,-0.8530924329278992,-0.4113007711878477,train
2023-01-10,-1.430888672068298,-1.0294857642112218,-0.4014029078570762,train
2023-01-11,-1.4222555961400882,-1.1808973232191575,-0.2413582729209307,train
2023-01-12,-0.3447687784243877,-1.2181136396699856,0.873344861245598,train
2023-01-13,-1.2054092458520738,-0.8704185374075013,-0.33499070844457246,train
2023-01-16,-1.783744743413025,-1.1640582500669023,-0.6196864933461226,train
2023-01-17,-0.8793761897996284,-1.3486856595531425,0.46930946975351406,train
2023-01-18,-0.7335750357813101,-1.098271545697496,0.36469650991618596,train
2023-01-19,-1.335576879070832,-0.9732736043994474,-0.36230327467138457,train
2023-01-20,-1.547351822404167,-1.2135950694656776,-0.3337567529384893,train
2023-01-23,-1.316778484125759,-1.301808180999326,-0.014970303126432993,train
2023-01-24,-1.4499515231835949,-1.2234150909325143,-0.22653643225108056,train
2023-01-25,-1.2694825188155088,-1.3441006333661414,0.07461811455063261,train
2023-01-26,-1.473580791514861,-1.3118486327419208,-0.16173215877294034,train
2023-01-27,-1.4789982291407373,-1.3558312749632884,-0.12316695417744894,train
2023-01-30,-1.6491616466545718,-1.364935625909295,-0.2842260207452767,train
2023-01-31,-1.4344275471442445,-1.4266628013171472,-0.007764745827097297,train
2023-02-01,-0.966530029265008,-1.396751344285034,0.4302213150200259,train
2023-02-02,-0.5092361797966205,-1.3570122942607348,0.8477761144641143,train
2023-02-03,-0.209962427036692,-1.0045260803084515,0.7945636532717595,train
2023-02-06,-1.4938075736859713,-0.8385904956723231,-0.6552170780136481,train
2023-02-07,-0.7821711488177817,-1.1466799555106753,0.36450880669289354,train
2023-02-08,-1.4067494012203277,-0.9226499814421687,-0.48409941977815896,train
2023-02-09,-1.5157975723542876,-1.120294982312619,-0.39550259004166866,train
2023-02-10,-1.4434815758893895,-1.224832204586637,-0.21864937130275242,train
2023-02-13,-1.6816697323342098,-1.3433567471686279,-0.33831298516558195,train
2023-02-14,-0.5352515475110267,-1.4052108922612523,0.8699593447502256,train
2023-02-15,-1.3106897614805209,-1.088818803424291,-0.22187095805622992,train
2023-02-16,-1.519044836022741,-1.2917783065742923,-0.22726652944844883,train
2023-02-17,-1.3239366083819102,-1.3485599484454873,0.024623340063577137,train
2023-02-20,-2.504897869531943,-1.2835418925293431,-1.2213559770026,train
2023-02-21,-1.2366317306841328,-1.7330934182046709,0.4964616875205381,train
2023-02-22,-1.6396131377141283,-1.4742325494464006,-0.16538058826772772,train
2023-02-23,-2.0143689551487016,-1.652580275157018,-0.3617886799916836,train
2023-02-24,-1.6174728841165915,-1.709184326002627,0.09171144188603542,train
2023-02-27,-1.6889145816458602,-1.694306135075874,0.00539155343001374,train
2023-02-28,-1.2871268600438517,-1.751190999279339,0.4640641392354874,train
2023-03-01,-1.2720642842943235,-1.5237171636122282,0.2516528793179047,train
2023-03-02,-1.6196234440097852,-1.4444056952030404,-0.1752177488067448,train
2023-03-03,-1.8358005754420752,-1.5552909917436692,-0.28050958369840595,train
2023-03-06,-1.4304450172041416,-1.6376009557455546,0.207155938541413,train
2023-03-07,-0.4885389042725017,-1.6625770702245064,1.1740381659520047,train
2023-03-08,-2.1413962053174576,-1.290850661944943,-0.8505455433725146,train
2023-03-09,-1.7307175009464628,-1.6361632562797,-0.09455424466676288,train
2023-03-10,-0.9681838980233586,-1.570477206905664,0.6022933088823055,train
2023-03-14,-1.2135132716016237,-1.3591439458915584,0.1456306742899347,train
2023-03-15,0.0076129263857781,-1.3357403129739414,1.3433532393597194,train
2023-03-16,-0.9472802700427796,-0.8896716656599418,-0.05760860438283777,train
2023-03-17,-1.5530009376334857,-1.1259594223672353,-0.42704151526625034,train
2023-03-20,-1.1254610580569706,-1.2534708807013113,0.1280098226443407,train
2023-03-21,-1.8624741050348936,-1.1383628121554628,-0.7241112928794309,train
2023-03-22,-0.6863631829282836,-1.4373349386861758,0.7509717557578922,train
2023-03-23,-1.3543781920623852,-1.3101532811978163,-0.04422491086456892,train
2023-03-27,-1.6854037516091196,-1.3367886902934767,-0.3486150613156429,train
2023-03-28,-2.194777632691722,-1.4366758557534438,-0.7581017769382781,train
2023-03-29,-2.0867484984838884,-1.6788525249073232,-0.40789597357656526,train
2023-03-30,-1.3190627588743438,-1.6539684494125075,0.33490569053816377,train
2023-03-31,-1.5307626440885478,-1.7002211013389343,0.16945845725038655,train
2023-04-03,-1.822896774017646,-1.6058081340625798,-0.21708863995506622,train
2023-04-04,-0.5309501207121478,-1.7469634329139156,1.2160133122017678,train
2023-04-05,-1.786587926209385,-1.3200240008776616,-0.4665639253317233,train
2023-04-06,-2.1718247243438378,-1.493231541097388,-0.6785931832464498,train
2023-04-10,-2.031655609779276,-1.6508764931501254,-0.38077911662915076,train
2023-04-11,-1.971321441472201,-1.7324845610708834,-0.23883688040131745,train
2023-04-12,-0.8649700245640488,-1.717067773543869,0.8520977489798203,train
2023-04-14,-1.453790776827481,-1.689652043455125,0.23586126662764406,train
2023-04-18,-2.2798979649462265,-1.6993470021223944,-0.5805509628238321,train
2023-04-19,-1.84780755530552,-1.7459931913611282,-0.1018143639443918,train
2023-04-20,-1.910400227679947,-1.6959963152810882,-0.2144039123988588,train
2023-04-21,-1.358020051341841,-1.8685414194077432,0.5105213680659022,train
2023-04-25,-1.71177950191897,-1.677701060209942,-0.03407844170902807,train
2023-04-26,-1.5180725444516006,-1.794222917286896,0.2761503728352954,train
2023-04-27,-1.7138498173936367,-1.6748501244105807,-0.038999692983056056,train
2023-05-02,-1.1996369881558466,-1.6539934371863865,0.45435644903053984,train
2023-05-03,-1.5403720440210271,-1.6490411908035898,0.10866914678256268,train
2023-05-05,-1.3081941975174884,-1.6599506823354029,0.35175648481791444,train
2023-05-08,-2.1113398374694654,-1.4990997458358488,-0.6122400916336166,train
2023-05-09,-2.089892683416069,-1.9410504605064667,-0.14884222290960225,train
2023-05-10,-1.577789782827269,-1.8377025986094337,0.25991281578216485,train
2023-05-12,-2.0013516951326875,-1.8715237441442485,-0.12982795098843902,train
2023-05-15,-2.680548113360119,-2.064933051955018,-0.615615061405101,train
2023-05-16,-2.2459271412753528,-2.1242848429022905,-0.12164229837306229,train
2023-05-17,-2.164290898817276,-1.993931695753686,-0.1703592030635901,train
2023-05-18,-2.0667768059992837,-2.087324513228021,0.020547707228737444,train
2023-05-19,-1.3629360939645758,-2.1131187015848067,0.7501826076202309,train
2023-05-23,-1.7672564178683206,-1.9673887196955084,0.2001323018271879,train
2023-05-24,-1.4158400818034738,-1.8918556161567102,0.4760155343532364,train
2023-05-25,-2.0155783566366368,-1.865536703047426,-0.15004165358921084,train
2023-05-30,-1.725897575800121,-1.8178154926728345,0.09191791687271356,train
2023-06-01,-1.7181355287917044,-1.6727896491962106,-0.04534587959549374,train
2023-06-02,-1.9297061006210976,-1.8158638875618751,-0.11384221305922249,train
2023-06-05,-1.6868278287983618,-1.8528566830701334,0.1660288542717716,train
2023-06-06,-1.8720188132488824,-2.0276479031391936,0.1556290898903112,train
2023-06-07,-2.1453972683581557,-1.9082831439234056,-0.2371141244347501,train
2023-06-08,-2.092193855018626,-1.9618071531152137,-0.1303867019034124,train
2023-06-09,-2.6532670807917684,-2.153597062653535,-0.49967001813823364,train
2023-06-13,-1.5869097867978537,-2.130611711239301,0.5437019244414472,train
2023-06-14,-1.1748322154764292,-2.012377571134925,0.8375453556584957,train
2023-06-15,-0.8288856258993583,-1.9582088801671165,1.1293232542677583,train
2023-06-20,-1.8807319246364385,-1.5204527481367929,-0.3602791764996456,train
2023-06-21,-2.5819310992448163,-1.8399264189224984,-0.7420046803223179,train
2023-06-23,-1.486120701479782,-1.882822836884554,0.39670213540477217,train
2023-06-26,-2.456452550401797,-1.8792262529170922,-0.5772262974847049,train
2023-06-28,-2.140299488876254,-1.987088352344131,-0.15321113653212293,train
2023-06-30,-1.2831730103370018,-2.0253465961642396,0.7421735858272378,train
2023-07-03,-2.272106197411116,-2.0629684214700923,-0.20913777594102356,train
2023-07-05,-2.0790965376597765,-1.9721311496434784,-0.10696538801629818,train
2023-07-06,-1.5146972185230203,-1.9609498392725748,0.4462526207495545,train
2023-07-07,-1.3736898078115136,-1.7766856407432128,0.40299583293169916,train
2023-07-10,-1.88800014638468,-1.8283676762888477,-0.05963247009583239,train
2023-07-12,-1.1368793151531993,-2.1271312219247034,0.9902519067715041,train
2023-07-13,-2.101760307567682,-1.6297255549176985,-0.4720347526499835,train
2023-07-18,-1.5518536177942026,-1.7467238329525292,0.1948702151583266,train
2023-07-20,-1.8987006495880825,-1.6222239924564565,-0.27647665713162595,train
2023-07-24,-1.246533008756376,-1.8393483957656693,0.5928153870092934,train
2023-07-25,-2.2558870175150005,-1.7807795259301487,-0.4751074915848519,train
2023-07-26,-1.5287558857450518,-1.9512074629083311,0.4224515771632793,train
2023-07-27,-0.0278508592920968,-1.7898577185115594,1.7620068592194627,train
2023-07-28,-1.1588525825116998,-1.037767455102382,-0.12108512740931765,train
2023-07-31,-1.903906003765071,-1.3207100749172338,-0.5831959288478372,train
2023-08-01,-1.8055637082653364,-1.5584287058821085,-0.24713500238322794,train
2023-08-02,-1.5162431978739948,-1.5195834304061266,0.0033402325321318926,train
2023-08-03,-1.402928314089648,-1.4252884576787284,0.02236014358908034,train
2023-08-04,-1.408155642250623,-1.506218678814649,0.09806303656402604,train
2023-08-07,-2.212776732077638,-1.5574208296429064,-0.6553559024347315,train
2023-08-08,-2.1037211770073143,-1.7331306927372163,-0.370590484270098,train
2023-08-09,-2.044044913475219,-1.7581428672771944,-0.2859020461980246,train
2023-08-10,-1.541736126511791,-1.7943025057825972,0.25256637927080616,train
2023-08-11,-1.6890713004408104,-1.690191144893634,0.0011198444528235374,train
2023-08-14,-1.869411063581559,-1.8821375025352516,0.01272643895369252,train
2023-08-15,-1.550993668825775,-1.7530907275637875,0.20209705873801243,train
2023-08-16,-2.003597400102684,-1.6448567502015001,-0.3587406499011838,train
2023-08-17,-2.053930324074357,-1.7026982103500394,-0.3512321137243175,train
2023-08-18,-2.1116500000055094,-1.7920840046633502,-0.31956599534215924,train
2023-08-21,-2.336497768019058,-1.8129855884047454,-0.5235121796143127,train
2023-08-22,-2.054830574979361,-1.9313141640427476,-0.12351641093661336,train
2023-08-23,-1.0709850571727566,-1.9061078151659827,0.8351227579932261,train
2023-08-24,-2.1384469386132365,-1.8861296406378298,-0.2523172979754067,train
2023-08-25,-1.119291169987263,-1.8666461682566395,0.7473549982693766,train
2023-08-28,-2.460453719729019,-1.5883339058298902,-0.8721198138991286,train
2023-08-29,-1.117364870254034,-1.874341450555529,0.756976580301495,train
2023-08-30,-1.6699762601068735,-1.734882508296376,0.06490624818950241,train
2023-08-31,-1.650500446894566,-1.711334014440822,0.06083356754625591,train
2023-09-01,-1.035514670963199,-1.6320341128702607,0.5965194419070616,train
2023-09-04,-2.7470344310298267,-1.5805886939105505,-1.1664457371192762,train
2023-09-05,-1.9226182101464184,-1.9621019357794358,0.039483725633017386,train
2023-09-06,-1.6861626505236025,-1.7792540338671985,0.09309138334359601,train
2023-09-07,-2.12975964299778,-2.0154714195502335,-0.11428822344754641,train
2023-09-08,-2.297606877386426,-1.919227279479953,-0.37837959790647324,train
2023-09-11,-2.126640103871917,-2.0433239166554036,-0.08331618721651335,train
2023-09-12,-2.0246453454504785,-1.9255075720054642,-0.09913777344501429,train
2023-09-13,-1.7143974287420574,-1.9191665279436059,0.2047690992015485,train
2023-09-14,-1.1115654714254035,-1.887594997822655,0.7760295263972514,train
2023-09-15,-1.88545575882185,-1.7274044029098943,-0.15805135591195563,train
2023-09-18,-2.500367919361321,-1.9210204058723845,-0.5793475134889365,train
2023-09-19,-2.393122883583267,-1.9326220692775609,-0.4605008143057061,train
2023-09-20,-1.2296633271058397,-2.0054372997848144,0.7757739726789747,train
2023-09-21,-1.6543734218515789,-1.9373156765680732,0.28294225471649437,train
2023-09-22,-1.1919162630451516,-1.7366773749209508,0.5447611118757991,train
2023-09-25,-2.261409775915354,-1.8388263229101889,-0.4225834530051653,train
2023-09-26,-2.1275047449061084,-1.870952604494402,-0.2565521404117064,train
2023-09-27,-1.7161463325116135,-1.7636285017010822,0.04748216918946868,train
2023-09-28,-1.2962467285114845,-1.7046756902037263,0.40842896169224185,train
2023-09-29,-1.664261200757871,-1.5987205393856991,-0.06554066137217185,train
2023-10-02,-1.6963254897114752,-1.7384835942656673,0.04215810455419211,train
2023-10-03,-1.2620972864371165,-1.6856165356951678,0.4235192492580513,train
2023-10-04,-1.5293385161092656,-1.6078086500306634,0.07847013392139779,train
2023-10-05,-1.7504868091938588,-1.5446783807262827,-0.20580842846757608,train
2023-10-06,-0.6172517468596801,-1.6192100402321032,1.0019582933724231,train
2023-10-09,-1.8242485788557048,-1.3551243543367348,-0.46912422451896996,train
2023-10-10,-1.7519966396299946,-1.5860716816450926,-0.16592495798490203,train
2023-10-11,-1.623904422624579,-1.5468222262203555,-0.07708219640422342,train
2023-10-12,-1.3895234266720182,-1.565772293066777,0.17624886639475879,train
2023-10-13,-1.843311519672431,-1.7321671202805637,-0.11114439939186727,train
2023-10-16,-1.9288791319526304,-1.6548133315722846,-0.2740658003803458,train
2023-10-17,-1.4672489948655725,-1.6842940383836007,0.21704504351802822,train
2023-10-18,-1.8088391727589803,-1.7206460495767,-0.08819312318228034,train
2023-10-19,-1.0805861777739287,-1.671401061484766,0.5908148837108373,train
2023-10-20,-1.7009939351557024,-1.5646811353008068,-0.13631279985489564,train
2023-10-23,-1.820596882584416,-1.5979613176206369,-0.22263556496377923,train
2023-10-24,-1.5838598132478348,-1.5859455705886194,0.002085757340784644,train
2023-10-25,-2.1767095127305267,-1.5658964163639826,-0.6108130963665441,train
2023-10-26,-1.7864204118838745,-1.7367348654632906,-0.04968554642058387,train
2023-10-27,-1.473745704715998,-1.6918668512356607,0.21812114651966263,train
2023-10-30,-1.8942134392316443,-1.6259303270414354,-0.26828311219020895,train
2023-10-31,-1.2804991591855364,-1.733379111220661,0.45287995203512454,train
2023-11-01,-1.574993882656159,-1.6174821357968507,0.04248825314069182,train
2023-11-02,-1.8091637345824212,-1.5550393140381789,-0.25412442054424234,train
2023-11-03,-1.2268626042657431,-1.613404370897433,0.38654176663168993,train
2023-11-06,-2.21562745923888,-1.6973325085376318,-0.518294950701248,train
2023-11-07,-2.097578727027236,-1.7148333419075443,-0.3827453851196918,train
2023-11-08,-2.128762380138705,-1.7648957246821242,-0.3638666554565808,train
2023-11-09,-1.5270787423900871,-1.8407116642786199,0.31363292188853276,train
2023-11-10,-1.912436539045241,-1.8056258790787134,-0.1068106599665275,train
2023-11-13,-2.261509445678436,-1.8046954203276175,-0.4568140253508186,train
2023-11-14,-0.612724672281664,-1.9025768128669802,1.289852140585316,train
2023-11-15,-1.7896605675892303,-1.551880629197427,-0.23777993839180334,train
2023-11-16,-1.7193972122679593,-1.6534947076820599,-0.06590250458589941,train
2023-11-17,-1.7891288144608024,-1.7188752111726098,-0.07025360328819263,train
2023-11-20,-1.9193076641855091,-1.642798199444444,-0.2765094647410651,train
2023-11-21,-2.0374337173447867,-1.6794107496761939,-0.3580229676685929,train
2023-11-22,-1.6009994415528046,-1.7940483043172133,0.1930488627644087,train
2023-11-23,-2.461147389098292,-1.6984372573679434,-0.7627101317303484,train
2023-11-24,-2.2610787872757268,-2.17040633559154,-0.09067245168418658,train
2023-11-27,-2.2478747201790643,-1.9861832263818,-0.2616914937972643,train
2023-11-28,-1.7114031668332517,-1.9695051706250277,0.25810200379177606,train
2023-11-29,-1.693111004009836,-1.844824919330656,0.15171391532082001,train
2023-11-30,-1.3881638954751114,-1.8860385176733718,0.4978746221982604,train
2023-12-01,-1.5225901888522433,-1.6449174081901718,0.12232721933792856,train
2023-12-04,-1.7106213907666925,-1.6229640078779772,-0.08765738288871527,train
2023-12-05,-1.5572910915868294,-1.6268100418921456,0.06951895030531619,train
2023-12-06,-1.959322490593114,-1.762023247237547,-0.19729924335556692,train
2023-12-07,-1.7542701199666073,-1.6919247226360585,-0.06234539733054878,train
2023-12-08,-1.1807663440704343,-1.6838206707507428,0.5030543266803085,train
2023-12-11,-2.103619592517957,-1.6203269547225123,-0.48329263779544474,train
2023-12-12,-1.7363515155371427,-1.760426650245766,0.024075134708623214,train
2023-12-13,-0.888983096551001,-1.7326244630437104,0.8436413664927094,train
2023-12-14,-1.0722375060094207,-1.587442578261415,0.5152050722519943,train
2023-12-15,-1.3063151586299089,-1.3744076831011078,0.06809252447119896,train
2023-12-18,-2.255077396092152,-1.5480844538388194,-0.7069929422533325,train
2023-12-19,-2.0031615084599825,-1.6815560849199036,-0.3216054235400789,train
2023-12-20,-2.087845630357476,-1.7324900680873045,-0.3553555622701716,train
2023-12-21,-1.951165842163567,-1.7971000858167938,-0.1540657563467731,train
2023-12-22,-1.8506885530554749,-1.8446738692143572,-0.006014683841117696,train
2023-12-26,-2.554261753649642,-1.8127441437564067,-0.7415176098932355,train
2023-12-27,-2.0286057932480186,-2.1102041829901377,0.08159838974211908,train
2023-12-28,-1.514018965241693,-1.9941038990082718,0.4800849337665787,train
2023-12-29,-1.8421107326428932,-1.8131561135650405,-0.028954619077852684,train
2024-01-02,-1.8138621173372056,-1.813252227312166,-0.0006098900250395278,test
2024-01-03,-1.660627919254919,-1.7915658463335964,0.13093792707867746,test
2024-01-04,-2.116584570233878,-1.7203829124604906,-0.39620165777338734,test
2024-01-05,-0.977305834977685,-1.8392498918195042,0.8619440568418192,test
2024-01-08,-2.2165587921550376,-1.594463614321289,-0.6220951778337487,test
2024-01-09,-1.9650362237732084,-1.7978944827716217,-0.16714174100158674,test
2024-01-10,-2.2201324013677746,-1.7373283759097369,-0.4828040254580377,test
2024-01-11,-1.326648328452275,-1.9411813885173512,0.6145330600650762,test
2024-01-12,-1.835269445954572,-1.6342828539753107,-0.20098659197926128,test
2024-01-15,-2.6237440438105866,-1.8310775047804446,-0.792666539030142,test
2024-01-16,-1.5934719048734394,-2.0257964201952303,0.43232451532179095,test
2024-01-17,-1.9362482853556624,-1.7827858546994841,-0.15346243065617826,test
2024-01-18,-1.9157813362405536,-1.8191737529143257,-0.09660758332622787,test
2024-01-19,-2.268230389217509,-1.8727700374012095,-0.39546035181629935,test
2024-01-22,-2.219978989595345,-1.9804067842836677,-0.23957220531167733,test
2024-01-23,-2.1032285556333585,-1.9423976709356308,-0.16083088469772777,test
2024-01-24,-1.6237785731815155,-1.9674444284518384,0.3436658552703229,test
2024-01-25,-1.610297931609079,-1.8581242846305077,0.24782635302142864,test
2024-01-26,-1.9101990321556956,-1.8679119162477247,-0.04228711590797096,test
2024-01-29,-2.2477349774243267,-1.8350715067216044,-0.41266347070272236,test
2024-01-30,-2.2082179559123483,-1.9505698354232006,-0.25764812048914765,test
2024-01-31,-1.0328161312773168,-1.9402174350549093,0.9074013037775925,test
2024-02-01,-1.7941069946303618,-1.689816443825412,-0.10429055080494987,test
2024-02-02,-0.7173430471540683,-1.7343158280815087,1.0169727809274405,test
2024-02-05,-2.062141680088363,-1.6275597172821237,-0.4345819628062393,test
2024-02-06,-2.279385447393915,-1.7854303928674398,-0.49395505452647503,test
2024-02-07,-2.3930788084798373,-1.7905774395867116,-0.6025013688931258,test
2024-02-08,-2.512110346870262,-1.9683206041812016,-0.5437897426890606,test
2024-02-09,-2.289285729457,-2.066966566401456,-0.22231916305554433,test
2024-02-12,-2.5653846413001324,-2.189448419854731,-0.3759362214454014,test
2024-02-13,-0.7899282893598744,-2.2277733616778352,1.4378450723179608,test
2024-02-14,-2.45719220889285,-1.937267138671174,-0.5199250702216762,test
2024-02-15,-2.340031101158566,-2.078811142045972,-0.2612199591125943,test
2024-02-16,-2.0544773283701603,-2.20464425150197,0.15016692313180968,test
2024-02-19,-3.2196369794538557,-2.320149025354107,-0.8994879540997487,test
2024-02-20,-2.397402057610837,-2.29904833010081,-0.09835372751002724,test
2024-02-21,-2.604987964910066,-2.216985577481673,-0.3880023874283931,test
2024-02-22,-1.788198196366812,-2.3022486220340665,0.5140504256672545,test
2024-02-23,-2.568057561617725,-2.208340855463966,-0.3597167061537587,test
2024-02-26,-2.7072116001180957,-2.2997766692413713,-0.40743493087672444,test
2024-02-27,-2.688470783137677,-2.3250063970526083,-0.3634643860850688,test
2024-02-28,-2.6515338129985,-2.3807850633084424,-0.2707487496900578,test
2024-02-29,-2.2089943307219984,-2.34155334207911,0.1325590113571118,test
2024-03-01,-2.328056269577009,-2.2615673628287305,-0.06648890674827834,test
2024-03-04,-2.823782591789831,-2.30675597978136,-0.517026612008471,test
2024-03-05,-2.463617710063996,-2.426623116857829,-0.03699459320616727,test
2024-03-06,-2.785721373977104,-2.7821308061226064,-0.0035905678544976283,test
2024-03-07,-2.0430974178798147,-2.4314624943337373,0.3883650764539226,test
2024-03-08,-1.908379262467642,-2.264754340091284,0.35637507762364207,test
2024-03-11,-2.8545116901411838,-2.281738217785482,-0.5727734723557019,test
2024-03-12,-2.4321731500600348,-2.406438264378094,-0.0257348856819406,test
2024-03-13,-2.9920878515250484,-2.467853617664475,-0.5242342338605734,test
2024-03-14,-2.5371939254670663,-2.4278896238143313,-0.10930430165273508,test
2024-03-15,-2.926375976546214,-2.4009964786390827,-0.5253794979071311,test
2024-03-18,-3.227711576978124,-2.575858149174868,-0.651853427803256,test
2024-03-19,-3.058371393344875,-2.6865164443656186,-0.3718549489792564,test
2024-03-20,-1.6906904894866062,-2.699006212584528,1.0083157230979218,test
2024-03-21,-2.301341069941998,-2.4287910330405618,0.12744996309856393,test
2024-03-22,-2.7178758284055653,-2.4241242401762757,-0.2937515882292896,test
2024-03-25,-2.820727920552754,-2.4570269356789822,-0.36370098487377156,test
2024-03-26,-2.828120127834138,-2.5369453738581864,-0.2911747539759517,test
2024-03-27,-3.060299154729955,-2.444071666703593,-0.6162274880263623,test
2024-03-28,-2.2977856642698087,-2.643128954322195,0.3453432900523863,test
2024-03-29,-3.0405760083894093,-2.474117994016209,-0.5664580143732003,test
2024-04-01,-2.34295099147472,-2.871944198259307,0.5289932067845866,test
2024-04-02,-2.376476502029949,-2.9533228298111305,0.5768463277811815,test
2024-04-03,-2.376039156329417,-2.498108843713636,0.12206968738421908,test
2024-04-04,-2.6873056746417445,-2.5534547098075278,-0.13385096483421677,test
2024-04-05,-1.509330256508758,-2.4290882354691163,0.9197579789603583,test
2024-04-08,-2.7680511096021725,-2.3652486258319625,-0.40280248377021,test
2024-04-09,-2.824478624935878,-2.397607900787172,-0.4268707241487064,test
2024-04-10,-0.5136282686098731,-2.428301366995557,1.9146730983856837,test
2024-04-11,-1.6378589998951003,-1.8498166538137473,0.21195765391864696,test
2024-04-12,-2.0029443453739395,-1.9635004584203855,-0.03944388695355405,test
2024-04-15,-1.777920627050907,-2.0173748640761073,0.2394542370252004,test
2024-04-16,-1.6427338559981248,-1.9948987475668836,0.35216489156875874,test
2024-04-17,-1.8703384521512445,-1.682070691814142,-0.18826776033710257,test
2024-04-18,-2.3453564859477214,-1.8229567736942562,-0.5223997122534652,test
2024-04-19,-1.8120296764017048,-2.0438173580437207,0.2317876816420159,test
2024-04-22,-2.4098428347858167,-1.8502414883360756,-0.5596013464497411,test
2024-04-23,-1.4580636646873089,-2.0819785280619962,0.6239148633746874,test
2024-04-24,-2.382299667049137,-1.9855599325365003,-0.39673973451263667,test
2024-04-25,-1.9507775422487417,-2.103839167892972,0.15306162564423054,test
2024-04-26,-2.1646785432542064,-1.9977886000803842,-0.16688994317382222,test
2024-04-29,-2.1342683570150283,-2.053285700776893,-0.08098265623813505,test
2024-04-30,-1.725205936273272,-1.985809965790537,0.26060402951726513,test
2024-05-01,-1.6430019624403696,-2.0153652673385825,0.3723633048982129,test
2024-05-02,-1.8920975688924748,-1.8873681163345923,-0.004729452557882485,test
2024-05-03,-1.138564218095997,-1.8513500492292767,0.7127858311332798,test
2024-05-06,-3.0732787249775124,-1.9234113313236585,-1.149867393653854,test
2024-05-07,-2.698911401385176,-2.101425474356815,-0.597485927028361,test
2024-05-08,-3.0945467708411885,-2.1220152858610635,-0.972531484980125,test
2024-05-09,-2.491424375670532,-2.3543397141111404,-0.13708466155939147,test
2024-05-10,-2.7414722389473622,-2.6959711022672543,-0.04550113668010791,test
2024-05-13,-3.006039470251283,-2.529130098670139,-0.4769093715811441,test
2024-05-14,-2.453928960603898,-2.7810348727738434,0.32710591216994533,test
2024-05-15,-1.876262360654512,-2.544296584470753,0.6680342238162409,test
2024-05-16,-2.805858472504587,-2.5507854112294646,-0.25507306127512264,test
2024-05-17,-2.82954140109956,-2.4299642398513535,-0.39957716124820664,test
2024-05-20,-3.1610946697351245,-2.4479330318058334,-0.7131616379292911,test
2024-05-21,-2.833934297307722,-2.510656322679391,-0.32327797462833097,test
2024-05-22,-2.7113387478920816,-2.608489568903449,-0.10284917898863277,test
2024-05-23,-2.1038930130593063,-2.5297038634170588,0.42581085035775246,test
2024-05-24,-3.125469107706012,-2.618411312019762,-0.5070577956862499,test
2024-05-27,-2.959941699450773,-2.606959636768886,-0.35298206268188714,test
2024-05-28,-3.005628799798194,-2.7434836214301823,-0.26214517836801177,test
2024-05-29,-2.325914544141728,-2.6476912590787522,0.3217767149370241,test
2024-05-30,-2.652741481658407,-2.500682646149226,-0.1520588355091812,test
2024-05-31,-2.3404139123499497,-2.6412599649032575,0.3008460525533079,test
2024-06-03,-2.358173473808867,-2.4968800653347096,0.13870659152584253,test
2024-06-04,-2.587196673120069,-2.6748532928773234,0.08765661975725436,test
2024-06-05,-2.4240074131235505,-2.4339273843448206,0.009919971221270085,test
2024-06-06,-2.3941482345615968,-2.7758199708065288,0.381671736244932,test
2024-06-07,-1.0423788848167497,-2.627714097064629,1.5853352122478792,test
2024-06-10,-2.426808945294164,-2.281594478025119,-0.14521446726904497,test
2024-06-11,-2.2873077911368696,-2.196339624797488,-0.09096816633938154,test
2024-06-12,-1.0091356090877428,-2.219289343287497,1.2101537341997541,test
2024-06-13,-1.9376681988407485,-2.0074073448464835,0.06973914600573505,test
2024-06-14,-1.9451513334283488,-2.100445146748591,0.1552938133202424,test
2024-06-17,-2.4722386580381475,-1.9567715769029985,-0.5154670811351489,test
2024-06-18,-2.240139890368866,-2.124729937405994,-0.11540995296287182,test
2024-06-19,-2.944633022192221,-2.1620075102758025,-0.7826255119164185,test
2024-06-20,-2.467495112445968,-2.430614405103344,-0.03688070734262405,test
2024-06-21,-1.88692533063642,-2.285852183139421,0.3989268525030012,test
2024-06-24,-2.733880046164724,-2.3640570324236396,-0.3698230137410845,test
2024-06-25,-2.8508159118335783,-2.36415189822629,-0.4866640136072884,test
2024-06-26,-2.359027240524618,-2.448051768332631,0.08902452780801262,test
2024-06-27,-2.473887395244481,-2.2784706486106097,-0.19541674663387143,test
2024-06-28,-2.221575369067937,-2.452844539992622,0.2312691709246848,test
2024-07-01,-2.1154368462414337,-2.2928449305290726,0.17740808428763888,test
2024-07-02,-2.597581269078728,-2.1616470322868553,-0.4359342367918728,test
2024-07-03,-2.274933148161246,-2.303692944914363,0.02875979675311724,test
2024-07-04,-3.325550887608879,-2.297891549824381,-1.027659337784498,test
2024-07-05,-2.350686646918031,-2.5555426852886103,0.20485603837057909,test
2024-07-08,-2.461842132930715,-2.4954336276429117,0.03359149471219647,test
2024-07-09,-2.921312409766522,-2.5000703139879024,-0.4212420957786196,test
2024-07-10,-3.3768168555545564,-2.533749024822493,-0.8430678307320632,test
2024-07-11,-1.4330471516067371,-2.7567509931966185,1.3237038415898814,test
2024-07-12,-2.792975746251868,-2.489459774255808,-0.30351597199606006,test
2024-07-15,-2.6777368608852683,-2.481570206171771,-0.19616665471349748,test
2024-07-16,-2.7382568193210237,-2.441926490257729,-0.2963303290632946,test
2024-07-17,-2.599733116180695,-2.6115207391398894,0.011787622959194444,test
2024-07-18,-2.912722523729348,-2.389537570588441,-0.5231849531409067,test
2024-07-19,-2.907353520044062,-2.5899938319105065,-0.31735968813355564,test
2024-07-22,-2.910088741065776,-2.592946261412297,-0.31714247965347875,test
2024-07-23,-2.860247045537932,-2.573024104437808,-0.2872229411001239,test
2024-07-24,-2.673810396091399,-2.613087064279833,-0.06072333181156564,test
2024-07-25,-2.321814944475933,-2.706008679959594,0.3841937354836613,test
2024-07-26,-2.9089448858866005,-2.5327362337151413,-0.37620865217145916,test
2024-07-29,-2.8431764739581418,-2.6447191633379608,-0.19845731062018102,test
2024-07-30,-2.730389899884518,-2.6180130466013107,-0.11237685328320746,test
2024-07-31,-2.039110184229418,-2.6272170141485724,0.5881068299191545,test
2024-08-01,-2.00384720149181,-2.303343344290636,0.2994961427988261,test
2024-08-02,-1.4983089383829458,-2.3442174509319993,0.8459085125490535,test
2024-08-05,-0.8998655526047304,-2.1654399027725555,1.265574350167825,test
2024-08-06,-2.170097443866349,-1.653036929938808,-0.5170605139275413,test
2024-08-07,-2.480295051366712,-1.9377779563741782,-0.542517094992534,test
2024-08-08,-2.108750564698952,-2.0281582155546616,-0.08059234914429059,test
2024-08-09,-3.062041407802222,-2.1000185095108534,-0.9620228982913686,test
2024-08-12,-2.873125725130022,-2.337740533812707,-0.5353851913173151,test
2024-08-13,-2.476829853227076,-2.475513354890558,-0.001316498336517924,test
2024-08-14,-2.173873080034644,-2.5346355282562305,0.3607624482215863,test
2024-08-15,-1.6890814261199036,-2.395047827841242,0.7059664017213385,test
2024-08-16,-3.069673992857569,-2.6947148047428273,-0.3749591881147416,test
2024-08-19,-2.502063819189229,-2.479246803782785,-0.022817015406443986,test
2024-08-20,-2.5303321571218773,-2.3443949738372742,-0.18593718328460307,test
2024-08-21,-1.957998935723658,-2.3086888837372643,0.3506899480136063,test
2024-08-22,-2.02071184490973,-2.2205576643656477,0.19984581945591762,test
2024-08-23,-1.354747117391082,-2.309550061625475,0.9548029442343933,test
2024-08-26,-2.5169465953712384,-2.1419261529535802,-0.3750204424176582,test
2024-08-27,-2.4757738680183823,-2.1396281734077327,-0.3361456946106496,test
2024-08-28,-2.001029827457172,-2.1182017962726314,0.11717196881545933,test
2024-08-29,-1.3759463631647346,-1.962214062914814,0.5862676997500793,test
2024-08-30,-2.060207600070602,-2.0312486409967296,-0.02895895907387258,test
2024-09-02,-2.721332613928293,-2.005017096086252,-0.7163155178420411,test
2024-09-03,-2.227797277569928,-2.1867084904277796,-0.041088787142148586,test
2024-09-04,-2.064230681790056,-2.086068669426732,0.02183798763667566,test
2024-09-05,-2.042132183669528,-2.206274598253996,0.1641424145844681,test
2024-09-06,-1.2278426505505893,-2.19311531459631,0.9652726640457208,test
2024-09-09,-2.453005794805785,-1.863330670463792,-0.5896751243419929,test
2024-09-10,-2.78416120204685,-2.0846580926538785,-0.6995031093929716,test
2024-09-11,-1.9906226642917155,-2.2432770893027953,0.2526544250110798,test
2024-09-12,-2.08983484010253,-2.1046421686120063,0.014807328509476303,test
2024-09-13,-2.82168147621258,-2.0494531919754193,-0.7722282842371606,test
2024-09-16,-2.6067072569761103,-2.3189663797491686,-0.28774087722694164,test
2024-09-17,-2.409235559546771,-2.3386846061565363,-0.07055095339023465,test
2024-09-18,-1.0268083428487194,-2.293632008985255,1.2668236661365355,test
2024-09-19,-1.6665673611739844,-1.871085820923337,0.20451845974935257,test
2024-09-20,-2.277133667923897,-1.8708863625316121,-0.40624730539228504,test
2024-09-23,-1.773391199181602,-1.9911715700685004,0.2177803708868984,test
2024-09-24,-2.359132123709728,-1.9376023981374608,-0.4215297255722672,test
2024-09-25,-2.0410582031974256,-1.9704627047223395,-0.07059549847508606,test
2024-09-26,-1.4033917215813156,-1.994016648479802,0.5906249268984864,test
2024-09-27,-1.6160505100393203,-1.7939775475001816,0.17792703746086125,test
2024-09-30,-1.4966811019252464,-1.7932704773683126,0.2965893754430662,test
2024-10-01,-1.8044235342172004,-1.7269214288177457,-0.07750210539945468,test
2024-10-02,-2.209504789844712,-1.7644988738500516,-0.44500591599466066,test
2024-10-03,-2.3539584078790368,-1.8395120705018986,-0.5144463373771382,test
2024-10-04,-1.0894568181453488,-1.9820896292314705,0.8926328110861217,test
2024-10-07,-2.221667219185705,-2.0057733778338878,-0.21589384135181744,test
2024-10-08,-2.519698515658367,-1.9395273604710084,-0.5801711551873587,test
2024-10-09,-2.4984199365115263,-2.0767221167522045,-0.42169781975932175,test
2024-10-10,-1.8122356319634256,-2.133801572014727,0.32156594005130157,test
2024-10-11,-2.2520960555434955,-2.024914470883714,-0.22718158465978133,test
2024-10-14,-2.604694643743843,-2.448789091151762,-0.15590555259208116,test
2024-10-15,-2.64400227029998,-2.2602156969712923,-0.3837865733286878,test
2024-10-16,-2.720311205261885,-2.233283330568553,-0.48702787469333186,test
2024-10-17,-1.7321853433097516,-2.2812495674603857,0.549064224150634,test
2024-10-18,-2.8229613446451616,-2.17185131559149,-0.6511100290536715,test
2024-10-21,-3.011778659615816,-2.4075457713719133,-0.6042328882439025,test
2024-10-22,-2.6657398857233106,-2.4213734739479036,-0.24436641177540697,test
2024-10-23,-2.605619546602844,-2.3985452151951385,-0.20707433140770526,test
2024-10-24,-2.125016438699124,-2.3747762073423027,0.2497597686431785,test
2024-10-25,-2.7456102800887265,-2.5724302372049888,-0.17318004288373778,test
2024-10-28,-2.720373097200916,-2.4798737575887344,-0.24049933961218173,test
2024-10-29,-2.012805099859698,-2.351789994467387,0.33898489460768877,test
2024-10-30,-1.7103406279171811,-2.195071342899326,0.4847307149821447,test
2024-10-31,-2.0826465067577984,-2.203837360145197,0.12119085338739843,test
2024-11-01,-1.651674226057548,-2.1663123382799774,0.5146381122224293,test
2024-11-04,-2.147249430782293,-2.231622221260853,0.08437279047856006,test
2024-11-05,-2.8019927556142585,-1.96319350031216,-0.8387992553020986,test
2024-11-06,0.0003827795809855,-2.2887857513639855,2.289168530944971,test
2024-11-07,-0.9959566813635796,-1.2924486651106712,0.2964919837470916,test
2024-11-08,-1.5970236272505132,-1.5040996069431882,-0.09292402030732494,test
2024-11-11,-1.6542363915313596,-1.6189416295855716,-0.035294761945787956,test
2024-11-12,-1.9254352985072156,-1.6088480034960047,-0.31658729501121097,test
2024-11-13,-1.137236367197137,-1.5801803250131738,0.4429439578160368,test
2024-11-14,-1.1801466156600635,-1.4985805799879643,0.31843396432790083,test
2024-11-15,-1.271232211787166,-1.500404263802173,0.22917205201500712,test
2024-11-18,-1.8983553736495369,-1.5234894243458044,-0.3748659493037325,test
2024-11-19,-1.2029781429376845,-1.6536579857186218,0.4506798427809373,test
2024-11-20,-1.741995388338316,-1.5137550230715417,-0.22824036526677416,test
2024-11-21,-1.3477545886955575,-1.581575261197205,0.2338206725016474,test
2024-11-22,0.1655808397557359,-1.5076394585286452,1.6732202982843811,test
2024-11-25,-0.9604178339248212,-0.8464549472654708,-0.1139628866593504,test
2024-11-26,-0.7217000955645657,-1.1294682447823943,0.40776814921782856,test
2024-11-27,-1.0069721650033203,-1.003748168886157,-0.003223996117163397,test
2024-11-28,-1.8703895126922456,-1.02491274598898,-0.8454767667032657,test
2024-11-29,-1.3879917673138271,-1.305596612045015,-0.08239515526881203,test
2024-12-02,-0.9671654995891018,-1.2677137289713407,0.3005482293822389,test
2024-12-03,-1.5313576452006297,-1.1804423173688101,-0.35091532783181956,test
2024-12-04,-1.3772698626590103,-1.3606397487313855,-0.016630113927624812,test
2024-12-05,-1.5109064887262018,-1.3482882506842337,-0.16261823804196807,test
2024-12-06,-1.0643074651291635,-1.3522530919421485,0.28794562681298497,test
2024-12-09,-1.8037344232043304,-1.3165706707046847,-0.4871637524996457,test
2024-12-10,-1.9503449381336204,-1.486225180940467,-0.46411975719315346,test
2024-12-11,-1.484823475443367,-1.547528402996014,0.062704927552647,test
2024-12-12,-1.424564524550315,-1.4688239293503185,0.044259404800003566,test
2024-12-13,-1.7598001742475606,-1.4181364026579892,-0.3416637715895714,test
2024-12-16,-1.6207843417623782,-1.6256243926348577,0.004840050872479518,test
2024-12-17,-2.03123912447132,-1.5192201044233995,-0.5120190200479207,test
2024-12-18,-0.4826834762891603,-1.716980140741105,1.2342966644519446,test
2024-12-19,-1.1610536501918365,-1.2178465236158127,0.05679287342397621,test
2024-12-20,-1.3180169184372983,-1.2765404113716579,-0.04147650706564043,test
2024-12-23,-1.7423166040037166,-1.302341420748764,-0.43997518325495255,test
2024-12-24,-2.1677852294868063,-1.421589788753489,-0.7461954407333173,test
2024-12-26,-2.65428014610052,-1.5645753507401179,-1.0897047953604022,test
2024-12-27,-2.1820336421610858,-1.9964037633362894,-0.1856298788247963,test
2024-12-30,-1.4076074025871146,-1.8770142573425748,0.4694068547554602,test
2024-12-31,-1.9443111774237407,-1.7411545676856668,-0.20315660973807392,test
2025-01-02,-0.828413095454152,-1.8203054863581998,0.9918923909040478,test
2025-01-03,-1.9371563206787796,-1.5037086166234397,-0.43344770405533994,test
2025-01-06,-0.3329904155270171,-1.6567593432201577,1.3237689276931406,test
2025-01-07,-1.202580281594121,-1.1072772766937726,-0.09530300490034826,test
2025-01-08,-1.4130357288291802,-1.3707368116957135,-0.042298917133466674,test
2025-01-09,-2.1460356918087347,-1.3229691204534093,-0.8230665713553253,test
2025-01-10,-0.0918193244951979,-1.6194351704426626,1.5276158459474647,test
2025-01-13,-1.2348859042371805,-0.9105798291364069,-0.3243060751007736,test
2025-01-14,-1.2546986546974015,-1.3423608772933626,0.08766222259596113,test
2025-01-15,-0.9952268832645532,-1.2632652294264148,0.2680383461618616,test
2025-01-16,-1.2808761029100697,-1.338455165846853,0.05757906293678339,test
2025-01-17,-1.462718638247507,-1.2519813465482428,-0.21073729169926425,test
2025-01-20,0.1668949154763523,-1.3506504802239905,1.5175453957003429,test
2025-01-21,-0.7686433976296073,-0.6768088039498279,-0.09183459367977942,test
2025-01-22,-1.5062920169228122,-1.0985430331874444,-0.40774898373536783,test
2025-01-23,-1.836544698588368,-1.3195631408031547,-0.5169815577852133,test
2025-01-24,-1.35788035179769,-1.3906848273894248,0.032804475591734716,test
2025-01-27,-1.5475521791672162,-1.2079229984127766,-0.3396291807544396,test
2025-01-28,-1.412263292155667,-1.3760349724050847,-0.03622831975058238,test
2025-01-29,-1.4752683393177983,-1.415515089241239,-0.059753250076559405,test
2025-01-30,-0.7344268699264961,-1.4466711593910673,0.7122442894645712,test
2025-01-31,-0.8784292877787652,-1.2134966152095126,0.3350673274307474,test
2025-02-03,0.1319691977830217,-1.1333299254471636,1.2652991232301853,test
2025-02-04,-1.3286179250731185,-0.6425024803823266,-0.6861154446907919,test
2025-02-05,-1.6432505952144711,-1.0790188857764391,-0.564231709438032,test
2025-02-06,-1.87123355569482,-1.1803189855994263,-0.6909145700953938,test
2025-02-07,-0.7505146295596858,-1.3340057361275015,0.5834911065678157,test
2025-02-10,-1.816780537296301,-1.116235992261215,-0.700544545035086,test
2025-02-11,-2.288057448167956,-1.529940876947492,-0.7581165712204638,test
2025-02-12,-0.8306212475663816,-1.7851869115432513,0.9545656639768697,test
2025-02-13,-0.9297208810662868,-1.3715721740216682,0.4418512929553814,test
2025-02-14,-1.8754018929752705,-1.2200951226339778,-0.6553067703412927,test
2025-02-17,-2.538873461048222,-1.5048247453946269,-1.0340487156535951,test
2025-02-18,-2.124033160438198,-1.7521635755989864,-0.37186958483921173,test
2025-02-19,-2.156964133785075,-1.6482854028154614,-0.5086787309696135,test
2025-02-20,-1.971472587633197,-1.7984819361299063,-0.17299065150329085,test
2025-02-21,-1.7597152573526202,-1.8157615283243258,0.05604627097170556,test
2025-02-24,-1.5427883728861065,-1.8663139359861267,0.32352556310002023,test
2025-02-25,-1.855592192809806,-1.6451691142041003,-0.21042307860570575,test
2025-02-26,-1.5083345015930814,-1.697765931171452,0.18943142957837056,test
2025-02-27,-1.562192990797422,-1.6954965157182107,0.13330352492078879,test
2025-02-28,-1.5436874411415231,-1.6002329675960865,0.056545526454563344,test
2025-03-03,-1.3886930376046136,-1.5643096896694308,0.17561665206481725,test
2025-03-04,-0.8990110085218086,-1.468245691885353,0.5692346833635444,test
2025-03-05,-0.4526750528190718,-1.2495057471866706,0.7968306943675989,test
2025-03-06,-0.5513043837809499,-1.0384663075193736,0.4871619237384237,test
2025-03-07,-0.6824923412856304,-1.0039195117962396,0.3214271705106092,test
2025-03-10,-0.7871948775091197,-0.9881141728784926,0.20091929536937292,test
2025-03-11,-1.037716837686339,-0.9582491829960742,-0.07946765469026484,test
2025-03-12,-1.4854989167821926,-1.0072503659401233,-0.4782485508420693,test
2025-03-13,-1.3863510839958142,-1.2226190955392489,-0.16373198845656534,test
2025-03-14,-1.2879816021119443,-1.2415972126912955,-0.04638438942064882,test
2025-03-17,-1.9849221345502177,-1.2656324523931097,-0.719289682157108,test
2025-03-18,-1.6822847512796149,-1.53512435370823,-0.14716039757138488,test
2025-03-19,-1.2315682330039412,-1.5562336176294704,0.3246653846255292,test
2025-03-20,-1.4867465760055565,-1.4486740710883943,-0.03807250491716219,test
2025-03-21,-1.688723394298161,-1.430458955637833,-0.2582644386603279,test
2025-03-24,-1.4119709673731462,-1.5263203705019277,0.1143494031287815,test
2025-03-25,-1.9613470773785875,-1.3967006044395305,-0.564646472939057,test
2025-03-26,-1.833315978714994,-1.5617786251842656,-0.2715373535307284,test
2025-03-27,-1.4835820575268317,-1.6501380895603093,0.16655603203347757,test
2025-03-28,-1.6332874823206682,-1.4843396175874752,-0.148947864733193,test
2025-03-31,-1.372167776031122,-1.5338458268605213,0.16167805082939934,test
2025-04-01,-1.5393211718710498,-1.4758717220985196,-0.0634494497725302,test
2025-04-02,-0.7142722404721332,-1.5198452263795654,0.8055729859074322,test
2025-04-03,0.2832620143880356,-1.242232241688822,1.5254942560768576,test
2025-04-04,0.1052848772074796,-0.6821587765621147,0.7874436537695942,test
2025-04-07,0.1680380196973864,-0.5971338991065804,0.7651719188039668,test
2025-04-08,-0.5222659967930072,-0.4512218900194674,-0.07104410677353984,test
2025-04-09,0.5535321828184618,-0.5595113487375243,1.1130435315559861,test
2025-04-10,0.0751135089784068,-0.10455520571689678,0.17966871469530357,test
2025-04-11,1.0410182394504202,-0.28391848407892883,1.324936723529349,test
2025-04-14,-0.1846696798055948,0.11641672262808161,-0.3010864024336764,test
2025-04-15,-0.6269576880974168,-0.26971086915603776,-0.35724681894137905,test
2025-04-16,-0.6520205960234797,-0.3986813808016924,-0.2533392152217873,test
2025-04-17,-0.9982094597930574,-0.4885028372906055,-0.5097066225024519,test
2025-04-18,-2.301494649762613,-0.6653168682107096,-1.6361777815519034,test
2025-04-21,-0.5009200340395286,-1.4687155886261918,0.9677955545866632,test
2025-04-22,-0.7267431976696936,-0.8296735112402092,0.10293031357051552,test
2025-04-23,-0.0112640834268729,-0.8777130259487906,0.8664489425219177,test
2025-04-24,-1.1655878340831365,-0.6145748098873293,-0.5510130241958072,test
2025-04-25,-1.291519264855281,-0.933328862827007,-0.3581904020282739,test
2025-04-28,-1.1036270998656417,-0.8826937596185498,-0.22093334024709188,test
2025-04-29,-1.048400927814454,-0.885856643462779,-0.1625442843516749,test
2025-04-30,-1.1129752346013555,-0.8991929167141641,-0.21378231788719138,test
2025-05-01,-1.1229753529631683,-0.9839117986351434,-0.13906355432802486,test
2025-05-02,-0.8939080131542209,-0.9911953050391376,0.0972872918849167,test
2025-05-05,-1.4115555088196283,-0.9179086377091017,-0.49364687111052663,test
2025-05-06,-1.19791632836503,-1.0690249435213701,-0.12889138484365992,test
2025-05-07,-0.8204310581195265,-1.0289563208078047,0.2085252626882782,test
2025-05-08,-0.9592483216933104,-0.9370839397743809,-0.022164381918929554,test
2025-05-09,-1.7027094596471193,-0.9632949718425454,-0.7394144878045739,test
2025-05-12,-0.3889806460292715,-1.2320920980334036,0.8431114520041321,test
2025-05-13,-1.4740135830839178,-0.827562002758037,-0.6464515803258808,test
2025-05-14,-0.893558227384904,-1.1532032834560522,0.2596450560711482,test
2025-05-15,-1.3026366999486252,-1.0134180226531222,-0.289218677295503,test
2025-05-16,-1.7006651727663389,-1.1668203267056598,-0.5338448460606791,test
2025-05-19,-1.3120412359566396,-1.2884592684320053,-0.023581967524634262,test
2025-05-20,-1.6256950290285872,-1.2549598398089485,-0.37073518921963866,test
2025-05-21,-1.23651993607542,-1.3446827753674468,0.10816283929202686,test
2025-05-22,-1.204312537558865,-1.263079516085621,0.05876697852675594,test
2025-05-23,-0.7547537120930671,-1.2733961873121955,0.5186424752191284,test
2025-05-26,-1.8840043591037832,-1.1292230621794832,-0.7547812969243,test
2025-05-27,-1.6712694273800934,-1.4312851584543065,-0.23998426892578695,test
2025-05-28,-1.5400977051434928,-1.3713800637400986,-0.16871764140339418,test
2025-05-29,-0.6701297894005459,-1.384078277285813,0.713948487885267,test
2025-05-30,-1.3225025058869715,-1.1274065499593897,-0.19509595592758178,test
2025-06-02,-1.6400399183416423,-1.3278360051782223,-0.31220391316342,test
2025-06-03,-1.7558781942369492,-1.4049862434015559,-0.3508919508353934,test
2025-06-04,-1.5388035717675548,-1.4565404530036854,-0.08226311876386938,test
2025-06-05,-1.2544962981915102,-1.4746385801109456,0.2201422819194354,test
2025-06-06,-1.5484426208469628,-1.3837617292740116,-0.16468089157295118,test
2025-06-09,-2.0895896767778157,-1.490812835555913,-0.5987768412219028,test
2025-06-10,-1.6150914377220107,-1.6327800146063607,0.017688576884349994,test
2025-06-11,-1.2826544365223904,-1.5303264038160462,0.24767196729365581,test
2025-06-12,-1.0681176340337075,-1.762717631078612,0.6945999970449044,test
2025-06-13,-0.5782606391352639,-1.3553864973182186,0.7771258581829547,test
2025-06-16,-1.6050768031701672,-1.1177832742311047,-0.4872935289390625,test
2025-06-17,-1.4642955244673934,-1.3473601197031246,-0.11693540476426878,test
2025-06-18,-1.1397118768384595,-1.3067914348395506,0.1670795580010911,test
2025-06-19,-1.7902188150518172,-1.3013931148494917,-0.4888257002023255,test
2025-06-20,-1.8729558976728773,-1.4220555230620273,-0.45090037461085,test
2025-06-23,-1.0645736240360977,-1.5777019693311087,0.5131283452950111,test
2025-06-24,-1.376784107282621,-1.3322437229006572,-0.04454038438196384,test
2025-06-25,-2.071900487506308,-1.3956777892587269,-0.6762226982475812,test
2025-06-26,-1.3690436912258168,-1.651169291332443,0.28212560010662613,test
2025-06-27,-1.451751622297999,-1.4070747279862066,-0.04467689431179234,test
2025-06-30,-1.6794076334309145,-1.4223304396814034,-0.2570771937495111,test
2025-07-01,-1.500444780408242,-1.5266718406595945,0.026227060251352574,test
2025-07-02,-1.5485512928066452,-1.5313761345827113,-0.017175158223933895,test
2025-07-03,-0.7489749397394282,-1.5539745800523264,0.8049996403128982,test
2025-07-04,-2.4484968232314657,-1.4427876547158338,-1.0057091685156319,test
