date,Y_h,fitted,residual,split
2010-02-03,-0.8348011707640774,-1.1721263450555766,0.3373251742914991,train
2010-02-04,-0.6500721670213465,-1.2355346877392503,0.5854625207179038,train
2010-02-05,-0.5734740381739393,-1.1773062021122718,0.6038321639383325,train
2010-02-08,-0.6171207708845182,-0.9456596693690484,0.3285388984845302,train
2010-02-09,-0.7752245849767866,-1.0436947845908153,0.26847019961402874,train
2010-02-10,-0.9069361913706743,-0.867097553380821,-0.03983863798985332,train
2010-02-11,-0.9723143092907277,-0.8397614005543816,-0.13255290873634606,train
2010-02-12,-0.9056214692201845,-0.8085409421116319,-0.09708052710855264,train
2010-02-15,-0.9154849737169641,-0.7770904757470154,-0.13839449796994874,train
2010-02-16,-0.7656903360687863,-1.0595064376835273,0.2938161016147409,train
2010-02-17,-0.7043711444133784,-0.9935514674409439,0.28918032302756547,train
2010-02-18,-0.6769221102550922,-1.0005818874394024,0.32365977718431016,train
2010-02-19,-0.744770102186198,-0.8579682629689266,0.1131981607827286,train
2010-02-22,-0.7948052306833961,-0.8654518056660989,0.07064657498270277,train
2010-02-23,-0.6477435043338815,-0.9076538286257578,0.2599103242918763,train
2010-02-24,-0.5804026846387664,-0.8269645430976187,0.24656185845885226,train
2010-02-25,-0.5516573177858878,-0.8532565699231149,0.30159925213722716,train
2010-02-26,-0.5753239119330329,-0.8363779255962684,0.26105401366323555,train
2010-03-01,-0.6512582179872737,-0.861441996099674,0.2101837781124003,train
2010-03-02,-0.8744185640058738,-0.7184283912236247,-0.15599017278224914,train
2010-03-03,-1.069205933248463,-0.6840470656647804,-0.38515886758368256,train
2010-03-04,-1.199675361768931,-0.7330899587807883,-0.4665854029881428,train
2010-03-05,-1.2714960553926673,-0.7890927720489584,-0.48240328334370886,train
2010-03-08,-1.2919424006740403,-0.8674119224674554,-0.42453047820658496,train
2010-03-09,-1.3098820099665076,-0.9621587582994686,-0.347723251667039,train
2010-03-10,-1.2651443788988819,-1.0476901956352167,-0.21745418326366517,train
2010-03-11,-1.2939751433868623,-1.1036244341606136,-0.19035070922624864,train
2010-03-12,-1.26273334370886,-1.2046890318577446,-0.05804431185111536,train
2010-03-15,-1.3147736540009638,-1.145476237572148,-0.1692974164288159,train
2010-03-16,-1.2663024879837492,-1.193271911004798,-0.07303057697895121,train
2010-03-17,-1.260430626266436,-1.1885046309491594,-0.07192599531727661,train
2010-03-18,-1.0854027486277387,-1.225401876963539,0.13999912833580042,train
2010-03-19,-1.0175833968770553,-1.1358502157663235,0.11826681888926815,train
2010-03-22,-0.9109886287392795,-1.2220307267918424,0.3110420980525629,train
2010-03-23,-0.8769975439755807,-1.1861649636922698,0.30916741971668904,train
2010-03-24,-0.9061623908567249,-1.1558813541696074,0.24971896331288246,train
2010-03-25,-1.006579796875156,-1.0129824190550616,0.006402622179905615,train
2010-03-26,-1.0579904771898572,-0.9902954301487585,-0.06769504704109863,train
2010-03-29,-1.2162614403712606,-0.9821657860769011,-0.23409565429435952,train
2010-03-30,-1.272857703161425,-1.0165676009397968,-0.2562901022216282,train
2010-03-31,-1.285195520385203,-1.0429167189341677,-0.2422788014510353,train
2010-04-01,-1.343307361820406,-1.0777073665242942,-0.2655999952961119,train
2010-04-02,-1.4358152085421199,-1.1054932273730875,-0.33032198116903233,train
2010-04-05,-1.2531742541261455,-1.3137668227942596,0.06059256866811413,train
2010-04-06,-1.141641945410837,-1.2647883747864157,0.12314642937557863,train
2010-04-07,-1.1142478902069484,-1.244583728524252,0.13033583831730366,train
2010-04-08,-1.0698537098730825,-1.294443125883968,0.22458941601088545,train
2010-04-09,-1.0577548947554614,-1.3250959804114386,0.26734108565597725,train
2010-04-12,-1.1002433658424713,-1.1601089966816773,0.05986563083920604,train
2010-04-13,-1.221542630099615,-1.0900755261575883,-0.13146710394202676,train
2010-04-14,-1.2788886605725052,-1.1383816189067246,-0.14050704166578054,train
2010-04-15,-1.3361799242296055,-1.1354474231583842,-0.20073250107122131,train
2010-04-16,-1.3015802930661045,-1.156654733607399,-0.14492555945870556,train
2010-04-19,-1.1737796648584997,-1.1204315627196977,-0.053348102138802034,train
2010-04-20,-1.0932809229187264,-1.216837737241327,0.12355681432260068,train
2010-04-21,-0.9175367225034904,-1.2502736542721746,0.33273693176868424,train
2010-04-22,-0.6266671998418604,-1.2916616498237459,0.6649944499818855,train
2010-04-23,-0.5552002023490201,-1.2315630052339017,0.6763628028848816,train
2010-04-26,-0.6310174066056538,-1.0467827519392903,0.4157653453336365,train
2010-04-27,-0.6209511667567095,-1.1094227939746457,0.48847162721793624,train
2010-04-28,-0.6952918630305022,-0.962384276674884,0.26709241364438185,train
2010-04-29,-0.75207943527972,-0.732468749738681,-0.019610685541038952,train
2010-04-30,-0.5142358101181032,-0.841848379226245,0.32761256910814185,train
2010-05-03,-0.17705478929597576,-0.8698934241198224,0.6928386348238467,train
2010-05-04,0.19111193314490266,-0.8925016628797062,1.083613596024609,train
2010-05-05,0.41763598896030685,-0.887933879713668,1.3055698686739747,train
2010-05-06,0.45197401301214085,-0.7920589269185532,1.244032939930694,train
2010-05-07,0.2873721756694314,-0.5543547475586653,0.8417269232280967,train
2010-05-10,0.1031289506135112,-0.2981505465223413,0.4012794971358525,train
2010-05-11,-0.011450308643426643,-0.11931380500132202,0.10786349635789538,train
2010-05-12,0.009254068264494219,-0.1359067604957668,0.145160828760261,train
2010-05-13,0.17939498276440466,-0.17579049867306223,0.35518548143746687,train
2010-05-14,0.3979840397729699,-0.28857390378962566,0.6865579435625956,train
2010-05-17,0.5280644471149192,-0.26405460394225955,0.7921190510571787,train
2010-05-18,0.44608392921948903,-0.22724110281786658,0.6733250320373556,train
2010-05-19,0.38711030028695115,-0.19773054688197172,0.5848408471689228,train
2010-05-20,0.23127595648468682,-0.01483579628667038,0.24611175277135722,train
2010-05-21,0.13821825154223513,0.06929192009622309,0.06892633144601204,train
2010-05-24,0.04106267926859678,0.15496870559365253,-0.11390602632505575,train
2010-05-25,-0.13651655531302004,0.003342372947756505,-0.13985892826077653,train
2010-05-26,-0.16400948532117993,0.00912879411167654,-0.17313827943285648,train
2010-05-27,-0.1721015585941122,-0.055797324046245246,-0.11630423454786695,train
2010-05-28,-0.3017950106303072,-0.039178437901112736,-0.2626165727291945,train
2010-05-31,-0.3046360592639108,-0.0696266806493468,-0.235009378614564,train
2010-06-01,-0.14949375472374632,-0.35067113325925797,0.20117737853551165,train
2010-06-02,-0.19776603019969727,-0.20189508857959493,0.00412905837989766,train
2010-06-03,-0.3035820810826314,-0.18911244650401723,-0.11446963457861417,train
2010-06-04,-0.23925659562810725,-0.3033425134152108,0.06408591778710354,train
2010-06-07,-0.38569054956165666,-0.17892934181719194,-0.20676120774446471,train
2010-06-08,-0.42565891439221426,-0.19417833808475,-0.23148057630746427,train
2010-06-09,-0.46814031378470206,-0.2564561869353677,-0.21168412684933435,train
2010-06-10,-0.49918351045818526,-0.36732243488676997,-0.1318610755714153,train
2010-06-11,-0.5929828622710385,-0.2642265034538002,-0.32875635881723825,train
2010-06-14,-0.7029207359514593,-0.4077976877095103,-0.295123048241949,train
2010-06-15,-0.7088197043515114,-0.4053682730849003,-0.3034514312666111,train
2010-06-16,-0.7256107962077343,-0.4534882997047687,-0.27212249650296555,train
2010-06-17,-0.718986339641404,-0.5057130329700733,-0.2132733066713307,train
2010-06-18,-0.7229501670817189,-0.5405122690677499,-0.18243789801396904,train
2010-06-21,-0.6750086769472977,-0.6858896697267775,0.010880992779479737,train
2010-06-22,-0.8017274921274001,-0.5974865291465379,-0.20424096298086225,train
2010-06-23,-0.8281118034655865,-0.6530864665610449,-0.1750253369045417,train
2010-06-24,-0.7816808312297966,-0.6852061600300662,-0.09647467119973041,train
2010-06-25,-0.7084203933471808,-0.705778073406758,-0.0026423199404227438,train
2010-06-28,-0.6746814297862527,-0.7058815426504864,0.031200112864233742,train
2010-06-29,-0.823434798992254,-0.8028610582392428,-0.020573740753011216,train
2010-06-30,-0.7873391512959949,-0.7907788305439833,0.003439679247988492,train
2010-07-01,-0.8551735293047307,-0.7183026706498947,-0.13687085865483595,train
2010-07-02,-0.9733186532668883,-0.633637699468343,-0.33968095379854524,train
2010-07-05,-1.0649984438293312,-0.7232769767729622,-0.34172146705636897,train
2010-07-06,-0.9752393469422517,-0.9778970170230394,0.0026576700807877662,train
2010-07-07,-1.0015941572481908,-0.7857855699275581,-0.21580858732063268,train
2010-07-08,-0.986615430020527,-0.8377415531419294,-0.14887387687859754,train
2010-07-09,-0.9443875952680154,-0.936068397348182,-0.008319197919833377,train
2010-07-12,-0.8604123683581568,-1.0091800943751204,0.14876772601696353,train
2010-07-13,-0.75550074192981,-1.0074838068996157,0.2519830649698057,train
2010-07-14,-0.767257386478078,-0.93056693856683,0.16330955208875209,train
2010-07-15,-0.7264396319174152,-0.9338714726638118,0.20743184074639653,train
2010-07-16,-0.7536719956644533,-0.8876594185454945,0.13398742288104115,train
2010-07-19,-0.6322641991133335,-0.8732093549480053,0.2409451558346718,train
2010-07-20,-0.5949554046760337,-0.8549778731985422,0.26002246852250854,train
2010-07-21,-0.5667759304209976,-0.8336657441811535,0.26688981376015586,train
2010-07-22,-0.6871773767742894,-0.8040910373693251,0.11691366059503572,train
2010-07-23,-0.7570721361877559,-0.8372967826268525,0.08022464643909655,train
2010-07-26,-0.9015704389607023,-0.6669301786793805,-0.2346402602813218,train
2010-07-27,-0.9950377777508386,-0.7529875151176113,-0.24205026263322726,train
2010-07-28,-1.1138772819223723,-0.7279693645599888,-0.3859079173623835,train
2010-07-29,-1.1010606365820996,-0.862872900328368,-0.23818773625373157,train
2010-07-30,-1.0786285033771523,-0.913184915650985,-0.1654435877261673,train
2010-08-02,-1.0912042121978227,-0.9084337139105152,-0.18277049828730751,train
2010-08-03,-1.20103122173614,-1.0283246076016788,-0.1727066141344613,train
2010-08-04,-1.0307717412000312,-1.0812964611991078,0.050524719999076595,train
2010-08-05,-0.8871579734318027,-1.0471180293354614,0.1599600559036587,train
2010-08-06,-0.7398373618953371,-1.0346669034880602,0.2948295415927231,train
2010-08-09,-0.6523063574289963,-1.0411349476959142,0.38882859026691785,train
2010-08-10,-0.44677558980610466,-1.214964699938586,0.7681891101324813,train
2010-08-11,-0.544533309264153,-0.9240075195348181,0.3794742102706651,train
2010-08-12,-0.6386015465944813,-0.8284558404852926,0.18985429389081132,train
2010-08-13,-0.6867268988046588,-0.7371648026226567,0.05043790381799795,train
2010-08-16,-0.7276015558098747,-0.7616224815255286,0.03402092571565385,train
2010-08-17,-0.815218927540091,-0.6831811122402701,-0.13203781529982084,train
2010-08-18,-0.761745655842598,-0.7634736793777808,0.0017280235351827544,train
2010-08-19,-0.731195224950878,-0.7990905215006809,0.06789529654980297,train
2010-08-20,-0.7309271824723593,-0.7542786974484442,0.023351514976084897,train
2010-08-23,-0.7660173678892123,-0.8177151910563633,0.05169782316715099,train
2010-08-24,-0.8219560170440252,-0.9007173462189031,0.07876132917487788,train
2010-08-25,-0.9033934166618275,-0.8244779024059028,-0.07891551425592469,train
2010-08-26,-0.931338833025058,-0.8265949716443011,-0.10474386138075698,train
2010-08-27,-1.0337850811966944,-0.7859353668473913,-0.24784971434930314,train
2010-08-30,-1.144346914337008,-0.8663213072361833,-0.2780256071008247,train
2010-08-31,-1.2538708603214461,-0.960284066189997,-0.29358679413144917,train
2010-09-01,-1.2355478835619729,-0.9395062392343927,-0.2960416443275802,train
2010-09-02,-1.279957336298334,-0.94014577711963,-0.3398115591787041,train
2010-09-03,-1.2844289841289198,-1.0134981911515566,-0.2709307929773632,train
2010-09-06,-1.1865468111039459,-1.1264706453353086,-0.06007616576863728,train
2010-09-07,-1.024309093935831,-1.281142953884442,0.2568338599486111,train
2010-09-08,-0.9856202228712106,-1.0632448624220103,0.07762463955079968,train
2010-09-09,-0.9160530977252748,-1.097518914144201,0.18146581641892623,train
2010-09-10,-0.8609399262804909,-1.1231884658794657,0.2622485395989749,train
2010-09-13,-0.8153344520288496,-1.0601548335437285,0.24482038151487895,train
2010-09-14,-0.8566004833415579,-1.0234391242638976,0.1668386409223397,train
2010-09-15,-0.7634785439201928,-0.9711090709351069,0.20763052701491413,train
2010-09-16,-0.765591668925971,-0.92839033455328,0.16279866562730905,train
2010-09-17,-0.7579843943426147,-0.9558189696440031,0.19783457530138848,train
2010-09-20,-0.7109858156891551,-0.8911080223370976,0.18012220664794254,train
2010-09-21,-0.6510128336303372,-1.038936376933129,0.3879235433027918,train
2010-09-22,-0.678348386144207,-0.8256867921264874,0.14733840598228043,train
2010-09-23,-0.7058055223609951,-0.8733548583689823,0.16754933600798716,train
2010-09-24,-0.64794823750126,-0.8636124932997187,0.21566425579845871,train
2010-09-27,-0.7630800767292006,-0.8184357752451079,0.05535569851590727,train
2010-09-28,-0.7937401165201683,-0.8903526827839103,0.09661256626374204,train
2010-09-29,-0.8292917765010506,-0.7796066662364695,-0.04968511026458111,train
2010-09-30,-0.8315802444476315,-0.8703760527938177,0.038795808346186234,train
2010-10-01,-0.8820346307170069,-0.767811833522573,-0.11422279719443396,train
2010-10-04,-0.6896880581368379,-0.9249071721455353,0.23521911400869744,train
2010-10-05,-0.6429474893737985,-0.9424658171178186,0.2995183277440201,train
2010-10-06,-0.644359253513577,-0.8491032126238585,0.20474395911028143,train
2010-10-07,-0.6420872688247934,-0.8862164328478135,0.2441291640230201,train
2010-10-08,-0.6064249395467507,-0.8651835619685717,0.258758622421821,train
2010-10-11,-0.597029310138974,-0.6737618411265511,0.07673253098757715,train
2010-10-12,-0.5310306098470213,-0.7972672963228571,0.26623668647583576,train
2010-10-13,-0.46334568155490424,-0.7358549785112449,0.2725092969563407,train
2010-10-14,-0.36330885899992504,-0.7856111138876033,0.42230225488767825,train
2010-10-15,-0.2735502432174497,-0.7218859295652509,0.4483356863478012,train
2010-10-18,-0.3434610814150336,-0.6013179704609799,0.2578568890459463,train
2010-10-19,-0.38562985278890716,-0.661952684613583,0.2763228318246759,train
2010-10-20,-0.4743107685608646,-0.5754923086923341,0.10118154013146952,train
2010-10-21,-0.5140457077549732,-0.5490469144037952,0.035001206648822,train
2010-10-22,-0.6947424916023012,-0.45332430984944766,-0.2414181817528535,train
2010-10-25,-0.782236503856821,-0.5440084256839226,-0.23822807817289837,train
2010-10-26,-0.8037062930447358,-0.6145583356675989,-0.18914795737713697,train
2010-10-27,-0.893623046873641,-0.6364930494335519,-0.25712999744008913,train
2010-10-28,-0.8451025541485834,-0.6261104312414626,-0.21899212290712078,train
2010-10-29,-0.7829632469388035,-0.7789841011500294,-0.003979145788774119,train
2010-11-01,-0.6806041280899102,-0.7846228242640394,0.10401869617412918,train
2010-11-02,-0.5616109596726014,-0.8223237810572197,0.26071282138461827,train
2010-11-03,-0.40368363472348,-0.8852953674385141,0.4816117327150341,train
2010-11-04,-0.3537681147473419,-0.7532333015591546,0.3994651868118127,train
2010-11-05,-0.3160844501645955,-0.7552969562936815,0.439212506129086,train
2010-11-08,-0.23657975686841062,-0.6566640970284294,0.42008434016001883,train
2010-11-09,-0.28053402859602733,-0.5926776533591358,0.3121436247631085,train
2010-11-10,-0.3067951057243839,-0.5414833819259874,0.23468827620160354,train
2010-11-11,-0.43938495239833647,-0.4588196758587837,0.019434723460447223,train
2010-11-12,-0.49892459297945313,-0.5129606030016411,0.014036010022188017,train
2010-11-15,-0.6749368831332458,-0.3706930810076133,-0.30424380212563257,train
2010-11-16,-0.7219645945986385,-0.4926184533291611,-0.2293461412694774,train
2010-11-17,-0.6557609698275135,-0.5018080266312486,-0.15395294319626496,train
2010-11-18,-0.5438624548934335,-0.6015515249807335,0.057689070087299954,train
2010-11-19,-0.58974352639235,-0.6454007405828172,0.05565721419046721,train
2010-11-22,-0.5445204983972202,-0.7309743000961312,0.18645380169891101,train
2010-11-23,-0.46252429611611373,-0.7402419084800427,0.27771761236392895,train
2010-11-24,-0.476107016981181,-0.6025191243952649,0.12641210741408387,train
2010-11-25,-0.4405070377873012,-0.556924577404772,0.11641753961747076,train
2010-11-26,-0.29653407144269744,-0.7247570766340585,0.4282230051913611,train
2010-11-29,-0.24541697474600094,-0.6321987893231635,0.3867818145771626,train
2010-11-30,-0.25603909447575934,-0.5490332421629859,0.29299414768722654,train
2010-12-01,-0.29650039436475806,-0.5224456343950541,0.22594524003029604,train
2010-12-02,-0.3952718416266659,-0.45914840581140504,0.06387656418473914,train
2010-12-03,-0.4678369658787642,-0.44368679176030024,-0.024150174118463985,train
2010-12-06,-0.6154991324073875,-0.4426361259269379,-0.1728630064804496,train
2010-12-07,-0.7086564876461481,-0.4412662632838339,-0.2673902243623142,train
2010-12-08,-0.7242586109142946,-0.4599494720846168,-0.26430913882967777,train
2010-12-09,-0.7277017026027199,-0.5128815262673818,-0.21482017633533812,train
2010-12-10,-0.7972462174617171,-0.5824441497901115,-0.2148020676716056,train
2010-12-13,-0.7051850392206894,-0.7251512599876292,0.01996622076693977,train
2010-12-14,-0.7069645080071355,-0.7388136336045905,0.03184912559745501,train
2010-12-15,-0.7906705812551036,-0.6840615134247132,-0.10660906783039037,train
2010-12-16,-0.9243935208324313,-0.6893692009274883,-0.235024319904943,train
2010-12-17,-0.8479466078031213,-0.8031004328585709,-0.04484617494455034,train
2010-12-20,-1.0909480895006596,-0.7011380767766746,-0.38981001272398497,train
2010-12-21,-1.1893703245899585,-0.7438343033085066,-0.44553602128145187,train
2010-12-22,-1.1509438926159428,-0.8020974891905879,-0.3488464034253549,train
2010-12-23,-1.1210028792634128,-0.9010091125939999,-0.21999376666941295,train
2010-12-24,-1.261854372556195,-0.8697915418715053,-0.3920628306846897,train
2010-12-27,-1.0413509738195432,-1.1385563525321798,0.09720537871263657,train
2010-12-28,-0.914639910212926,-1.0900491475246223,0.17540923731169633,train
2010-12-29,-0.8926457189746941,-0.9582286651474053,0.06558294617271121,train
2010-12-30,-0.7762270504969455,-1.0178472743469034,0.24162022384995785,train
2010-12-31,-0.6717129079796367,-1.1138626113483143,0.44214970336867765,train
2011-01-03,-0.6098758435857262,-0.9531024829883958,0.3432266394026696,train
2011-01-04,-0.5943867608130076,-0.8973259810400046,0.30293922022699704,train
2011-01-05,-0.572892344768724,-0.8588764281624431,0.28598408339371917,train
2011-01-06,-0.5707033732503727,-0.7998043389273639,0.22910096567699123,train
2011-01-07,-0.47965421314525286,-0.8421357114128716,0.3624814982676187,train
2011-01-10,-0.46782308029102176,-0.7248385238921731,0.2570154436011513,train
2011-01-11,-0.5268705087194374,-0.757254701054179,0.2303841923347416,train
2011-01-12,-0.49542915097794477,-0.7373120291728746,0.24188287819492987,train
2011-01-13,-0.4890943368907011,-0.6970633389536777,0.20796900206297658,train
2011-01-14,-0.5263444483835629,-0.6494161341513722,0.12307168576780936,train
2011-01-17,-0.5570951483134177,-0.6415974873132837,0.08450233899986603,train
2011-01-18,-0.513893821594295,-0.7750222805197159,0.2611284589254209,train
2011-01-19,-0.5162411160837692,-0.650415257911166,0.13417414182739673,train
2011-01-20,-0.5275596796966107,-0.6481286923620848,0.12056901266547415,train
2011-01-21,-0.5338751371960143,-0.6768746608962737,0.14299952370025937,train
2011-01-24,-0.5720073718432195,-0.6697371038322988,0.0977297319890793,train
2011-01-25,-0.562219723164243,-0.7021994052036706,0.13997968203942768,train
2011-01-26,-0.6410486686673741,-0.6123679079042215,-0.028680760763152624,train
2011-01-27,-0.7808962997272546,-0.6403937819287008,-0.14050251779855383,train
2011-01-28,-0.8284132623965353,-0.667350229175843,-0.16106303322069238,train
2011-01-31,-0.8631104345871373,-0.6830923561154311,-0.18001807847170626,train
2011-02-01,-0.9374287377795719,-0.660227360541864,-0.2772013772377079,train
2011-02-02,-0.9377167313918925,-0.7094964286188861,-0.22822030277300642,train
2011-02-03,-0.8978936980981465,-0.8390814002543461,-0.058812297843800376,train
2011-02-04,-0.950989596403516,-0.8252076747241613,-0.12578192167935465,train
2011-02-07,-1.0135616835125378,-0.8998913409851572,-0.11367034252738062,train
2011-02-08,-0.9931200803966457,-0.899708139673371,-0.09341194072327463,train
2011-02-09,-1.0335876630099947,-0.8497883361901002,-0.18379932681989453,train
2011-02-10,-0.9961151640894998,-0.9095107768487757,-0.08660438724072417,train
2011-02-11,-0.9838136179442749,-0.9244383750066608,-0.05937524293761409,train
2011-02-14,-0.9519641844477901,-0.9619107479609051,0.00994656351311507,train
2011-02-15,-1.092343839706162,-0.9394569752332631,-0.1528868644728989,train
2011-02-16,-1.0044326974458746,-0.9518316904641463,-0.052601006981728315,train
2011-02-17,-1.064099783115114,-0.9282839685195885,-0.1358158145955255,train
2011-02-18,-1.0241312367777813,-0.9594098032477609,-0.06472143353002036,train
2011-02-21,-1.0713580668446983,-0.9572568245155657,-0.11410124232913255,train
2011-02-22,-0.9663986727013608,-1.1244088937528942,0.1580102210515334,train
2011-02-23,-1.1325183216655126,-0.9105787172157099,-0.22193960444980265,train
2011-02-24,-1.1804546083335714,-1.0251391856790477,-0.1553154226545237,train
2011-02-25,-1.13489289913344,-0.9828902101263641,-0.1520026890070758,train
2011-02-28,-1.1932681984448075,-1.087810576062774,-0.10545762238203338,train
2011-03-01,-1.2801495293515646,-1.026116072005483,-0.2540334573460816,train
2011-03-02,-1.2940871154012459,-1.1394646640444532,-0.15462245135679265,train
2011-03-03,-1.2906722884652262,-1.1766767735595716,-0.11399551490565463,train
2011-03-04,-1.4146749150077682,-1.1025448285192287,-0.31213008648853946,train
2011-03-07,-1.3221714328757996,-1.3082970300099412,-0.013874402865858393,train
2011-03-08,-1.2029407063713278,-1.2581643043876123,0.055223598016284514,train
2011-03-09,-1.0241062236372278,-1.2409497515401524,0.2168435279029246,train
2011-03-10,-0.942613195458948,-1.2379289766865889,0.2953157812276409,train
2011-03-11,-0.7415340080871003,-1.2932365805158175,0.5517025724287171,train
2011-03-14,-0.6410398933569359,-1.2173681492739863,0.5763282559170504,train
2011-03-15,-0.6845024840299941,-1.147913369441718,0.4634108854117239,train
2011-03-16,-0.9236970836378507,-0.9822381241035179,0.058541040465667105,train
2011-03-17,-0.9377154638847424,-1.0268219486963632,0.08910648481162087,train
2011-03-18,-1.1280815853458535,-0.806233746109025,-0.32184783923682847,train
2011-03-21,-1.2203240563207491,-0.8596524298517458,-0.3606716264690033,train
2011-03-22,-1.2579886928000554,-1.0260095504158318,-0.23197914238422368,train
2011-03-23,-1.1762952495918868,-1.1667543143334669,-0.009540935258419925,train
2011-03-24,-1.2064739996703002,-1.0217956286783108,-0.18467837099198947,train
2011-03-25,-1.2199301192001504,-1.1388335813488448,-0.08109653785130555,train
2011-03-28,-1.168169397592538,-1.160680847810535,-0.007488549782002973,train
2011-03-29,-1.1722624492037568,-1.2360154619160564,0.0637530127122996,train
2011-03-30,-1.154386134856092,-1.1886427147364116,0.034256579880319604,train
2011-03-31,-1.2335315885766915,-1.174109097384232,-0.05942249119245946,train
2011-04-01,-1.2187501827305822,-1.1725916930908535,-0.046158489639728684,train
2011-04-04,-1.324899794701614,-1.102353342249211,-0.2225464524524028,train
2011-04-05,-1.3571659298896601,-1.209137537827996,-0.14802839206166407,train
2011-04-06,-1.3143722940973106,-1.1528484956606535,-0.1615237984366571,train
2011-04-07,-1.2451792714489147,-1.2418831007626632,-0.0032961706862515427,train
2011-04-08,-1.190160639150024,-1.175191446571234,-0.014969192578789814,train
2011-04-11,-1.1352087294567075,-1.277602108135576,0.14239337867886848,train
2011-04-12,-0.8518648949605975,-1.293918851209292,0.4420539562486946,train
2011-04-13,-0.863192311331303,-1.1935778940199504,0.3303855826886474,train
2011-04-14,-0.803591043306074,-1.1856594427175662,0.3820683994114922,train
2011-04-15,-0.8083062461413221,-1.114029649121274,0.30572340297995193,train
2011-04-18,-1.0640639738571556,-1.1415307079353738,0.07746673407821825,train
2011-04-19,-1.2933665034152249,-0.86323270259642,-0.4301338008188048,train
2011-04-20,-1.2636176420566518,-1.0280916992949987,-0.23552594276165317,train
2011-04-21,-1.2253379066732593,-0.9858904342149868,-0.23944747245827247,train
2011-04-22,-1.2279354050000901,-0.965924562845061,-0.2620108421550291,train
2011-04-25,-1.0648792882608755,-1.3571124920192486,0.29223320375837303,train
2011-04-26,-0.9226016004344798,-1.251993798661482,0.32939219822700216,train
2011-04-27,-0.9023455697506044,-1.1727721890191285,0.27042661926852407,train
2011-04-28,-0.9168418583097312,-1.1083937773771653,0.19155191906743407,train
2011-04-29,-0.7548431170106155,-1.1337782708914472,0.37893515388083177,train
2011-05-02,-0.40839465376782724,-1.1867224023732168,0.7783277486053896,train
2011-05-03,-0.3528104034217619,-0.9555615903077161,0.6027511868859543,train
2011-05-04,-0.26832966396686586,-0.9892912965791502,0.7209616326122843,train
2011-05-05,-0.2352102234941178,-0.9686629652514563,0.7334527417573385,train
2011-05-06,-0.28877154295136576,-0.7881840567932397,0.4994125138418739,train
2011-05-09,-0.3937388311893763,-0.5496458097876241,0.15590697859824781,train
2011-05-10,-0.4623398421198278,-0.6148900189486318,0.152550176828804,train
2011-05-11,-0.45015232945832195,-0.5871787167458604,0.13702638728753846,train
2011-05-12,-0.5136048817450535,-0.5908421966143217,0.07723731486926821,train
2011-05-13,-0.6317834918909784,-0.5616797563468058,-0.0701037355441726,train
2011-05-16,-0.7118972497442579,-0.5830436041847277,-0.12885364555953027,train
2011-05-17,-0.6922415789080013,-0.670385346296003,-0.021856232611998316,train
2011-05-18,-0.7711900002851872,-0.5994173226542591,-0.17177267763092818,train
2011-05-19,-0.6885465672566347,-0.7423972614510084,0.053850694194373716,train
2011-05-20,-0.6220217858468456,-0.7824160944509378,0.1603943086040922,train
2011-05-23,-0.5904367727089156,-0.7707361728732537,0.1802994001643381,train
2011-05-24,-0.8445426619374669,-0.7285637918086336,-0.11597887012883323,train
2011-05-25,-0.9015221742786871,-0.7731898336247931,-0.12833234065389398,train
2011-05-26,-0.9434024261596667,-0.6892132748530158,-0.254189151306651,train
2011-05-27,-0.9818429936638008,-0.6787238177666384,-0.3031191758971624,train
2011-05-30,-1.0338683143490432,-0.6495690505143037,-0.38429926383473956,train
2011-05-31,-0.9366257713053319,-0.991360570292382,0.05473479898705014,train
2011-06-01,-1.0249790409048765,-0.8683990329520391,-0.15658000795283733,train
2011-06-02,-1.1016092075724289,-0.8307294951724814,-0.27087971239994746,train
2011-06-03,-1.126101172417796,-0.8876400049527327,-0.2384611674650634,train
2011-06-06,-1.1616030337342953,-0.9382709128815786,-0.2233321208527167,train
2011-06-07,-1.1198188751889497,-0.9482005827342329,-0.17161829245471683,train
2011-06-08,-1.0950480621073078,-1.0387835802827499,-0.0562644818245579,train
2011-06-09,-1.0360403873429398,-1.0099673050527531,-0.026073082290186678,train
2011-06-10,-0.868319648593749,-1.0417786213986306,0.17345897280488165,train
2011-06-13,-0.7211229014710944,-1.0328979700668082,0.3117750685957138,train
2011-06-14,-0.6434873485951248,-1.0459511017512553,0.4024637531561305,train
2011-06-15,-0.5406724793077646,-1.0996102716542744,0.5589377923465098,train
2011-06-16,-0.5294586584807703,-0.9703445101690937,0.4408858516883234,train
2011-06-17,-0.5915425686557816,-0.7798157172367843,0.18827314858100275,train
2011-06-20,-0.6609232368289693,-0.7401593448579966,0.07923610802902736,train
2011-06-21,-0.6394008583247047,-0.7990842786288408,0.15968342030413607,train
2011-06-22,-0.6087336465680169,-0.7820089074916077,0.1732752609235908,train
2011-06-23,-0.5988899787839396,-0.7590204302492929,0.16013045146535332,train
2011-06-24,-0.7054029265423246,-0.7273011200759072,0.021898193533582577,train
2011-06-27,-0.7657560219413926,-0.7768385282900274,0.011082506348634835,train
2011-06-28,-0.9340696696883717,-0.7742885953182657,-0.15978107437010602,train
2011-06-29,-1.021451729130039,-0.7728376167585802,-0.2486141123714587,train
2011-06-30,-1.1036446354273193,-0.7569406571138642,-0.3467039783134551,train
2011-07-01,-1.0777546759242245,-0.840023151348072,-0.23773152457615243,train
2011-07-04,-1.0193571491893758,-0.8625569151793602,-0.15680023401001564,train
2011-07-05,-0.8400430026432824,-1.0992015654552922,0.2591585628120099,train
2011-07-06,-0.5844173510054625,-1.0100463606179453,0.42562900961248273,train
2011-07-07,-0.3997777156602974,-1.0379153856982903,0.6381376700379929,train
2011-07-08,-0.2620887910329309,-0.9757807845634568,0.7136919935305259,train
2011-07-11,-0.2375380109123295,-0.9064351481831563,0.6688971372708268,train
2011-07-12,-0.23450199077183723,-0.8144850686764442,0.579983077904607,train
2011-07-13,-0.3777083785549348,-0.564711076072129,0.18700269751719423,train
2011-07-14,-0.5187999075222903,-0.5434879289790735,0.02468802145678317,train
2011-07-15,-0.5495255455310506,-0.4614430519350653,-0.0880824935959853,train
2011-07-18,-0.6678529085275636,-0.5204913401981985,-0.1473615683293651,train
2011-07-19,-0.7474157319351564,-0.5290013498138583,-0.21841438212129816,train
2011-07-20,-0.8324143025745256,-0.5917583543637176,-0.24065594821080805,train
2011-07-21,-0.8215267560161008,-0.7043202080495873,-0.11720654796651353,train
2011-07-22,-0.9259473571130151,-0.6078979144541723,-0.31804944265884283,train
2011-07-25,-0.7926663228559838,-0.7932977341155354,0.0006314112595515731,train
2011-07-26,-0.6748604812320614,-0.8084471215359106,0.13358664030384915,train
2011-07-27,-0.559540518358023,-0.8911458672695621,0.33160534891153914,train
2011-07-28,-0.44943076695625306,-0.8403266626510857,0.39089589569483263,train
2011-07-29,-0.28981328666411926,-0.8789166144763664,0.5891033278122471,train
2011-08-01,-0.16466950081159687,-0.7454867170321365,0.5808172162205396,train
2011-08-02,-0.03335848467908661,-0.6960234745134806,0.6626649898343939,train
2011-08-03,0.12412073873302591,-0.6311240492969952,0.755244788030021,train
2011-08-04,0.1290072791300357,-0.5606802186060984,0.6896874977361341,train
2011-08-05,0.15408819015732947,-0.4208388347590041,0.5749270249163335,train
2011-08-08,0.0017667645152933842,-0.31393434198994197,0.31570110650523536,train
2011-08-09,-0.20090656394538647,-0.2371183692199296,0.036211805274543124,train
2011-08-10,-0.39714051097171704,-0.13545716534405028,-0.26168334562766676,train
2011-08-11,-0.4897203089286406,-0.24600208340603885,-0.24371822552260175,train
2011-08-12,-0.6141819737457207,-0.1702343675920034,-0.4439476061537173,train
2011-08-15,-0.630193753173718,-0.3557860257819136,-0.27440772739180436,train
2011-08-16,-0.7681016525616327,-0.48536254790064204,-0.2827391046609906,train
2011-08-17,-0.8150583560111226,-0.5507398131896303,-0.26431854282149236,train
2011-08-18,-0.865472792293654,-0.595302961648005,-0.27016983064564903,train
2011-08-19,-0.9340087895476907,-0.6093959453332045,-0.3246128442144862,train
2011-08-22,-0.9758393155001194,-0.625669390139859,-0.35016992536026037,train
2011-08-23,-0.9403324792550818,-0.8430763040378225,-0.09725617521725927,train
2011-08-24,-0.9939614235645552,-0.7660850014397795,-0.22787642212477566,train
2011-08-25,-1.0217657840135677,-0.8036751895570461,-0.21809059445652157,train
2011-08-26,-1.007873388551954,-0.8415942282534322,-0.16627916029852174,train
2011-08-29,-0.9844565090009245,-0.8502950698136964,-0.13416143918722812,train
2011-08-30,-0.9473112105660869,-0.9062048511166917,-0.041106359449395224,train
2011-08-31,-0.7082458717613849,-0.8965296626330463,0.18828379087166147,train
2011-09-01,-0.58481547922571,-0.9207812835237049,0.33596580429799494,train
2011-09-02,-0.5103395983361255,-0.8826011058355818,0.3722615074994563,train
2011-09-05,-0.36098709521751815,-0.8479018536926716,0.4869147584751534,train
2011-09-06,-0.07221708836654046,-0.9224612753052699,0.8502441869387294,train
2011-09-07,-0.07659671714986048,-0.5852884665304919,0.5086917493806314,train
2011-09-08,0.040618022330235,-0.6651983556081419,0.7058163779383769,train
2011-09-09,0.09575827273783752,-0.6345983249339607,0.7303565976717983,train
2011-09-12,-0.007785466098125515,-0.48781713392056314,0.4800316678224376,train
2011-09-13,-0.1897214702414458,-0.3043841165139449,0.11466264627249911,train
2011-09-14,-0.2590270797682837,-0.35317829485918056,0.09415121509089686,train
2011-09-15,-0.2926722539536215,-0.2907026279179112,-0.0019696260357103257,train
2011-09-16,-0.2198794355042999,-0.31089909083091977,0.09101965532661987,train
2011-09-19,-0.11824980710256686,-0.40944790303481815,0.2911980959322513,train
2011-09-20,-0.003060318377493143,-0.48787890411021706,0.4848185857327239,train
2011-09-21,0.028448669350933577,-0.4738317954166862,0.5022804647676198,train
2011-09-22,-0.0317843437053667,-0.4234130064732877,0.391628662767921,train
2011-09-23,-0.14704440629093188,-0.31816857351952255,0.17112416722859067,train
2011-09-26,-0.2290968281660654,-0.30683275663301435,0.07773592846694893,train
2011-09-27,-0.30197493019933563,-0.24315447717556604,-0.05882045302376959,train
2011-09-28,-0.2660957956189741,-0.24732393341428652,-0.0187718622046876,train
2011-09-29,-0.2262723653548771,-0.306779124583928,0.08050675922905087,train
2011-09-30,-0.18910761634445078,-0.3349837460556019,0.1458761297111511,train
2011-10-03,-0.17004477400882229,-0.3682207485059874,0.19817597449716512,train
2011-10-04,-0.23611682349151364,-0.3734790530043132,0.13736222951279958,train
2011-10-05,-0.38689067762611334,-0.27792264292034,-0.10896803470577332,train
2011-10-06,-0.45060137785858273,-0.29641183231456963,-0.1541895455440131,train
2011-10-07,-0.5376652504639583,-0.2848761340583531,-0.2527891164056052,train
2011-10-10,-0.5676975462035858,-0.30434798846706623,-0.2633495577365196,train
2011-10-11,-0.5564371831536431,-0.3918017408019582,-0.16463544235168492,train
2011-10-12,-0.4680700738839142,-0.46237887059572913,-0.005691203288185065,train
2011-10-13,-0.4520196597442479,-0.47854763275656703,0.026527973012319128,train
2011-10-14,-0.3343923808419599,-0.5291907302952435,0.19479834945328367,train
2011-10-17,-0.3267334927819613,-0.5378803414227254,0.21114684864076416,train
2011-10-18,-0.33712352169635823,-0.5489125303444301,0.21178900864807187,train
2011-10-19,-0.3671937049766284,-0.4533029027641622,0.08610919778753379,train
2011-10-20,-0.37892029793092213,-0.474505339806571,0.09558504187564887,train
2011-10-21,-0.4521623854581902,-0.3496511060959044,-0.10251127936228582,train
2011-10-24,-0.5515237666526044,-0.4265187166786846,-0.1250050499739198,train
2011-10-25,-0.44366858690111,-0.48475969719934797,0.041091110298237976,train
2011-10-26,-0.31869139154896897,-0.45563929068006026,0.1369478991310913,train
2011-10-27,-0.266785894003518,-0.4895498636614543,0.22276396965793632,train
2011-10-28,-0.13474428720984982,-0.49540068536476933,0.3606563981549195,train
2011-10-31,-0.03348710044974333,-0.6384084348833572,0.6049213344336138,train
2011-11-01,-0.11011573783516693,-0.44943307066182014,0.3393173328266532,train
2011-11-02,-0.2930658856749492,-0.32856933831900553,0.035503452644056355,train
2011-11-03,-0.30977131828047233,-0.3890002980237636,0.0792289797432913,train
2011-11-04,-0.39886784003535813,-0.2425937545373871,-0.15627408549797103,train
2011-11-07,-0.42547307337364887,-0.3421875397661055,-0.08328553360754337,train
2011-11-08,-0.44612261348148674,-0.3855655566659114,-0.06055705681557533,train
2011-11-09,-0.40975876099786895,-0.5017221276761913,0.09196336667832233,train
2011-11-10,-0.4261565808280947,-0.427874441164388,0.0017178603362932865,train
2011-11-11,-0.45860381012041324,-0.4286654647407937,-0.029938345379619535,train
2011-11-14,-0.46472079343426226,-0.5145311202869034,0.04981032685264114,train
2011-11-15,-0.4611601858857813,-0.5232258268326121,0.06206564094683081,train
2011-11-16,-0.5395995553101349,-0.49245821556187863,-0.047141339748256295,train
2011-11-17,-0.5685677053623032,-0.4775296869242471,-0.09103801843805609,train
2011-11-18,-0.7437182730985235,-0.4791796434471942,-0.26453862965132924,train
2011-11-21,-0.8267124566306474,-0.5317875295987965,-0.2949249270318509,train
2011-11-22,-0.8358723296069321,-0.5573527913103226,-0.2785195382966096,train
2011-11-23,-0.7714470902289838,-0.6382661863468913,-0.13318090388209258,train
2011-11-24,-0.5369459666236619,-0.5818169232697816,0.04487095664611973,train
2011-11-25,-0.41845411011258565,-0.7731063326046389,0.35465222249205325,train
2011-11-28,-0.40593863870562014,-0.7854338837326273,0.3794952450270072,train
2011-11-29,-0.47711924663268623,-0.7288195109796465,0.25170026434696025,train
2011-11-30,-0.6326738235025398,-0.6898755280270557,0.057201704524515895,train
2011-12-01,-1.027994410975692,-0.19822859745054805,-0.829765813525144,train
2011-12-02,-1.037611206209831,-0.5557488777682213,-0.4818623284416097,train
2011-12-05,-1.008564014270667,-0.6179612826360739,-0.39060273163459325,train
2011-12-06,-0.9664155977541193,-0.7111152272880186,-0.25530037046610077,train
2011-12-07,-0.7886190438784773,-0.8047449871201521,0.016125943241674823,train
2011-12-08,-0.6552606119629123,-0.9903650580642755,0.33510444610136325,train
2011-12-09,-0.7144990829605529,-0.872230609679074,0.1577315267185211,train
2011-12-12,-0.8238762667592384,-0.8743340585872726,0.050457791828034226,train
2011-12-13,-0.98892190016252,-0.8753640482381082,-0.11355785192441181,train
2011-12-14,-1.1859765147653547,-0.742019596575288,-0.44395691819006666,train
2011-12-15,-1.191258587323639,-0.7255359361103496,-0.4657226512132894,train
2011-12-16,-1.1913649580562384,-0.7962784137960766,-0.3950865442601619,train
2011-12-19,-1.2780170322024234,-0.9309723293838522,-0.34704470281857114,train
2011-12-20,-1.4732041610292963,-1.0411681410663578,-0.4320360199629385,train
2011-12-21,-1.4589506435152155,-1.1562776143660332,-0.30267302914918237,train
2011-12-22,-1.5074333110956004,-0.9992185489592275,-0.508214762136373,train
2011-12-23,-1.5712578660016931,-1.0868386870855624,-0.48441917891613073,train
2011-12-27,-1.4555679805019242,-1.2926822284771877,-0.16288575202473643,train
2011-12-28,-1.1753863509623348,-1.4871735800128367,0.31178722905050194,train
2011-12-29,-1.0541977782320033,-1.308308384290508,0.2541106060585048,train
2011-12-30,-1.0581721318779873,-1.2467755498617303,0.18860341798374303,train
2012-01-03,-1.0126134557401536,-1.3091750526448156,0.296561596904662,train
2012-01-04,-0.9978314213308209,-1.266817500143366,0.268986078812545,train
2012-01-05,-0.9431579130181639,-1.170778311429086,0.22762039841092208,train
2012-01-06,-0.9791130674487893,-1.0564371513315414,0.07732408388275203,train
2012-01-09,-0.8616934706650501,-1.0764344192581121,0.21474094859306203,train
2012-01-10,-0.9162494656375628,-1.066540824128659,0.1502913584910961,train
2012-01-11,-0.8791143075928914,-1.0684921217497112,0.18937781415681976,train
2012-01-12,-0.7960101356642134,-1.0349388526143435,0.23892871695013007,train
2012-01-13,-0.7921366727232901,-1.044917536691187,0.2527808639678968,train
2012-01-16,-0.9189090972292504,-0.8988228544092638,-0.02008624281998661,train
2012-01-17,-0.8512160633580746,-1.0946519078982497,0.24343584454017508,train
2012-01-18,-0.8198812521779949,-1.0334692238425758,0.21358797166458088,train
2012-01-19,-0.8453418504009305,-0.8978716896014349,0.05252983920050447,train
2012-01-20,-0.8680761452966601,-0.9585136722879274,0.09043752699126728,train
2012-01-23,-0.7764823407553751,-1.0188434192252225,0.24236107846984734,train
2012-01-24,-0.8176658767933052,-0.9797331828476571,0.16206730605435193,train
2012-01-25,-0.8468856047899813,-0.9539863396518854,0.10710073486190408,train
2012-01-26,-0.830211863860115,-0.920379395230417,0.09016753137030198,train
2012-01-27,-0.735287725543943,-0.979922859983162,0.24463513443921903,train
2012-01-30,-0.7513912724950934,-0.8326091808979117,0.08121790840281828,train
2012-01-31,-0.6747405654500822,-0.958748183226328,0.28400761777624584,train
2012-02-01,-0.6271528470488807,-0.9216974994272387,0.2945446523783579,train
2012-02-02,-0.7275521442852699,-0.8373327906927797,0.10978064640750973,train
2012-02-03,-0.7425116358541085,-0.8201259405525665,0.07761430469845798,train
2012-02-06,-0.8483764390875376,-0.8281131059343797,-0.02026333315315787,train
2012-02-07,-0.9268480081012702,-0.8094205907130663,-0.11742741738820395,train
2012-02-08,-0.9831021806619967,-0.7647820747135095,-0.21832010594848728,train
2012-02-09,-0.9270392118770199,-0.859726641882195,-0.06731256999482482,train
2012-02-10,-0.9349811909278742,-0.7946635129265964,-0.1403176780012778,train
2012-02-13,-0.9470008547896949,-0.942494740023244,-0.004506114766450908,train
2012-02-14,-0.9703456464096352,-0.9758205441093157,0.00547489769968057,train
2012-02-15,-0.8381058506102711,-0.9516943894428527,0.11358853883258158,train
2012-02-16,-0.9360575662572614,-0.8950762595482542,-0.04098130670900724,train
2012-02-17,-1.0337165254301215,-0.886104949325556,-0.14761157610456555,train
2012-02-20,-1.076835608544424,-1.0008238559024172,-0.07601175264200677,train
2012-02-21,-1.0462766873578215,-1.0323732961365986,-0.013903391221222972,train
2012-02-22,-1.2273978004187798,-0.8027940974001951,-0.42460370301858463,train
2012-02-23,-1.1681300042603007,-0.9851140640288903,-0.18301594023141032,train
2012-02-24,-1.1668385911567873,-1.0410647095632557,-0.12577388159353164,train
2012-02-27,-1.15078294834409,-1.109569005343373,-0.04121394300071679,train
2012-02-28,-1.1332719510487763,-1.0338199160673816,-0.09945203498139477,train
2012-02-29,-1.18913805590747,-1.1628772057309473,-0.026260850176522688,train
2012-03-01,-1.2904149758488637,-1.0724953330511806,-0.21791964279768306,train
2012-03-02,-1.2772826323798077,-1.0871356685580935,-0.19014696382171414,train
2012-03-05,-1.2410820266945715,-1.1353109677678574,-0.10577105892671401,train
2012-03-06,-1.303522892179485,-1.0909464172921393,-0.21257647488734577,train
2012-03-07,-1.2500018905359123,-1.1906575453404724,-0.05934434519543985,train
2012-03-08,-1.1915271726600776,-1.2508151499862368,0.0592879773261592,train
2012-03-09,-1.2427410507916112,-1.2227930861009604,-0.019947964690650855,train
2012-03-12,-1.23880884363113,-1.1813781606300804,-0.05743068300104959,train
2012-03-13,-1.2788667712302224,-1.2575736242994238,-0.021293146930798645,train
2012-03-14,-1.3220966830985734,-1.2096544600848664,-0.11244222301370699,train
2012-03-15,-1.3772176209781186,-1.1604486780645111,-0.2167689429136075,train
2012-03-16,-1.359121250673822,-1.2135167044633008,-0.1456045462105211,train
2012-03-19,-1.3658817245571673,-1.2364348321001954,-0.12944689245697183,train
2012-03-20,-1.2695018783389886,-1.3429900681118787,0.07348818977289007,train
2012-03-21,-1.2888193663029324,-1.3402542768342411,0.051434910531308775,train
2012-03-22,-1.269544291658552,-1.3364187048703662,0.0668744132118142,train
2012-03-23,-1.2833329221885834,-1.3035509395563114,0.020218017367727992,train
2012-03-26,-1.2716128300703373,-1.318470618027229,0.04685778795689166,train
2012-03-27,-1.3783719267139831,-1.2762631878953656,-0.10210873881861748,train
2012-03-28,-1.265368393957621,-1.3294006487190244,0.0640322547614034,train
2012-03-29,-1.234568612424166,-1.3021675084031996,0.06759889597903368,train
2012-03-30,-1.3046400655797876,-1.2746292245204265,-0.030010841059361137,train
2012-04-02,-1.4184766006962823,-1.241814363857519,-0.17666223683876336,train
2012-04-03,-1.3972324270731804,-1.3798605417224152,-0.01737188535076517,train
2012-04-04,-1.4230326759669483,-1.2887265723926185,-0.13430610357432982,train
2012-04-05,-1.447261475758681,-1.2557295129475274,-0.1915319628111536,train
2012-04-06,-1.3982840410686186,-1.3714037058988056,-0.02688033516981303,train
2012-04-09,-1.3864950873869255,-1.5720748671006117,0.18557977971368622,train
2012-04-10,-1.2775537965609371,-1.4474031418312676,0.16984934527033047,train
2012-04-11,-1.363968168652369,-1.3044614459311814,-0.05950672272118762,train
2012-04-12,-1.3277866867089014,-1.3572654294075723,0.0294787426986709,train
2012-04-13,-1.311275880425184,-1.3724856196958604,0.0612097392706763,train
2012-04-16,-1.283689543457402,-1.41361862496312,0.1299290815057179,train
2012-04-17,-1.447289008305776,-1.2448303486443997,-0.20245865966137622,train
2012-04-18,-1.5156037205220223,-1.3783769466241211,-0.13722677389790117,train
2012-04-19,-1.5274321812635994,-1.318730618442132,-0.20870156282146746,train
2012-04-20,-1.5853459526727343,-1.3273460138070585,-0.25799993886567574,train
2012-04-23,-1.569334037972729,-1.3679359981322705,-0.20139803984045845,train
2012-04-24,-1.673662973636814,-1.4770911182477284,-0.19657185538908561,train
2012-04-25,-1.6377865135599639,-1.554810152896647,-0.08297636066331693,train
2012-04-26,-1.6587121955777824,-1.4495476767993243,-0.2091645187784581,train
2012-04-27,-1.7044306653496584,-1.5254819131825286,-0.1789487521671298,train
2012-04-30,-1.8005888609305896,-1.4593520894082426,-0.341236771522347,train
2012-05-01,-1.570951618616942,-1.6773055711827993,0.10635395256585722,train
2012-05-02,-1.5329964702264944,-1.723482649990651,0.1904861797641566,train
2012-05-03,-1.545711500567323,-1.6069407196320826,0.061229219064759643,train
2012-05-04,-1.5039857906890528,-1.6727924178459024,0.16880662715684958,train
2012-05-07,-1.4569673613668137,-1.7133777379223734,0.25641037655555965,train
2012-05-08,-1.5512593529104959,-1.441833686693132,-0.10942566621736383,train
2012-05-09,-1.5123756303843838,-1.4722373690424635,-0.040138261341920334,train
2012-05-10,-1.441565475797097,-1.465810914873022,0.024245439075925024,train
2012-05-11,-1.321926892953808,-1.4914872211175976,0.16956032816378963,train
2012-05-14,-1.1788820655648111,-1.5073360582118005,0.3284539926469894,train
2012-05-15,-1.1187392290637108,-1.5254620127823357,0.4067227837186249,train
2012-05-16,-1.0910614413980781,-1.5328554459945156,0.4417940045964375,train
2012-05-17,-1.0684860796445588,-1.3695332342643662,0.30104715461980747,train
2012-05-18,-1.012965375022522,-1.3577137550652816,0.34474838004275954,train
2012-05-21,-1.045741463334037,-1.2655897862834495,0.2198483229494126,train
2012-05-22,-1.0817306584264617,-1.2752488430481228,0.19351818462166115,train
2012-05-23,-1.088261794900904,-1.2443141879798927,0.15605239307898877,train
2012-05-24,-1.11891231357401,-1.1615247699401143,0.042612456366104334,train
2012-05-25,-1.1547343645441832,-1.115721268091981,-0.03901309645220219,train
2012-05-28,-0.9977479735491753,-1.2038976198588212,0.20614964630964583,train
2012-05-29,-0.9136631054235659,-1.2858193690252153,0.37215626360164944,train
2012-05-30,-0.867439013331504,-1.2110797696157967,0.3436407562842927,train
2012-05-31,-0.8524755640519658,-1.1860820563003696,0.3336064922484038,train
2012-06-01,-0.8127807767465984,-1.1781605532395087,0.3653797764929103,train
2012-06-04,-0.9678967465007702,-0.9864774927656531,0.01858074626488293,train
2012-06-05,-0.9261779020613924,-1.072224835439973,0.14604693337858066,train
2012-06-06,-0.8957907034059984,-1.0246967220919136,0.12890601868591522,train
2012-06-07,-0.911503416776877,-1.00467077829251,0.09316736151563298,train
2012-06-08,-0.9837281032036091,-0.9490255307454751,-0.03470257245813402,train
2012-06-11,-1.0428466864166075,-1.068172196258054,0.025325509841446436,train
2012-06-12,-1.0124960767956899,-0.9924620073075623,-0.02003406948812758,train
2012-06-13,-1.087307473229593,-0.961517889782749,-0.1257895834468441,train
2012-06-14,-1.0014729905287907,-0.9956632824496126,-0.005809708079178133,train
2012-06-15,-0.9426167457241353,-1.0293023914771824,0.08668564575304705,train
2012-06-18,-0.9241903463402217,-1.1238021661176436,0.19961181977742193,train
2012-06-19,-1.1161467474620614,-0.9772965248403813,-0.13885022262168012,train
2012-06-20,-1.1086144044605497,-1.1004763800969828,-0.00813802436356692,train
2012-06-21,-1.3392082461117158,-0.9818377780404193,-0.3573704680712966,train
2012-06-22,-1.4154650387662855,-0.9607213362730114,-0.4547437024932741,train
2012-06-25,-1.1510910846440179,-1.0511679540953403,-0.09992313054867763,train
2012-06-26,-1.1102724810891034,-1.2251315081935992,0.1148590271044958,train
2012-06-27,-1.2333359244241127,-1.1211241773644776,-0.1122117470596351,train
2012-06-28,-1.2455820696360733,-1.3161946576508878,0.07061258801481451,train
2012-06-29,-1.1804888918016156,-1.308897387584222,0.12840849578260638,train
2012-07-02,-1.4860969297741637,-0.8898594664143835,-0.5962374633597802,train
2012-07-03,-1.4780051302092072,-1.170586513769164,-0.3074186164400432,train
2012-07-04,-1.4573871934750673,-1.2804140560337862,-0.17697313744128107,train
2012-07-05,-1.3718517511341883,-1.376132053093167,0.004280301958978772,train
2012-07-06,-1.4973076044292273,-1.191334219625491,-0.30597338480373626,train
2012-07-09,-1.4299516138624664,-1.347285608151216,-0.08266600571125049,train
2012-07-10,-1.4233693969213737,-1.3339854192066833,-0.08938397771469031,train
2012-07-11,-1.290031290609441,-1.381506823154534,0.09147553254509289,train
2012-07-12,-1.252667358250056,-1.356203804485403,0.10353644623534697,train
2012-07-13,-1.1821668640016243,-1.3858003914574075,0.20363352745578323,train
2012-07-16,-1.1715355520482897,-1.343428223782915,0.1718926717346252,train
2012-07-17,-1.1275130302186658,-1.3700870286666271,0.24257399844796135,train
2012-07-18,-1.2040226701661023,-1.2760561672046382,0.0720334970385359,train
2012-07-19,-1.1357698262342377,-1.2604750411667107,0.124705214932473,train
2012-07-20,-1.0218545466335376,-1.2534130209547218,0.23155847432118426,train
2012-07-23,-0.8322893015035342,-1.2664662372165887,0.4341769357130545,train
2012-07-24,-0.8789444939209654,-1.2014379924307022,0.32249349850973674,train
2012-07-25,-0.8211810851209629,-1.2557548340210236,0.43457374890006073,train
2012-07-26,-0.8291292395748183,-1.151200127687611,0.3220708881127926,train
2012-07-27,-0.6871681885399894,-1.052131077326933,0.3649628887869436,train
2012-07-30,-0.8019805986292885,-0.8674100841150765,0.06542948548578797,train
2012-07-31,-0.7233305424454983,-1.11605485718807,0.39272431474257163,train
2012-08-01,-0.8557923651475103,-1.0630621674874816,0.20726980233997128,train
2012-08-02,-1.0267950934910304,-1.0717077111580837,0.044912617667053345,train
2012-08-03,-1.3284343482609038,-0.7254292524991082,-0.6030050957617956,train
2012-08-06,-1.5019922940001416,-0.939790763862267,-0.5622015301378745,train
2012-08-07,-1.6291332676081,-0.9503162620450774,-0.6788170055630227,train
2012-08-08,-1.6489273680376677,-1.1292847485506619,-0.5196426194870059,train
2012-08-09,-1.6999104219446555,-1.2073093811733568,-0.4926010407712986,train
2012-08-10,-1.7996438708987186,-1.2864905153553252,-0.5131533555433934,train
2012-08-13,-1.804559215845606,-1.3806909991723333,-0.4238682166732728,train
2012-08-14,-1.7947613877098896,-1.4362205226364368,-0.35854086507345273,train
2012-08-15,-1.6869129113504235,-1.4935445482019163,-0.19336836314850725,train
2012-08-16,-1.5349474271663426,-1.5510379459376062,0.016090518771263662,train
2012-08-17,-1.4598820580541763,-1.5630116680788122,0.10312961002463594,train
2012-08-20,-1.3874405243949208,-1.5538419896658904,0.16640146527096955,train
2012-08-21,-1.4925205979604155,-1.5580485455291542,0.0655279475687387,train
2012-08-22,-1.5857653414602668,-1.585885125485984,0.0001197840257172178,train
2012-08-23,-1.7124303726379027,-1.4693119992479768,-0.2431183733899258,train
2012-08-24,-1.7873716871034666,-1.3983603236946083,-0.38901136340885833,train
2012-08-27,-1.6866449854522017,-1.4326759452744477,-0.2539690401777539,train
2012-08-28,-1.6899793979565978,-1.548135179498321,-0.14184421845827688,train
2012-08-29,-1.6638152404845339,-1.543140261602833,-0.12067497888170098,train
2012-08-30,-1.5193873260066628,-1.6590284184139394,0.13964109240727662,train
2012-08-31,-1.3512838499021993,-1.6803077319267707,0.32902388202457145,train
2012-09-03,-1.443855418584647,-1.4551237796886056,0.011268361103958568,train
2012-09-04,-1.3951493647866378,-1.7562902543046164,0.3611408895179786,train
2012-09-05,-1.3928192946058737,-1.62785956733801,0.23504027273213635,train
2012-09-06,-1.372943274799738,-1.555589995378282,0.1826467205785438,train
2012-09-07,-1.3234998009301722,-1.3923421398816909,0.0688423389515187,train
2012-09-10,-1.3333482913677912,-1.460247372082359,0.1268990807145678,train
2012-09-11,-1.205536914493487,-1.5490703556682865,0.34353344117479945,train
2012-09-12,-1.1491689467903892,-1.5040714645147384,0.3549025177243492,train
2012-09-13,-1.2232974423299705,-1.390423570594805,0.16712612826483442,train
2012-09-14,-1.3048634010010294,-1.3170522571475816,0.012188856146552185,train
2012-09-17,-1.198465103892831,-1.360501174383073,0.16203607049024216,train
2012-09-18,-1.1960019933396022,-1.3229971356873222,0.12699514234772002,train
2012-09-19,-1.2023446818349057,-1.2989242820443516,0.09657960020944589,train
2012-09-20,-1.2186298267704785,-1.3591271415176833,0.14049731474720484,train
2012-09-21,-1.2412632517901723,-1.3157559493850501,0.07449269759487787,train
2012-09-24,-1.3631503924883657,-1.2052716516392925,-0.15787874084907316,train
2012-09-25,-1.3637021914711034,-1.2994477006971152,-0.06425449077398815,train
2012-09-26,-1.39633044525132,-1.3027915395528902,-0.09353890569842993,train
2012-09-27,-1.4017267980619175,-1.3263726470051314,-0.07535415105678611,train
2012-09-28,-1.4085129214648329,-1.2990493576311044,-0.10946356383372846,train
2012-10-01,-1.4903789570942503,-1.3496774587373679,-0.1407014983568824,train
2012-10-02,-1.6132065984836383,-1.3254897593767927,-0.28771683910684565,train
2012-10-03,-1.5839388551596418,-1.3749727336717141,-0.2089661214879277,train
2012-10-04,-1.5735525544658706,-1.4071181715013545,-0.16643438296451607,train
2012-10-05,-1.582304685404461,-1.3641407922821212,-0.21816389312233975,train
2012-10-08,-1.5257869940957385,-1.4839268546174171,-0.041860139478321345,train
2012-10-09,-1.5062810418489312,-1.5436371688219626,0.03735612697303137,train
2012-10-10,-1.5819070155199653,-1.4618616090051542,-0.1200454065148111,train
2012-10-11,-1.5752058575947039,-1.4561042637807273,-0.11910159381397656,train
2012-10-12,-1.6350021769932028,-1.436501441213577,-0.1985007357796258,train
2012-10-15,-1.6933499942408852,-1.460027960170101,-0.23332203407078422,train
2012-10-16,-1.704222511785785,-1.5021556759962316,-0.20206683578955342,train
2012-10-17,-1.7302605207112578,-1.5626979525210158,-0.16756256819024196,train
2012-10-18,-1.7345604688249652,-1.4925554191497261,-0.24200504967523906,train
2012-10-19,-1.722868840455434,-1.5607543603905973,-0.16211448006483664,train
2012-10-22,-1.671531521724754,-1.5984676404528564,-0.07306388127189756,train
2012-10-23,-1.6949359133348942,-1.6126783847144472,-0.082257528620447,train
2012-10-24,-1.7282169380968777,-1.6824660967517833,-0.04575084134509444,train
2012-10-25,-1.8268270437175402,-1.61253814764066,-0.2142888960768803,train
2012-10-26,-1.883920024172688,-1.5992048716815226,-0.2847151524911653,train
2012-10-29,-1.858401286422383,-1.57149474113143,-0.28690654529095294,train
2012-10-30,-1.8153711942458137,-1.6559149173085932,-0.15945627693722053,train
2012-10-31,-1.7533010615325761,-1.7289734402805674,-0.024327621252008713,train
2012-11-01,-1.5803206971139612,-1.7315483545439139,0.1512276574299527,train
2012-11-02,-1.4762276969529315,-1.77010130894692,0.2938736119939884,train
2012-11-05,-1.5307317842116468,-1.6772458306359366,0.14651404642428978,train
2012-11-06,-1.5779256730199989,-1.7172439076636505,0.13931823464365167,train
2012-11-07,-1.55430641488056,-1.6905068275421544,0.13620041266159433,train
2012-11-08,-1.6702576768389903,-1.4866895209164648,-0.1835681559225255,train
2012-11-09,-1.7554847818784975,-1.5123766243069343,-0.24310815757156323,train
2012-11-12,-1.7576211896912017,-1.561046083205015,-0.1965751064861867,train
2012-11-13,-1.7279603301246804,-1.693958252158605,-0.03400207796607546,train
2012-11-14,-1.6427016347994907,-1.641388373674096,-0.0013132611253947601,train
2012-11-15,-1.6188032812762252,-1.6433548835469862,0.02455160227076103,train
2012-11-16,-1.6231407455793339,-1.6775468337508603,0.05440608817152648,train
2012-11-19,-1.6263802232593636,-1.6878077760969639,0.06142755283760026,train
2012-11-20,-1.6564131059977822,-1.7129187613344743,0.05650565533669205,train
2012-11-21,-1.7307089657867478,-1.574367132558478,-0.15634183322826978,train
2012-11-22,-1.7804047637077798,-1.6476295810197568,-0.13277518268802302,train
2012-11-23,-1.7792547589208791,-1.6433980343006729,-0.13585672462020626,train
2012-11-26,-1.7585366203384818,-1.6307040730548552,-0.12783254728362659,train
2012-11-27,-1.7383390306272815,-1.6752814043234998,-0.06305762630378164,train
2012-11-28,-1.8408573663312857,-1.6831144489345946,-0.1577429173966911,train
2012-11-29,-1.9319535057403574,-1.6992512874649344,-0.23270221827542303,train
2012-11-30,-1.8954397333711626,-1.8110848930216799,-0.08435484034948271,train
2012-12-03,-1.880004605154415,-1.6889526060740336,-0.1910519990803814,train
2012-12-04,-1.905853592014416,-1.6937807228217097,-0.2120728691927063,train
2012-12-05,-1.874728815753366,-1.775683492975033,-0.099045322778333,train
2012-12-06,-1.8474118691178671,-1.825526118670446,-0.02188575044742125,train
2012-12-07,-1.8584401107894741,-1.7810637559652998,-0.07737635482417438,train
2012-12-10,-1.8543767002227902,-1.733783077241147,-0.12059362298164311,train
2012-12-11,-1.8219599456725675,-1.8094128863650947,-0.012547059307472797,train
2012-12-12,-1.920318222458667,-1.7949975720953106,-0.12532065036335638,train
2012-12-13,-1.8770660334485523,-1.858381794498563,-0.018684238949989274,train
2012-12-14,-1.8118736786681509,-1.754564455116896,-0.057309223551254895,train
2012-12-17,-1.7828048311277933,-1.7539087508542655,-0.028896080273527858,train
2012-12-18,-1.898179307502911,-1.7600566945094775,-0.13812261299343342,train
2012-12-19,-1.7121080214616466,-1.906906510435813,0.1947984889741663,train
2012-12-20,-1.6534102608693906,-1.7927817696127568,0.13937150874336623,train
2012-12-21,-1.5998680514239854,-1.6959434342348958,0.09607538281091044,train
2012-12-24,-1.4923407727692433,-1.6554520074029602,0.1631112346337169,train
2012-12-27,-1.2329531816936132,-1.9149450518148412,0.681991870121228,train
2012-12-28,-1.1963813472001987,-1.6876030582594483,0.4912217110592496,train
2012-12-31,-1.1787468729749775,-1.7060798111461761,0.5273329381711986,train
2013-01-02,-1.25788634892989,-1.6056710799966094,0.3477847310667195,train
2013-01-03,-1.4707336546354761,-1.4149197990327687,-0.05581385560270746,train
2013-01-04,-1.4943279360364232,-1.4202551186821104,-0.07407281735431281,train
2013-01-07,-1.462098422026822,-1.389615455965881,-0.07248296606094096,train
2013-01-08,-1.4524678332029877,-1.4047805432650158,-0.04768728993797189,train
2013-01-09,-1.3456292738520212,-1.4666644208741724,0.12103514702215112,train
2013-01-10,-1.2108979438706067,-1.5629486148830887,0.352050671012482,train
2013-01-11,-1.2325648329593424,-1.511818145610098,0.2792533126507557,train
2013-01-14,-1.209505979721708,-1.4596471902484423,0.2501412105267342,train
2013-01-15,-1.3202673645725942,-1.480730210012168,0.1604628454395738,train
2013-01-16,-1.3124925255149753,-1.345706913017643,0.033214387502667586,train
2013-01-17,-1.321878314589966,-1.312689018944364,-0.009189295645601891,train
2013-01-18,-1.2728109156215375,-1.3335279650006135,0.06071704937907607,train
2013-01-21,-1.3023098571319267,-1.2771379184235416,-0.025171938708385078,train
2013-01-22,-1.2020350343772495,-1.4848817941798278,0.28284675980257834,train
2013-01-23,-1.3526334477681545,-1.3020203785576887,-0.05061306921046582,train
2013-01-24,-1.4547297652579854,-1.3428672988144452,-0.11186246644354014,train
2013-01-25,-1.6109677209721034,-1.3031808347776628,-0.3077868861944406,train
2013-01-28,-1.5782144445952846,-1.3127994883936285,-0.2654149562016561,train
2013-01-29,-1.546009155771365,-1.3178192675338418,-0.2281898882375233,train
2013-01-30,-1.3706614531703618,-1.3987897204928879,0.028128267322526046,train
2013-01-31,-1.27087874342788,-1.456638088494035,0.185759345066155,train
2013-02-01,-1.0789318960955627,-1.556134989552944,0.4772030934573812,train
2013-02-04,-1.1360403888942676,-1.380273485755434,0.24423309686116634,train
2013-02-05,-1.159620255454599,-1.447929276850219,0.2883090213956201,train
2013-02-06,-1.2432559932699778,-1.2802467288450827,0.036990735575104905,train
2013-02-07,-1.284961724730954,-1.3064263789590254,0.021464654228071423,train
2013-02-08,-1.3616847299084316,-1.1642240121165415,-0.19746071779189012,train
2013-02-11,-1.325475224103694,-1.2218763506909258,-0.10359887341276819,train
2013-02-12,-1.405252418045224,-1.431861564331272,0.026609146286048047,train
2013-02-13,-1.5183992746899173,-1.2756642423733573,-0.24273503231656002,train
2013-02-14,-1.4300479156876649,-1.336751219684814,-0.09329669600285095,train
2013-02-15,-1.3866504224995877,-1.3650121988078765,-0.0216382236917112,train
2013-02-18,-1.431712378863272,-1.3501149787492346,-0.08159740011403738,train
2013-02-19,-1.151805456264369,-1.554241062558875,0.40243560629450603,train
2013-02-20,-0.8816987075492628,-1.5274141686527332,0.6457154611034703,train
2013-02-21,-0.8718840903776106,-1.4097448554013206,0.5378607650237099,train
2013-02-22,-0.9110711925132089,-1.337397056197299,0.4263258636840901,train
2013-02-25,-0.8570579768754116,-1.4140186734856133,0.5569606966102016,train
2013-02-26,-1.0532196752516854,-1.1005097241623751,0.047290048910689775,train
2013-02-27,-1.3053113840024977,-0.9679028777665636,-0.3374085062359341,train
2013-02-28,-1.5190560765801375,-1.0542014949738943,-0.46485458160624327,train
2013-03-01,-1.5200621427172893,-1.1292355692099894,-0.3908265735073,train
2013-03-04,-1.450571421390159,-1.0661050936421657,-0.3844663277479934,train
2013-03-05,-1.5448703615155548,-1.206641269259486,-0.3382290922560689,train
2013-03-06,-1.553911806067907,-1.3699291358093788,-0.1839826702585281,train
2013-03-07,-1.4026303601636627,-1.4870001999549225,0.08436983979125978,train
2013-03-08,-1.4437616416315833,-1.4058300984563985,-0.03793154317518477,train
2013-03-11,-1.5291075921275463,-1.3310500059375714,-0.19805758618997493,train
2013-03-12,-1.2792590153448276,-1.5149263632636727,0.23566734791884514,train
2013-03-13,-1.0110755832957588,-1.5102355025689354,0.4991599192731766,train
2013-03-14,-0.9514959016722615,-1.4525574213628247,0.5010615196905632,train
2013-03-15,-0.8730039449743732,-1.398271847822587,0.5252679028482139,train
2013-03-18,-0.8871749759495987,-1.422434862305135,0.5352598863555363,train
2013-03-19,-0.8423620130850876,-1.1779735989712923,0.33561158588620466,train
2013-03-20,-1.0077927544249707,-1.026300303430882,0.018507549005911228,train
2013-03-21,-1.1049661792722796,-1.0790655697532838,-0.025900609518995754,train
2013-03-22,-1.1649641933752028,-1.0894441497331364,-0.07552004364206644,train
2013-03-25,-1.3567858432497168,-1.1319646652008717,-0.22482117804884516,train
2013-03-26,-1.6833245660541933,-0.9486979585257351,-0.7346266075284582,train
2013-03-27,-1.7723523622442265,-1.1596225827763753,-0.6127297794678512,train
2013-03-28,-1.8668871708934958,-1.2180601865411185,-0.6488269843523773,train
2013-03-29,-1.6690138449388965,-1.2599963047167597,-0.40901754022213677,train
2013-04-01,-1.3639282326698883,-1.785978624561863,0.4220503918919747,train
2013-04-02,-1.2771528701771881,-1.6490835488511792,0.3719306786739911,train
2013-04-03,-1.1842457816861485,-1.5852585556052459,0.4010127739190974,train
2013-04-04,-1.1174582244013354,-1.67713534734576,0.5596771229444246,train
2013-04-05,-1.3926658064076527,-1.3530623812546922,-0.03960342515296045,train
2013-04-08,-1.55099296547217,-1.2856435821973036,-0.26534938327486635,train
2013-04-09,-1.4885631681762899,-1.3378173678386691,-0.15074580033762075,train
2013-04-10,-1.4356099726571399,-1.2824808453655594,-0.15312912729158046,train
2013-04-11,-1.2968330439304074,-1.3011705415770218,0.004337497646614397,train
2013-04-12,-1.1736673577844312,-1.4140766747837374,0.24040931699930623,train
2013-04-15,-1.1433110725566402,-1.4159754459075407,0.27266437335090044,train
2013-04-16,-1.2358864629751647,-1.3893186814035139,0.1534322184283492,train
2013-04-17,-1.253708399042074,-1.3031447285161815,0.049436329474107366,train
2013-04-18,-1.3854886525844603,-1.2364823931720648,-0.14900625941239554,train
2013-04-19,-1.453503006997679,-1.2796433584486284,-0.17385964854905067,train
2013-04-22,-1.4904480509517195,-1.2641374318973877,-0.2263106190543318,train
2013-04-23,-1.5131979502043367,-1.3844963779630473,-0.12870157224128942,train
2013-04-24,-1.5934838539287581,-1.3729737514903895,-0.22051010243836866,train
2013-04-25,-1.5436622043833865,-1.4716254629667123,-0.07203674141667427,train
2013-04-26,-1.295574406502784,-1.4491663827051722,0.15359197620238807,train
2013-04-29,-1.0432608382944177,-1.438933811515416,0.39567297322099826,train
2013-04-30,-1.047423518324414,-1.5508964638670872,0.5034729455426732,train
2013-05-01,-1.1419712439169047,-1.4892792043960263,0.3473079604791216,train
2013-05-02,-1.2139346459649274,-1.4890476378318396,0.2751129918669122,train
2013-05-03,-1.4405195315444836,-1.1514786575518832,-0.2890408739926005,train
2013-05-06,-1.5927783525315324,-1.0136593710350086,-0.5791189814965239,train
2013-05-07,-1.4804326159681453,-1.5034150052487965,0.022982389280651105,train
2013-05-08,-1.3302666483200418,-1.470533486975291,0.14026683865524925,train
2013-05-09,-1.234226157694225,-1.376757490253569,0.14253133255934403,train
2013-05-10,-1.1929791780892502,-1.4036326829615444,0.21065350487229417,train
2013-05-13,-1.2903835992295316,-1.3703487928451588,0.07996519361562715,train
2013-05-14,-1.3667033238419815,-1.4139215538519811,0.047218230009999695,train
2013-05-15,-1.4162588649139196,-1.292107348071746,-0.12415151684217363,train
2013-05-16,-1.301442417678714,-1.2870947825388601,-0.014347635139853931,train
2013-05-17,-1.2834638177742652,-1.2775342409828772,-0.005929576791388058,train
2013-05-20,-1.2358514026947496,-1.4081488892558807,0.17229748656113109,train
2013-05-21,-1.4450834694227854,-1.4188269418621975,-0.02625652756058794,train
2013-05-22,-1.424613413722831,-1.4398685212881752,0.015255107565344206,train
2013-05-23,-1.516021242816901,-1.1995616600338646,-0.31645958278303654,train
2013-05-24,-1.5190808146453976,-1.2769580458132626,-0.24212276883213502,train
2013-05-27,-1.5052048106686169,-1.2818673878082567,-0.22333742286036018,train
2013-05-28,-1.1162567752764339,-1.6325729563856908,0.5163161811092569,train
2013-05-29,-1.1539472237353465,-1.3823051521271135,0.22835792839176694,train
2013-05-30,-1.1629298714901202,-1.3695890858614213,0.20665921437130108,train
2013-05-31,-1.0387892112397414,-1.3603029433560156,0.3215137321162742,train
2013-06-03,-0.9709649592350174,-1.3597914585177888,0.38882649928277147,train
2013-06-04,-1.1362966806809633,-1.2027796568104911,0.0664829761295278,train
2013-06-05,-1.0695990706663683,-1.3099700710289914,0.24037100036262316,train
2013-06-06,-1.1482728539845564,-1.3285612993434381,0.18028844535888178,train
2013-06-07,-1.2497085771360035,-1.08456624740271,-0.16514232973329346,train
2013-06-10,-1.4871795098174694,-1.0937795606704017,-0.39339994914706766,train
2013-06-11,-1.5280153409921895,-1.2823674002022105,-0.24564794078997898,train
2013-06-12,-1.551707471086226,-1.1960099956927583,-0.35569747539346763,train
2013-06-13,-1.4586059301418035,-1.2637771555412751,-0.1948287746005284,train
2013-06-14,-1.3909527964074742,-1.2267613366307693,-0.1641914597767049,train
2013-06-17,-1.237553152287748,-1.473808343064002,0.236255190776254,train
2013-06-18,-1.0774466829898073,-1.63184551877224,0.5543988357824328,train
2013-06-19,-1.125612306924482,-1.4431412184900902,0.31752891156560814,train
2013-06-20,-1.1967357778393097,-1.4961620877148383,0.29942630987552854,train
2013-06-21,-1.401979132632675,-1.2128036074741044,-0.1891755251585705,train
2013-06-24,-1.4597928689620265,-1.253833977996079,-0.20595889096594755,train
2013-06-25,-1.6297092213883928,-1.1658058601635513,-0.46390336122484155,train
2013-06-26,-1.6578161584754203,-1.2817678493183728,-0.37604830915704746,train
2013-06-27,-1.6132184047167886,-1.272030066778117,-0.34118833793867154,train
2013-06-28,-1.4540007168181093,-1.4098085284628674,-0.04419218835524186,train
2013-07-01,-1.3971401269461345,-1.392695786873783,-0.004444340072351505,train
2013-07-02,-1.4450736020927901,-1.5523337920559284,0.10726018996313824,train
2013-07-03,-1.3784532882989229,-1.577662592295699,0.19920930399677617,train
2013-07-04,-1.1875709512264225,-1.4941007468593177,0.3065297956328952,train
2013-07-05,-0.9551202481644708,-1.4199170333278297,0.46479678516335887,train
2013-07-08,-0.9203712360495336,-1.5729362482022473,0.6525650121527137,train
2013-07-09,-0.7322534035063002,-1.565873013746038,0.8336196102397377,train
2013-07-10,-0.7136054248399792,-1.4039174762843738,0.6903120514443946,train
2013-07-11,-0.8705710160110932,-1.0966290253219158,0.22605800931082254,train
2013-07-12,-1.2830859264061873,-0.8582272309705936,-0.42485869543559374,train
2013-07-15,-1.4157630244276582,-1.1185337337137553,-0.2972292907139029,train
2013-07-16,-1.5584703055723357,-1.1339258185201868,-0.42454448705214887,train
2013-07-17,-1.7263329226759851,-1.039123043212843,-0.687209879463142,train
2013-07-18,-1.757767617247503,-1.0766113076970307,-0.6811563095504722,train
2013-07-19,-1.6703961299172068,-1.3632853692230915,-0.30711076069411525,train
2013-07-22,-1.700793632664564,-1.4136174772871537,-0.28717615537741037,train
2013-07-23,-1.751501843726519,-1.5299658014807447,-0.2215360422457744,train
2013-07-24,-1.749224466789519,-1.6465857245021835,-0.10263874228733538,train
2013-07-25,-1.6980579204240154,-1.53160081770917,-0.16645710271484537,train
2013-07-26,-1.684982406525858,-1.525227659043447,-0.15975474748241103,train
2013-07-29,-1.4950742700765827,-1.574560017527479,0.07948574745089632,train
2013-07-30,-1.4437834601059598,-1.6579991109840249,0.21421565087806504,train
2013-07-31,-1.4481163657332785,-1.7056225836571492,0.25750621792387074,train
2013-08-01,-1.6425934190598723,-1.4306510178055587,-0.21194240125431363,train
2013-08-02,-1.802434298620879,-1.5048235745801946,-0.29761072404068445,train
2013-08-05,-2.122977936663947,-1.4701225179990094,-0.6528554186649376,train
2013-08-06,-2.201367168666316,-1.5160704990374643,-0.6852966696288516,train
2013-08-07,-2.141062398491132,-1.5563710293239221,-0.5846913691672098,train
2013-08-08,-2.2577541394204297,-1.5749645066177191,-0.6827896328027105,train
2013-08-09,-1.9573306588565718,-1.698087017637339,-0.2592436412192327,train
2013-08-12,-1.8491661918083184,-1.964416473983013,0.11525028217469457,train
2013-08-13,-1.8476139645684824,-1.9801006707308169,0.1324867061623345,train
2013-08-14,-1.8303495228621292,-1.9803007137861064,0.14995119092397724,train
2013-08-15,-1.622213372103935,-2.043981349414693,0.4217679773107579,train
2013-08-16,-1.779771712591603,-1.687710674721243,-0.09206103787036013,train
2013-08-19,-1.7424720787786594,-1.8254826191651332,0.08301054038647382,train
2013-08-20,-1.7858124224380958,-2.0093836620067957,0.22357123956869995,train
2013-08-21,-1.804185021680961,-1.7619491151966389,-0.04223590648432207,train
2013-08-22,-1.889617597630594,-1.666949885230778,-0.22266771239981598,train
2013-08-23,-1.9355333412889884,-1.6636401763893915,-0.2718931648995968,train
2013-08-26,-2.0008422468647096,-1.7878967592672634,-0.21294548759744614,train
2013-08-27,-2.015578773718935,-2.1017510564011834,0.08617228268224864,train
2013-08-28,-2.0326472849577732,-1.8258631045724756,-0.20678418038529767,train
2013-08-29,-2.117177405188148,-1.8184522925633044,-0.29872511262484336,train
2013-08-30,-2.079425986354191,-1.8135324410474034,-0.26589354530678744,train
2013-09-02,-1.9102722334357627,-1.915694071542276,0.005421838106513199,train
2013-09-03,-1.776676898256389,-1.9967963568825304,0.22011945862614146,train
2013-09-04,-1.8433254040854954,-1.9556271694814042,0.11230176539590886,train
2013-09-05,-1.7832113023983531,-2.0529239733744493,0.2697126709760962,train
2013-09-06,-1.8979586477288937,-1.8956243178955363,-0.0023343298333573514,train
2013-09-09,-2.0222572942248247,-1.9221817216012493,-0.10007557262357536,train
2013-09-10,-2.04024643288687,-1.871186064849177,-0.1690603680376932,train
2013-09-11,-2.117917946364151,-1.8664995779146019,-0.251418368449549,train
2013-09-12,-1.8530950970260016,-1.8471576579908886,-0.005937439035113012,train
2013-09-13,-1.777329725282198,-1.8510741683599032,0.07374444307770522,train
2013-09-16,-1.7717292573293548,-1.905828909616977,0.1340996522876221,train
2013-09-17,-1.7040679825816116,-1.9071884609307275,0.20312047834911584,train
2013-09-18,-1.6339108201531893,-2.0781940211931276,0.44428320103993824,train
2013-09-19,-1.9811148775472425,-1.7361175427702409,-0.24499733477700159,train
2013-09-20,-2.092740831782901,-1.7188638846330426,-0.3738769471498582,train
2013-09-23,-2.1647736047182087,-1.7740243358934538,-0.3907492688247549,train
2013-09-24,-2.2473378709976544,-1.75542637148985,-0.49191149950780444,train
2013-09-25,-2.15729308866425,-1.8516954777911687,-0.3055976108730811,train
2013-09-26,-2.0094501049789546,-1.9777251469557693,-0.03172495802318531,train
2013-09-27,-1.9068231908996929,-2.032511321334418,0.12568813043472526,train
2013-09-30,-1.8898537175118715,-2.0649415952419288,0.1750878777300573,train
2013-10-01,-1.9473284248117495,-2.0204587390753552,0.07313031426360572,train
2013-10-02,-2.07524250441265,-1.934512597012721,-0.14072990739992908,train
2013-10-03,-2.101714562156022,-1.931413803688201,-0.1703007584678211,train
2013-10-04,-2.2027874971435195,-1.8639605530886678,-0.3388269440548517,train
2013-10-07,-2.1947033921326407,-1.9416795860083438,-0.25302380612429687,train
2013-10-08,-2.2220886477037523,-1.9737179486984517,-0.2483706990053005,train
2013-10-09,-2.084896517307318,-2.026266661654862,-0.05862985565245582,train
2013-10-10,-2.0599888707215435,-1.984947636920143,-0.07504123380140038,train
2013-10-11,-1.9340579481665094,-2.0053215656265375,0.07126361746002807,train
2013-10-14,-2.0014160093018143,-2.0777726372486347,0.07635662794682041,train
2013-10-15,-2.0088476463009464,-2.1188217460761454,0.10997409977519901,train
2013-10-16,-1.9258889589764443,-1.9841302031935046,0.05824124421706034,train
2013-10-17,-2.075765874136647,-1.9216188851693004,-0.1541469889673468,train
2013-10-18,-2.1326276273314453,-1.8163307702733356,-0.3162968570581097,train
2013-10-21,-2.0377181112510607,-2.018993496681652,-0.01872461456940888,train
2013-10-22,-2.02061735080119,-2.142183054044169,0.12156570324297888,train
2013-10-23,-2.1126039050893373,-2.155937087199568,0.04333318211023052,train
2013-10-24,-2.0290523828313454,-2.061618333163799,0.032565950332453575,train
2013-10-25,-1.978124332412421,-2.017956864442583,0.03983253203016224,train
2013-10-28,-1.9419741400818982,-1.9434526530209215,0.0014785129390233465,train
2013-10-29,-1.791124655896526,-2.0821409554400234,0.2910162995434975,train
2013-10-30,-1.8359167989626464,-1.9864911594778283,0.15057436051518192,train
2013-10-31,-1.793482839180261,-2.023818744678553,0.23033590549829186,train
2013-11-01,-1.409999502262483,-1.850750800149497,0.44075129788701406,train
2013-11-04,-1.2634502419078217,-1.874088970741634,0.6106387288338122,train
2013-11-05,-1.4040262639859509,-1.962931585570075,0.5589053215841242,train
2013-11-06,-1.2946454703386472,-1.9075332618116674,0.6128877914730202,train
2013-11-07,-1.228249636185643,-1.8436151045863873,0.6153654684007444,train
2013-11-08,-1.6269788833020147,-1.1170180506366765,-0.5099608326653382,train
2013-11-11,-1.835885756395058,-1.4562887474650434,-0.37959700893001447,train
2013-11-12,-1.7923683884915973,-1.7172253026167983,-0.07514308587479901,train
2013-11-13,-1.838337179056603,-1.512828179727924,-0.32550899932867905,train
2013-11-14,-1.682098592749282,-1.4973121928056607,-0.18478639994362123,train
2013-11-15,-1.5932628704689373,-1.6769886837148846,0.0837258132459473,train
2013-11-18,-1.6012735572113637,-1.8127059276949335,0.2114323704835699,train
2013-11-19,-1.5856723236399592,-1.8155327006210813,0.22986037698112205,train
2013-11-20,-1.6041039274491944,-1.7846883025573135,0.1805843751081191,train
2013-11-21,-1.8644718348470388,-1.5554777569598714,-0.3089940778871674,train
2013-11-22,-2.0848888281043543,-1.6099031384654225,-0.47498568963893173,train
2013-11-25,-2.0977388243061084,-1.753331784405714,-0.34440703990039445,train
2013-11-26,-2.021506156100595,-1.729352919889609,-0.2921532362109862,train
2013-11-27,-2.1265870119105346,-1.6789265838643572,-0.44766042804617734,train
2013-11-28,-2.1315334966937045,-1.8275274579250902,-0.3040060387686143,train
2013-11-29,-1.891435386655666,-2.111743915451655,0.22030852879598917,train
2013-12-02,-1.7599969940347182,-2.0112266025967136,0.2512296085619954,train
2013-12-03,-1.9474818374064795,-1.8141291581230563,-0.1333526792834232,train
2013-12-04,-1.931129919452045,-1.958140171654,0.027010252201954854,train
2013-12-05,-1.9169769001906527,-1.9006270935460392,-0.016349806644613496,train
2013-12-06,-2.058518712613361,-1.6643284542119745,-0.39419025840138655,train
2013-12-09,-2.1797921563257594,-1.7678577946506735,-0.4119343616750859,train
2013-12-10,-2.072245331761922,-2.020892038172608,-0.05135329358931395,train
2013-12-11,-2.05464368055447,-1.961729477871836,-0.09291420268263417,train
2013-12-12,-1.817398477749763,-1.9222028330927046,0.10480435534294164,train
2013-12-13,-1.8131633962533804,-1.9372884775682664,0.12412508131488598,train
2013-12-16,-1.7639930207599377,-1.9811670041340435,0.21717398337410576,train
2013-12-17,-1.8682826276129334,-1.9563421981176219,0.08805957050468849,train
2013-12-18,-2.0188029963210266,-1.9866331127361483,-0.03216988358487827,train
2013-12-19,-2.068416329748106,-1.6465282073586112,-0.421888122389495,train
2013-12-20,-2.099805174045019,-1.7669174309235713,-0.33288774312144787,train
2013-12-23,-2.06359883871717,-1.8169575981993034,-0.24664124051786684,train
2013-12-24,-1.7762439298994679,-1.9618240736522536,0.18558014375278575,train
2013-12-27,-1.5682345146928232,-2.0864320918748334,0.5181975771820102,train
2013-12-30,-1.755001309225252,-1.7938572046068084,0.038855895381556316,train
2013-12-31,-1.7493309080038713,-1.935863825379231,0.18653291737535982,train
2014-01-02,-1.7540243731451362,-1.9077448718285057,0.15372049868336957,train
2014-01-03,-1.7979010295536626,-1.67809577237508,-0.11980525717858259,train
2014-01-06,-1.5557521241167442,-1.6973589513331953,0.14160682721645101,train
2014-01-07,-1.62741679582541,-1.7973358538853899,0.16991905805997987,train
2014-01-08,-1.7089181729288043,-1.8043321610568543,0.09541398812805002,train
2014-01-09,-1.7374274831963887,-1.7926934944012491,0.05526601120486041,train
2014-01-10,-1.8019337316306419,-1.8079206569570343,0.005986925326392445,train
2014-01-13,-2.100654564197285,-1.645768968221534,-0.45488559597575096,train
2014-01-14,-2.144329840256321,-1.7424942865498845,-0.4018355537064364,train
2014-01-15,-2.121562133424603,-1.825609065986423,-0.29595306743817984,train
2014-01-16,-2.183700241705103,-1.8202570465709624,-0.3634431951341406,train
2014-01-17,-2.1280328070349745,-1.8014603779745628,-0.32657242906041173,train
2014-01-20,-1.983414097882336,-1.9567338702771806,-0.026680227605155427,train
2014-01-21,-1.8902369039987328,-2.003694736190902,0.1134578321921691,train
2014-01-22,-1.890702088244933,-1.954506878906308,0.06380479066137501,train
2014-01-23,-1.738233839004015,-2.0120762014905385,0.2738423624865234,train
2014-01-24,-1.7823468391353638,-1.8918713467838488,0.10952450764848498,train
2014-01-27,-1.823756468997988,-1.916953268319685,0.09319679932169711,train
2014-01-28,-1.78734620247182,-1.8349944641307796,0.04764826165895952,train
2014-01-29,-1.7462382698294452,-2.045172022008746,0.29893375217930074,train
2014-01-30,-1.8514044297626184,-1.6840377882225295,-0.16736664154008896,train
2014-01-31,-1.7189570124839668,-1.8050610454058686,0.08610403292190183,train
2014-02-03,-1.7175850494932763,-1.7715417388896855,0.053956689396409185,train
2014-02-04,-1.9062189627650656,-1.8280713379353255,-0.07814762482974014,train
2014-02-05,-1.8939919189965693,-1.867806423446345,-0.026185495550224314,train
2014-02-06,-1.8741403482580892,-1.843542236487902,-0.03059811177018723,train
2014-02-07,-2.0015767477338304,-1.7931737496359013,-0.20840299809792917,train
2014-02-10,-2.161437450205669,-1.8321846345522577,-0.32925281565341136,train
2014-02-11,-2.0949618480245946,-1.9805847849262204,-0.11437706309837425,train
2014-02-12,-2.1770951674612937,-1.958146023448571,-0.2189491440127227,train
2014-02-13,-2.3575956003702303,-1.9443347921662217,-0.41326080820400857,train
2014-02-14,-2.4626996677811155,-2.078953082786698,-0.3837465849944173,train
2014-02-17,-2.4631057922599164,-2.121695740466155,-0.3414100517937615,train
2014-02-18,-2.4768967527934747,-2.0417407249303308,-0.4351560278631439,train
2014-02-19,-2.490378268661575,-2.0814762544527823,-0.4089020142087927,train
2014-02-20,-2.407715513845648,-2.2180624856424593,-0.18965302820318852,train
2014-02-21,-2.38096091341613,-2.233584375239316,-0.14737653817681373,train
2014-02-24,-2.106184467203511,-2.28045079328713,0.17426632608361903,train
2014-02-25,-1.980432391416746,-2.2338987874296636,0.25346639601291754,train
2014-02-26,-1.9033565100307341,-2.342080917484588,0.4387244074538539,train
2014-02-27,-1.8209408425378961,-2.276537790767327,0.45559694822943086,train
2014-02-28,-1.744601479646517,-2.16229115162068,0.4176896719741632,train
2014-03-03,-1.9387459982976267,-2.0426271158865053,0.10388111758887852,train
2014-03-04,-2.0983706560743096,-2.0029877339840154,-0.0953829220902942,train
2014-03-05,-2.2174125816196115,-2.1033004254616294,-0.11411215615798209,train
2014-03-06,-2.3250183384536127,-1.966718515567249,-0.35829982288636364,train
2014-03-07,-2.244588344797145,-1.978771263842149,-0.2658170809549958,train
2014-03-10,-2.2377198575785053,-2.047419376247134,-0.19030048133137134,train
2014-03-11,-2.159636912426169,-2.163049673406661,0.0034127609804919246,train
2014-03-12,-2.0060695865134703,-2.207688677283579,0.20161909077010876,train
2014-03-13,-1.8405900367543573,-2.2637389269405253,0.42314889018616797,train
2014-03-14,-1.9700229173992798,-2.150951851747184,0.18092893434790414,train
2014-03-17,-2.009382591425651,-2.078526744730807,0.06914415330515578,train
2014-03-18,-1.823360796405113,-2.114927415477054,0.2915666190719408,train
2014-03-19,-1.8024261663722854,-2.038364826894735,0.2359386605224496,train
2014-03-20,-1.8667327289009124,-2.1378468209362884,0.27111409203537606,train
2014-03-21,-1.8549647379510326,-1.9368723965069112,0.08190765855587867,train
2014-03-24,-1.8082411037067416,-2.01739777709712,0.20915667339037824,train
2014-03-25,-1.9071353121865233,-1.9164434198072104,0.009308107620687123,train
2014-03-26,-2.0763033538429925,-1.9054425101436059,-0.1708608436993866,train
2014-03-27,-2.1999766202840343,-1.9527919346037939,-0.24718468568024043,train
2014-03-28,-2.1058045389359163,-1.855723574569451,-0.25008096436646543,train
2014-03-31,-2.065290478235333,-2.057874581606443,-0.007415896628890195,train
2014-04-01,-2.2996619284414046,-1.8865709115395957,-0.41309101690180894,train
2014-04-02,-2.277885454617327,-2.091654525522618,-0.18623092909470884,train
2014-04-03,-2.1489692148280444,-2.1432739378153167,-0.005695277012727651,train
2014-04-04,-2.398937521463054,-2.0140641156590586,-0.38487340580399554,train
2014-04-07,-2.638276657251019,-1.9966805310534084,-0.6415961261976104,train
2014-04-08,-2.5196065966031314,-2.2955838679836353,-0.22402272861949601,train
2014-04-09,-2.5207460983002172,-2.202271424571076,-0.31847467372914107,train
2014-04-10,-2.6132065952147228,-2.3250104227919635,-0.2881961724227593,train
2014-04-11,-2.649443084360749,-2.248640113097267,-0.40080297126348174,train
2014-04-14,-2.920185447325209,-2.4195699350500215,-0.5006155122751874,train
2014-04-15,-3.1643834479315354,-2.269837528744013,-0.8945459191875225,train
2014-04-16,-3.246611785385901,-2.2812832780804184,-0.9653285073054825,train
2014-04-17,-3.204076053277877,-2.362726753721817,-0.8413492995560601,train
2014-04-18,-3.1194830688298865,-2.4183514925404523,-0.7011315762894341,train
2014-04-21,-2.9078789708945765,-2.9098341416146294,0.0019551707200529123,train
2014-04-22,-2.7063887384578065,-2.820335614006067,0.11394687554826044,train
2014-04-23,-2.5934082131349565,-2.743906898370392,0.1504986852354353,train
2014-04-24,-2.571957640827162,-2.6553909781556717,0.08343333732850988,train
2014-04-25,-2.7936842697506186,-2.8833038679841074,0.08961959823348886,train
2014-04-28,-2.537802223286921,-2.862249246860477,0.32444702357355615,train
2014-04-29,-2.7067355134115334,-2.5950964277829556,-0.11163908562857783,train
2014-04-30,-2.7587968140626593,-2.7202028581354143,-0.038593955927245016,train
2014-05-01,-2.903787507948987,-2.5100714456182676,-0.39371606233071965,train
2014-05-02,-2.3878846444812782,-2.8121809984501853,0.4242963539689071,train
2014-05-05,-2.4782493087873294,-2.6530855450567445,0.17483623626941514,train
2014-05-06,-2.4075353233368078,-2.7144579074948103,0.30692258415800255,train
2014-05-07,-2.297754470667691,-2.7971696535442665,0.4994151828765756,train
2014-05-08,-2.252799395466493,-2.7985469353836288,0.5457475399171359,train
2014-05-09,-2.45588008890719,-2.3004995172322467,-0.15538057167494346,train
2014-05-12,-2.4910574111579322,-2.4366102752797607,-0.054447135878171515,train
2014-05-13,-2.4738183614953977,-2.53173654691461,0.05791818541921234,train
2014-05-14,-2.66040270823058,-2.3804315380051944,-0.27997117022538553,train
2014-05-15,-2.6024191570097073,-2.3726389456964103,-0.22978021131329696,train
2014-05-16,-2.7267428188884266,-2.3847662652174115,-0.3419765536710151,train
2014-05-19,-2.8368971240509273,-2.4638211410146527,-0.37307598303627465,train
2014-05-20,-2.907247075698282,-2.496375714412072,-0.4108713612862096,train
2014-05-21,-2.9053598606871054,-2.5750871520896785,-0.33027270859742686,train
2014-05-22,-2.9725523658567155,-2.47739697513265,-0.49515539072406556,train
2014-05-23,-3.0209435456072447,-2.51508191947207,-0.5058616261351747,train
2014-05-26,-2.944197628443477,-2.6517935607086187,-0.2924040677348585,train
2014-05-27,-2.7655426721125833,-2.8127130006446435,0.04717032853206016,train
2014-05-28,-2.7053859215929026,-2.676415794339854,-0.028970127253048705,train
2014-05-29,-2.3148857820591537,-2.78139666809185,0.4665108860326961,train
2014-05-30,-2.1217111671452775,-2.705635588741056,0.5839244215957784,train
2014-06-03,-2.144200702169079,-2.703232510366897,0.5590318081978181,train
2014-06-04,-2.1533539202552188,-2.708872690042849,0.5555187697876303,train
2014-06-05,-2.1633490106403546,-2.5972890072901613,0.43393999664980676,train
2014-06-06,-2.4936660853741777,-2.0612562381034323,-0.4324098472707454,train
2014-06-09,-2.6600874058231354,-2.2424833079044824,-0.41760409791865305,train
2014-06-10,-2.5645942811528073,-2.3336383756900916,-0.23095590546271572,train
2014-06-11,-2.5986036090632143,-2.35028604524157,-0.24831756382164416,train
2014-06-12,-2.525321810515165,-2.320241185156674,-0.20508062535849092,train
2014-06-13,-2.567044349139148,-2.3691258181993278,-0.19791853093982015,train
2014-06-16,-2.59758595837717,-2.5202608278136642,-0.07732513056350587,train
2014-06-17,-2.691702970448578,-2.527699268218089,-0.164003702230489,train
2014-06-18,-2.7169588900558472,-2.5761237912178805,-0.14083509883796674,train
2014-06-19,-2.79741892788135,-2.5053158733760945,-0.2921030545052554,train
2014-06-20,-2.736519308429492,-2.5353061933694283,-0.20121311506006379,train
2014-06-23,-2.8095307557580305,-2.5074283100718553,-0.30210244568617517,train
2014-06-24,-2.787456372517647,-2.633516886542038,-0.15393948597560891,train
2014-06-25,-2.855280152132292,-2.7059159739644443,-0.14936417816784786,train
2014-06-26,-2.940756079580455,-2.9425729064477726,0.0018168268673175447,train
2014-06-27,-2.9655852352024104,-2.6200517155164844,-0.34553351968592594,train
2014-06-30,-3.1203644082632715,-2.627030659963911,-0.4933337482993605,train
2014-07-01,-3.251704300757267,-2.581498486357777,-0.6702058143994898,train
2014-07-02,-3.330795084526012,-2.724973165774704,-0.6058219187513081,train
2014-07-03,-3.278677391252431,-2.7234757764096686,-0.5552016148427623,train
2014-07-04,-3.3909970287902005,-2.9155983831904333,-0.4753986455997672,train
2014-07-07,-3.2503080345407844,-2.9341259565396,-0.3161820780011846,train
2014-07-08,-3.2077543544262723,-2.962629322247416,-0.24512503217885628,train
2014-07-09,-2.9677704914410454,-3.0211716913754945,0.05340119993444903,train
2014-07-10,-2.997304335780818,-3.025572948167492,0.028268612386673997,train
2014-07-11,-3.048952595144485,-3.008165082202512,-0.04078751294197325,train
2014-07-14,-2.8891528768214725,-3.0008205691587433,0.11166769233727081,train
2014-07-15,-2.9184224587743537,-2.9884996587287445,0.07007719995439077,train
2014-07-16,-2.9449528823356608,-2.766760728629404,-0.17819215370625674,train
2014-07-17,-2.9678631559584407,-2.816461556686011,-0.1514015992724298,train
2014-07-18,-2.8872310322756465,-2.8456277599675195,-0.04160327230812699,train
2014-07-21,-2.984360397593176,-3.010230236930678,0.02586983933750231,train
2014-07-22,-3.1061240742932763,-2.859867287898806,-0.24625678639447024,train
2014-07-23,-3.3159242661325337,-2.8579224549254882,-0.4580018112070454,train
2014-07-24,-3.105892090309074,-2.8513881582219525,-0.2545039320871214,train
2014-07-25,-3.122066002048358,-2.914198393140409,-0.2078676089079492,train
2014-07-28,-2.9619752400795014,-3.092760457926258,0.13078521784675656,train
2014-07-29,-2.919310627594531,-3.024794773240971,0.10548414564643993,train
2014-07-30,-2.8319564579498873,-3.1479681586994763,0.31601170074958906,train
2014-07-31,-2.906460022085974,-3.1204368302219736,0.21397680813599962,train
2014-08-01,-2.8082487740822293,-2.9364505583116842,0.12820178422945494,train
2014-08-04,-2.853289350766817,-2.729148960553688,-0.12414039021312906,train
2014-08-05,-2.7960991795033117,-2.9574890531170372,0.1613898736137256,train
2014-08-06,-2.7837487897789943,-2.8523547091447035,0.06860591936570914,train
2014-08-07,-2.706274562595852,-2.7387844619624073,0.03250989936655513,train
2014-08-08,-2.719233075999376,-2.6642396374933965,-0.0549934385059796,train
2014-08-11,-2.6916626145796476,-2.627668620015932,-0.0639939945637158,train
2014-08-12,-2.6536674768526254,-2.8273480639988007,0.1736805871461753,train
2014-08-13,-2.5119854422418904,-2.81098571174763,0.29900026950573944,train
2014-08-14,-2.5885766462817696,-2.709382856108271,0.12080620982650148,train
2014-08-15,-2.641945340172397,-2.6049144864656966,-0.03703085370670056,train
2014-08-18,-2.6391371340228833,-2.590205359188477,-0.04893177483440647,train
2014-08-19,-2.544026894622164,-2.722544047080346,0.1785171524581819,train
2014-08-20,-2.562304496604667,-2.823485651315454,0.26118115471078696,train
2014-08-21,-2.531439286577828,-2.6268330520877856,0.0953937655099577,train
2014-08-22,-2.430125124790328,-2.709355840992883,0.2792307162025547,train
2014-08-25,-2.4671255560874434,-2.5152224129985155,0.04809685691107202,train
2014-08-26,-2.607440014737537,-2.5278183536468117,-0.07962166109072522,train
2014-08-27,-2.7221057315522073,-2.5147462583685765,-0.2073594731836308,train
2014-08-28,-2.6841432359687003,-2.4873167632385877,-0.19682647273011256,train
2014-08-29,-2.2766570800077486,-2.369244599243644,0.09258751923589559,train
2014-09-01,-2.1706660876102593,-2.4219023420738943,0.25123625446363507,train
2014-09-02,-1.9124742133063612,-2.6271180315008156,0.7146438181944543,train
2014-09-03,-1.6299166793089337,-2.6126379990228847,0.982721319713951,train
2014-09-04,-1.5095774330029297,-2.6125571855076735,1.1029797525047438,train
2014-09-05,-1.8616747958492978,-1.895558937676848,0.033884141827550174,train
2014-09-08,-1.8771035568111452,-2.3153529447536942,0.4382493879425491,train
2014-09-09,-1.8838169753159746,-2.1908903597375016,0.307073384421527,train
2014-09-10,-1.935659369198003,-1.8782142483240793,-0.05744512087392373,train
2014-09-11,-1.7919179548338093,-1.8262598727862545,0.03434191795244512,train
2014-09-12,-1.7070501828866451,-1.9429993796208742,0.2359491967342291,train
2014-09-15,-1.6452625920329793,-1.9813425287097561,0.3360799366767768,train
2014-09-16,-1.6207189879575932,-2.016473437518341,0.3957544495607479,train
2014-09-17,-1.6789738573750526,-2.0154376949234756,0.336463837548423,train
2014-09-18,-1.9146190587383913,-1.811380357812762,-0.10323870092562926,train
2014-09-19,-1.9141499332178131,-1.7973481213615932,-0.11680181185621996,train
2014-09-22,-2.025706457209998,-1.7251960722742683,-0.30051038493572957,train
2014-09-23,-2.0059419541831405,-1.803631155107762,-0.20231079907537852,train
2014-09-24,-1.8479425831570144,-1.8583206611897385,0.010378078032724058,train
2014-09-25,-1.734234710759487,-1.9017841123247996,0.1675494015653125,train
2014-09-26,-1.624027742455016,-1.827754200490305,0.20372645803528888,train
2014-09-29,-1.349253297259755,-1.967910508619921,0.6186572113601658,train
2014-09-30,-1.2553245214870645,-1.904913271321539,0.6495887498344746,train
2014-10-01,-1.2237924977585422,-1.792975832534764,0.5691833347762218,train
2014-10-02,-1.0548956885694687,-1.7011562104158986,0.6462605218464299,train
2014-10-03,-1.0464477809387724,-1.515166646320885,0.4687188653821126,train
2014-10-06,-1.179976246340714,-1.5779617430760708,0.3979854967353569,train
2014-10-07,-1.1260401962406275,-1.5337474024262674,0.40770720618563994,train
2014-10-08,-1.1776486222966178,-1.3689567933366873,0.19130817104006947,train
2014-10-09,-1.0855715084322577,-1.2536196534610444,0.16804814502878673,train
2014-10-10,-0.955387312601016,-1.2117681386155572,0.25638082601454126,train
2014-10-13,-0.8634456595348439,-1.3750511279519986,0.5116054684171547,train
2014-10-14,-0.9349055295047112,-1.3058952617177297,0.37098973221301856,train
2014-10-15,-0.8783475898052753,-1.3477106296372425,0.46936303983196725,train
2014-10-16,-1.1072779423341277,-1.0493599507308917,-0.05791799160323596,train
2014-10-17,-1.3292428246308445,-1.0019285561321254,-0.32731426849871914,train
2014-10-20,-1.5117410736399717,-1.1205428140005274,-0.3911982596394443,train
2014-10-21,-1.5925360345254267,-1.2344657077335133,-0.3580703267919134,train
2014-10-22,-1.6791028908180903,-1.2050284981950063,-0.47407439262308393,train
2014-10-23,-1.6504754065467186,-1.2861396061183068,-0.36433580042841185,train
2014-10-24,-1.6794793486883282,-1.4080373414860374,-0.2714420072022907,train
2014-10-27,-1.4272947512948653,-1.507828993042089,0.08053424174722368,train
2014-10-28,-1.2758723245969215,-1.5951372740871144,0.3192649494901929,train
2014-10-29,-1.3148380654012293,-1.6955855109850728,0.38074744558384355,train
2014-10-30,-1.38079724836343,-1.5810236620000133,0.20022641363658322,train
2014-10-31,-1.175811627804468,-1.4769717444911963,0.3011601166867284,train
2014-11-03,-1.2188536540998653,-1.2312479847275404,0.012394330627675032,train
2014-11-04,-1.2941111909479108,-1.3309930447949088,0.036881853846997936,train
2014-11-05,-1.2580968071008278,-1.402430048875068,0.14433324177424023,train
2014-11-06,-1.1966958052209768,-1.3670632530540223,0.17036744783304547,train
2014-11-07,-1.4616882839485905,-1.1454633079755456,-0.3162249759730449,train
2014-11-10,-1.4454239429701008,-1.2251906462787157,-0.22023329669138514,train
2014-11-11,-1.3902382378475835,-1.3565300593201752,-0.03370817852740826,train
2014-11-12,-1.420167852006677,-1.3366635004489518,-0.08350435155772518,train
2014-11-13,-1.48988787875922,-1.2383340944262375,-0.2515537843329825,train
2014-11-14,-1.3281988668762998,-1.4429698216428861,0.11477095476658628,train
2014-11-17,-1.3887821750411973,-1.334031502854841,-0.05475067218635621,train
2014-11-18,-1.4374581865940048,-1.3876259288718538,-0.04983225772215105,train
2014-11-19,-1.4149275532652255,-1.4827152957578587,0.0677877424926332,train
2014-11-20,-1.3865463292555351,-1.454624865073841,0.06807853581830581,train
2014-11-21,-1.5787333573148237,-1.3169645864875004,-0.2617687708273233,train
2014-11-24,-1.680262715631475,-1.3622079387536747,-0.31805477687780015,train
2014-11-25,-1.6383268396630348,-1.4751438541453394,-0.1631829855176954,train
2014-11-26,-1.701560162686199,-1.494452884156976,-0.20710727852922295,train
2014-11-27,-1.751295459674597,-1.3899887584998734,-0.36130670117472374,train
2014-11-28,-1.432558544741061,-1.642863504908707,0.2103049601676461,train
2014-12-01,-1.2487898590885127,-1.5611591360301489,0.3123692769416362,train
2014-12-02,-1.303333000489334,-1.494150225888824,0.19081722539948998,train
2014-12-03,-1.1185401242936825,-1.6528898567905552,0.5343497324968727,train
2014-12-04,-1.084201248675615,-1.5915339166320486,0.5073326679564336,train
2014-12-05,-1.1594116538161527,-1.239135575946513,0.07972392213036028,train
2014-12-08,-1.2535310957192038,-1.3587069992714433,0.10517590355223949,train
2014-12-09,-1.1763061745189138,-1.4082641264785416,0.23195795195962776,train
2014-12-10,-1.1202770945997667,-1.2415576432344815,0.12128054863471482,train
2014-12-11,-0.9193635901843402,-1.2834752913676621,0.3641117011833219,train
2014-12-12,-0.9733018443450522,-1.178585728961398,0.20528388461634572,train
2014-12-15,-1.0396527584180857,-1.3134975304152234,0.27384477199713775,train
2014-12-16,-1.1819143452598404,-1.2902559044764201,0.10834155921657973,train
2014-12-17,-1.4312353144100882,-1.1593967592606382,-0.27183855514945,train
2014-12-18,-1.8279507163529662,-1.0169700838104383,-0.810980632542528,train
2014-12-19,-2.1726299486261547,-1.1090264920087722,-1.0636034566173824,train
2014-12-22,-2.20378053594857,-1.2803649352514472,-0.9234156006971228,train
2014-12-23,-2.14900627170938,-1.3999226208119053,-0.7490836508974745,train
2014-12-24,-2.1692177047202916,-1.5029894089713747,-0.666228295748917,train
2014-12-26,-1.9728890336277012,-1.7842445961808573,-0.1886444374468439,train
2014-12-29,-1.5882672958204906,-2.0298351892644586,0.44156789344396796,train
2014-12-30,-1.4604859223580802,-1.89985340331977,0.43936748096168987,train
2014-12-31,-1.3076083383551271,-1.784084701624739,0.47647636326961185,train
2015-01-02,-1.145357628515965,-1.939648564119342,0.7942909356033769,train
2015-01-05,-1.0860395004840864,-1.6501796101711557,0.5641401096870693,train
2015-01-06,-1.1952810243108167,-1.3755878254299105,0.1803068011190938,train
2015-01-07,-1.2233047464524802,-1.353412112549992,0.13010736609751183,train
2015-01-08,-1.1714100467071293,-1.3019009205831686,0.1304908738760393,train
2015-01-09,-0.736155147001557,-1.2956071251121433,0.5594519781105862,train
2015-01-12,-0.5888303429644433,-1.2651949546280785,0.6763646116636353,train
2015-01-13,-0.5260670680148217,-1.3384185451370056,0.8123514771221839,train
2015-01-14,-0.5278739757559266,-1.2873341720810916,0.7594601963251649,train
2015-01-15,-0.39662401462454017,-1.230241635713885,0.8336176210893449,train
2015-01-16,-0.46921566618233934,-0.5940706963789744,0.12485503019663502,train
2015-01-19,-0.25478045370420804,-0.8551879304451135,0.6004074767409056,train
2015-01-20,-0.08086620994029373,-0.9492694357273952,0.8684032257871015,train
2015-01-21,0.14306707431644983,-0.9783079588295164,1.1213750331459662,train
2015-01-22,0.043671317821694824,-0.716987652654044,0.7606589704757388,train
2015-01-23,-0.2179185395077971,-0.573005058835195,0.35508651932739793,train
2015-01-26,-0.4718762668287838,-0.44591761714643086,-0.025958649682352952,train
2015-01-27,-0.6323308399329078,-0.5200584733913245,-0.11227236654158335,train
2015-01-28,-0.7418780400554708,-0.38425836939117763,-0.3576196706642931,train
2015-01-29,-0.7763317033773087,-0.4844381833712498,-0.29189352000605895,train
2015-01-30,-0.6931020766764165,-0.611668318442535,-0.08143375823388155,train
2015-02-02,-0.5611360418267386,-0.6639242044231637,0.10278816259642509,train
2015-02-03,-0.5994667276724851,-0.775130035761376,0.17566330808889086,train
2015-02-04,-0.6287767965504779,-0.7568542765496643,0.1280774799991864,train
2015-02-05,-0.7088404962270257,-0.7676242085380216,0.058783712310995884,train
2015-02-06,-0.7724109681217752,-0.6735770494344202,-0.09883391868735503,train
2015-02-09,-1.0382819456447847,-0.516566281803082,-0.5217156638417028,train
2015-02-10,-1.0707579558947138,-0.7596613452083936,-0.3110966106863202,train
2015-02-11,-1.1262854441394052,-0.7319195589139821,-0.39436588522542315,train
2015-02-12,-1.0511636993609033,-0.8292616409463254,-0.22190205841457789,train
2015-02-13,-1.140170085976623,-0.7491794008518748,-0.3909906851247482,train
2015-02-16,-0.9678508207281185,-0.9468718457168175,-0.02097897501130097,train
2015-02-17,-0.9487724162209604,-1.010724450624518,0.061952034403557676,train
2015-02-18,-0.9775842679871196,-0.9957591792518925,0.018174911264772886,train
2015-02-19,-1.1572211914990873,-0.9693136347447188,-0.18790755675436854,train
2015-02-20,-1.1726174940977026,-1.016228648236857,-0.15638884586084556,train
2015-02-23,-1.2901401299094204,-0.8100338496131253,-0.4801062802962951,train
2015-02-24,-1.4129671591188249,-0.9776140047182079,-0.43535315440061695,train
2015-02-25,-1.5017594161227605,-1.0132053178764528,-0.4885540982463077,train
2015-02-26,-1.4086944427198718,-1.1983682990987987,-0.21032614362107305,train
2015-02-27,-1.319025361114716,-1.1582417328601564,-0.1607836282545596,train
2015-03-02,-1.1032782254148303,-1.1470752408787244,0.04379701546389403,train
2015-03-03,-0.9984303424864045,-1.3441807992174597,0.3457504567310552,train
2015-03-04,-0.7330517801373372,-1.3721634637824025,0.6391116836450653,train
2015-03-05,-0.527153753934447,-1.2628977723512076,0.7357440184167606,train
2015-03-06,-0.3045642381779204,-1.1776894674411442,0.8731252292632239,train
2015-03-09,-0.3636914888122664,-0.8678191947949021,0.5041277059826357,train
2015-03-10,-0.21048072065522727,-1.1032562398826589,0.8927755192274316,train
2015-03-11,-0.3231395277613383,-0.8389952345115128,0.5158557067501746,train
2015-03-12,0.06123989013144602,-0.6943701932797768,0.7556100834112228,train
2015-03-13,0.10353443889449862,-0.49410285450600544,0.5976372934005041,train
2015-03-16,0.1355740886984024,-0.6205126202260534,0.7560867089244557,train
2015-03-17,0.2806567881751855,-0.6134238208652559,0.8940806090404414,train
2015-03-18,0.48805133528550415,-0.7188888184305944,1.2069401537160984,train
2015-03-19,-0.0027769370371866662,0.39281195707816924,-0.3955888941153559,train
2015-03-20,-0.20416569883907104,-0.22223590597439644,0.018070207135325395,train
2015-03-23,-0.24799520558919658,-0.3095754694087931,0.061580263819596526,train
2015-03-24,-0.40318762866621743,-0.1875964207477837,-0.21559120791843372,train
2015-03-25,-0.5733361855507132,-0.10061440474116645,-0.47272178080954674,train
2015-03-26,-0.5505898151961989,-0.4392055047092681,-0.11138431048693076,train
2015-03-27,-0.5579741758456969,-0.4790593945884412,-0.07891478125725565,train
2015-03-30,-0.4326225574088415,-0.44161435049152487,0.008991793082683386,train
2015-03-31,-0.48059820920853824,-0.5675288730109331,0.08693066380239489,train
2015-04-01,-0.46206292575616886,-0.6206455785514874,0.15858265279531852,train
2015-04-02,-0.43781813182153506,-0.5822673315149373,0.1444491996934022,train
2015-04-03,-0.5026282024920725,-0.5708966398109896,0.06826843731891707,train
2015-04-06,-0.708752372547665,-0.2338732325716696,-0.4748791399759954,train
2015-04-07,-0.6737003272278261,-0.6236099977475393,-0.0500903294802868,train
2015-04-08,-0.5690971761171192,-0.5256251258906917,-0.04347205022642753,train
2015-04-09,-0.520621858133646,-0.5032974752895882,-0.017324382844057795,train
2015-04-10,-0.3267632958727871,-0.5803188551260419,0.2535555592532548,train
2015-04-13,-0.23571952522461376,-0.6384350801799826,0.40271555495536887,train
2015-04-14,-0.25454887279318084,-0.6333956434283895,0.37884677063520866,train
2015-04-15,-0.36936825195295164,-0.4917757569091345,0.12240750495618286,train
2015-04-16,-0.46328142173913534,-0.4749519497909207,0.011670528051785367,train
2015-04-17,-0.5509069170767735,-0.3216522988797132,-0.22925461819706033,train
2015-04-20,-0.5610097837381062,-0.3873620312448691,-0.17364775249323705,train
2015-04-21,-0.5629551581299199,-0.503869513849157,-0.059085644280762906,train
2015-04-22,-0.5731335322335844,-0.5508760978229819,-0.022257434410602572,train
2015-04-23,-0.41590001265850757,-0.6164630626361688,0.20056304997766122,train
2015-04-24,-0.2664260021676895,-0.5686676734259822,0.3022416712582927,train
2015-04-27,-0.26667945046658187,-0.5658035374211561,0.2991240869545742,train
2015-04-28,-0.30459901756264096,-0.6621382116476519,0.3575391940850109,train
2015-04-29,-0.18353172185035688,-0.6637629153879688,0.48023119353761196,train
2015-04-30,-0.25793460422502823,-0.4264819916057446,0.1685473873807164,train
2015-05-01,-0.41334175532960665,-0.2903061686217284,-0.12303558670787823,train
2015-05-04,-0.2688446334403163,-0.44123350886479845,0.17238887542448217,train
2015-05-05,-0.2069747579918788,-0.577311076482831,0.37033631849095217,train
2015-05-06,-0.3312370192792439,-0.38166590865474476,0.05042888937550083,train
2015-05-07,-0.3372373410280317,-0.42607152259630704,0.08883418156827533,train
2015-05-08,-0.3775095974365658,-0.4953322199453756,0.11782262250880976,train
2015-05-11,-0.5582175646226728,-0.25287749209313615,-0.30534007252953665,train
2015-05-12,-0.5749150078321286,-0.46225420833368747,-0.1126607994984411,train
2015-05-13,-0.40249301782306945,-0.5415614129945507,0.13906839517148128,train
2015-05-14,-0.38016544645085204,-0.4473451408708049,0.06717969441995286,train
2015-05-15,-0.3688310109594625,-0.5010968932105738,0.1322658822511113,train
2015-05-18,-0.3001772782530299,-0.5706566555770184,0.27047937732398847,train
2015-05-19,-0.43589591469275435,-0.6411692502315838,0.20527333553882943,train
2015-05-20,-0.579684204767948,-0.38998752478839244,-0.18969667997955558,train
2015-05-21,-0.6097105441835089,-0.4403026562304202,-0.1694078879530887,train
2015-05-22,-0.5990502637619021,-0.4921005584280175,-0.10694970533388459,train
2015-05-25,-0.7116966987358357,-0.40907508909593404,-0.3026216096399017,train
2015-05-26,-0.5258385821833172,-0.7017411649027372,0.17590258271941994,train
2015-05-27,-0.4241843009143433,-0.6025714678748846,0.1783871669605413,train
2015-05-28,-0.3180650120869315,-0.5691958701077366,0.25113085802080515,train
2015-05-29,-0.26463367459642595,-0.571605080036664,0.30697140544023804,train
2015-06-01,-0.040975872121530685,-0.6723371740672562,0.6313613019457256,train
2015-06-02,0.01641424550817177,-0.5987690886752017,0.6151833341833735,train
2015-06-03,-0.030055120792807626,-0.46211533865754034,0.4320602178647327,train
2015-06-04,-0.08610054340030834,-0.3336086789926678,0.24750813559235943,train
2015-06-05,-0.16268233403317728,-0.39869174728603873,0.23600941325286146,train
2015-06-08,-0.3008127548609147,-0.12498313677463388,-0.1758296180862808,train
2015-06-09,-0.3829502179558034,-0.29119563986328945,-0.09175457809251397,train
2015-06-10,-0.5035042539451038,-0.3364654949592468,-0.16703875898585696,train
2015-06-11,-0.6564155702165339,-0.3002796307424769,-0.356135939474057,train
2015-06-12,-0.5971066603741345,-0.41910151015717834,-0.17800515021695618,train
2015-06-15,-0.7328571385032356,-0.43348490724501854,-0.2993722312582171,train
2015-06-16,-0.7477606514766793,-0.5216199104894195,-0.22614074098725978,train
2015-06-17,-0.7098132574701187,-0.6454953421703316,-0.06431791529978714,train
2015-06-18,-0.7189867246822894,-0.6849543863814102,-0.03403233830087926,train
2015-06-19,-0.8685853661150895,-0.5562305859062433,-0.3123547802088462,train
2015-06-22,-0.8660411515853372,-0.7613553535012209,-0.10468579808411638,train
2015-06-23,-0.6033005112867403,-0.7018398301941473,0.09853931890740697,train
2015-06-24,-0.520540372065246,-0.6984630262691294,0.17792265420388342,train
2015-06-25,-0.46162298981332495,-0.7227201740679197,0.2610971842545947,train
2015-06-26,-0.3316849194041199,-0.8248319282359352,0.4931470088318153,train
2015-06-29,-0.413476255373549,-0.8287572129502702,0.4152809575767212,train
2015-06-30,-0.6024488090951448,-0.3919748979090073,-0.21047391118613745,train
2015-07-01,-0.6382592984368285,-0.5547923688306797,-0.08346692960614877,train
2015-07-02,-0.6183855742574398,-0.5961968111076963,-0.022188763149743496,train
2015-07-03,-0.6835600220372287,-0.5445257620841373,-0.13903425995309138,train
2015-07-06,-0.4661267933449363,-0.7650047148911213,0.29887792154618503,train
2015-07-07,-0.4104713609915211,-0.6016679378773921,0.19119657688587105,train
2015-07-08,-0.49724568225700044,-0.6640413176077016,0.16679563535070113,train
2015-07-09,-0.5754626030003346,-0.6468708189007333,0.0714082159003987,train
2015-07-10,-0.5684850844898751,-0.7161727025349991,0.14768761804512398,train
2015-07-13,-0.7986006709784134,-0.5580275891021251,-0.24057308187628823,train
2015-07-14,-1.0855738106528707,-0.4917657600116827,-0.593808050641188,train
2015-07-15,-1.1000264414993164,-0.6962227681596187,-0.4038036733396977,train
2015-07-16,-1.1305670189900823,-0.7520138318808347,-0.37855318710924757,train
2015-07-17,-1.1416207282796689,-0.6793955650312271,-0.46222516324844176,train
2015-07-20,-1.0365836435484175,-0.9291470428253037,-0.10743660072311378,train
2015-07-21,-0.8960393482413223,-1.044402752319263,0.14836340407794069,train
2015-07-22,-0.9917051870512268,-1.005896491906838,0.014191304855611264,train
2015-07-23,-0.9596111551684554,-0.9934065624042445,0.03379540723578911,train
2015-07-24,-1.0476313552060066,-0.9555547228434009,-0.09207663236260566,train
2015-07-27,-0.8591355040465946,-0.9586789388355474,0.09954343478895289,train
2015-07-28,-0.9849222601740438,-0.8686663297019885,-0.11625593047205529,train
2015-07-29,-0.9485975509936753,-1.037327761359271,0.08873021036559581,train
2015-07-30,-0.973864144234407,-0.9365915112326761,-0.03727263300173089,train
2015-07-31,-1.0421323413692292,-1.0107900340124356,-0.03134230735679355,train
2015-08-03,-1.0940955078406234,-0.7084684572883664,-0.385627050552257,train
2015-08-04,-1.033141604723911,-1.042670050951629,0.009528446227717868,train
2015-08-05,-0.9014422289564725,-1.027147120676072,0.12570489171959953,train
2015-08-06,-0.8450543912690373,-1.017414669403769,0.17236027813473165,train
2015-08-07,-0.7074833621479253,-1.1004092734111797,0.3929259112632544,train
2015-08-10,-0.9117555245173437,-0.9322515162409609,0.02049599172361727,train
2015-08-11,-0.9324520794193301,-1.0975861053534617,0.16513402593413162,train
2015-08-12,-1.121143092013942,-0.910574837351106,-0.21056825466283602,train
2015-08-13,-1.1438417741202915,-0.9038049046559273,-0.2400368694643642,train
2015-08-14,-1.1669678141289517,-0.8774498904520176,-0.2895179236769341,train
2015-08-17,-1.0978499918976425,-1.0376015558037186,-0.06024843609392394,train
2015-08-18,-0.6771571072032128,-1.0618980953976416,0.3847409881944288,train
2015-08-19,-0.305131217699993,-1.2095566290284547,0.9044254113284618,train
2015-08-20,-0.11841162988149607,-1.098343956738623,0.979932326857127,train
2015-08-21,-0.01937350705599985,-1.0790626749469687,1.0596891678909688,train
2015-08-24,0.04432748788207663,-1.0325091460813818,1.0768366339634583,train
2015-08-25,-0.29955245654758544,-0.5097130858346972,0.21016062928711177,train
2015-08-26,-0.42490137824256974,-0.47668609694375896,0.051784718701189225,train
2015-08-27,-0.6129135640076352,-0.41875143035737994,-0.19416213365025525,train
2015-08-28,-0.6179922484842393,-0.4619389208740551,-0.1560533276101842,train
2015-08-31,-0.5955843455633931,-0.4809046677979817,-0.11467967776541144,train
2015-09-01,-0.72798750411652,-0.6306895739650114,-0.09729793015150867,train
2015-09-02,-0.8910666988201568,-0.6122079497001359,-0.27885874912002084,train
2015-09-03,-0.9764012075642761,-0.7515498474200993,-0.22485136014417673,train
2015-09-04,-1.0454996606022433,-0.7191427266929009,-0.3263569339093424,train
2015-09-07,-1.1528344353558897,-0.7196599394515661,-0.43317449590432355,train
2015-09-08,-1.1394282303591905,-0.901500529790974,-0.23792770056821655,train
2015-09-09,-1.2022169382727792,-0.9449745666760202,-0.257242371596759,train
2015-09-10,-1.175589662140429,-0.9610501300429733,-0.21453953209745558,train
2015-09-11,-1.0726942519663496,-0.9264373678036648,-0.14625688416268479,train
2015-09-14,-1.0295268717933173,-1.0096070379027502,-0.019919833890567062,train
2015-09-15,-0.9804193050093497,-1.0968191536396787,0.11639984863032904,train
2015-09-16,-0.9272284820882748,-1.1314239144360765,0.2041954323478017,train
2015-09-17,-0.8096179968004551,-1.1031537497044432,0.29353575290398815,train
2015-09-18,-0.929958011278846,-0.8499722762440565,-0.07998573503478956,train
2015-09-21,-0.9098379888535026,-0.9001403403618141,-0.009697648491688526,train
2015-09-22,-0.8887205763641897,-0.9667996463712222,0.07807907000703251,train
2015-09-23,-0.8182155598230411,-0.9760603373907606,0.15784477756771953,train
2015-09-24,-0.9504505511945778,-0.8170863584897952,-0.1333641927047826,train
2015-09-25,-1.0797264286309036,-0.9359135890349796,-0.14381283959592406,train
2015-09-28,-0.8699283404550844,-0.8904086299668723,0.02048028951178793,train
2015-09-29,-0.8706772543929311,-0.9727437063596915,0.10206645196676045,train
2015-09-30,-0.976405586584663,-0.9152448451982937,-0.06116074138636929,train
2015-10-01,-0.9914547042462667,-1.0290227745198388,0.03756807027357212,train
2015-10-02,-0.8911324501783113,-1.1428430971838273,0.25171064700551593,train
2015-10-05,-1.1922167356634223,-0.6037282384747871,-0.5884884971886353,train
2015-10-06,-1.3729318701990703,-0.9902841395648591,-0.3826477306342112,train
2015-10-07,-1.38876780529175,-1.1155627871366467,-0.27320501815510334,train
2015-10-08,-1.385439093682144,-1.0727118170368077,-0.31272727664533617,train
2015-10-09,-1.3250656516281754,-1.0412787119372098,-0.2837869396909656,train
2015-10-12,-1.3158395654645403,-1.1415204849094347,-0.1743190805551056,train
2015-10-13,-1.2432483086197545,-1.374395077073874,0.13114676845411943,train
2015-10-14,-1.3202037444887593,-1.3040241717187553,-0.016179572770004036,train
2015-10-15,-1.4182662555233647,-1.304589122812429,-0.11367713271093582,train
2015-10-16,-1.3432827851039397,-1.1412215909784265,-0.20206119412551327,train
2015-10-19,-1.2213869521006393,-1.1972529578570401,-0.02413399424359919,train
2015-10-20,-1.204960603349982,-1.251473700575528,0.046513097225546085,train
2015-10-21,-1.1129677112322196,-1.3574398521972129,0.24447214096499326,train
2015-10-22,-0.7552431836111251,-1.3855788067417483,0.6303356231306232,train
2015-10-23,-0.8731895196176703,-1.1372830072573794,0.2640934876397091,train
2015-10-26,-0.9613097946131173,-1.053983147619179,0.09267335300606172,train
2015-10-27,-0.9365004179472148,-1.2522406358921405,0.3157402179449257,train
2015-10-28,-0.9347760364161616,-1.2032571499853317,0.26848111356917015,train
2015-10-29,-1.163422558923767,-0.7786391079838733,-0.38478345093989375,train
2015-10-30,-1.2295187880735623,-1.0079125295276932,-0.22160625854586913,train
2015-11-02,-1.0073498847792262,-1.031997690738589,0.02464780595936289,train
2015-11-03,-0.9681542852078003,-1.1085426142004562,0.14038832899265585,train
2015-11-04,-0.9258883966071549,-1.147904549294182,0.222016152687027,train
2015-11-05,-0.9674313697918564,-1.207363377979107,0.2399320081872507,train
2015-11-06,-0.7797065805802268,-1.2407444925883655,0.4610379120081387,train
2015-11-09,-0.9853833553102046,-0.7857075376249165,-0.19967581768528808,train
2015-11-10,-0.9662723871437763,-1.0948431839911286,0.1285707968473523,train
2015-11-11,-1.00341466964675,-1.0748037231852992,0.07138905353854907,train
2015-11-12,-1.0348703206532748,-1.097967021993671,0.06309670134039624,train
2015-11-13,-1.164245149330316,-0.8481346759116221,-0.316110473418694,train
2015-11-16,-1.263676461250035,-1.0499945796977517,-0.2136818815522834,train
2015-11-17,-1.3067944055631107,-1.0661278086256074,-0.24066659693750325,train
2015-11-18,-1.312580873080388,-1.1171909577480579,-0.1953899153323302,train
2015-11-19,-1.2357401173454923,-1.1998426973897083,-0.035897419955783993,train
2015-11-20,-1.5255171256052822,-1.0870553726911196,-0.43846175291416256,train
2015-11-23,-1.6303665805968457,-1.1897714088816638,-0.4405951717151819,train
2015-11-24,-1.728041886751043,-1.2134184554972838,-0.5146234312537592,train
2015-11-25,-1.7736340277098264,-1.253189835260181,-0.5204441924496455,train
2015-11-26,-1.7926177625380586,-1.1540322697129999,-0.6385854928250587,train
2015-11-27,-1.0504969985715769,-1.510710851975142,0.46021385340356513,train
2015-11-30,-0.6963424672356338,-1.5022606751970835,0.8059182079614498,train
2015-12-01,-0.6157973598370539,-1.530198914407197,0.9144015545701432,train
2015-12-02,-0.5773056746945804,-1.5159666393169093,0.938660964622329,train
2015-12-03,-0.5625154553153203,-1.4820254657936947,0.9195100104783743,train
2015-12-04,-1.0628881063877298,-0.4688954247846313,-0.5939926816030985,train
2015-12-07,-1.2024009190489147,-0.7707245896771759,-0.4316763293717387,train
2015-12-08,-1.1626141851248435,-0.9697518376292,-0.19286234749564346,train
2015-12-09,-1.119530581256102,-0.9884646381685387,-0.13106594308756336,train
2015-12-10,-0.9215906092827172,-0.9216195732613306,2.8963978613405494e-05,train
2015-12-11,-0.8450637236996081,-1.1359279282773274,0.2908642045777192,train
2015-12-14,-0.8812582445900606,-1.1359950193483592,0.2547367747582986,train
2015-12-15,-0.9301565518327077,-1.184449513957861,0.2542929621251533,train
2015-12-16,-1.026619955721784,-1.178286159762866,0.1516662040410819,train
2015-12-17,-1.2942612588828255,-0.8925001565924175,-0.40176110229040796,train
2015-12-18,-1.467167135325981,-0.9838506525584737,-0.48331648276750727,train
2015-12-21,-1.651078203293599,-1.0173666777266819,-0.633711525566917,train
2015-12-22,-1.655067083423376,-1.119349305505518,-0.5357177779178581,train
2015-12-23,-1.6683955732540015,-1.2100441131052273,-0.45835146014877415,train
2015-12-24,-1.635751809325684,-1.3178265945438592,-0.3179252147818248,train
2015-12-28,-1.4396861830460281,-1.3823999266379592,-0.05728625640806895,train
2015-12-29,-1.3203132142133673,-1.525344495696569,0.2050312814832016,train
2015-12-30,-1.2000423775326219,-1.5082418762877554,0.3081994987551335,train
2015-12-31,-0.9564868821766364,-1.4655521684146913,0.5090652862380549,train
2016-01-04,-0.7346702945246398,-1.405464088209252,0.6707937936846121,train
2016-01-05,-0.7085559953391761,-1.182507070700832,0.4739510753616559,train
2016-01-06,-0.6779610727606585,-1.2294643132933316,0.5515032405326731,train
2016-01-07,-0.7042832651244663,-1.1680319364845893,0.463748671360123,train
2016-01-08,-0.7305181174397319,-0.9919367886970573,0.2614186712573253,train
2016-01-11,-0.7922770970798831,-0.835419954343547,0.04314285726366385,train
2016-01-12,-1.0067172405987024,-0.8706047974753439,-0.13611244312335846,train
2016-01-13,-1.0160954676080958,-0.9711402154054604,-0.04495525220263541,train
2016-01-14,-0.9967901877705987,-0.9462886690932142,-0.050501518677384505,train
2016-01-15,-0.8523090025100336,-0.9080634185848195,0.05575441607478593,train
2016-01-18,-0.9669397670114719,-0.8805480870169982,-0.08639167999447372,train
2016-01-19,-1.0001931329896745,-1.1666728605071492,0.16647972751747475,train
2016-01-20,-1.0748468137041534,-1.0946497333641367,0.019802919659983376,train
2016-01-21,-1.1080342358693824,-1.0535327232229947,-0.054501512646387695,train
2016-01-22,-1.3863783209473959,-0.8057529113963073,-0.5806254095510885,train
2016-01-25,-1.3071634641772512,-1.0461614606493137,-0.26100200352793745,train
2016-01-26,-1.2634622912368638,-1.1806486005291692,-0.08281369070769462,train
2016-01-27,-1.2861127287268594,-1.1702869018259914,-0.11582582690086807,train
2016-01-28,-1.1414129473798926,-1.1368977185895983,-0.004515228790294312,train
2016-01-29,-0.949351490085187,-1.2707277914572557,0.32137630137206863,train
2016-02-01,-0.9313163662495118,-1.0975171360052847,0.16620076975577291,train
2016-02-02,-0.7499417036369146,-1.2357956231336733,0.4858539194967587,train
2016-02-03,-0.49720337261521247,-1.260043448671628,0.7628400760564156,train
2016-02-04,-0.545213167376459,-0.9791815986196392,0.4339684312431802,train
2016-02-05,-0.5145817970089921,-0.8847440640750641,0.370162267066072,train
2016-02-08,-0.552698837794389,-0.9416941215294701,0.3889952837350811,train
2016-02-09,-0.6887356594488574,-0.8789625582385705,0.1902268987897131,train
2016-02-10,-0.8930555930295767,-0.7076731317080944,-0.18538246132148228,train
2016-02-11,-1.016224385054415,-0.7709619343333949,-0.24526245072102015,train
2016-02-12,-1.2009346698175059,-0.6716530782808078,-0.5292815915366981,train
2016-02-15,-1.2801517571787584,-0.8351192439400664,-0.445032513238692,train
2016-02-16,-1.284983147913312,-0.958258814950439,-0.32672433296287307,train
2016-02-17,-1.2590615709460753,-1.070282980219324,-0.18877859072675118,train
2016-02-18,-1.228693805249792,-1.0524479808954257,-0.1762458243543663,train
2016-02-19,-1.2541691301346454,-1.1164496938222914,-0.13771943631235395,train
2016-02-22,-1.226566958092712,-1.1660653863378736,-0.0605015717548385,train
2016-02-23,-1.2268387261714122,-1.2256246211052333,-0.0012141050661789166,train
2016-02-24,-1.1804854743555917,-1.2043494825561871,0.02386400820059542,train
2016-02-25,-1.284035010139712,-1.1507820015943082,-0.13325300854540378,train
2016-02-26,-1.2744388981434636,-1.1957058309997683,-0.07873306714369521,train
2016-02-29,-1.1004226643554706,-1.1460834253368235,0.045660760981352855,train
2016-03-01,-1.1469809848536832,-1.1858983313015607,0.03891734644787759,train
2016-03-02,-1.2035055319899362,-1.1446149377425576,-0.058890594247378525,train
2016-03-03,-1.1730107418359352,-1.2906513131181059,0.11764057128217065,train
2016-03-04,-0.6808076287867062,-1.1782159472684721,0.4974083184817659,train
2016-03-07,-0.7851705444569905,-0.9324209013312015,0.14725035687421095,train
2016-03-08,-0.7323277604461353,-1.2182938754617127,0.4859661150155774,train
2016-03-09,-0.7748655383424181,-1.185878958630797,0.41101342028837884,train
2016-03-10,-0.5706565722388073,-1.229013511902071,0.6583569396632638,train
2016-03-11,-0.9778617246534193,-0.34800506231740824,-0.629856662336011,train
2016-03-14,-1.1441194620308552,-0.8956680187743304,-0.2484514432565248,train
2016-03-15,-1.2012102784500327,-1.0173418046780904,-0.18386847377194226,train
2016-03-16,-1.1057693717181594,-1.081305079301495,-0.024464292416664257,train
2016-03-17,-1.3753196511107448,-0.8330280534955359,-0.542291597615209,train
2016-03-18,-1.5165400210723137,-1.015885353869772,-0.5006546672025416,train
2016-03-21,-1.803298807727728,-1.1988200056028813,-0.6044788021248468,train
2016-03-22,-1.9307409691709878,-1.2556932275167814,-0.6750477416542064,train
2016-03-23,-1.8467016455862495,-1.1933911595181224,-0.6533104860681271,train
2016-03-24,-1.7575067778957565,-1.347777379523199,-0.4097293983725574,train
2016-03-25,-1.736591965656808,-1.3758023226983394,-0.3607896429584687,train
2016-03-28,-1.3124735982074767,-1.780676932420608,0.4682033342131313,train
2016-03-29,-1.2129191239567345,-1.7279442002721277,0.5150250763153932,train
2016-03-30,-1.3554407742712562,-1.5011587167227227,0.14571794245146652,train
2016-03-31,-1.3166752984127221,-1.4817742760194046,0.16509897760668246,train
2016-04-01,-1.1993032735761846,-1.4995275709377398,0.3002242973615552,train
2016-04-04,-1.3324501033094023,-1.2269776090806483,-0.10547249422875393,train
2016-04-05,-1.2906107895561778,-1.3447409338912883,0.05413014433511054,train
2016-04-06,-1.2541836639493276,-1.356104507868197,0.10192084391886946,train
2016-04-07,-1.2960976691262094,-1.2796472327710506,-0.01645043635515875,train
2016-04-08,-1.4224649850422957,-1.1552913809867456,-0.26717360405555013,train
2016-04-11,-1.439053440457267,-1.334589389117482,-0.10446405133978498,train
2016-04-12,-1.4495338740654071,-1.3717466003020933,-0.07778727376331385,train
2016-04-13,-1.5765832868364487,-1.3105351396631604,-0.2660481471732883,train
2016-04-14,-1.6339164431592017,-1.331650042546554,-0.30226640061264765,train
2016-04-15,-1.452279757312747,-1.434566460738409,-0.017713296574338067,train
2016-04-18,-1.4485787133035726,-1.4826389126218673,0.03406019931829474,train
2016-04-19,-1.4717334895634973,-1.4838299021804624,0.012096412616965146,train
2016-04-20,-1.4231780090938222,-1.5581974329590638,0.13501942386524157,train
2016-04-21,-1.3739439322559006,-1.5553591047063224,0.18141517245042182,train
2016-04-22,-1.4921744838334168,-1.3366747459768553,-0.15549973785656146,train
2016-04-25,-1.4065960818293752,-1.4645874382926203,0.05799135646324505,train
2016-04-26,-1.3230181738203828,-1.492931737994335,0.1699135641739522,train
2016-04-27,-1.2506651316166437,-1.4809893950584105,0.23032426344176682,train
2016-04-28,-1.1500285010271085,-1.4044838779413946,0.2544553769142861,train
2016-04-29,-1.2376614085517248,-1.3840345366120241,0.14637312806029934,train
2016-05-02,-1.258844990136956,-1.3659695365339581,0.10712454639700209,train
2016-05-03,-1.310152267225496,-1.4506075312468911,0.1404552640213952,train
2016-05-04,-1.3842175921067805,-1.290402329699106,-0.09381526240767446,train
2016-05-05,-1.642743739958822,-1.2091226644912743,-0.4336210754675478,train
2016-05-06,-1.738154215136089,-1.3897790738586795,-0.34837514127740943,train
2016-05-09,-1.7649990978748573,-1.3658240840220381,-0.39917501385281917,train
2016-05-10,-1.8558001352964353,-1.3996816387458615,-0.4561184965505738,train
2016-05-11,-1.9734191370277494,-1.462055741512944,-0.5113633955148054,train
2016-05-12,-1.7736868880911232,-1.6097574207546061,-0.16392946733651703,train
2016-05-13,-1.6859611245229342,-1.6519651748762536,-0.03399594964668062,train
2016-05-16,-1.8543375637941029,-1.6196650275412634,-0.23467253625283946,train
2016-05-17,-1.8541267719576062,-1.707619354478576,-0.14650741747903018,train
2016-05-18,-1.7826732787858397,-1.790301998752729,0.007628719966889408,train
2016-05-19,-1.9924171334909744,-1.6809487602750446,-0.3114683732159298,train
2016-05-20,-2.0498649549249577,-1.5902925056242778,-0.45957244930067986,train
2016-05-23,-1.990390851677232,-1.747178480763346,-0.24321237091388603,train
2016-05-24,-2.1372523426169967,-1.7311146051393589,-0.4061377374776378,train
2016-05-25,-2.1017542291950546,-1.6681569240207748,-0.43359730517427986,train
2016-05-26,-1.9398736519680253,-1.8521915287377444,-0.0876821232302809,train
2016-05-27,-1.7712456738042401,-1.8230270399675979,0.05178136616335771,train
2016-05-30,-1.3625248559074146,-1.8897131126887459,0.5271882567813313,train
2016-05-31,-1.1270450022565903,-2.045073977562483,0.9180289753058926,train
2016-06-01,-1.1925081867094327,-1.8452805855316408,0.652772398822208,train
2016-06-02,-1.3390901832106894,-1.7413047969282818,0.4022146137175924,train
2016-06-03,-1.408806183280131,-1.6988858745873927,0.29007969130726163,train
2016-06-06,-1.7569365315496661,-1.1514523293845325,-0.6054842021651337,train
2016-06-07,-1.7745331054619253,-1.4149520348228437,-0.3595810706390816,train
2016-06-08,-1.708788481019487,-1.5215711656865576,-0.1872173153329295,train
2016-06-09,-1.5253131818998837,-1.5914032682160344,0.06609008631615065,train
2016-06-10,-1.328240768101534,-1.565152226911765,0.236911458810231,train
2016-06-13,-1.20314976160426,-1.6943742425942663,0.4912244809900064,train
2016-06-14,-1.1355924782557418,-1.6730188144478948,0.537426336192153,train
2016-06-15,-1.0451183259693972,-1.6471038612233473,0.60198553525395,train
2016-06-16,-1.06036568324637,-1.5468793025708054,0.4865136193244355,train
2016-06-17,-1.0475305520663802,-1.2844885649365625,0.23695801287018226,train
2016-06-20,-0.461153694339863,-1.3322327396045195,0.8710790452646565,train
2016-06-21,-0.22234667280890394,-1.3227545436895856,1.1004078708806817,train
2016-06-22,-0.14637111008585024,-1.303244594473548,1.1568734843876978,train
2016-06-23,-0.03337978577813019,-1.2755690553600252,1.242189269581895,train
2016-06-24,0.023940637556357672,-1.0761088906101224,1.1000495281664802,train
2016-06-27,-0.5555866353022,-0.34754834640022353,-0.20803828890197645,train
2016-06-28,-0.8965765421757119,-0.6233346984907384,-0.2732418436849735,train
2016-06-29,-0.9424998598815314,-0.6895649409739539,-0.25293491890757747,train
2016-06-30,-0.9845971402396902,-0.6071238950999651,-0.37747324513972513,train
2016-07-01,-1.2156066319336936,-0.4559099698130869,-0.7596966621206067,train
2016-07-04,-1.0814914488989937,-0.8230651696978728,-0.25842627920112093,train
2016-07-05,-1.0859047907528734,-1.2451448242594654,0.159240033506592,train
2016-07-06,-1.154003375705052,-1.0611085519257122,-0.09289482377933989,train
2016-07-07,-1.3189918460325094,-1.0020847191029916,-0.31690712692951784,train
2016-07-08,-1.2856179797711664,-1.1383375432508371,-0.1472804365203293,train
2016-07-11,-1.4906589056644501,-0.9276406155305806,-0.5630182901338695,train
2016-07-12,-1.5064133353946636,-1.1894465456533365,-0.3169667897413271,train
2016-07-13,-1.6075291039484056,-1.1291578967991729,-0.47837120714923276,train
2016-07-14,-1.5507577946817885,-1.2718974228955657,-0.2788603717862228,train
2016-07-15,-1.5889804279800976,-1.1882215420366093,-0.4007588859434883,train
2016-07-18,-1.637010133854936,-1.2612452677853572,-0.37576486606957893,train
2016-07-19,-1.7034120352954254,-1.3784693645894652,-0.32494267070596017,train
2016-07-20,-1.767759433294502,-1.4250729164832392,-0.3426865168112627,train
2016-07-21,-1.727351964782125,-1.3524051240774702,-0.3749468407046548,train
2016-07-22,-1.8190171451889934,-1.3271254300121558,-0.4918917151768376,train
2016-07-25,-1.8008166007967397,-1.4055230998994086,-0.39529350089733106,train
2016-07-26,-1.8061573860136027,-1.585594560423031,-0.2205628255905716,train
2016-07-27,-1.813673861417642,-1.6646797396882582,-0.14899412172938375,train
2016-07-28,-2.004662419421033,-1.5658005590509727,-0.4388618603700605,train
2016-07-29,-2.1016509219563977,-1.6419447138085894,-0.45970620814780827,train
2016-08-01,-2.0126578952289185,-1.5995354211441053,-0.4131224740848132,train
2016-08-02,-2.0531564561017475,-1.7377427365167284,-0.31541371958501907,train
2016-08-03,-2.086165342665004,-1.762761203047778,-0.32340413961722625,train
2016-08-04,-2.0416507610543047,-1.9030411982204283,-0.13860956283387638,train
2016-08-05,-2.034811592697554,-1.912096407241327,-0.12271518545622717,train
2016-08-08,-2.1186110858429585,-1.8792041130200254,-0.2394069728229331,train
2016-08-09,-2.1262515885168396,-1.9209309445436142,-0.20532064397322536,train
2016-08-10,-1.8866572523411331,-2.0612134511979936,0.17455619885686047,train
2016-08-11,-1.7862191077166738,-1.9059748741505476,0.11975576643387376,train
2016-08-12,-1.6459415158555004,-1.9208643722320484,0.274922856376548,train
2016-08-15,-1.7307549681610728,-1.972013909878009,0.24125894171693618,train
2016-08-16,-1.6342692090019337,-2.0692450589973115,0.43497584999537775,train
2016-08-17,-1.8373717893820227,-1.7350699305002353,-0.10230185888178744,train
2016-08-18,-1.9284314459233218,-1.8194933469528136,-0.10893809897050821,train
2016-08-19,-2.148851936067067,-1.6295201809876563,-0.5193317550794108,train
2016-08-22,-1.959297086282748,-1.75413854556379,-0.205158540718958,train
2016-08-23,-1.986510168260042,-1.7604450621935608,-0.22606510606648111,train
2016-08-24,-1.9798063059606712,-1.8750200746866748,-0.10478623127399644,train
2016-08-25,-1.9824054037899512,-1.9001819497296422,-0.08222345406030906,train
2016-08-26,-1.7759535395209227,-2.0726173662372025,0.2966638267162798,train
2016-08-29,-1.6823403570753126,-1.7306350490862257,0.048294692010913076,train
2016-08-30,-1.7414931213173628,-1.9188051177512537,0.17731199643389095,train
2016-08-31,-1.5238609664292442,-1.9297636958762197,0.4059027294469755,train
2016-09-01,-1.5265657113235398,-1.9182415486447923,0.39167583732125255,train
2016-09-02,-1.4735642814931302,-1.8834597179413874,0.4098954364482572,train
2016-09-05,-1.6910584410524732,-1.5744218649539068,-0.11663657609856637,train
2016-09-06,-1.4991420140109293,-1.871975981016156,0.37283396700522675,train
2016-09-07,-1.603783784560268,-1.775710917980529,0.171927133420261,train
2016-09-08,-1.5641200845130179,-1.683632229733221,0.11951214522020304,train
2016-09-09,-1.673430148696586,-1.546211740377054,-0.12721840831953202,train
2016-09-12,-1.7233264498726442,-1.6945089796927473,-0.028817470179896887,train
2016-09-13,-1.9050453383508277,-1.5778112177452388,-0.3272341206055889,train
2016-09-14,-2.0111159017216798,-1.6349939659791306,-0.37612193574254915,train
2016-09-15,-1.884009713450736,-1.6809253161227626,-0.20308439732797345,train
2016-09-16,-1.903888085676654,-1.6733215105611698,-0.23056657511548417,train
2016-09-19,-1.9548266741334863,-1.746803090492527,-0.2080235836409594,train
2016-09-20,-1.9024471647589514,-1.902935324082376,0.00048815932342471946,train
2016-09-21,-1.9006923355705538,-1.972935382392445,0.07224304682189109,train
2016-09-22,-2.0971954267325987,-1.743183817705381,-0.35401160902721784,train
2016-09-23,-2.097710789377493,-1.8157603596217105,-0.28195042975578244,train
2016-09-26,-1.9441893120590783,-1.870708934232931,-0.07348037782614725,train
2016-09-27,-1.9973458430649125,-1.8706222322765487,-0.1267236107883638,train
2016-09-28,-1.767669876777158,-1.8409988229676046,0.07332894619044672,train
2016-09-29,-1.7183022429721355,-1.9207033854210886,0.20240114244895313,train
2016-09-30,-1.7152162440151766,-1.898201121530759,0.18298487751558246,train
2016-10-03,-1.6755692160126567,-1.7006450826821502,0.025075866669493463,train
2016-10-04,-1.6718126553328183,-1.9494986463340815,0.27768599100126323,train
2016-10-05,-1.8194163233108167,-1.705163700580031,-0.11425262273078562,train
2016-10-06,-1.7120724428590903,-1.8115578625870787,0.09948541972798841,train
2016-10-07,-1.6048426086501408,-1.8465835387198621,0.2417409300697213,train
2016-10-10,-1.7147753780007566,-1.5948390965217776,-0.11993628147897906,train
2016-10-11,-1.682248133319574,-1.803477894219779,0.1212297609002051,train
2016-10-12,-1.7157494644306912,-1.741324341250571,0.0255748768198798,train
2016-10-13,-1.8334169590962284,-1.6372500920088537,-0.19616686708737463,train
2016-10-14,-1.6960231356248112,-1.6047335058968422,-0.09128962972796906,train
2016-10-17,-1.783985960860246,-1.7181510054356917,-0.06583495542455431,train
2016-10-18,-1.796131725932904,-1.7829023455190143,-0.013229380413889658,train
2016-10-19,-1.8286653654691734,-1.7535098626187475,-0.07515550285042583,train
2016-10-20,-1.8213268184938034,-1.7970235572973063,-0.02430326119649706,train
2016-10-21,-2.038841065638084,-1.5792342126766576,-0.45960685296142634,train
2016-10-24,-1.920951051171275,-1.7973066266862157,-0.12364442448505941,train
2016-10-25,-1.8444093851956302,-1.822287521744007,-0.022121863451623147,train
2016-10-26,-1.8708631752828744,-1.8080954780937186,-0.06276769718915576,train
2016-10-27,-1.8067233501479696,-1.7725140428214723,-0.034209307326497296,train
2016-10-28,-1.7678599946309355,-1.8699887882819353,0.1021287936509998,train
2016-10-31,-1.8592965152599106,-1.7244407957333205,-0.13485571952659003,train
2016-11-01,-1.843961805617799,-1.8978707724174124,0.05390896679961332,train
2016-11-02,-1.8416231692963596,-1.8421274991736993,0.0005043298773397265,train
2016-11-03,-1.3093119109924412,-1.7109829270343195,0.4016710160418784,train
2016-11-04,-1.1645751208906463,-1.6763890205213634,0.5118138996307171,train
2016-11-07,-0.9880396099182436,-1.8163510594051995,0.8283114494869559,train
2016-11-08,-0.753729120992544,-1.760587439366829,1.006858318374285,train
2016-11-09,-0.5308309510733922,-1.8256433877356697,1.2948124366622775,train
2016-11-10,-0.9414684030384421,-0.9739555600928391,0.032487157054396976,train
2016-11-11,-0.9463905695577873,-1.2617791510332819,0.31538858147549453,train
2016-11-14,-0.8914934057633317,-1.2225769402044913,0.33108353444115957,train
2016-11-15,-0.9638106405360816,-1.0571466883875311,0.09333604785144956,train
2016-11-16,-1.0086359749495681,-1.0402138454067742,0.03157787045720606,train
2016-11-17,-1.0357769513160826,-1.161461384397379,0.1256844330812963,train
2016-11-18,-1.1105192708495892,-1.1245053098490403,0.013986038999451056,train
2016-11-21,-1.1871044880604837,-1.0724381240908207,-0.11466636396966301,train
2016-11-22,-1.1693649458690185,-1.1523100480080983,-0.017054897860920182,train
2016-11-23,-1.1257665712586296,-1.2106065101240904,0.08483993886546082,train
2016-11-24,-1.0148510976387612,-1.1677172950966213,0.15286619745786,train
2016-11-25,-0.9574548907374751,-1.215627888685753,0.25817299794827786,train
2016-11-28,-0.9802432176568001,-1.2140972471104354,0.23385402945363531,train
2016-11-29,-0.757803432314553,-1.164367361348318,0.40656392903376504,train
2016-11-30,-0.7812086209171343,-1.1658721389639952,0.38466351804686094,train
2016-12-01,-1.01662152519261,-1.015183969074451,-0.001437556118158989,train
2016-12-02,-0.8167918928221896,-1.0372421657177446,0.22045027289555508,train
2016-12-05,-0.8200590505574713,-1.0954142693881925,0.2753552188307212,train
2016-12-06,-1.0888214796938944,-0.7260707113539258,-0.36275076833996867,train
2016-12-07,-1.1021077211842099,-0.9894131629799792,-0.11269455820423069,train
2016-12-08,-0.8300665834733483,-1.1762685257448977,0.34620194227154943,train
2016-12-09,-0.8667301077231947,-0.7194400851323544,-0.14729002259084034,train
2016-12-12,-0.7587818393864845,-1.0103593338844152,0.25157749449793076,train
2016-12-13,-0.7412364053886981,-1.099929223072697,0.35869281768399885,train
2016-12-14,-0.7751474269310378,-1.1259699247461208,0.350822497815083,train
2016-12-15,-0.9878121463246977,-0.8888822741480971,-0.09892987217660065,train
2016-12-16,-1.215868246348567,-0.8032204003834524,-0.4126478459651146,train
2016-12-19,-1.4843840089436948,-0.8585414604774146,-0.6258425484662802,train
2016-12-20,-1.7465572461452985,-0.931312038953797,-0.8152452071915015,train
2016-12-21,-1.8148917432615455,-1.0087185974629687,-0.8061731457985768,train
2016-12-22,-1.7967830779838216,-1.0975385383507263,-0.6992445396330953,train
2016-12-23,-1.4972742212565866,-1.1825090194500936,-0.31476520180649303,train
2016-12-27,-1.2082338234806191,-1.4161403343100623,0.20790651082944311,train
2016-12-28,-0.9090910201727045,-1.611243174727558,0.7021521545548535,train
2016-12-29,-0.6230624601497776,-1.5234176662849424,0.9003552061351647,train
2016-12-30,-0.5271786049370222,-1.4531287619935698,0.9259501570565476,train
2017-01-03,-0.7928314855834024,-0.9963242265551371,0.20349274097173464,train
2017-01-04,-0.8851075817103501,-1.0849460270468558,0.19983844533650574,train
2017-01-05,-0.7151479303992949,-1.0203451010411801,0.30519717064188523,train
2017-01-06,-0.7927008256799637,-0.7729785799328222,-0.019722245747141542,train
2017-01-09,-0.783661005865106,-0.8559125754934898,0.07225156962838375,train
2017-01-10,-0.8415024289787523,-0.9795048578911985,0.13800242891244618,train
2017-01-11,-0.7932549688012113,-1.01013451017869,0.21687954137747878,train
2017-01-12,-1.0418238354036344,-0.768242716903444,-0.2735811185001904,train
2017-01-13,-1.0363960132173182,-0.8965305723188284,-0.13986544089848985,train
2017-01-16,-1.10234955377724,-0.9807640451033451,-0.12158550867389495,train
2017-01-17,-1.057751657421996,-1.048739075043014,-0.00901258237898217,train
2017-01-18,-1.2246393074618167,-0.9241623522511433,-0.3004769552106734,train
2017-01-19,-1.2409675927421575,-1.172360005742124,-0.06860758700003355,train
2017-01-20,-1.3718401861578107,-1.057819449518227,-0.31402073663958374,train
2017-01-23,-1.4242473991312614,-1.1227643308276756,-0.30148306830358584,train
2017-01-24,-1.4490936107719672,-1.11462726094893,-0.33446634982303713,train
2017-01-25,-1.2971051436982806,-1.244698294742181,-0.052406848956099594,train
2017-01-26,-1.2170985922983935,-1.225203462982813,0.008104870684419563,train
2017-01-27,-1.240786434958641,-1.2704389109689693,0.029652476010328277,train
2017-01-30,-1.1641123669565698,-1.3145699760774858,0.150457609120916,train
2017-01-31,-1.2417710724581856,-1.2835793135698417,0.04180824111165604,train
2017-02-01,-1.3761937189271989,-1.1359776439595866,-0.24021607496761233,train
2017-02-02,-1.4828851196686172,-1.192528903493303,-0.29035621617531415,train
2017-02-03,-1.498012568763498,-1.2285543627156201,-0.26945820604787785,train
2017-02-06,-1.649719897851145,-1.188810042420287,-0.46090985543085794,train
2017-02-07,-1.7283426156994863,-1.2885129351722986,-0.43982968052718774,train
2017-02-08,-1.6913471185288522,-1.3417979622960574,-0.3495491562327948,train
2017-02-09,-1.642706869264066,-1.3768780495446835,-0.26582881971938255,train
2017-02-10,-1.6268686384986506,-1.4790245036690601,-0.14784413482959047,train
2017-02-13,-1.6610291315255772,-1.5245794974942513,-0.13644963403132593,train
2017-02-14,-1.6909191993387314,-1.5968972120734297,-0.09402198726530164,train
2017-02-15,-1.7397935945957723,-1.5345772367150374,-0.2052163578807349,train
2017-02-16,-1.6333493585441932,-1.5793528863195636,-0.053996472224629555,train
2017-02-17,-1.6499966908078747,-1.4869514442167853,-0.16304524659108943,train
2017-02-20,-1.5444717144561124,-1.59541116690961,0.050939452453497625,train
2017-02-21,-1.4576548324737448,-1.6685138099297485,0.21085897745600368,train
2017-02-22,-1.4158351808944845,-1.6465826800999532,0.23074749920546878,train
2017-02-23,-1.5082531978477263,-1.4818089803779573,-0.026444217469768994,train
2017-02-24,-1.5936645664224325,-1.5337019777854237,-0.05996258863700876,train
2017-02-27,-1.5806343155530784,-1.506263533648584,-0.07437078190449453,train
2017-02-28,-1.5555343313430856,-1.531010768792265,-0.024523562550820666,train
2017-03-01,-1.7328716453583752,-1.4621952438788497,-0.27067640147952554,train
2017-03-02,-1.8994095441173067,-1.4469161059504563,-0.4524934381668504,train
2017-03-03,-1.7285747887601104,-1.5986328432872208,-0.12994194547288962,train
2017-03-06,-1.6949785898546097,-1.524043712698565,-0.1709348771560446,train
2017-03-07,-1.7591212108023029,-1.5755134231736116,-0.18360778762869123,train
2017-03-08,-1.740070831599302,-1.7558981306701338,0.01582729907083169,train
2017-03-09,-1.4890416912257143,-1.8488655069164763,0.35982381569076205,train
2017-03-10,-1.569314108552156,-1.6396137500137695,0.0702996414616135,train
2017-03-13,-1.6636560368880324,-1.6040373016610543,-0.05961873522697814,train
2017-03-14,-1.7087928648453397,-1.704933082067706,-0.003859782777633658,train
2017-03-15,-1.5731023702920766,-1.7624930247147141,0.18939065442263758,train
2017-03-16,-1.7815433822356543,-1.525009274127091,-0.25653410810856325,train
2017-03-17,-1.8858974780427886,-1.5317058894181557,-0.35419158862463296,train
2017-03-20,-1.9525829503717567,-1.7140483864977436,-0.23853456387401306,train
2017-03-21,-1.90808107890118,-1.7233057559649323,-0.18477532293624765,train
2017-03-22,-1.9776630634291514,-1.5717917156226089,-0.40587134780654255,train
2017-03-23,-1.8832806326102052,-1.686721021510251,-0.19655961109995412,train
2017-03-24,-1.8092558671531478,-1.7629486918348467,-0.046307175318301086,train
2017-03-27,-1.7809055846216744,-1.8552365267188917,0.07433094209721736,train
2017-03-28,-1.812891759264413,-1.794179000047629,-0.018712759216783947,train
2017-03-29,-1.894685655803789,-1.8169097140965205,-0.07777594170726854,train
2017-03-30,-1.9755394437307072,-1.8296942413686568,-0.14584520236205045,train
2017-03-31,-1.9512213919134282,-1.788666667027921,-0.16255472488550726,train
2017-04-03,-1.886510587635159,-1.7221758326106658,-0.16433475502449335,train
2017-04-04,-1.943251261820024,-1.8564955748864427,-0.08675568693358127,train
2017-04-05,-1.9371864442075943,-1.8668183638346783,-0.07036808037291609,train
2017-04-06,-1.899066251182188,-1.957726720085859,0.05866046890367094,train
2017-04-07,-2.004105154186157,-1.861448103322238,-0.1426570508639191,train
2017-04-10,-2.2526722916235147,-1.778106288201371,-0.4745660034221437,train
2017-04-11,-2.2011092572040636,-1.9431266377398924,-0.2579826194641712,train
2017-04-12,-2.079801685465126,-1.9361962685355467,-0.14360541692957907,train
2017-04-13,-2.2130804476707038,-1.94811543430914,-0.26496501336156375,train
2017-04-14,-2.139905179503035,-1.868320341782959,-0.2715848377200758,train
2017-04-17,-1.9327347845476246,-2.254367384546604,0.32163259999897953,train
2017-04-18,-1.6529586387229862,-2.221617536350066,0.5686588976270797,train
2017-04-19,-1.6589832616694866,-1.969994798297109,0.3110115366276225,train
2017-04-20,-1.484880701595445,-2.054066244439749,0.569185542844304,train
2017-04-21,-1.3410568948628445,-1.9334277128816308,0.5923708180187863,train
2017-04-24,-1.263532548178944,-1.8469038626417777,0.5833713144628339,train
2017-04-25,-1.6125380235586988,-1.5344043242054308,-0.07813369935326797,train
2017-04-26,-1.7045260477482742,-1.7330618742934207,0.028535826545146525,train
2017-04-27,-1.87852352581118,-1.5965297736026978,-0.28199375220848233,train
2017-04-28,-1.9978612589902496,-1.4782099676716784,-0.5196512913185711,train
2017-05-01,-2.0989804891366424,-1.553383640724804,-0.5455968484118383,train
2017-05-02,-1.8793194092749927,-1.8075865046654171,-0.0717329046095756,train
2017-05-03,-1.7850836349607533,-1.7972178529445797,0.012134217983826412,train
2017-05-04,-1.714552835179171,-1.9415743948851802,0.22702155970600923,train
2017-05-05,-1.820582610447295,-1.855547707985926,0.03496509753863086,train
2017-05-08,-1.8296352508443967,-1.9345042431884418,0.10486899234404512,train
2017-05-09,-1.9955860090096533,-1.7242051496785344,-0.2713808593311189,train
2017-05-10,-1.9991771219553296,-1.7712165966603923,-0.22796052529493727,train
2017-05-11,-1.9408268986581791,-1.7304285012849498,-0.2103983973732293,train
2017-05-12,-1.7742101011522096,-1.8706937505402466,0.096483649388037,train
2017-05-15,-1.7745626390573066,-1.9445599683106263,0.16999732925331967,train
2017-05-16,-1.5848296398614017,-1.9109354169295063,0.3261057770681046,train
2017-05-17,-1.4761425145637312,-1.8090670500084252,0.3329245354446939,train
2017-05-18,-1.4044894814845397,-1.7566461664001227,0.35215668491558305,train
2017-05-19,-1.5274651650791973,-1.6290430632496566,0.10157789817045937,train
2017-05-22,-1.4965919244044446,-1.7299021010678364,0.23331017666339182,train
2017-05-23,-1.7599896457950124,-1.6081660525517771,-0.15182359324323524,train
2017-05-24,-1.742954448474046,-1.4957253677568172,-0.24722908071722882,train
2017-05-25,-1.8067002098744438,-1.5436610885574678,-0.26303912131697604,train
2017-05-26,-1.8268525548687826,-1.6141242336761452,-0.2127283211926374,train
2017-05-29,-1.7167594166471958,-1.6125133633584656,-0.10424605328873016,train
2017-05-30,-1.6426224311741464,-1.8734829037706322,0.2308604725964858,train
2017-05-31,-1.8548813717398396,-1.7557349192376828,-0.09914645250215681,train
2017-06-01,-1.7507131193425276,-1.7194576698220785,-0.03125544952044912,train
2017-06-02,-1.6545265427627363,-1.7802620845414228,0.1257355417786865,train
2017-06-05,-1.7145464244760675,-1.8467502930977313,0.13220386862166378,train
2017-06-06,-1.7336255545439614,-1.7808612446522534,0.04723569010829198,train
2017-06-07,-1.7679411837122398,-1.8317568147763312,0.06381563106409138,train
2017-06-08,-1.703143358246432,-1.691569515867538,-0.011573842378894028,train
2017-06-09,-1.7406893081912713,-1.6504419009722269,-0.09024740721904445,train
2017-06-12,-1.8977831143751789,-1.6265008010295534,-0.27128231334562547,train
2017-06-13,-1.9142161890201514,-1.7618588789998522,-0.15235731002029929,train
2017-06-14,-1.9036743806576832,-1.8934019421660178,-0.010272438491665481,train
2017-06-15,-2.266325798823469,-1.5689673583515518,-0.6973584404719171,train
2017-06-16,-2.4324686827442834,-1.6716074922134179,-0.7608611905308655,train
2017-06-19,-2.4735088266695286,-1.8310386222940653,-0.6424702043754633,train
2017-06-20,-2.3469078308381945,-1.8861048691104423,-0.46080296172775226,train
2017-06-21,-2.125859258234085,-1.868631454086533,-0.257227804147552,train
2017-06-22,-1.642764854471686,-2.0614276382184937,0.41866278374680777,train
2017-06-23,-1.4325687629774977,-2.146865378853583,0.7142966158760855,train
2017-06-26,-1.2906630849456142,-2.2187605587800765,0.9280974738344623,train
2017-06-27,-1.3683855037601451,-2.0864937773753813,0.7181082736152362,train
2017-06-28,-1.6086255090554207,-1.8823927480686868,0.27376723901326616,train
2017-06-29,-1.9872560454791688,-1.4097730197456764,-0.5774830257334924,train
2017-06-30,-2.0825273254069914,-1.5815427633598471,-0.5009845620471443,train
2017-07-03,-2.0357460717623512,-1.5711928221675162,-0.464553249594835,train
2017-07-04,-2.1147496151360885,-1.629972782259904,-0.48477683287618456,train
2017-07-05,-2.0461486212706737,-1.8191072017662249,-0.22704141950444878,train
2017-07-06,-1.9206415451226075,-1.8773162772142613,-0.04332526790834623,train
2017-07-07,-1.8562352013004868,-1.9289413405325702,0.07270613923208336,train
2017-07-10,-1.86764154474191,-1.958767586299225,0.09112604155731518,train
2017-07-11,-1.837982916363678,-2.0699469967777193,0.23196408041404126,train
2017-07-12,-1.7194389264006797,-2.1108339144759976,0.3913949880753178,train
2017-07-13,-1.8999409845002802,-1.798465047968767,-0.10147593653151321,train
2017-07-14,-1.7989833061952791,-1.7818282230874125,-0.01715508310786662,train
2017-07-17,-1.8273712177410313,-1.9197388981699173,0.09236768042888599,train
2017-07-18,-1.7809930709195332,-1.9161487407337565,0.13515566981422333,train
2017-07-19,-1.7960512089924159,-1.7977730969931225,0.0017218880007066062,train
2017-07-20,-1.5152076763146838,-1.9095182266489774,0.39431055033429363,train
2017-07-21,-1.5365798648407005,-1.6824241474458572,0.1458442826051567,train
2017-07-24,-1.4886423300207179,-1.7977256642262978,0.3090833342055799,train
2017-07-25,-1.3314400331300216,-1.8309448229285308,0.4995047897985092,train
2017-07-26,-1.3473397837915786,-1.6959469407004497,0.3486071569088711,train
2017-07-27,-1.4388018846825825,-1.5211224538798915,0.08232056919730901,train
2017-07-28,-1.499113968472285,-1.5634885296495955,0.06437456117731055,train
2017-07-31,-1.3707323112072702,-1.6165868533918832,0.245854542184613,train
2017-08-01,-1.4928591311743147,-1.5949701571667507,0.10211102599243604,train
2017-08-02,-1.512584007359497,-1.521130941835827,0.008546934476330037,train
2017-08-03,-1.4639269967333062,-1.5241415514766894,0.06021455474338322,train
2017-08-04,-1.424772719329321,-1.5437601508860614,0.11898743155674052,train
2017-08-07,-1.4757812084499022,-1.4091556259083384,-0.06662558254156381,train
2017-08-08,-1.440738550251513,-1.6809418564279124,0.2402033061763993,train
2017-08-09,-1.3607674030328478,-1.5982254621930152,0.23745805916016738,train
2017-08-10,-1.332181541786529,-1.4776772005218834,0.14549565873535442,train
2017-08-11,-1.2829635321646413,-1.4439518796944697,0.16098834752982838,train
2017-08-14,-1.321672152977619,-1.5378039969996866,0.21613184402206764,train
2017-08-15,-1.3674680101893166,-1.5622664852785477,0.1947984750892311,train
2017-08-16,-1.4921251752817946,-1.5509981986896282,0.058873023407833625,train
2017-08-17,-1.6810106306950519,-1.3633971254309953,-0.3176135052640565,train
2017-08-18,-1.9592916877461888,-1.3653648683517177,-0.5939268193944711,train
2017-08-21,-1.8476185195532537,-1.3932936498865973,-0.4543248696666564,train
2017-08-22,-1.878359530244515,-1.5449795588371715,-0.33337997140734354,train
2017-08-23,-1.690111912799713,-1.535269423579904,-0.15484248921980903,train
2017-08-24,-1.585017413212666,-1.6944616739159568,0.10944426070329083,train
2017-08-25,-1.3317436687094213,-1.8419063252728765,0.5101626565634552,train
2017-08-28,-1.2749999498768076,-1.5774922870858312,0.3024923372090236,train
2017-08-29,-1.202476806995513,-1.76989238135632,0.5674155743608071,train
2017-08-30,-1.2761377585675895,-1.4820366749635157,0.20589891639592617,train
2017-08-31,-1.3597794129922705,-1.4920195765702604,0.13224016357798996,train
2017-09-01,-1.2481423414113504,-1.3660313085603555,0.1178889671490051,train
2017-09-04,-1.3490996493664986,-1.253405835012826,-0.09569381435367252,train
2017-09-05,-1.3587812986760057,-1.4544910049172874,0.09570970624128172,train
2017-09-06,-1.4753275521807097,-1.3771123137741683,-0.09821523840654134,train
2017-09-07,-1.447664167140979,-1.4513756069980386,0.003711439857059684,train
2017-09-08,-1.5159423754796049,-1.2429776926152794,-0.2729646828643255,train
2017-09-11,-1.596779449900506,-1.3292875403926256,-0.26749190950788027,train
2017-09-12,-1.5671890384869644,-1.4681885827159933,-0.09900045577097116,train
2017-09-13,-1.4942949917896509,-1.548273092873158,0.0539781010835072,train
2017-09-14,-1.2440383033903604,-1.4953384714562157,0.2513001680658553,train
2017-09-15,-1.3581061477270417,-1.463693203333978,0.10558705560693626,train
2017-09-18,-1.4294775844474752,-1.4957545848774136,0.06627700042993845,train
2017-09-19,-1.422005088023917,-1.5515554099480797,0.12955032192416271,train
2017-09-20,-1.3605055228173044,-1.4991688009207342,0.13866327810342982,train
2017-09-21,-1.609621791480442,-1.2297811158854353,-0.3798406755950068,train
2017-09-22,-1.643292286305438,-1.4125098658348236,-0.23078242047061437,train
2017-09-25,-1.638302368028074,-1.4829866421892428,-0.15531572583883113,train
2017-09-26,-1.6657352792488473,-1.4494002431712583,-0.21633503607758908,train
2017-09-27,-1.8277299862157537,-1.42229660628889,-0.4054333799268637,train
2017-09-28,-1.8626647199606858,-1.5158344884320991,-0.3468302315285867,train
2017-09-29,-1.9723454420666813,-1.5318568966848005,-0.44048854538188076,train
2017-10-02,-1.9257396089496737,-1.5778659550603487,-0.347873653889325,train
2017-10-03,-2.052260038648727,-1.6160315275582298,-0.4362285110904971,train
2017-10-04,-2.0320835466775864,-1.7149712532796646,-0.3171122933979218,train
2017-10-05,-2.0356846376742004,-1.719563967648115,-0.31612067002608546,train
2017-10-06,-2.032545093632088,-1.8733020615354166,-0.15924303209667157,train
2017-10-09,-1.9477068680531375,-1.7604816206736307,-0.18722524737950685,train
2017-10-10,-1.8756293321839692,-1.943945986053655,0.06831665386968577,train
2017-10-11,-1.9524549181154494,-1.8367243623140994,-0.11573055580134994,train
2017-10-12,-2.0184122367057746,-1.8223604138862015,-0.19605182281957312,train
2017-10-13,-1.877996072248284,-1.8971538352235013,0.01915776297521732,train
2017-10-16,-2.024171657895195,-1.8362502772011875,-0.18792138069400766,train
2017-10-17,-2.01737914268944,-1.8269652943536165,-0.1904138483358233,train
2017-10-18,-1.9873317652141176,-1.9187006698485245,-0.06863109536559309,train
2017-10-19,-1.9354727854182794,-1.9271734571635668,-0.008299328254712579,train
2017-10-20,-1.7779830784437398,-1.756877862943131,-0.021105215500608843,train
2017-10-23,-1.6875051936652568,-1.8412669719877186,0.15376177832246185,train
2017-10-24,-1.663101751068782,-1.913854668194186,0.25075291712540393,train
2017-10-25,-1.609682600746543,-1.923564849921906,0.313882249175363,train
2017-10-26,-1.5952234512516508,-1.9029333331982596,0.30770988194660887,train
2017-10-27,-1.7489412295480662,-1.6762599102906584,-0.07268131925740784,train
2017-10-30,-1.8112609152568004,-1.6984721728193268,-0.11278874243747361,train
2017-10-31,-1.8308623480109059,-1.7466596828513252,-0.08420266515958064,train
2017-11-01,-1.840250835373082,-1.7296986499141318,-0.11055218545895018,train
2017-11-02,-1.9163011471202993,-1.7371435516007874,-0.17915759551951194,train
2017-11-03,-1.9962806019848922,-1.721777718653693,-0.2745028833311993,train
2017-11-06,-2.108892749507068,-1.9040746303722758,-0.2048181191347922,train
2017-11-07,-2.211982589527893,-1.817599476334377,-0.39438311319351604,train
2017-11-08,-2.191308648568064,-1.8605303963403033,-0.3307782522277607,train
2017-11-09,-2.050432977611766,-1.9344351016196013,-0.11599787599216471,train
2017-11-10,-2.0143247232694224,-1.887581585159189,-0.1267431381102333,train
2017-11-13,-1.9369888018293975,-1.9551148680162196,0.01812606618682211,train
2017-11-14,-1.6765610809029663,-2.0907350450666837,0.41417396416371743,train
2017-11-15,-1.6760739040998385,-2.0028349103196983,0.3267610062198598,train
2017-11-16,-1.7346326686783555,-1.844730361586974,0.11009769290861837,train
2017-11-17,-1.8175461373431887,-1.8542606541442477,0.03671451680105897,train
2017-11-20,-1.852207694171242,-1.8203092757218315,-0.03189841844941044,train
2017-11-21,-1.9806657274329118,-1.6340043391017907,-0.34666138833112115,train
2017-11-22,-1.9251498759699515,-1.7427299236171208,-0.1824199523528307,train
2017-11-23,-1.90718808073157,-1.7662354106593832,-0.14095267007218681,train
2017-11-24,-1.7467396381609241,-1.9068811874333922,0.16014154927246804,train
2017-11-27,-1.5741020247237922,-1.8195060791271782,0.24540405440338597,train
2017-11-28,-1.5748873369094905,-1.9005358451072847,0.32564850819779423,train
2017-11-29,-1.6389285070709956,-1.7890626014442053,0.15013409437320968,train
2017-11-30,-1.6883663654316845,-1.7986101394631882,0.11024377403150365,train
2017-12-01,-1.8328562793224497,-1.6914887315719718,-0.14136754775047788,train
2017-12-04,-1.993940853641939,-1.6031439916530583,-0.39079686198888064,train
2017-12-05,-2.06941269253304,-1.6937476620496255,-0.3756650304834146,train
2017-12-06,-2.1175937628824775,-1.7925812663473382,-0.3250124965351393,train
2017-12-07,-2.0309515463775973,-1.760642150014196,-0.27030939636340134,train
2017-12-08,-1.8528157927323001,-1.8261028902643959,-0.026712902467904254,train
2017-12-11,-1.8767622065913094,-1.9596392365349882,0.08287702994367874,train
2017-12-12,-1.8204928337441308,-1.9542472478692252,0.13375441412509437,train
2017-12-13,-1.7852857969209335,-2.0064218396359745,0.22113604271504106,train
2017-12-14,-1.8954993292282296,-1.9210894345202685,0.025590105292038867,train
2017-12-15,-2.0814085356681655,-1.6930459819451076,-0.38836255372305795,train
2017-12-18,-2.0512563958169077,-1.8284697383114463,-0.22278665750546134,train
2017-12-19,-2.12063177909563,-1.8307663174722033,-0.28986546162342686,train
2017-12-20,-2.214978794619114,-1.8011168421652224,-0.41386195245389157,train
2017-12-21,-2.3316168683584366,-1.8827827419253307,-0.44883412643310594,train
2017-12-22,-2.3823063999233036,-1.9367986636889576,-0.44550773623434603,train
2017-12-26,-2.4233150893371396,-2.0028990886151754,-0.42041600072196417,train
2017-12-27,-2.354505034198185,-2.182146352337405,-0.17235868186077985,train
2017-12-28,-2.242903634565685,-2.1202573812042647,-0.12264625336142032,train
2017-12-29,-2.0701949183293222,-2.1434033879630947,0.07320846963377248,train
2018-01-02,-2.0074733980147563,-2.1479056572425335,0.14043225922777713,train
2018-01-03,-1.9864104142111814,-2.0948760599915572,0.10846564578037587,train
2018-01-04,-1.8313643659193262,-2.1214559791127994,0.2900916131934732,train
2018-01-05,-1.6319260711498795,-2.013918601197259,0.38199253004737943,train
2018-01-08,-1.4288407777486436,-2.0584938594226605,0.6296530816740169,train
2018-01-09,-1.2501493033559292,-1.951259874657014,0.7011105713010848,train
2018-01-10,-1.0416913807675885,-1.9307652969589522,0.8890739161913637,train
2018-01-11,-0.9504557669907694,-1.7612141422210232,0.8107583752302538,train
2018-01-12,-0.9870108017156273,-1.7307864732234024,0.7437756715077751,train
2018-01-15,-1.0904772856174343,-1.4907807227406793,0.400303437123245,train
2018-01-16,-1.2377157472164617,-1.4383117758341037,0.20059602861764203,train
2018-01-17,-1.3628528919476248,-1.3719201911225447,0.009067299174919885,train
2018-01-18,-1.4185127979689014,-1.250667728781666,-0.1678450691872353,train
2018-01-19,-1.184338965432353,-1.276911452979542,0.09257248754718894,train
2018-01-22,-1.0855588544862125,-1.3469413857951449,0.2613825313089324,train
2018-01-23,-0.9648769233318226,-1.5004326713822924,0.5355557480504698,train
2018-01-24,-0.851267553818786,-1.500279116471677,0.6490115626528911,train
2018-01-25,-0.8798721854891269,-1.4202943062897795,0.5404221208006526,train
2018-01-26,-1.1418307224382942,-1.0806029099526753,-0.061227812485618927,train
2018-01-29,-1.176137202192505,-1.1878701378819627,0.011732935689457769,train
2018-01-30,-1.13220268471909,-1.2163342717645462,0.0841315870454562,train
2018-01-31,-1.1083877084807496,-1.0973339229548313,-0.011053785525918292,train
2018-02-01,-1.131001604476746,-1.131904668026697,0.0009030635499511774,train
2018-02-02,-1.0652276879976033,-1.2060073344908642,0.1407796464932609,train
2018-02-05,-1.1119829016156981,-1.208381320389974,0.0963984187742759,train
2018-02-06,-1.2032851038683774,-1.177133111836239,-0.02615199203213847,train
2018-02-07,-1.3205907800142564,-1.119041824700291,-0.20154895531396555,train
2018-02-08,-1.1247606742131124,-1.1759405014060462,0.05117982719293379,train
2018-02-09,-1.1942542048769296,-1.0649430038850112,-0.1293112009919184,train
2018-02-12,-1.2107039789318959,-1.1373801023730763,-0.07332387655881956,train
2018-02-13,-1.234060459911228,-1.2459010808037643,0.011840620892536347,train
2018-02-14,-1.235683387650841,-1.2802506399452567,0.044567252294415605,train
2018-02-15,-1.4211569168075204,-1.0381368218224432,-0.3830200949850773,train
2018-02-16,-1.4528295607570616,-1.1802928505624082,-0.2725367101946534,train
2018-02-19,-1.532918459426282,-1.2274040810567035,-0.3055143783695784,train
2018-02-20,-1.545853212822553,-1.3219896096740396,-0.2238636031485135,train
2018-02-21,-1.4882848754121347,-1.2710036292344329,-0.21728124617770184,train
2018-02-22,-1.5575001176425682,-1.3803353239342027,-0.17716479370836558,train
2018-02-23,-1.5143108384932433,-1.3640329718596007,-0.15027786663364262,train
2018-02-26,-1.4589478921940837,-1.4262501015706395,-0.032697790623444245,train
2018-02-27,-1.3333741740906508,-1.4490757417363285,0.11570156764567763,train
2018-02-28,-1.3825252490073767,-1.3727238599101983,-0.009801389097178426,train
2018-03-01,-1.3620580334220012,-1.445378325676216,0.08332029225421489,train
2018-03-02,-1.3143309997508765,-1.382167225019302,0.06783622526842548,train
2018-03-05,-1.359059105908894,-1.3974527373178889,0.03839363140899499,train
2018-03-06,-1.565330471942,-1.2794787434080535,-0.2858517285339466,train
2018-03-07,-1.5850256443326225,-1.4165813010280481,-0.16844434330457436,train
2018-03-08,-1.6102447756495302,-1.3776475151440828,-0.23259726050544738,train
2018-03-09,-1.8145560049179104,-1.3543632923942754,-0.4601927125236349,train
2018-03-12,-1.8524117388517343,-1.4434210417879476,-0.40899069706378666,train
2018-03-13,-1.7821257659927263,-1.5953638522528346,-0.1867619137398917,train
2018-03-14,-1.8405292847973391,-1.5433799637814418,-0.2971493210158973,train
2018-03-15,-1.840107118968966,-1.6155158774842944,-0.22459124148467158,train
2018-03-16,-1.728828155208268,-1.6813761445578934,-0.04745201065037463,train
2018-03-19,-1.6927789599200334,-1.7024200682686161,0.009641108348582783,train
2018-03-20,-1.7174695177654347,-1.7502695051159458,0.03279998735051115,train
2018-03-21,-1.720621611135817,-1.68745814792348,-0.033163463212336985,train
2018-03-22,-1.723396016601135,-1.7001375390881956,-0.023258477512939413,train
2018-03-23,-1.8284604963888973,-1.5561057362951642,-0.27235476009373305,train
2018-03-26,-2.0747136572427847,-1.6108696960591975,-0.4638439611835872,train
2018-03-27,-2.1564547589463685,-1.6561059440957608,-0.5003488148506077,train
2018-03-28,-2.15707232224785,-1.6588853493792075,-0.49818697286864255,train
2018-03-29,-2.1854457483155434,-1.6221186616760646,-0.5633270866394788,train
2018-03-30,-2.195125768054093,-1.7205053935657961,-0.4746203744882971,train
2018-04-02,-1.9230917440075337,-2.0638634384883185,0.14077169448078486,train
2018-04-03,-1.8457171886366432,-2.1202283088835054,0.2745111202468622,train
2018-04-04,-1.7339375880619508,-1.9033253311808935,0.16938774311894278,train
2018-04-05,-1.7937205666721243,-1.9176723373682534,0.12395177069612906,train
2018-04-06,-1.7992507209744997,-1.945911277701589,0.14666055672708933,train
2018-04-09,-1.9517811383621875,-1.8445209671778469,-0.10726017118434061,train
2018-04-10,-2.0113782338791233,-1.815268564364081,-0.19610966951504238,train
2018-04-11,-2.185990572765861,-1.8014357413112077,-0.3845548314546532,train
2018-04-12,-2.161052903373416,-1.817318232393629,-0.3437346709797868,train
2018-04-13,-2.1423936865023974,-1.815608828258278,-0.3267848582441193,train
2018-04-16,-2.0443058877795997,-1.9636764476174158,-0.08062944016218387,train
2018-04-17,-1.9521081553425002,-2.005031729786253,0.05292357444375284,train
2018-04-18,-1.87226827031865,-2.0288861856184925,0.1566179152998426,train
2018-04-19,-1.8492652439065538,-1.9766471845312212,0.12738194062466746,train
2018-04-20,-1.7023704271470834,-1.9558041529818064,0.253433725834723,train
2018-04-23,-1.6646395046257507,-1.8927908202796306,0.22815131565387992,train
2018-04-24,-1.6513977154236117,-1.8612859312706274,0.20988821584701567,train
2018-04-25,-1.6399417383253467,-1.810136027277173,0.1701942889518262,train
2018-04-26,-1.3976538110541068,-1.8483312817707171,0.45067747071661035,train
2018-04-27,-1.4110808789657674,-1.6717702593234631,0.26068938035769573,train
2018-04-30,-1.3137051820789767,-1.7083419943206497,0.394636812241673,train
2018-05-01,-1.3576494161242245,-1.7186580679021422,0.36100865177791763,train
2018-05-02,-1.2847661795091851,-1.7126196726023646,0.42785349309317944,train
2018-05-03,-1.4780446867926096,-1.4259267349630798,-0.05211795182952983,train
2018-05-04,-1.450968613168637,-1.4948761743456298,0.04390756117699279,train
2018-05-07,-1.58396875819774,-1.474292770421639,-0.10967598777610088,train
2018-05-08,-1.5835037402152428,-1.5637009948927674,-0.01980274532247539,train
2018-05-09,-1.5976595909365272,-1.4404622758011478,-0.15719731513537938,train
2018-05-10,-1.514454035530259,-1.5474773806069875,0.03302334507672855,train
2018-05-11,-1.5483736361798788,-1.4851837193969117,-0.06318991678296704,train
2018-05-14,-1.5422357425776565,-1.6146971404107449,0.07246139783308836,train
2018-05-15,-1.4910754973299405,-1.6489988933098358,0.15792339597989535,train
2018-05-16,-1.5296382285816192,-1.556301034817813,0.02666280623619377,train
2018-05-17,-1.4475868309934667,-1.4775932164267593,0.030006385433292593,train
2018-05-18,-1.5116350537912875,-1.4814535804504843,-0.030181473340803233,train
2018-05-21,-1.4391309692728065,-1.5651856973513893,0.12605472807858287,train
2018-05-22,-1.4252240374845835,-1.5114273289124374,0.08620329142785388,train
2018-05-23,-1.27115608232608,-1.5262090051547959,0.25505292282871594,train
2018-05-24,-1.2834904142530978,-1.3833891687340654,0.09989875448096752,train
2018-05-25,-1.1017277459197514,-1.4864570970428845,0.3847293511231331,train
2018-05-28,-1.0411966944875133,-1.4684882843679636,0.42729158988045035,train
2018-05-29,-1.0595981560355547,-1.4858663431755839,0.4262681871400291,train
2018-05-30,-1.1647076939400722,-1.247842777111865,0.08313508317179275,train
2018-05-31,-1.2271643254199065,-1.264433382830226,0.037269057410319606,train
2018-06-01,-1.405550754598618,-1.135094567164505,-0.2704561874341129,train
2018-06-04,-1.5101718371975335,-1.2066073844267204,-0.303564452770813,train
2018-06-05,-1.5096416492750426,-1.3056898035848676,-0.203951845690175,train
2018-06-06,-1.5175031604798055,-1.3199534168990534,-0.19754974358075206,train
2018-06-07,-1.5164618027805716,-1.3504059367175105,-0.1660558660630611,train
2018-06-08,-1.3268637899738698,-1.4143890837102937,0.08752529373642393,train
2018-06-11,-1.171599190394925,-1.4866813112431605,0.3150821208482355,train
2018-06-12,-1.1996875596454584,-1.4972515443474501,0.29756398470199175,train
2018-06-13,-1.1400477971217566,-1.4609846785921796,0.320936881470423,train
2018-06-14,-1.1998796498804265,-1.5153809339698734,0.3155012840894469,train
2018-06-15,-1.2730652904423851,-1.2430254858332426,-0.030039804609142573,train
2018-06-18,-1.345915565473475,-1.1942870107658283,-0.15162855470764658,train
2018-06-19,-1.2560554162978277,-1.3938402934657732,0.13778487716794552,train
2018-06-20,-1.3619459799127855,-1.227001116508114,-0.1349448634046715,train
2018-06-21,-1.3349025986330239,-1.2903780074696805,-0.0445245911633434,train
2018-06-22,-1.3490120580911005,-1.2618600525038761,-0.08715200558722436,train
2018-06-25,-1.2443606661306839,-1.3766524909175377,0.13229182478685386,train
2018-06-26,-1.2518411720389389,-1.2907721034175834,0.03893093137864456,train
2018-06-27,-1.2719868542570576,-1.38518222661322,0.1131953723561625,train
2018-06-28,-1.3961346340772356,-1.3173895648308815,-0.07874506924635405,train
2018-06-29,-1.5539302986806305,-1.2835218520636835,-0.27040844661694696,train
2018-07-02,-1.744342604884837,-1.2466453342256183,-0.49769727065921865,train
2018-07-03,-1.8167471144120995,-1.332404848920246,-0.48434226549185344,train
2018-07-04,-1.8356198021787822,-1.3850772943755616,-0.4505425078032206,train
2018-07-05,-1.7085280479834075,-1.5817384465800068,-0.12678960140340068,train
2018-07-06,-1.6902487939492343,-1.5458354344022216,-0.14441335954701273,train
2018-07-09,-1.7075554545477343,-1.6277451327182229,-0.07981032182951142,train
2018-07-10,-1.7733282587809476,-1.6253840904550905,-0.1479441683258571,train
2018-07-11,-1.761122525812509,-1.641210159210606,-0.11991236660190285,train
2018-07-12,-1.8743934216811795,-1.6047906690340583,-0.2696027526471212,train
2018-07-13,-1.7197933676190877,-1.6273974839913374,-0.09239588362775031,train
2018-07-16,-1.659225424490025,-1.5783848291856422,-0.08084059530438292,train
2018-07-17,-1.600499388968445,-1.6941650958731542,0.09366570690470932,train
2018-07-18,-1.5899313925102037,-1.6752025056167363,0.08527111310653268,train
2018-07-19,-1.5242171828574231,-1.689592424970256,0.16537524211283294,train
2018-07-20,-1.6467557626716978,-1.5368060536631998,-0.10994970900849799,train
2018-07-23,-1.8116668026295693,-1.5476800734808913,-0.26398672914867793,train
2018-07-24,-1.9317304021544814,-1.5830970226687466,-0.3486333794857348,train
2018-07-25,-1.9479479228753511,-1.6618198344352564,-0.28612808844009474,train
2018-07-26,-2.0584379395802053,-1.5308798793078309,-0.5275580602723744,train
2018-07-27,-2.131521844633289,-1.6257936726491904,-0.5057281719840985,train
2018-07-30,-2.0302361716912865,-1.814599865449198,-0.21563630624208852,train
2018-07-31,-1.9905741227442875,-1.9454069678235646,-0.045167154920722874,train
2018-08-01,-2.1201276861283804,-1.796949355612768,-0.3231783305156124,train
2018-08-02,-2.108395343452181,-1.9223926210995166,-0.18600272235266457,train
2018-08-03,-2.14747784672008,-1.9382909860628337,-0.20918686065724645,train
2018-08-06,-1.9149616756390202,-1.854864463344179,-0.06009721229484111,train
2018-08-07,-1.7031186297815029,-1.911810674298278,0.20869204451677503,train
2018-08-08,-1.505429324707194,-2.010118746393035,0.5046894216858409,train
2018-08-09,-1.3583997406748816,-1.9314484416887931,0.5730487010139116,train
2018-08-10,-1.1875626352321669,-1.9458543649910518,0.7582917297588849,train
2018-08-13,-1.3899251547553966,-1.5966766174043694,0.20675146264897282,train
2018-08-14,-1.5485877350960824,-1.5928117801887405,0.04422404509265809,train
2018-08-15,-1.494933317135612,-1.5782592702410563,0.08332595310544422,train
2018-08-16,-1.5265045290217427,-1.5204439580761822,-0.006060570945560562,train
2018-08-17,-1.5427126871468402,-1.4022385394803043,-0.14047414766653588,train
2018-08-20,-1.4781855610071226,-1.6112320185184439,0.13304645751132127,train
2018-08-21,-1.4630384068645954,-1.677960179755174,0.21492177289057857,train
2018-08-22,-1.5813962356337106,-1.5648785491239265,-0.016517686509784024,train
2018-08-23,-1.6457304755186193,-1.6590835566199673,0.01335308110134803,train
2018-08-24,-1.6728167144102515,-1.5550628505863067,-0.11775386382394482,train
2018-08-27,-1.685457932661737,-1.6509805495741736,-0.03447738308756332,train
2018-08-28,-1.7035601059048264,-1.607492856788213,-0.09606724911661346,train
2018-08-29,-1.6914113147439143,-1.6168944295111896,-0.0745168852327247,train
2018-08-30,-1.576004193684479,-1.6535415465566767,0.07753735287219765,train
2018-08-31,-1.5976697645944578,-1.6176518735637218,0.019982108969264,train
2018-09-03,-1.6048737585828754,-1.576911335183051,-0.027962423399824354,train
2018-09-04,-1.6161961889704837,-1.8052255452422878,0.18902935627180417,train
2018-09-05,-1.6335503330787895,-1.649415244767177,0.01586491168838755,train
2018-09-06,-1.70073893887775,-1.5341795750165432,-0.16655936386120684,train
2018-09-07,-1.6660719411125555,-1.5672441923229394,-0.09882774878961609,train
2018-09-10,-1.749047187298388,-1.5912247911252095,-0.1578223961731784,train
2018-09-11,-1.7969317866251373,-1.6913426612511142,-0.1055891253740231,train
2018-09-12,-1.7523367199249495,-1.6003775353513165,-0.151959184573633,train
2018-09-13,-1.783617656563918,-1.6698509777872454,-0.11376667877667246,train
2018-09-14,-1.7936514998545003,-1.657754204417004,-0.1358972954374964,train
2018-09-17,-1.8191434337448313,-1.6907923592270868,-0.12835107451774452,train
2018-09-18,-1.647935910991245,-1.8040427829158192,0.15610687192457418,train
2018-09-19,-1.6985278041199323,-1.6325649085021414,-0.0659628956177909,train
2018-09-20,-1.650417682780505,-1.6993500325368849,0.048932349756379834,train
2018-09-21,-1.5991594766584936,-1.666419214297137,0.06725973763864346,train
2018-09-24,-1.5908582125234711,-1.7487334174575264,0.15787520493405527,train
2018-09-25,-1.686698022195594,-1.6837133520216043,-0.002984670173989734,train
2018-09-26,-1.6659375204636142,-1.7322469247105068,0.06630940424689258,train
2018-09-27,-1.616697332104419,-1.698488935082588,0.08179160297816912,train
2018-09-28,-1.6632729786276694,-1.533029438784292,-0.13024353984337744,train
2018-10-01,-1.589080925631939,-1.6316125928946188,0.04253166726267987,train
2018-10-02,-1.6057640649122427,-1.6848735211575758,0.07910945624533317,train
2018-10-03,-1.588750090889724,-1.640200716041607,0.05145062515188292,train
2018-10-04,-1.7181742914518114,-1.5843721007071272,-0.13380219074468425,train
2018-10-05,-1.6672918425861956,-1.6406994361725755,-0.02659240641362004,train
2018-10-08,-1.724554971873967,-1.6545243442356814,-0.0700306276382856,train
2018-10-09,-1.7393441228382094,-1.6680129063493516,-0.07133121648885776,train
2018-10-10,-1.7925516797779135,-1.6388541098790101,-0.15369756989890337,train
2018-10-11,-1.779674486431015,-1.686621772360542,-0.09305271407047311,train
2018-10-12,-1.8850682309656832,-1.597668687333238,-0.28739954363244524,train
2018-10-15,-1.8147550360240428,-1.6665213034274404,-0.14823373259660233,train
2018-10-16,-1.7670446504110697,-1.7533925784620237,-0.013652071949046052,train
2018-10-17,-1.7171382160243145,-1.7916288411698316,0.07449062514551708,train
2018-10-18,-1.691491253842789,-1.7001036110948733,0.008612357252084202,train
2018-10-19,-1.6820015055472557,-1.7387534935220739,0.056751987974818174,train
2018-10-22,-1.71318413057422,-1.6726367601928351,-0.040547370381384784,train
2018-10-23,-1.6262825073049012,-1.71420699568016,0.08792448837525879,train
2018-10-24,-1.6902761286029082,-1.671803723105763,-0.01847240549714524,train
2018-10-25,-1.694332511751351,-1.6504349334305255,-0.043897578320825525,train
2018-10-26,-1.7134104661992697,-1.6699094505482073,-0.04350101565106246,train
2018-10-29,-1.674908387295367,-1.632150899239969,-0.04275748805539803,train
2018-10-30,-1.829773068384781,-1.5796981530979641,-0.2500749152868169,train
2018-10-31,-1.848785303182438,-1.7142439745638396,-0.13454132861859835,train
2018-11-01,-1.648355573058431,-1.6592156428067777,0.010860069748346746,train
2018-11-02,-1.6014491096816255,-1.6638353205398997,0.06238621085827423,train
2018-11-05,-1.6903786645976304,-1.6301020522913263,-0.0602766123063041,train
2018-11-06,-1.5491350875324958,-1.8041240968741514,0.2549890093416556,train
2018-11-07,-1.4098175221832097,-1.8228450890959524,0.4130275669127428,train
2018-11-08,-1.4446758294918411,-1.4732682828445496,0.028592453352708436,train
2018-11-09,-1.3009281848306475,-1.6178678131409114,0.3169396283102639,train
2018-11-12,-1.2243981047978063,-1.6547947873332798,0.4303966825354735,train
2018-11-13,-1.2923824362315182,-1.6499510885719584,0.3575686523404402,train
2018-11-14,-1.3714909470244088,-1.4743895598454269,0.10289861282101809,train
2018-11-15,-1.4702623187704273,-1.4198007682005132,-0.05046155056991419,train
2018-11-16,-1.71449204651394,-1.3196707829595136,-0.39482126355442637,train
2018-11-19,-1.7571898535399846,-1.4081900294874037,-0.3489998240525809,train
2018-11-20,-1.7969614846245647,-1.4892292249435293,-0.30773225968103546,train
2018-11-21,-1.7604359947705581,-1.5207686018738265,-0.23966739289673167,train
2018-11-22,-1.6369137067046,-1.4871704495017215,-0.1497432572028785,train
2018-11-23,-1.5440194482799137,-1.7315650166854273,0.18754556840551362,train
2018-11-26,-1.6195698414060984,-1.8011779775182257,0.18160813611212734,train
2018-11-27,-1.509321041733193,-1.7071517638366362,0.1978307221034432,train
2018-11-28,-1.523853495217765,-1.6620496957513164,0.13819620053355153,train
2018-11-29,-1.7512062869552802,-1.5483117046887376,-0.20289458226654267,train
2018-11-30,-1.7286884401603733,-1.5238782051775819,-0.20481023498279138,train
2018-12-03,-1.4989859709915057,-1.6448889106658113,0.14590293967430568,train
2018-12-04,-1.4911467743532458,-1.4827460129191599,-0.008400761434085968,train
2018-12-05,-1.4959645692420254,-1.5423183895501047,0.04635382030807933,train
2018-12-06,-1.4026367614950377,-1.6790165705222702,0.27637980902723247,train
2018-12-07,-1.3902090718705942,-1.5901381044657583,0.19992903259516415,train
2018-12-10,-1.56324653015581,-1.497365626559228,-0.06588090359658216,train
2018-12-11,-1.7098860263146443,-1.5094991694130226,-0.2003868569016216,train
2018-12-12,-1.7682830469851383,-1.5177463202186054,-0.2505367267665328,train
2018-12-13,-1.7018285015571337,-1.5034934779697935,-0.19833502358734023,train
2018-12-14,-1.6584551295601506,-1.5863617278748123,-0.07209340168533829,train
2018-12-17,-1.547543434189938,-1.619542652186592,0.07199921799665421,train
2018-12-18,-1.4593861767320635,-1.7456393730176791,0.28625319628561563,train
2018-12-19,-1.4346570044725204,-1.7082639952789231,0.2736069908064027,train
2018-12-20,-1.443352605884079,-1.6269999680687413,0.18364736218466216,train
2018-12-21,-1.484897681893506,-1.5369112249148762,0.05201354302137018,train
2018-12-24,-1.6041883680305582,-1.4915079638733792,-0.11268040415717895,train
2018-12-26,-1.5391564307378822,-1.5258161188033754,-0.013340311934506799,train
2018-12-27,-1.3495547318488232,-1.5697580457410423,0.22020331389221903,train
2018-12-28,-1.3553052509314187,-1.443161537299029,0.08785628636761023,train
2018-12-31,-1.4543585971119026,-1.4975767153912318,0.0432181182793292,train
2019-01-02,-1.4395172256875266,-1.6341448652769752,0.19462763958944862,train
2019-01-03,-1.4309534690983405,-1.5209793175775286,0.09002584847918804,train
2019-01-04,-1.557821321569996,-1.3570209727350022,-0.20080034883499387,train
2019-01-07,-1.6223773051694876,-1.4461189399646532,-0.1762583652048344,train
2019-01-08,-1.6235673776118518,-1.5412822637256114,-0.08228511388624038,train
2019-01-09,-1.5523595474946752,-1.4997823774965953,-0.05257716999807993,train
2019-01-10,-1.6888490335735136,-1.4998896130238961,-0.18895942054961745,train
2019-01-11,-1.8099965511458298,-1.5232432247859327,-0.28675332635989714,train
2019-01-14,-1.9906998329342138,-1.6019467406833185,-0.38875309225089527,train
2019-01-15,-2.1940223285584985,-1.6436303972619082,-0.5503919312965904,train
2019-01-16,-2.427789510107048,-1.5494927565728354,-0.8782967535342125,train
2019-01-17,-2.5131091245543873,-1.6620381790842274,-0.8510709454701599,train
2019-01-18,-2.364847555825917,-1.7932806296980877,-0.5715669261278293,train
2019-01-21,-2.262293841413078,-1.8947716503099385,-0.36752219110313944,train
2019-01-22,-2.1303352087472383,-2.0375916503996763,-0.09274355834756198,train
2019-01-23,-2.100147417026006,-2.072552893499953,-0.02759452352605285,train
2019-01-24,-1.8197982014072842,-2.1482546396089166,0.3284564382016324,train
2019-01-25,-1.918452686807452,-1.9221345603677045,0.003681873560252402,train
2019-01-28,-1.9012174489631644,-1.932133539816058,0.030916090852893596,train
2019-01-29,-1.956468179980019,-1.9480859516589262,-0.00838222832109281,train
2019-01-30,-2.0148118958443755,-1.9775552583741818,-0.0372566374701937,train
2019-01-31,-2.3893959555459183,-1.8503671629468168,-0.5390287925991015,train
2019-02-01,-2.499519650301905,-1.8143231840956386,-0.6851964662062664,train
2019-02-04,-2.708613285589464,-1.9044614144488048,-0.804151871140659,train
2019-02-05,-2.6395309347708675,-2.0214440602044226,-0.618086874566445,train
2019-02-06,-2.542741830192997,-2.0464846215431383,-0.49625720864985867,train
2019-02-07,-2.354866084763955,-2.2323117765272853,-0.12255430823666957,train
2019-02-08,-2.148410610278156,-2.2490785940591413,0.10066798378098518,train
2019-02-11,-2.008823117558162,-2.4109252293315184,0.40210211177335653,train
2019-02-12,-2.067528497133354,-2.4120304215419197,0.34450192440856586,train
2019-02-13,-2.0142057931301087,-2.380019943182046,0.3658141500519374,train
2019-02-14,-2.039286990035839,-2.2056231621718227,0.16633617213598395,train
2019-02-15,-2.1390435203877916,-2.0933455660148392,-0.04569795437295232,train
2019-02-18,-2.1647751018498,-2.0325938836408977,-0.13218121820890216,train
2019-02-19,-2.1650304274884773,-2.1380748527421733,-0.026955574746303945,train
2019-02-20,-2.2310079267975502,-2.017415701397955,-0.21359222539959521,train
2019-02-21,-2.2443884988828744,-2.00683276976541,-0.2375557291174646,train
2019-02-22,-2.258552077071682,-2.0514000157520433,-0.20715206131963848,train
2019-02-25,-2.2923066622959065,-2.096272971355881,-0.19603369094002554,train
2019-02-26,-2.325417668055944,-2.125183822619288,-0.20023384543665612,train
2019-02-27,-2.2879881654734286,-2.150292874643493,-0.1376952908299356,train
2019-02-28,-2.3958825669218204,-2.1189276435991458,-0.2769549233226747,train
2019-03-01,-2.358368087654874,-2.102246817791134,-0.25612126986374006,train
2019-03-04,-2.309543066526937,-2.1819272895139608,-0.12761577701297622,train
2019-03-05,-2.2731179804096597,-2.2844748887831154,0.01135690837345571,train
2019-03-06,-2.2186154338518813,-2.253399233454027,0.03478379960214584,train
2019-03-07,-2.1178719265941544,-2.3086734292958773,0.1908015027017229,train
2019-03-08,-2.241457088635795,-2.1935956378234307,-0.04786145081236448,train
2019-03-11,-2.2865823249997157,-2.182653158583849,-0.1039291664158668,train
2019-03-12,-2.341527848913927,-2.171368707979025,-0.17015914093490192,train
2019-03-13,-2.514953968516045,-2.0469319467784106,-0.4680220217376343,train
2019-03-14,-2.283301191716833,-2.0917976152403073,-0.1915035764765256,train
2019-03-15,-2.1931240108901946,-2.1547501635351822,-0.03837384735501237,train
2019-03-18,-1.898293448715809,-2.1772380342871895,0.2789445855713806,train
2019-03-19,-1.809797598925968,-2.267354518810413,0.4575569198844449,train
2019-03-20,-1.771650146226726,-2.3928757917472128,0.6212256455204868,train
2019-03-21,-1.9459113213029682,-2.16107835418404,0.21516703288107197,train
2019-03-22,-1.8961336101126434,-2.065085450772339,0.16895184065969548,train
2019-03-25,-2.0895750952172514,-1.917361909038243,-0.17221318617900838,train
2019-03-26,-2.1045456128074704,-1.9701328195823102,-0.1344127932251602,train
2019-03-27,-2.0722377559840104,-1.986949130949581,-0.08528862503442936,train
2019-03-28,-2.174066733181873,-1.9309960202497254,-0.24307071293214744,train
2019-03-29,-2.379753103425071,-1.8843310948206702,-0.495422008604401,train
2019-04-01,-2.50771693081453,-2.0072791581150464,-0.5004377726994838,train
2019-04-02,-2.568673889613052,-2.1082581648108523,-0.46041572480219983,train
2019-04-03,-2.605490578495628,-2.0762733661280848,-0.5292172123675432,train
2019-04-04,-2.5824768341863154,-2.1337075972858357,-0.44876923690047965,train
2019-04-05,-2.552581036060531,-2.3266502661783637,-0.22593076988216731,train
2019-04-08,-2.505046019289621,-2.3722063530507502,-0.1328396662388709,train
2019-04-09,-2.556335676519997,-2.46965751244693,-0.08667816407306717,train
2019-04-10,-2.517781261072627,-2.3126027362074852,-0.20517852486514165,train
2019-04-11,-2.5660871899170146,-2.348627517796554,-0.21745967212046047,train
2019-04-12,-2.4139395978333025,-2.341732379824795,-0.07220721800850738,train
2019-04-15,-2.7620164366985906,-2.2686476872654175,-0.4933687494331731,train
2019-04-16,-2.9307384376731855,-2.384735794210957,-0.5460026434622285,train
2019-04-17,-2.9568540759314823,-2.403606086293221,-0.5532479896382614,train
2019-04-18,-2.85413247583442,-2.35842497375893,-0.4957075020754904,train
2019-04-19,-2.9166324719108583,-2.4582047698071054,-0.45842770210375283,train
2019-04-22,-2.551991058833934,-2.8637717739159685,0.31178071508203464,train
2019-04-23,-2.334703002158302,-2.7563291987371734,0.42162619657887124,train
2019-04-24,-2.3416189999884045,-2.584764501222726,0.24314550123432133,train
2019-04-25,-2.2203043650962906,-2.468297816996008,0.24799345189971733,train
2019-04-26,-2.3103252991422316,-2.4655901353757574,0.15526483623352583,train
2019-04-29,-2.298850715051208,-2.372047516302967,0.07319680125175898,train
2019-04-30,-2.2446596266000154,-2.371541165437802,0.1268815388377864,train
2019-05-01,-2.200184594314963,-2.3573349787944187,0.1571503844794555,train
2019-05-02,-2.3606617878545313,-2.2802633994960058,-0.08039838835852553,train
2019-05-03,-2.2360807028592498,-2.373091447509643,0.13701074465039342,train
2019-05-06,-2.314964857080594,-2.3417952795804107,0.02683042249981682,train
2019-05-07,-2.3425088620322443,-2.276117869226503,-0.06639099280574134,train
2019-05-08,-2.380695972732968,-2.228348735256133,-0.15234723747683532,train
2019-05-09,-2.330302901147581,-2.329786967684278,-0.000515933463303142,train
2019-05-10,-2.465851254277697,-2.2236419774198204,-0.24220927685787652,train
2019-05-13,-2.531156854880276,-2.2875574252726687,-0.2435994296076074,train
2019-05-14,-2.634676938088941,-2.315044711731133,-0.31963222635780797,train
2019-05-15,-2.5986850664688688,-2.351764561192363,-0.24692050527650578,train
2019-05-16,-2.826123762045236,-2.5740667254753693,-0.2520570365698669,train
2019-05-17,-2.7066190492819953,-2.448189510993862,-0.2584295382881332,train
2019-05-20,-2.6013808447771187,-2.432300747386787,-0.16908009739033192,train
2019-05-21,-2.4994663516517734,-2.5800867688273548,0.08062041717558133,train
2019-05-22,-2.5848945750743466,-2.724722152986355,0.1398275779120084,train
2019-05-23,-2.5385256253827833,-2.560958400763843,0.02243277538105959,train
2019-05-24,-2.530604144430216,-2.38079229376862,-0.14981185066159597,train
2019-05-28,-2.511276752369155,-2.4192282410471937,-0.09204851132196135,train
2019-05-29,-2.3226261649388005,-2.378974599743537,0.0563484348047365,train
2019-05-30,-2.1196997835724942,-2.4720539142156466,0.35235413064315235,train
2019-05-31,-1.8005433127307673,-2.4666715357335707,0.6661282230028034,train
2019-06-03,-1.7113142769461873,-2.322542564605622,0.6112282876594348,train
2019-06-04,-1.7639146079346009,-2.316228726882718,0.5523141189481173,train
2019-06-05,-1.8957964185004976,-2.1581977203952736,0.26240130189477595,train
2019-06-06,-2.0010024309963628,-2.1095093227541044,0.10850689175774164,train
2019-06-07,-2.2888092147029835,-1.9245681784967394,-0.36424103620624404,train
2019-06-10,-2.3747282504961733,-2.1007185743398145,-0.27400967615635885,train
2019-06-11,-2.3717549481601665,-2.046964264169809,-0.3247906839903574,train
2019-06-12,-2.2278922301622055,-2.1237405833143614,-0.10415164684784406,train
2019-06-13,-2.166539194699026,-2.1209190105364497,-0.045620184162576294,train
2019-06-14,-2.0062953987404972,-2.3432026372536763,0.33690723851317905,train
2019-06-17,-1.9402885784704023,-2.271320411208916,0.3310318327385138,train
2019-06-18,-1.9164316887348865,-2.3641929065937783,0.4477612178588919,train
2019-06-19,-1.8989475785367405,-2.2034605484679464,0.3045129699312059,train
2019-06-20,-1.946167353081762,-2.2917408451354726,0.3455734920537106,train
2019-06-21,-2.060545720283024,-1.9613402877022583,-0.09920543258076586,train
2019-06-24,-2.2238835838197106,-1.9526508221172874,-0.2712327617024233,train
2019-06-25,-2.1745114276601507,-1.9877467268841122,-0.18676470077603846,train
2019-06-26,-2.310399440599478,-1.9457834136937844,-0.3646160269056937,train
2019-06-27,-2.3357507517047003,-1.9572188582861116,-0.3785318934185886,train
2019-06-28,-2.552578822416719,-2.0529066283148287,-0.49967219410189045,train
2019-07-01,-2.4886829884761696,-2.1397798386215503,-0.34890314985461934,train
2019-07-02,-2.654803461243962,-2.056246444195057,-0.598557017048905,train
2019-07-03,-2.814002904091956,-2.1541004723372277,-0.6599024317547282,train
2019-07-04,-2.722058089672377,-2.2261172909636016,-0.4959407987087756,train
2019-07-05,-2.4133523996621475,-2.4658780402133575,0.05252564055121001,train
2019-07-08,-2.5242811261811586,-2.2992976396313773,-0.2249834865497813,train
2019-07-09,-2.488910140421448,-2.4322719246150104,-0.056638215806437575,train
2019-07-10,-2.4110643991680516,-2.5083035286807687,0.09723912951271707,train
2019-07-11,-2.6340278939076582,-2.5054233868913576,-0.12860450701630066,train
2019-07-12,-2.652599954059785,-2.224429241943159,-0.42817071211662583,train
2019-07-15,-2.4680330959697545,-2.346713582550731,-0.12131951341902347,train
2019-07-16,-2.4908321252867993,-2.3620415384290787,-0.1287905868577206,train
2019-07-17,-2.537238308904078,-2.311464558790895,-0.22577375011318335,train
2019-07-18,-2.4519757587907436,-2.437799823980058,-0.014175934810685575,train
2019-07-19,-2.360916712238799,-2.512407196083795,0.15149048384499597,train
2019-07-22,-2.499220315479394,-2.2887822264072666,-0.21043808907212735,train
2019-07-23,-2.494016911621606,-2.3805062071796748,-0.11351070444193123,train
2019-07-24,-2.442288067746155,-2.416776430903996,-0.025511636842158847,train
2019-07-25,-2.222675942493967,-2.408718883155183,0.18604294066121607,train
2019-07-26,-2.236911884237098,-2.206157998423791,-0.030753885813306958,train
2019-07-29,-2.131773470885143,-2.3809036984010734,0.2491302275159306,train
2019-07-30,-1.906200552659249,-2.4384815682294216,0.5322810155701727,train
2019-07-31,-1.7318728918763084,-2.373241909912208,0.6413690180358995,train
2019-08-01,-1.8021803140764523,-2.18814122537863,0.3859609113021776,train
2019-08-02,-1.7949087376083372,-2.093718617945679,0.2988098803373418,train
2019-08-05,-1.8352150052894722,-2.155274148144521,0.3200591428550488,train
2019-08-06,-1.9599222764742312,-1.9469846209702952,-0.012937655503935996,train
2019-08-07,-1.977121426657974,-1.867483190321937,-0.10963823633603687,train
2019-08-08,-2.0419438946008377,-1.8760424938943587,-0.16590140070647896,train
2019-08-09,-2.074851373271417,-1.9330693419526117,-0.1417820313188054,train
2019-08-12,-2.058467087845139,-1.9661294648641605,-0.09233762298097847,train
2019-08-13,-2.1374911665824445,-2.112742214975518,-0.02474895160692636,train
2019-08-14,-2.3175082880570193,-1.974660009796251,-0.34284827826076825,train
2019-08-15,-2.4598623397644266,-2.048306484655254,-0.4115558551091727,train
2019-08-16,-2.5107131547752504,-1.9981256164185104,-0.51258753835674,train
2019-08-19,-2.4139187118322263,-2.20896961390282,-0.2049490979294064,train
2019-08-20,-2.2480305790829314,-2.1672388784876824,-0.08079170059524898,train
2019-08-21,-2.2596584914053635,-2.2539821148156696,-0.005676376589693888,train
2019-08-22,-2.2495794119993864,-2.295135555499983,0.04555614350059667,train
2019-08-23,-2.2779784356513804,-2.254969909011917,-0.02300852663946351,train
2019-08-26,-2.3657228676370674,-2.0857228418135234,-0.280000025823544,train
2019-08-27,-2.485349379310167,-2.0773490103990566,-0.40800036891111047,train
2019-08-28,-2.237846256270689,-2.202327393398506,-0.035518862872182755,train
2019-08-29,-2.11772255312025,-2.225357735868956,0.10763518274870565,train
2019-08-30,-2.1146406322316196,-2.26109722064742,0.14645658841580023,train
2019-09-02,-2.187263828734853,-2.288588912522297,0.1013250837874442,train
2019-09-03,-2.0982123153852936,-2.287551723884763,0.18933940849946929,train
2019-09-04,-2.325642143175819,-2.072062953597759,-0.25357918957806014,train
2019-09-05,-2.4498772496581993,-2.1054855030838957,-0.3443917465743036,train
2019-09-06,-2.129348685462809,-2.081036554631384,-0.04831213083142494,train
2019-09-09,-2.0270322114546198,-2.2021232115864775,0.17509100013185774,train
2019-09-10,-2.054346547070606,-2.232157611911614,0.17781106484100828,train
2019-09-11,-1.9486897424415575,-2.3041176589259766,0.3554279164844192,train
2019-09-12,-1.7592694284302808,-2.305826124930788,0.5465566965005073,train
2019-09-13,-2.0949667102193343,-1.8462220234730924,-0.24874468674624195,train
2019-09-16,-2.1684107047854906,-1.9967631861886233,-0.17164751859686733,train
2019-09-17,-2.127711897551005,-2.0741335825621876,-0.0535783149888176,train
2019-09-18,-2.188839614207685,-1.9902880629365083,-0.19855155127117663,train
2019-09-19,-2.350911330035264,-1.9307956452322346,-0.4201156848030294,train
2019-09-20,-2.309612663505615,-2.0846554171325407,-0.22495724637307424,train
2019-09-23,-2.3026628506906404,-2.0804725398897044,-0.222190310800936,train
2019-09-24,-2.308727360337696,-2.2289349155529044,-0.07979244478479153,train
2019-09-25,-2.172631727731324,-2.2328033139053627,0.060171586174038616,train
2019-09-26,-2.1357814826833925,-2.2096798935611544,0.07389841087776183,train
2019-09-27,-1.9859850452182493,-2.19485489460602,0.20886984938777053,train
2019-09-30,-1.9460454436192656,-2.14834677793996,0.20230133432069453,train
2019-10-01,-2.058433490487529,-2.26912086345423,0.2106873729667007,train
2019-10-02,-2.2234722550909707,-2.3009114140163884,0.07743915892541775,train
2019-10-03,-2.238406504546716,-2.0791799924934473,-0.15922651205326854,train
2019-10-04,-2.43081469893636,-2.03963760421639,-0.39117709471997,train
2019-10-07,-2.393639313004882,-2.043642082231773,-0.34999723077310874,train
2019-10-08,-2.435872981386139,-2.123420537930674,-0.31245244345546475,train
2019-10-09,-2.233776981711741,-2.1457870731701485,-0.0879899085415925,train
2019-10-10,-2.085839755602662,-2.1549886078896456,0.06914885228698342,train
2019-10-11,-1.952463091970938,-2.1888266961374,0.23636360416646185,train
2019-10-14,-2.068185224374242,-2.083877085261222,0.015691860886979825,train
2019-10-15,-2.0131988105345218,-2.3150384053698687,0.30183959483534695,train
2019-10-16,-2.124969826154743,-2.1275485383261277,0.0025787121713847228,train
2019-10-17,-2.330519624113947,-2.0353014581155877,-0.29521816599835926,train
2019-10-18,-2.3515347855887985,-1.9569108135216107,-0.3946239720671878,train
2019-10-21,-2.4683396227056518,-2.0964695930283934,-0.37187002967725835,train
2019-10-22,-2.5983280343730963,-2.0789551624176106,-0.5193728719554858,train
2019-10-23,-2.735069354559358,-2.2009888719115143,-0.5340804826478438,train
2019-10-24,-2.531643831648343,-2.234771600936254,-0.296872230712089,train
2019-10-25,-2.6194218624616186,-2.20334287286285,-0.41607898959876843,train
2019-10-28,-2.467794237234549,-2.342019345493111,-0.12577489174143786,train
2019-10-29,-2.3433117027532075,-2.4524830559885733,0.10917135323536575,train
2019-10-30,-2.226778135221354,-2.495191534420231,0.26841339919887686,train
2019-10-31,-2.497106992115394,-2.262512701362843,-0.2345942907525509,train
2019-11-01,-2.560210005464446,-2.282143831773353,-0.278066173691093,train
2019-11-04,-2.7132911925177665,-2.419429908637218,-0.29386128388054855,train
2019-11-05,-2.870579977117247,-2.3490157713951514,-0.5215642057220955,train
2019-11-06,-3.0270808574249948,-2.2125239699038106,-0.8145568875211842,train
2019-11-07,-2.9848647836263096,-2.414028004715943,-0.5708367789103668,train
2019-11-08,-3.0689580283144284,-2.3556942222532014,-0.7132638060612271,train
2019-11-11,-3.103173589391446,-2.5208679895588992,-0.5823055998325466,train
2019-11-12,-3.048505469121701,-2.6758334221689006,-0.37267204695280043,train
2019-11-13,-3.107308477353002,-2.694338759957115,-0.41296971739588706,train
2019-11-14,-3.0938965084460377,-2.6132622834043167,-0.48063422504172104,train
2019-11-15,-3.104730448675703,-2.689549333251541,-0.4151811154241618,train
2019-11-18,-2.950961159552108,-2.7453458700348614,-0.2056152895172465,train
2019-11-19,-2.9527202025269816,-2.7562640900417046,-0.19645611248527706,train
2019-11-20,-2.951904531114477,-2.815109035234233,-0.1367954958802442,train
2019-11-21,-2.9985059844854316,-2.7592131867381022,-0.23929279774732937,train
2019-11-22,-3.1370194776919016,-2.8808877217711224,-0.2561317559207792,train
2019-11-25,-3.165543731837434,-2.7523171479449955,-0.4132265838924387,train
2019-11-26,-3.0249791389170078,-2.754502822911186,-0.2704763160058219,train
2019-11-27,-2.9298261307227493,-2.7956170908318665,-0.13420903989088284,train
2019-11-28,-2.8196349901216076,-2.8534146435710506,0.033779653449443,train
2019-11-29,-2.6622540997546125,-2.9534790918056224,0.29122499205100993,train
2019-12-02,-2.591424884007008,-2.8997849443782338,0.30836006037122576,train
2019-12-03,-2.8072879424196544,-2.785566278114323,-0.02172166430533151,train
2019-12-04,-2.866095322216332,-2.7860837724553695,-0.08001154976096236,train
2019-12-05,-2.820137638969272,-2.717657075570376,-0.10248056339889589,train
2019-12-06,-2.6750741939010068,-2.65087341503286,-0.024200778868146866,train
2019-12-09,-2.475162455876282,-2.812269913241161,0.3371074573648789,train
2019-12-10,-2.2998826677646624,-2.8142311782519793,0.5143485104873169,train
2019-12-11,-2.2023670208493713,-2.802655417396256,0.6002883965468846,train
2019-12-12,-2.290043653666926,-2.738074309094457,0.4480306554275306,train
2019-12-13,-2.3595660257228017,-2.556404043185611,0.1968380174628095,train
2019-12-16,-2.6913768289002453,-2.3511257394192846,-0.3402510894809607,train
2019-12-17,-2.8108394447417595,-2.4931537178164747,-0.31768572692528485,train
2019-12-18,-2.959666993762353,-2.402501445451482,-0.5571655483108713,train
2019-12-19,-3.1287141676143273,-2.4232405972734616,-0.7054735703408657,train
2019-12-20,-3.1103276550629304,-2.4068820019973063,-0.7034456530656241,train
2019-12-23,-3.027498448168101,-2.660248306108186,-0.3672501420599148,train
2019-12-24,-2.9574000998678835,-2.673424964006138,-0.2839751358617457,train
2019-12-26,-2.741005005906026,-2.769536411112446,0.028531405206420057,train
2019-12-27,-2.5380657919051157,-2.8901630773505484,0.35209728544543273,train
2019-12-30,-2.5900693606505145,-2.7027393873324823,0.1126700266819678,train
2019-12-31,-2.5712549198066323,-2.6485494120862683,0.07729449227963592,train
2020-01-02,-2.4187580270541478,-2.6766311446032227,0.25787311754907494,train
2020-01-03,-2.489080541001706,-2.6279671527900383,0.13888661178833228,train
2020-01-06,-2.432164836678112,-2.452350303547489,0.020185466869377056,train
2020-01-07,-2.47863507760265,-2.4686937726746576,-0.009941304927992167,train
2020-01-08,-2.597079153506539,-2.4332652278223876,-0.16381392568415132,train
2020-01-09,-2.723063858534849,-2.3152736765553388,-0.40779018197951,train
2020-01-10,-2.721995423738256,-2.4340860619081943,-0.2879093618300619,train
2020-01-13,-2.8862319724840004,-2.5733810062919162,-0.3128509661920842,train
2020-01-14,-2.9814197925550787,-2.451314886874478,-0.5301049056806009,train
2020-01-15,-2.979588002689784,-2.5026345074306438,-0.4769534952591403,train
2020-01-16,-3.0107502731248252,-2.6138736460896452,-0.39687662703518,train
2020-01-17,-2.872434033321157,-2.592585922911308,-0.27984811040984914,train
2020-01-20,-2.8580002468034307,-2.702899140780314,-0.15510110602311666,train
2020-01-21,-2.743537782126846,-2.795693753020604,0.05215597089375823,train
2020-01-22,-2.7846412985000257,-2.715602599656373,-0.06903869884365266,train
2020-01-23,-2.7676479310900475,-2.828317403279069,0.06066947218902152,train
2020-01-24,-2.972641114942329,-2.620076606036605,-0.3525645089057239,train
2020-01-27,-2.8850850917837234,-2.6880980373654504,-0.19698705441827302,train
2020-01-28,-2.872630830488702,-2.6308017338081067,-0.24182909668059516,train
2020-01-29,-2.8344818188119456,-2.6462993502985905,-0.18818246851335507,train
2020-01-30,-2.8523834627036466,-2.615895556806824,-0.23648790589682278,train
2020-01-31,-2.762734115875954,-2.7072772789528052,-0.055456836923148956,train
2020-02-03,-2.697706029219394,-2.7415403343054074,0.04383430508601327,train
2020-02-04,-2.740062401322212,-2.614476940297336,-0.1255854610248761,train
2020-02-05,-2.7000601837104914,-2.6840585486126907,-0.016001635097800726,train
2020-02-06,-2.6236555831093815,-2.6928549135480857,0.06919933043870419,train
2020-02-07,-2.625603739958151,-2.636540609271161,0.010936869313010078,train
2020-02-10,-2.6825274602616203,-2.562614814060594,-0.11991264620102626,train
2020-02-11,-2.795072291801285,-2.652439689123365,-0.14263260267792033,train
2020-02-12,-2.686212649371643,-2.6082574116073016,-0.07795523776434132,train
2020-02-13,-2.7186334854026777,-2.565517801551805,-0.15311568385087249,train
2020-02-14,-2.6519850202816433,-2.573244374941088,-0.07874064534055547,train
2020-02-17,-2.4848062562569004,-2.5809471723610216,0.09614091610412112,train
2020-02-18,-2.1366021496404435,-2.7569351092915633,0.6203329596511198,train
2020-02-19,-2.093449219689596,-2.5810205411041527,0.4875713214145567,train
2020-02-20,-1.8789424693182295,-2.5453219353819985,0.666379466063769,train
2020-02-21,-1.7398905084443772,-2.441436012325723,0.7015455038813458,train
2020-02-24,-1.5381809694578688,-2.5197953945855747,0.9816144251277059,train
2020-02-25,-1.301065204798245,-2.1738763640881134,0.8728111592898684,train
2020-02-26,-0.9623687271904771,-2.1653797578343954,1.2030110306439183,train
2020-02-27,-0.8712109230063312,-1.9717958242804146,1.1005849012740834,train
2020-02-28,-0.8344215535904947,-1.8849046934558262,1.0504831398653316,train
2020-03-02,-0.8167986422991454,-1.6320915716324151,0.8152929293332697,train
2020-03-03,-0.542445823778365,-1.4787267894172162,0.9362809656388512,train
2020-03-04,-0.5217214472176747,-1.2907380243686788,0.7690165771510041,train
2020-03-05,-0.4230192226939833,-1.3515181114555515,0.9284988887615682,train
2020-03-06,0.013592240486537177,-1.3279657308955801,1.3415579713821173,train
2020-03-09,0.19641628081812304,-1.1744052991872165,1.3708215800053396,train
2020-03-10,0.1394508365192475,-0.7474434449979726,0.88689428151722,train
2020-03-11,0.13823969193672125,-0.9080632009369312,1.0463028928736524,train
2020-03-12,0.2861322311987741,-0.9182906064190641,1.2044228376178383,train
2020-03-13,0.3187469450800052,-0.3896352849768914,0.7083822300568966,train
2020-03-16,0.37139013951386685,-0.40703085430903946,0.7784209938229063,train
2020-03-17,0.3967558227398127,-0.36185879291627565,0.7586146156560883,train
2020-03-18,0.5092797672010336,-0.44968181908659277,0.9589615862876264,train
2020-03-19,0.41275853213021635,-0.285639578258563,0.6983981103887793,train
2020-03-20,0.18467828635459743,-0.04992220370204939,0.23460049005664682,train
2020-03-23,0.014178833657709977,-0.07741163295799738,0.09159046661570736,train
2020-03-24,-0.20614740821883007,-0.010239220933237175,-0.1959081872855929,train
2020-03-25,-0.3024756590390403,0.01817928735642596,-0.3206549463954662,train
2020-03-26,-0.3849303734305124,-0.15755578420172547,-0.22737458922878692,train
2020-03-27,-0.4512337337102489,-0.14956574347691992,-0.30166799023332896,train
2020-03-30,-0.56387177439318,-0.23330459421103075,-0.33056718018214926,train
2020-03-31,-0.6816878659435643,-0.34517853908272483,-0.3365093268608395,train
2020-04-01,-0.8830954670328058,-0.3126922817177831,-0.5704031853150227,train
2020-04-02,-0.8983638181796085,-0.46177005159308265,-0.4365937665865259,train
2020-04-03,-1.0036245606906,-0.42357244143783246,-0.5800521192527676,train
2020-04-06,-1.3382211992771562,-0.5481785188196848,-0.7900426804574714,train
2020-04-07,-1.4415559652442405,-0.6428975711373248,-0.7986583941069156,train
2020-04-08,-1.5067783651172528,-0.7171621624004263,-0.7896162027168265,train
2020-04-09,-1.5920340552818253,-0.7936538705297839,-0.7983801847520414,train
2020-04-10,-1.6056078111042733,-0.7769858827968132,-0.8286219283074601,train
2020-04-13,-1.3310706501492042,-1.240289093875553,-0.09078155627365114,train
2020-04-14,-1.3170279993632583,-1.1846736950766619,-0.13235430428659645,train
2020-04-15,-1.2424413311004354,-1.1415805925209783,-0.1008607385794571,train
2020-04-16,-1.3264718121864163,-1.1903493545849602,-0.13612245760145614,train
2020-04-17,-1.2748088762117216,-1.1400359464476213,-0.13477292976410027,train
2020-04-20,-1.2536986701991009,-1.0790425848418743,-0.17465608535722654,train
2020-04-21,-1.2547708960858914,-1.1771454149632092,-0.0776254811226822,train
2020-04-22,-1.3202942600240082,-1.152522868092801,-0.16777139193120716,train
2020-04-23,-1.2636445875636797,-1.2688237736566865,0.005179186093006827,train
2020-04-24,-1.2393667419250773,-1.1222379889209684,-0.11712875300410897,train
2020-04-27,-1.320865075306997,-1.167354432060428,-0.15351064324656893,train
2020-04-28,-1.3372617395402338,-1.2502146474025664,-0.08704709213766737,train
2020-04-29,-1.2681748829274888,-1.2963278556532556,0.02815297272576678,train
2020-04-30,-1.2859479551864357,-1.2830387667528294,-0.0029091884336063245,train
2020-05-01,-1.4613861575497231,-1.1568783503791509,-0.30450780717057224,train
2020-05-04,-1.509874220516324,-1.3637217431912458,-0.1461524773250782,train
2020-05-05,-1.5282341883893789,-1.4149447581377184,-0.1132894302516605,train
2020-05-06,-1.6308101998723452,-1.2600810044670485,-0.3707291954052967,train
2020-05-07,-1.6216091983245626,-1.347858073706027,-0.27375112461853557,train
2020-05-08,-1.6440554780595016,-1.4163496696318931,-0.22770580842760846,train
2020-05-11,-1.639709434512532,-1.5527110954551488,-0.08699833905738319,train
2020-05-12,-1.5130324779037079,-1.5026936611908273,-0.010338816712880616,train
2020-05-13,-1.5251169709264185,-1.575390158673056,0.05027318774663758,train
2020-05-14,-1.6088627453292652,-1.4974131407224636,-0.11144960460680164,train
2020-05-15,-1.5985331411524135,-1.5612397752782121,-0.0372933658742014,train
2020-05-18,-1.6859685303041114,-1.5668061558464264,-0.11916237445768507,train
2020-05-19,-2.0018607076057706,-1.4041338444365288,-0.5977268631692418,train
2020-05-20,-2.022793462717677,-1.480739611024254,-0.542053851693423,train
2020-05-21,-1.7898146512457536,-1.582488054755864,-0.2073265964898896,train
2020-05-22,-1.7777375181589004,-1.5372961078462226,-0.24044141031267774,train
2020-05-25,-1.553760620119718,-1.6519505078531518,0.09818988773343373,train
2020-05-26,-1.3363320666796397,-1.9244541501784906,0.588122083498851,train
2020-05-27,-1.257279724425001,-1.7623316894705794,0.5050519650455785,train
2020-05-28,-1.3590512608772376,-1.4930860800394021,0.13403481916216453,train
2020-05-29,-1.188508430247877,-1.6100479455116479,0.42153951526377087,train
2020-06-01,-1.1425378373153385,-1.4263566493730688,0.2838188120577303,train
2020-06-02,-1.1124997570891149,-1.4490562587352507,0.3365565016461358,train
2020-06-03,-1.1061283981859853,-1.3887714284600583,0.282643030274073,train
2020-06-04,-1.015996585100568,-1.3875778541657262,0.3715812690651583,train
2020-06-05,-1.0376326587476723,-1.2571683840337189,0.2195357252860466,train
2020-06-08,-1.0493195195160474,-1.244358059051997,0.19503853953594952,train
2020-06-09,-0.9901741618363534,-1.3058219027031408,0.3156477408667874,train
2020-06-10,-0.9358784660737932,-1.2971455475179596,0.3612670814441664,train
2020-06-11,-1.0013720379476534,-1.1650123772358434,0.16364033928819,train
2020-06-12,-1.1102803282318257,-1.125523218069646,0.015242889837820295,train
2020-06-15,-1.1753604917037215,-1.1334586525522659,-0.04190183915145562,train
2020-06-16,-1.3120428056075348,-1.1759030945052575,-0.1361397111022773,train
2020-06-17,-1.3909109074431047,-1.1312927611087882,-0.25961814633431657,train
2020-06-18,-1.459564706370053,-1.1894043661000469,-0.2701603402700061,train
2020-06-19,-1.5415929801882888,-1.248049295163237,-0.2935436850250519,train
2020-06-22,-1.705944351902366,-1.3043970275529724,-0.40154732434939366,train
2020-06-23,-1.711254455691608,-1.4328636297335144,-0.2783908259580936,train
2020-06-24,-1.7206746465379772,-1.3560280423031863,-0.3646466042347909,train
2020-06-25,-1.8106485724475927,-1.3812923464376732,-0.4293562260099195,train
2020-06-26,-1.7574840508040475,-1.4405129694760612,-0.31697108132798624,train
2020-06-29,-1.81936964147608,-1.5698365026148928,-0.24953313886118722,train
2020-06-30,-1.8038973303695531,-1.5483854365507401,-0.255511893818813,train
2020-07-01,-1.84323817629519,-1.4904164126774266,-0.3528217636177633,train
2020-07-02,-1.821567714009713,-1.625855731926264,-0.19571198208344898,train
2020-07-03,-1.7833773969708748,-1.5577050699143427,-0.22567232705653217,train
2020-07-06,-1.7294160522431319,-1.7286009555614812,-0.0008150966816506955,train
2020-07-07,-1.7317518025289051,-1.6388665815260492,-0.0928852210028559,train
2020-07-08,-1.7814866273083496,-1.6513207092687923,-0.13016591803955735,train
2020-07-09,-1.7648365371063015,-1.6507127334502978,-0.11412380365600372,train
2020-07-10,-1.8272795068087953,-1.5643497415523646,-0.26292976525643064,train
2020-07-13,-1.819423865564208,-1.6801175751513762,-0.13930629041283193,train
2020-07-14,-1.7101343576929202,-1.6253323067288827,-0.08480205096403748,train
2020-07-15,-1.5431344935762232,-1.7230775129043219,0.17994301932809864,train
2020-07-16,-1.4326120776709155,-1.7158399898740377,0.28322791220312227,train
2020-07-17,-1.4218733647828308,-1.6867319303850117,0.2648585656021809,train
2020-07-20,-1.3370057617221365,-1.7575179595101567,0.4205121977880202,train
2020-07-21,-1.3131540437560125,-1.5813672886314887,0.26821324487547615,train
2020-07-22,-1.3660494064795015,-1.5003885354052655,0.13433912892576405,train
2020-07-23,-1.3831732641026284,-1.4475303468518135,0.06435708274918506,train
2020-07-24,-1.3236865791720973,-1.501181466881842,0.17749488770974464,train
2020-07-27,-1.17810063483283,-1.4771847752349507,0.2990841404021207,train
2020-07-28,-1.211974710347375,-1.3920531648672347,0.1800784545198597,train
2020-07-29,-1.2168392246232456,-1.4292889406379063,0.21244971601466078,train
2020-07-30,-1.2183288929888074,-1.4456036008762552,0.22727470788744775,train
2020-07-31,-1.1781370353206728,-1.4056945737157789,0.22755753839510606,train
2020-08-03,-1.2318444322442403,-1.2426362004263705,0.010791768182130124,train
2020-08-04,-1.3433209107851245,-1.334644579621278,-0.008676331163846474,train
2020-08-05,-1.3078605398122751,-1.3410289107815214,0.0331683709692463,train
2020-08-06,-1.320860281032862,-1.3129254289414756,-0.007934852091386446,train
2020-08-07,-1.418041929566421,-1.2594479189856278,-0.15859401058079325,train
2020-08-10,-1.5384434003912404,-1.2971548867334217,-0.24128851365781867,train
2020-08-11,-1.5291806184084753,-1.462001232271304,-0.06717938613717123,train
2020-08-12,-1.5692222743480226,-1.317519583950432,-0.25170269039759074,train
2020-08-13,-1.521598096046202,-1.3435504808697263,-0.17804761517647583,train
2020-08-14,-1.4614780416481907,-1.4097717308566122,-0.0517063107915785,train
2020-08-17,-1.378479679004341,-1.4990404145706335,0.12056073556629254,train
2020-08-18,-1.4008374750108443,-1.5023310148240787,0.10149353981323439,train
2020-08-19,-1.4637426962963411,-1.4940405024063854,0.03029780611004429,train
2020-08-20,-1.6145175875648818,-1.4617479298013079,-0.15276965776357398,train
2020-08-21,-1.4936471897325403,-1.3492815818934067,-0.14436560783913355,train
2020-08-24,-1.4672437319172285,-1.3668284099283472,-0.10041532198888126,train
2020-08-25,-1.4162135574359915,-1.4575047764128493,0.041291218976857724,train
2020-08-26,-1.239864729735857,-1.4602229612215982,0.2203582314857413,train
2020-08-27,-1.1215294258596504,-1.5493493310807689,0.42781990522111846,train
2020-08-28,-1.2648475670822468,-1.2962772706341097,0.03142970355186292,train
2020-08-31,-1.2814370072427557,-1.3599708699626225,0.07853386271986684,train
2020-09-01,-1.4583822137898197,-1.4259573264434986,-0.032424887346321096,train
2020-09-02,-1.5612455461738735,-1.255533300874935,-0.3057122452989385,train
2020-09-03,-1.6277134450590225,-1.2415062738556948,-0.3862071712033277,train
2020-09-04,-1.557073408808343,-1.3143140533314224,-0.24275935547692074,train
2020-09-07,-1.6859694675010732,-1.36097963381718,-0.3249898336838932,train
2020-09-08,-1.6263898780804922,-1.6363330437748034,0.009943165694311196,train
2020-09-09,-1.7327648122542816,-1.4579300887135014,-0.2748347235407802,train
2020-09-10,-1.6298010998321601,-1.5895199674153426,-0.04028113241681752,train
2020-09-11,-1.7196864668830862,-1.4463617506986501,-0.2733247161844361,train
2020-09-14,-1.7510405415337664,-1.6014963586963469,-0.14954418283741955,train
2020-09-15,-1.5855833837842959,-1.654341537357722,0.06875815357342607,train
2020-09-16,-1.476559090086375,-1.6448548010814918,0.16829571099511687,train
2020-09-17,-1.5515323115146011,-1.477824301560179,-0.07370800995442206,train
2020-09-18,-1.5442295150174743,-1.5601355290346546,0.01590601401718028,train
2020-09-21,-1.504118947833887,-1.6548429978457782,0.15072405001189115,train
2020-09-22,-1.588364567929408,-1.5043406342010783,-0.08402393372832972,train
2020-09-23,-1.6479233286522252,-1.4409923624781271,-0.20693096617409812,train
2020-09-24,-1.6410851548897143,-1.4976128112441627,-0.14347234364555161,train
2020-09-25,-1.673510469581677,-1.4606777513445717,-0.21283271823710526,train
2020-09-28,-1.6512734312684436,-1.530792686275268,-0.12048074499317551,train
2020-09-29,-1.7452256438534022,-1.570286787503986,-0.17493885634941608,train
2020-09-30,-1.7192892330677172,-1.6202372024243896,-0.09905203064332757,train
2020-10-01,-1.8485301846709994,-1.5252491381020699,-0.32328104656892953,train
2020-10-02,-2.00010958558339,-1.5969365240556213,-0.40317306152776866,train
2020-10-05,-2.086649920182958,-1.599819716990436,-0.4868302031925218,train
2020-10-06,-2.101589065823873,-1.8154599387007406,-0.28612912712313254,train
2020-10-07,-2.2053795709009316,-1.7559091385284478,-0.44947043237248385,train
2020-10-08,-2.235185554745339,-1.7506087914631527,-0.48457676328218624,train
2020-10-09,-2.1886742655336713,-1.8939370524159527,-0.2947372131177186,train
2020-10-12,-2.2025364793109157,-2.026191016530305,-0.1763454627806107,train
2020-10-13,-2.1591440629613343,-1.9495155505782904,-0.20962851238304392,train
2020-10-14,-2.1831438305816304,-1.9986326428410337,-0.18451118774059672,train
2020-10-15,-2.146837500159155,-1.9774409220082734,-0.16939657815088172,train
2020-10-16,-2.1569696694274043,-1.93332307880728,-0.22364659062012437,train
2020-10-19,-2.1226300301648786,-2.008562638391661,-0.11406739177321779,train
2020-10-20,-2.131967238242009,-2.0070596866133847,-0.12490755162862444,train
2020-10-21,-2.112127754025216,-1.9865451204441147,-0.12558263358110144,train
2020-10-22,-2.080306259176836,-1.974827400342679,-0.10547885883415731,train
2020-10-23,-1.9703703913833681,-1.9834489063620337,0.013078514978665634,train
2020-10-26,-1.9271621321048322,-1.982884805087565,0.0557226729827327,train
2020-10-27,-1.9539051873378415,-2.0114441985041625,0.057539011166320986,train
2020-10-28,-1.9458225319274398,-1.9882236621451979,0.04240113021775804,train
2020-10-29,-1.5903662451197491,-1.9339479321747053,0.3435816870549562,train
2020-10-30,-1.4807574232538854,-1.8411051569786188,0.3603477337247334,train
2020-11-02,-1.3167253221928463,-1.8648490742713193,0.548123752078473,train
2020-11-03,-1.0131933894339826,-1.9794900996565001,0.9662967102225175,train
2020-11-04,-0.8466767769156149,-1.9375072943717937,1.0908305174561788,train
2020-11-05,-1.1883875208992938,-1.4073341121256107,0.21894659122631688,train
2020-11-06,-1.363857260451693,-1.5119440754535358,0.14808681500184284,train
2020-11-09,-1.622093381494755,-1.4812610977897838,-0.14083228370497114,train
2020-11-10,-1.8469500442309712,-1.2765652073441967,-0.5703848368867745,train
2020-11-11,-2.0710924353368974,-1.2659110236164346,-0.8051814117204628,train
2020-11-12,-2.1889476009577025,-1.5001856078191054,-0.6887619931385971,train
2020-11-13,-2.255387718607014,-1.5876529559953867,-0.6677347626116275,train
2020-11-16,-2.3034654944068627,-1.7704734116292427,-0.53299208277762,train
2020-11-17,-2.2517913702687253,-1.7966598240992906,-0.45513154616943474,train
2020-11-18,-2.126043683297537,-1.9261161855381927,-0.19992749775934415,train
2020-11-19,-1.9839331649399756,-2.000338505336197,0.016405340396221435,train
2020-11-20,-2.0218149170959805,-1.9932121541438008,-0.028602762952179672,train
2020-11-23,-2.039020849343454,-2.11929703988284,0.08027619053938606,train
2020-11-24,-2.042863244825658,-1.986778379918544,-0.056084864907114174,train
2020-11-25,-2.0100629641652423,-1.8862262566558408,-0.12383670750940157,train
2020-11-26,-2.0273678796556074,-1.7879492490527702,-0.2394186306028372,train
2020-11-27,-1.8931835311973313,-1.9459091704454408,0.05272563924810947,train
2020-12-01,-1.7183002525145767,-1.9748620737677687,0.25656182125319194,train
2020-12-02,-1.789439440697116,-1.875972907678733,0.08653346698161712,train
2020-12-03,-1.8841618007359326,-1.780561296488512,-0.10360050424742062,train
2020-12-04,-1.814417919168481,-1.8345694782815118,0.020151559113030793,train
2020-12-07,-1.8395599774022433,-1.773033862957444,-0.06652611444479928,train
2020-12-08,-1.8597227915434196,-1.7267266354381898,-0.13299615610522975,train
2020-12-09,-1.7943803204188093,-1.820341148179251,0.02596082776044173,train
2020-12-10,-1.6055437024308474,-1.8392944553008257,0.23375075286997826,train
2020-12-11,-1.7055121737116785,-1.775924493325448,0.07041231961376959,train
2020-12-14,-1.7679816234727057,-1.8250583352044691,0.05707671173176343,train
2020-12-15,-1.6107371486302557,-1.838715836544349,0.22797868791409326,train
2020-12-16,-1.6048478987703896,-1.858999442986247,0.2541515442158575,train
2020-12-17,-1.7132542460950044,-1.6439565819262507,-0.06929766416875371,train
2020-12-18,-1.8137372135631733,-1.8054330396422391,-0.008304173920934188,train
2020-12-21,-1.7174784648905799,-1.8402221031250672,0.1227436382344873,train
2020-12-22,-1.8749590089258426,-1.5489398511653683,-0.3260191577604743,train
2020-12-23,-1.8624622884102457,-1.668963901541632,-0.19349838686861376,train
2020-12-24,-1.864142175071749,-1.6719668304059376,-0.19217534466581143,train
2020-12-28,-1.7047380421334601,-1.861532528623937,0.1567944864904769,train
2020-12-29,-1.7780774613593777,-1.7104145014493364,-0.06766295991004134,train
2020-12-30,-1.6202574796099043,-1.801205573675631,0.18094809406572665,train
2020-12-31,-1.6143722392701203,-1.7460539054518849,0.13168166618176458,train
2021-01-04,-1.478201536579544,-1.713186085099657,0.23498454852011297,train
2021-01-05,-1.4526183121091392,-1.6344527004540454,0.18183438834490628,train
2021-01-06,-1.3669331216276817,-1.7487765635804227,0.381843441952741,train
2021-01-07,-1.4666253798149291,-1.5200579621837143,0.05343258236878512,train
2021-01-08,-1.4527284304118917,-1.6080290926228038,0.1553006622109121,train
2021-01-11,-1.6544782381149106,-1.4243867366256826,-0.23009150148922797,train
2021-01-12,-1.8703780801763172,-1.5021440565540676,-0.36823402362224966,train
2021-01-13,-1.973535186262221,-1.487852625348039,-0.48568256091418194,train
2021-01-14,-2.0139221508688454,-1.5363715246930558,-0.4775506261757896,train
2021-01-15,-2.0747210584074063,-1.512266731360811,-0.5624543270465954,train
2021-01-18,-2.1037206602517657,-1.65055118503706,-0.45316947521470574,train
2021-01-19,-2.0150816433418157,-1.8468139538106856,-0.16826768953113014,train
2021-01-20,-2.0090022849754416,-1.869618421536536,-0.13938386343890574,train
2021-01-21,-1.960198193407983,-1.855140893584066,-0.10505729982391698,train
2021-01-22,-1.9188395308080228,-1.8398794615872793,-0.0789600692207435,train
2021-01-25,-1.8401190582510778,-1.9161360058332726,0.0760169475821948,train
2021-01-26,-1.7844277573781302,-1.9149363089596534,0.1305085515815232,train
2021-01-27,-1.7026788438331124,-1.8955727963059774,0.192893952472865,train
2021-01-28,-1.8203374685720362,-1.795162863839934,-0.0251746047321022,train
2021-01-29,-1.919898578248814,-1.7378022797624262,-0.18209629848638786,train
2021-02-01,-1.9926620829534372,-1.716785520300908,-0.27587656265252924,train
2021-02-02,-2.0549331399935973,-1.734961977189921,-0.3199711628036763,train
2021-02-03,-2.1626692752153223,-1.7107735204052825,-0.45189575481003974,train
2021-02-04,-2.213615400860962,-1.805725335490075,-0.407890065370887,train
2021-02-05,-2.3176919081909073,-1.8443244387097941,-0.4733674694811132,train
2021-02-08,-2.4023298932409203,-1.959587807865529,-0.44274208537539117,train
2021-02-09,-2.5661535885251845,-1.9219089510171297,-0.6442446375080548,train
2021-02-10,-2.53103224850386,-2.0211493922987263,-0.5098828562051336,train
2021-02-11,-2.465237037352523,-2.070818653246046,-0.3944183841064768,train
2021-02-12,-2.425045916185444,-2.1878120658023636,-0.2372338503830802,train
2021-02-15,-2.3985087180410245,-2.158122698117096,-0.24038601992392872,train
2021-02-16,-2.2008751027177693,-2.3294397423248085,0.12856463960703923,train
2021-02-17,-2.257214952825739,-2.2223309601124703,-0.0348839927132687,train
2021-02-18,-2.1928845804958406,-2.137560211101579,-0.05532436939426155,train
2021-02-19,-1.9716396077008267,-2.211244951237876,0.2396053435370491,train
2021-02-22,-1.723728170633306,-2.159772622794902,0.43604445216159604,train
2021-02-23,-1.7013010621986466,-2.034921311486487,0.3336202492878404,train
2021-02-24,-1.5800059960065456,-2.1216412256815746,0.5416352296750291,train
2021-02-25,-1.5879765764830753,-2.004883900159128,0.41690732367605277,train
2021-02-26,-1.6481912551488072,-1.8512226358940387,0.20303138074523153,train
2021-03-01,-1.691235989111331,-1.6660641640369498,-0.025171825074381315,train
2021-03-02,-1.728497680744812,-1.7917287731789069,0.06323109243409486,train
2021-03-03,-1.7647047154070843,-1.760896951334482,-0.0038077640726021933,train
2021-03-04,-1.7580409718046877,-1.7991410976810092,0.0411001258763215,train
2021-03-05,-1.7281586792350552,-1.7638784129531744,0.035719733718119207,train
2021-03-08,-1.8681933893943636,-1.7549082408121786,-0.11328514858218508,train
2021-03-09,-1.8567448233904407,-1.8231196606677789,-0.033625162722661806,train
2021-03-10,-1.8978006233438094,-1.8287450265667906,-0.06905559677701878,train
2021-03-11,-1.879322890167781,-1.8716893774724461,-0.007633512695334854,train
2021-03-12,-1.9332115353035442,-1.7617776696416092,-0.17143386566193497,train
2021-03-15,-2.015851571025828,-1.8482550793887556,-0.16759649163707246,train
2021-03-16,-2.035206772952969,-1.8486240463106385,-0.18658272664233033,train
2021-03-17,-2.017835687865808,-1.900347154583152,-0.11748853328265607,train
2021-03-18,-2.1005907681458194,-1.8955948989046238,-0.2049958692411955,train
2021-03-19,-2.142548327967583,-1.8197690179961128,-0.3227793099714702,train
2021-03-22,-2.1395982604453763,-1.9631651594650168,-0.17643310098035947,train
2021-03-23,-2.1519725384136237,-1.9293158464354883,-0.22265669197813542,train
2021-03-24,-2.2151560869264215,-1.9149317934513799,-0.30022429347504165,train
2021-03-25,-2.2264099668860906,-1.917898980410822,-0.30851098647526864,train
2021-03-26,-2.2538324907110647,-1.9212477896449394,-0.33258470106612537,train
2021-03-29,-2.3117890883835264,-2.0141908091464265,-0.2975982792370999,train
2021-03-30,-2.374477874400353,-1.9764004041715508,-0.39807747022880235,train
2021-03-31,-2.3535582728691304,-2.05216976399198,-0.3013885088771504,train
2021-04-01,-2.3250000230584407,-2.018115465833179,-0.30688455722526164,train
2021-04-02,-2.350646044454421,-2.0456981376836025,-0.3049479067708183,train
2021-04-05,-2.2811203563889473,-2.2642319081553572,-0.016888448233590037,train
2021-04-06,-2.251010118385948,-2.248007659372141,-0.003002459013806913,train
2021-04-07,-2.215785978666368,-2.1581967081286795,-0.057589270537688364,train
2021-04-08,-2.309439677905041,-2.0717301749054187,-0.23770950299962212,train
2021-04-09,-2.2883325429966614,-2.1797549148816437,-0.1085776281150177,train
2021-04-12,-2.296584458294074,-2.1636780696351643,-0.1329063886589097,train
2021-04-13,-2.208127102868815,-2.1285249399112356,-0.07960216295757938,train
2021-04-14,-2.2282074268101058,-2.1176474322380145,-0.1105599945720912,train
2021-04-15,-2.187273714196615,-2.177002502131111,-0.010271212065504187,train
2021-04-16,-2.163525933988585,-2.1644161110188223,0.0008901770302371936,train
2021-04-19,-2.1853492933000878,-2.1862646825651684,0.0009153892650806128,train
2021-04-20,-2.2314867712180377,-2.1184482464453147,-0.11303852477272303,train
2021-04-21,-2.282142829210991,-2.113464100738942,-0.1686787284720488,train
2021-04-22,-2.198497683028082,-2.1148327076953537,-0.0836649753327281,train
2021-04-23,-2.2638197708267693,-2.1138167419719105,-0.15000302885485883,train
2021-04-26,-2.1470814890049548,-2.1522072594422843,0.005125770437329535,train
2021-04-27,-2.1746134938015818,-2.1253726736959475,-0.04924082010563424,train
2021-04-28,-2.074645043848429,-2.198143156714056,0.12349811286562673,train
2021-04-29,-2.26100581556084,-2.1244339044991865,-0.13657191106165367,train
2021-04-30,-2.26647745444967,-2.160840944723727,-0.10563650972594285,train
2021-05-03,-2.0553591567634353,-2.2192124943146054,0.16385333755117015,train
2021-05-04,-1.9778918731892645,-2.2504745749210855,0.272582701731821,train
2021-05-05,-1.998247248210499,-2.2395055881230976,0.2412583399125987,train
2021-05-06,-1.6479219198600856,-2.2285039178196264,0.5805819979595408,train
2021-05-07,-1.5491419610078634,-2.1744001419777765,0.6252581809699131,train
2021-05-10,-1.8863194093513997,-1.9891378436464806,0.10281843429508086,train
2021-05-11,-2.0088530252253443,-1.9392305300115966,-0.06962249521374764,train
2021-05-12,-2.0931424324609025,-1.977522141127956,-0.11562029133294649,train
2021-05-13,-2.254768825498148,-1.70917869368483,-0.5455901318133178,train
2021-05-14,-2.3479010783967875,-1.7858541996880977,-0.5620468787086899,train
2021-05-17,-2.2134289149075004,-1.9823797299498729,-0.2310491849576275,train
2021-05-18,-2.1492890901385264,-2.0189933976407346,-0.13029569249779183,train
2021-05-19,-2.0793990476632302,-2.0636800168032954,-0.015719030859934868,train
2021-05-20,-2.1576688448769312,-2.057578130334902,-0.10009071454202934,train
2021-05-21,-2.097039204602053,-2.1407883496996645,0.0437491450976113,train
2021-05-24,-2.142716091460164,-2.0734669339938034,-0.06924915746636051,train
2021-05-25,-2.196855762508334,-2.092598740207112,-0.10425702230122225,train
2021-05-26,-2.249331077545491,-2.040845190787515,-0.20848588675797597,train
2021-05-27,-2.24256639099798,-2.1012816831667167,-0.14128470783126312,train
2021-05-28,-2.1476120334485245,-1.97443080017957,-0.1731812332689544,train
2021-06-01,-2.236711402012606,-2.0446281185338924,-0.19208328347871362,train
2021-06-02,-2.289645693918113,-2.0960586410863344,-0.19358705283177846,train
2021-06-03,-2.389333328777563,-2.1684043926249514,-0.22092893615261167,train
2021-06-04,-2.3468824451817616,-2.1442835173336237,-0.20259892784813793,train
2021-06-07,-2.539649878253679,-2.2560352032946347,-0.28361467495904424,train
2021-06-08,-2.562269674825787,-2.1407491226418265,-0.42152055218396045,train
2021-06-09,-2.5522364079984405,-2.2053118016185813,-0.3469246063798592,train
2021-06-10,-2.1448871399580463,-2.307220751298892,0.16233361134084578,train
2021-06-11,-2.047956819567237,-2.1566228462009267,0.10866602663368985,train
2021-06-14,-1.8568166906155537,-2.321681074127092,0.46486438351153825,train
2021-06-15,-1.6961146297687608,-2.3338575607465395,0.6377429309777787,train
2021-06-16,-1.572892651286464,-2.363113106880951,0.790220455594487,train
2021-06-17,-1.859086056000103,-2.0617075476168907,0.20262149161678766,train
2021-06-18,-2.0296030483618237,-1.8935229581353257,-0.13608009022649803,train
2021-06-21,-2.2099572951976905,-1.8414180279013344,-0.3685392672963561,train
2021-06-22,-2.2684860880368483,-1.8076670626695157,-0.46081902536733255,train
2021-06-23,-2.3432754789633647,-1.8069513189678537,-0.5363241599955111,train
2021-06-24,-2.2939155254899743,-1.9598531918135307,-0.33406233367644367,train
2021-06-25,-2.2675311601343737,-2.034999670109992,-0.23253149002438178,train
2021-06-28,-2.1126406594459017,-2.164060517620558,0.05141985817465633,train
2021-06-29,-2.245757192849097,-2.129839532643512,-0.11591766020558492,train
2021-06-30,-2.1800461581250823,-2.1794140423070414,-0.0006321158180409014,train
2021-07-01,-2.1617046982677635,-2.108731980136581,-0.05297271813118254,train
2021-07-02,-2.1177835776244494,-2.144875363703515,0.027091786079065816,train
2021-07-05,-2.2733883148513607,-2.127218013914285,-0.14617030093707584,train
2021-07-06,-2.1820731816436783,-2.2373430574247397,0.05526987578106146,train
2021-07-07,-2.091371647892408,-2.0738990056563678,-0.01747264223604006,train
2021-07-08,-2.178537881524286,-2.0573225064404843,-0.12121537508380165,train
2021-07-09,-2.2727779343997656,-2.0165335308450643,-0.25624440355470135,train
2021-07-12,-2.277824097282307,-2.167948900685433,-0.10987519659687406,train
2021-07-13,-2.255219936347062,-2.1153305490736773,-0.13988938727338462,train
2021-07-14,-2.344329969396802,-2.089389462335773,-0.2549405070610291,train
2021-07-15,-2.36952504232755,-2.191561953402963,-0.1779630889245869,train
2021-07-16,-2.2146611643838723,-2.1181306097152075,-0.09653055466866478,train
2021-07-19,-2.213775487527133,-2.162992537261614,-0.050782950265519045,train
2021-07-20,-2.2380743082105092,-2.1423297014351954,-0.09574460677531382,train
2021-07-21,-2.2710726504233554,-2.1620374488579728,-0.1090352015653826,train
2021-07-22,-2.1313644472763578,-2.2295297474673674,0.09816530019100966,train
2021-07-23,-2.30757229408895,-2.0815235925731574,-0.2260487015157926,train
2021-07-26,-2.2976611284275323,-2.179689907711995,-0.11797122071553723,train
2021-07-27,-2.2737109808105322,-2.227054849789683,-0.04665613102084931,train
2021-07-28,-2.358067293536086,-2.1638450080843747,-0.19422228545171105,train
2021-07-29,-2.4050226609839647,-2.0538361704401886,-0.35118649054377604,train
2021-07-30,-2.3730329339520457,-2.2568655191089513,-0.11616741484309445,train
2021-08-02,-2.369187606313905,-2.20346849398501,-0.1657191123288948,train
2021-08-03,-2.4401022791174194,-2.258075252528746,-0.1820270265886732,train
2021-08-04,-2.467995389930816,-2.2822607296457065,-0.18573466028510932,train
2021-08-05,-2.529357678205775,-2.3056983842592587,-0.2236592939465165,train
2021-08-06,-2.6194701225774644,-2.247908861377705,-0.3715612611997594,train
2021-08-09,-2.715662402810234,-2.353797582103978,-0.36186482070625603,train
2021-08-10,-2.775822073608152,-2.2770062667305138,-0.49881580687763805,train
2021-08-11,-2.6874740029883957,-2.3616251280748877,-0.325848874913508,train
2021-08-12,-2.581756589363493,-2.4880513957845944,-0.09370519357889862,train
2021-08-13,-2.48305719578968,-2.4424182630833533,-0.04063893270632679,train
2021-08-16,-2.4216406365001646,-2.5758127335612224,0.15417209706105783,train
2021-08-17,-2.3207073164706085,-2.4955020673483035,0.17479475087769503,train
2021-08-18,-2.3531764590244793,-2.452612153057314,0.09943569403283492,train
2021-08-19,-2.457177682342997,-2.610238998369644,0.1530613160266472,train
2021-08-20,-2.480500877247812,-2.2947709806819634,-0.18572989656584848,train
2021-08-23,-2.322500148021457,-2.3968362297275423,0.07433608170608519,train
2021-08-24,-2.448534510239895,-2.2537311931624116,-0.19480331707748366,train
2021-08-25,-2.4282084511003084,-2.362161142604991,-0.06604730849531748,train
2021-08-26,-2.4618226583274607,-2.353818455927061,-0.10800420240039976,train
2021-08-27,-2.5590916578822314,-2.349906176697455,-0.2091854811847762,train
2021-08-30,-2.5337392802260923,-2.2657388978119926,-0.26800038241409974,train
2021-08-31,-2.614407773240539,-2.4579750317412445,-0.15643274149929454,train
2021-09-01,-2.6136717368169693,-2.4410297387814586,-0.17264199803551072,train
2021-09-02,-2.639188748710364,-2.421985452508854,-0.21720329620150958,train
2021-09-03,-2.4629225259613428,-2.468026671098284,0.0051041451369413515,train
2021-09-06,-2.6742078641381157,-2.390296152198327,-0.2839117119397887,train
2021-09-07,-2.538833909949623,-2.6008459717404593,0.06201206179083618,train
2021-09-08,-2.4791295904181645,-2.4125935694298004,-0.06653602098836409,train
2021-09-09,-2.4332430664261797,-2.4558875020398,0.022644435613620395,train
2021-09-10,-2.5093710401522937,-2.387211418138701,-0.12215962201359254,train
2021-09-13,-2.4752466068695433,-2.524456739424849,0.04921013255530582,train
2021-09-14,-2.4690148652050263,-2.4182572863706366,-0.050757578834389694,train
2021-09-15,-2.5290290617794757,-2.6326084210912737,0.10357935931179796,train
2021-09-16,-2.315419682661528,-2.3327221754651886,0.017302492803660474,train
2021-09-17,-2.2949049237423873,-2.345941187244069,0.05103626350168167,train
2021-09-20,-2.29130734376844,-2.3758226442352663,0.0845153004668262,train
2021-09-21,-2.249468999297207,-2.3832516351977966,0.13378263590058959,train
2021-09-22,-2.1937650348123023,-2.3926390421102575,0.19887400729795512,train
2021-09-23,-2.3443676088468974,-2.2204627225531945,-0.12390488629370289,train
2021-09-24,-2.272194127951223,-2.2412767849567694,-0.03091734299445381,train
2021-09-27,-2.185574897145063,-2.291970062397782,0.10639516525271908,train
2021-09-28,-2.1817536321408424,-2.2560696174655046,0.07431598532466221,train
2021-09-29,-2.2416033473781267,-2.176291291551799,-0.0653120558263276,train
2021-09-30,-2.2658935598639527,-2.215249091955666,-0.05064446790828647,train
2021-10-01,-2.411483495153536,-2.1512763027379993,-0.2602071924155367,train
2021-10-04,-2.4801152881945754,-2.264234201386174,-0.21588108680840135,train
2021-10-05,-2.553380399259096,-2.228088756305713,-0.3252916429533834,train
2021-10-06,-2.5933111279793586,-2.3186625016092726,-0.274648626370086,train
2021-10-07,-2.6110391169301947,-2.1764456951884625,-0.4345934217417322,train
2021-10-08,-2.6182970065241307,-2.3339364099167526,-0.2843605966073781,train
2021-10-11,-2.6653070965308414,-2.3294881646588577,-0.33581893187198375,train
2021-10-12,-2.589755216690281,-2.423452896939885,-0.1663023197503959,train
2021-10-13,-2.550704990832818,-2.402187570305308,-0.14851742052751016,train
2021-10-14,-2.6369264016286076,-2.3893136889950366,-0.24761271263357099,train
2021-10-15,-2.621319618657007,-2.4027786880593593,-0.2185409305976478,train
2021-10-18,-2.5896261762149857,-2.4468874122327406,-0.14273876398224505,train
2021-10-19,-2.5983423083286183,-2.3504368532273743,-0.24790545510124407,train
2021-10-20,-2.6413011578810663,-2.332500674433164,-0.30880048344790234,train
2021-10-21,-2.5605335952221813,-2.4195023856173874,-0.14103120960479387,train
2021-10-22,-2.3378514570064794,-2.412159900972781,0.07430844396630176,train
2021-10-25,-2.1816092101853792,-2.4464099086141573,0.26480069842877807,train
2021-10-26,-2.1405213170284663,-2.3998903234609106,0.2593690064324443,train
2021-10-27,-2.101080701580644,-2.4633176093175044,0.36223690773686057,train
2021-10-28,-1.9963007415564746,-2.3575383390061817,0.36123759744970707,train
2021-10-29,-2.1631117101048956,-2.2137093749043313,0.050597664799435726,train
2021-11-01,-2.2034380561851754,-2.168746015226153,-0.03469204095902256,train
2021-11-02,-2.192979280604227,-2.265628702256051,0.07264942165182386,train
2021-11-03,-2.1184870088456034,-2.191656247448609,0.07316923860300584,train
2021-11-04,-2.0606594106720726,-2.1037333000127756,0.043073889340703,train
2021-11-05,-2.008909214359236,-2.2129859113634596,0.20407669700422337,train
2021-11-08,-2.08166893829765,-2.1881052918649244,0.10643635356727454,train
2021-11-09,-1.992942252635801,-2.1780956754583087,0.1851534228225078,train
2021-11-10,-1.9099907387047659,-2.112488156117934,0.20249741741316818,train
2021-11-11,-1.8926804041620358,-1.9858594196698105,0.09317901550777474,train
2021-11-12,-1.8753980543028164,-2.0158187889308277,0.1404207346280113,train
2021-11-15,-1.6572617331259867,-2.106300673265194,0.4490389401392072,train
2021-11-16,-1.5613837837614206,-2.1823931549946614,0.6210093712332407,train
2021-11-17,-1.6420482682038517,-1.9288639028363406,0.2868156346324888,train
2021-11-18,-1.663001781762088,-1.9467981248669313,0.28379634310484336,train
2021-11-19,-1.8118747668624173,-1.958690054466994,0.14681528760457674,train
2021-11-22,-1.8128117478200014,-1.7046715361699014,-0.10814021165010002,train
2021-11-23,-1.9407165449176311,-1.711962629415079,-0.2287539155025522,train
2021-11-24,-1.7006028403750602,-1.8042195152587102,0.10361667488365,train
2021-11-25,-1.6695106308311847,-1.7450376618470154,0.07552703101583069,train
2021-11-26,-1.5420168753534356,-1.9519518426203806,0.409934967266945,train
2021-11-29,-1.581317728700554,-1.6966457094028073,0.11532798070225336,train
2021-11-30,-1.6278321417336847,-1.8672586787363477,0.23942653700266292,train
2021-12-01,-1.839834767591223,-1.6087368340143744,-0.2310979335768486,train
2021-12-02,-1.960406114752996,-1.6660373164161886,-0.2943687983368075,train
2021-12-03,-1.9719887523777757,-1.6935512997619528,-0.27843745261582287,train
2021-12-06,-1.94110154661634,-1.622420012833441,-0.318681533782899,train
2021-12-07,-1.9142629605743884,-1.7305870216763144,-0.183675938898074,train
2021-12-08,-1.9922044303031725,-1.8229150397440828,-0.16928939055908976,train
2021-12-09,-1.8978726582654761,-1.84224790900892,-0.05562474925655603,train
2021-12-10,-1.7592259165118278,-1.8820939902012874,0.12286807368945962,train
2021-12-13,-1.8980132580351117,-1.8998731946108602,0.0018599365757485664,train
2021-12-14,-1.8891924087908272,-1.8233072505090742,-0.06588515828175301,train
2021-12-15,-1.8768584013551888,-1.9202305309255188,0.04337212957032999,train
2021-12-16,-1.9607792625971157,-1.77902011232678,-0.18175915027033573,train
2021-12-17,-2.0934873143243387,-1.7666601808050537,-0.32682713351928494,train
2021-12-20,-2.1912950454144307,-1.8067900620032369,-0.38450498341119377,train
2021-12-21,-2.242968087375222,-1.8067591823979945,-0.43620890497722753,train
2021-12-22,-2.257098845868703,-1.8659322138883083,-0.3911666319803948,train
2021-12-23,-2.2878894305429487,-1.8741787510520291,-0.41371067949091955,train
2021-12-24,-2.1968048847404167,-1.9690297121667313,-0.2277751725736854,train
2021-12-27,-2.015483144039175,-2.1099189783457843,0.0944358343066094,train
2021-12-28,-1.8997798760789788,-2.062980447308471,0.16320057122949239,train
2021-12-29,-1.8287558976344365,-2.112484521792722,0.2837286241582857,train
2021-12-30,-1.7780240672537961,-2.0771995434860986,0.29917547623230245,train
2021-12-31,-1.7669838825204436,-1.9862847773405257,0.21930089482008208,train
2022-01-03,-1.8554884867231358,-1.859945966149502,0.0044574794263660955,train
2022-01-04,-1.9128309383546025,-1.8209202240440745,-0.091910714310528,train
2022-01-05,-1.9545458191452667,-1.830467001178957,-0.1240788179663097,train
2022-01-06,-1.9745185995383063,-1.8537317470228531,-0.12078685251545318,train
2022-01-07,-2.01221419656041,-1.7889825803141743,-0.22323161624623555,train
2022-01-10,-2.0044910227199852,-1.937960822962546,-0.06653019975743923,train
2022-01-11,-2.068391193975079,-1.9215094719320658,-0.14688172204301342,train
2022-01-12,-1.996720671139276,-1.9372200779132838,-0.059500593225992215,train
2022-01-13,-2.0636222211830626,-2.0348524897472533,-0.028769731435809298,train
2022-01-14,-2.113959371620857,-1.8872661827647859,-0.22669318885607126,train
2022-01-17,-2.174635400393991,-1.9716954916094847,-0.20293990878450652,train
2022-01-18,-2.107886223809099,-2.0120162110165216,-0.09587001279257734,train
2022-01-19,-2.202541898793583,-1.9074101474130702,-0.29513175138051295,train
2022-01-20,-2.1306119163169606,-1.9770374676747844,-0.15357444864217618,train
2022-01-21,-2.0270579573953937,-1.9970917674595365,-0.0299661899358572,train
2022-01-24,-1.8904355628597673,-2.0467015356151883,0.15626597275542098,train
2022-01-25,-1.8480588279192265,-1.984868453605113,0.13680962568588662,train
2022-01-26,-1.7199476492904484,-2.0579201295083176,0.3379724802178692,train
2022-01-27,-1.765246102098986,-2.058248859318624,0.2930027572196381,train
2022-01-28,-1.5872756013026272,-1.8926835003749876,0.3054078990723603,train
2022-01-31,-1.4830924449501015,-1.8110380447636467,0.3279455998135452,train
2022-02-01,-1.4730765003843787,-1.816065278643015,0.3429887782586363,train
2022-02-02,-1.5175722422154427,-1.7383552198154808,0.22078297760003807,train
2022-02-03,-1.5202647070148325,-1.8469986727993155,0.326733965784483,train
2022-02-04,-1.5099178657166383,-1.5336798714552597,0.023762005738621417,train
2022-02-07,-1.5008586430696211,-1.5612207511448335,0.06036210807521236,train
2022-02-08,-1.4048932603558295,-1.6441353512398955,0.239242090884066,train
2022-02-09,-1.33426411220962,-1.6901910541011596,0.3559269418915396,train
2022-02-10,-1.312482624705975,-1.7018893398836425,0.38940671517766745,train
2022-02-11,-1.3738775426633993,-1.4919542518849789,0.11807670922157953,train
2022-02-14,-1.5655674124574017,-1.5124835853221463,-0.05308382713525539,train
2022-02-15,-1.6652190015675543,-1.4956846835972222,-0.16953431797033214,train
2022-02-16,-1.62872809121311,-1.535783952836908,-0.09294413837620197,train
2022-02-17,-1.6220570618644392,-1.5509975553054978,-0.07105950655894144,train
2022-02-18,-1.4814281334496753,-1.4262875304099127,-0.05514060303976254,train
2022-02-21,-1.2660873485115658,-1.6826569019386253,0.4165695534270595,train
2022-02-22,-1.021290188106249,-1.6352672102191428,0.6139770221128937,train
2022-02-23,-0.9457059861219115,-1.524265958875659,0.5785599727537476,train
2022-02-24,-0.6436180180386605,-1.6811126377929024,1.0374946197542418,train
2022-02-25,-0.8451529386352746,-1.2388893174268278,0.3937363787915532,train
2022-02-28,-0.8104775377570522,-1.2635741054330702,0.453096567676018,train
2022-03-01,-0.7186297229968872,-1.0856531209468359,0.36702339794994865,train
2022-03-02,-0.5657694856047227,-1.1217300898056681,0.5559606042009454,train
2022-03-03,-0.5791314563796434,-0.9164797214151705,0.3373482650355272,train
2022-03-04,-0.3525034580196726,-1.134966114302888,0.7824626562832153,train
2022-03-07,-0.3812284554474202,-0.9856209297265881,0.604392474279168,train
2022-03-08,-0.6089983307958654,-0.814832101735351,0.20583377093948563,train
2022-03-09,-0.7363265165602944,-0.7785350073506956,0.04220849079040123,train
2022-03-10,-0.6975038901713118,-0.8394098889249664,0.14190599875365462,train
2022-03-11,-0.9074702085826474,-0.6419988734778733,-0.26547133510477405,train
2022-03-14,-1.033928897860784,-0.7777070284071355,-0.25622186945364844,train
2022-03-15,-1.108186079598173,-0.9007595480853472,-0.20742653151282586,train
2022-03-16,-1.2344798050555825,-0.9268794738071126,-0.30760033124846997,train
2022-03-17,-1.4808477743466262,-0.801300866347399,-0.6795469079992271,train
2022-03-18,-1.5436658344438192,-1.0392477298085407,-0.5044181046352785,train
2022-03-21,-1.5513029806003042,-1.1143243929050424,-0.4369785876952619,train
2022-03-22,-1.489613653970328,-1.1681836316498717,-0.32143002232045625,train
2022-03-23,-1.2529869581014874,-1.1802875220989117,-0.07269943600257567,train
2022-03-24,-1.1806727588242025,-1.3023044258016747,0.12163166697747219,train
2022-03-25,-1.073986727922993,-1.3664329445229164,0.2924462165999233,train
2022-03-28,-1.0425439891076724,-1.32108228171725,0.27853829260957763,train
2022-03-29,-1.1778878572375486,-1.292753604942709,0.11486574770516045,train
2022-03-30,-1.4959411583992241,-0.9914880968703466,-0.5044530615288776,train
2022-03-31,-1.5431113348197292,-1.1385058272114037,-0.4046055076083255,train
2022-04-01,-1.6333378509729943,-1.0716455915911158,-0.5616922593818785,train
2022-04-04,-1.683358990533519,-1.1366411476734313,-0.5467178428600876,train
2022-04-05,-1.6041113123806288,-1.2750148872838436,-0.32909642509678516,train
2022-04-06,-1.4970014563242489,-1.4291772815728674,-0.06782417475138147,train
2022-04-07,-1.5425478761018012,-1.3955485838390511,-0.1469992922627501,train
2022-04-08,-1.354770676518922,-1.420154858504768,0.06538418198584606,train
2022-04-11,-1.5841505789918815,-1.5083821132566233,-0.0757684657352582,train
2022-04-12,-1.6734480661900655,-1.45659746815156,-0.21685059803850537,train
2022-04-13,-1.7105864774021629,-1.4173442163377081,-0.2932422610644547,train
2022-04-14,-1.6399766779995801,-1.4791434688453227,-0.16083320915425747,train
2022-04-15,-1.781903199900515,-1.2178687549237075,-0.5640344449768075,train
2022-04-18,-1.493486244534712,-1.9359209935823607,0.4424347490476488,train
2022-04-19,-1.2779347326697574,-1.6058117142713044,0.327876981601547,train
2022-04-20,-1.2468117265919443,-1.5556573359304762,0.3088456093385319,train
2022-04-21,-1.1498494337150855,-1.505978567753785,0.3561291340386994,train
2022-04-22,-0.9835484395904464,-1.536274038700841,0.5527255991103945,train
2022-04-25,-0.8780122594891508,-1.4289662497276212,0.5509539902384704,train
2022-04-26,-0.9080032482651248,-1.3030492136680811,0.39504596540295633,train
2022-04-27,-0.8496278191761444,-1.3351166345432393,0.4854888153670949,train
2022-04-28,-0.7317872140968668,-1.186538898964986,0.45475168486811934,train
2022-04-29,-0.8003508915936706,-1.03688439170429,0.23653350011061947,train
2022-05-02,-0.6833524496707586,-1.0646151342778496,0.381262684607091,train
2022-05-03,-0.6475897331830384,-1.1292602045209217,0.4816704713378833,train
2022-05-04,-0.6658628104837191,-1.109432009386993,0.44356919890327384,train
2022-05-05,-0.8119346488995245,-0.9051727943677159,0.09323814546819142,train
2022-05-06,-0.7754867930390172,-0.9644683248107024,0.1889815317716852,train
2022-05-09,-0.9622305403679283,-0.8286678645326216,-0.13356267583530668,train
2022-05-10,-1.0359121805430644,-0.9187003171786279,-0.11721186336443656,train
2022-05-11,-0.9626959180749937,-0.9726634352301432,0.009967517155149541,train
2022-05-12,-1.006813656502312,-0.9988179142232059,-0.007995742279106155,train
2022-05-13,-1.0833972798180889,-0.8855045257416028,-0.1978927540764861,train
2022-05-16,-1.11353516363477,-1.058268803818553,-0.05526635981621686,train
2022-05-17,-1.0383666797853464,-1.1125121246809324,0.07414544489558605,train
2022-05-18,-1.0162376273230078,-1.0251176536036337,0.008880026280625897,train
2022-05-19,-1.0114073541566329,-1.0652676652583863,0.05386031110175349,train
2022-05-20,-1.1046366466509496,-1.0256343379214021,-0.0790023087295475,train
2022-05-23,-1.076080332060552,-1.1057053720741243,0.029625040013572246,train
2022-05-24,-1.2256757182865718,-1.0097672997407092,-0.21590841854586262,train
2022-05-25,-1.2539945904870244,-0.9901838785304361,-0.26381071195658834,train
2022-05-26,-1.243758170488713,-1.0373980768988582,-0.20636009358985485,train
2022-05-27,-1.2816668044414574,-1.1075260052154112,-0.1741407992260462,train
2022-05-30,-1.3735830097638124,-1.0752595283914423,-0.2983234813723701,train
2022-05-31,-1.3747519902970289,-1.2181987875909737,-0.15655320270605522,train
2022-06-01,-1.5095578845953401,-1.1251485238095256,-0.38440936078581456,train
2022-06-02,-1.5864324685492066,-1.1732258886596652,-0.41320657988954146,train
2022-06-03,-1.3292666634647488,-1.2480973427492001,-0.08116932071554861,train
2022-06-06,-1.1438352506886313,-1.3876116005151933,0.24377634982656193,train
2022-06-07,-0.971218633518556,-1.3275298473838475,0.3563112138652915,train
2022-06-08,-0.8564550323825488,-1.3828701695537031,0.5264151371711543,train
2022-06-09,-0.5286203569120059,-1.4291391139693057,0.9005187570572998,train
2022-06-10,-0.5179863312982657,-1.0840742341884655,0.5660879028901998,train
2022-06-13,-0.5077429401101958,-1.1346118078224376,0.6268688677122418,train
2022-06-14,-0.6451324211185862,-1.024352087822461,0.37921966670387486,train
2022-06-15,-0.7110829262100598,-1.0008405566903449,0.28975763048028513,train
2022-06-16,-0.9467006492593024,-0.6621794550647401,-0.28452119419456234,train
2022-06-17,-1.0200087720802522,-0.7099429803038043,-0.3100657917764479,train
2022-06-20,-1.0975730374118005,-0.7769391816254512,-0.3206338557863493,train
2022-06-21,-1.0967975224970683,-0.9773799476501694,-0.11941757484689886,train
2022-06-22,-1.0979122432403512,-0.9716884931499672,-0.126223750090384,train
2022-06-23,-1.117068973031124,-1.0589555565688866,-0.058113416462237444,train
2022-06-24,-1.1849050251909172,-0.9851458295038231,-0.1997591956870941,train
2022-06-27,-1.1799690383793884,-1.1293940605983463,-0.05057497778104203,train
2022-06-28,-1.2239005353094785,-1.1581013135469511,-0.0657992217625274,train
2022-06-29,-1.108145190804207,-1.142657045394732,0.03451185459052497,train
2022-06-30,-1.0099388006860974,-1.1281536409551176,0.11821484026902018,train
2022-07-01,-1.0028777318539455,-1.122626506695907,0.11974877484196145,train
2022-07-04,-0.880891872463866,-1.107722440599963,0.22683056813609703,train
2022-07-05,-0.7445806980334103,-1.28226930306518,0.5376886050317696,train
2022-07-06,-0.7722293370181277,-1.027306774501062,0.2550774374829343,train
2022-07-07,-0.6150744495906557,-0.9566092873904313,0.34153483779977556,train
2022-07-08,-0.5044220003311232,-0.9848836366931786,0.4804616363620554,train
2022-07-11,-0.5717544568232125,-0.8383547987966253,0.26660034197341287,train
2022-07-12,-0.5765633319618073,-0.8920112211007933,0.315447889138986,train
2022-07-13,-0.5012065152524728,-0.8886452941190063,0.38743877886653344,train
2022-07-14,-0.6419056209991705,-0.622847838820501,-0.01905778217866949,train
2022-07-15,-0.5797961624915803,-0.6721152593390991,0.09231909684751882,train
2022-07-18,-0.5102333362196826,-0.8148403557835335,0.30460701956385094,train
2022-07-19,-0.4872916110848669,-0.8495084373448138,0.36221682625994694,train
2022-07-20,-0.563612089487618,-0.7094443718232895,0.14583228233567147,train
2022-07-21,-0.5013565159367159,-0.7883820154739964,0.2870254995372805,train
2022-07-22,-0.577915784833155,-0.6260807165706233,0.048164931737468275,train
2022-07-25,-0.5941447699496737,-0.6841899455353195,0.09004517558564584,train
2022-07-26,-0.6101052589486032,-0.7749500178048985,0.16484475885629524,train
2022-07-27,-0.5788736944371399,-0.7591256809204845,0.18025198648334462,train
2022-07-28,-0.6942599184760949,-0.6396340635300289,-0.05462585494606598,train
2022-07-29,-0.8340472597027425,-0.6592607306326806,-0.17478652907006187,train
2022-08-01,-0.87283707408271,-0.6706205245991788,-0.2022165494835313,train
2022-08-02,-0.9563251174064524,-0.768009221262611,-0.18831589614384148,train
2022-08-03,-1.1558045720551848,-0.7006586989098059,-0.4551458731453789,train
2022-08-04,-1.0408788896890464,-0.7758789155286452,-0.2649999741604012,train
2022-08-05,-1.0668812313395013,-0.8691538483978128,-0.19772738294168846,train
2022-08-08,-1.1958593725971827,-0.9327522784731812,-0.26310709412400146,train
2022-08-09,-1.212641242964289,-0.9757976558874772,-0.23684358707681175,train
2022-08-10,-1.12723377665235,-1.1548189929529113,0.027585216300561433,train
2022-08-11,-1.2969798191663462,-0.8742494850789652,-0.42273033408738103,train
2022-08-12,-1.304432885058152,-1.0016537661564677,-0.3027791189016842,train
2022-08-15,-1.3421123317859196,-1.1469747117647733,-0.19513762002114632,train
2022-08-16,-1.2985901725399827,-1.1347675312107508,-0.16382264132923186,train
2022-08-17,-1.1701045361238123,-1.0811305128976951,-0.08897402322611714,train
2022-08-18,-1.114180476924513,-1.1420465053821813,0.02786602845766839,train
2022-08-19,-1.0256178815586392,-1.1596463827212584,0.13402850116261922,train
2022-08-22,-0.7585980548869309,-1.2329730593491774,0.47437500446224656,train
2022-08-23,-0.6648496958072989,-1.1981395654823386,0.5332898696750397,train
2022-08-24,-0.666623905143882,-1.0483934625545648,0.38176955741068275,train
2022-08-25,-0.6297553727987669,-1.0993191655189565,0.46956379272018955,train
2022-08-26,-0.6080898983735711,-1.0116161604290923,0.4035262620555212,train
2022-08-29,-0.7105938148896047,-0.7931924319345857,0.08259861704498095,train
2022-08-30,-0.7459058630901233,-0.8672706672290955,0.12136480413897222,train
2022-08-31,-0.7798443915007208,-0.8408552740980785,0.06101088259735765,train
2022-09-01,-0.7982029400243833,-0.8263838792463202,0.028180939221936874,train
2022-09-02,-0.7205393733167824,-0.862540894478112,0.14200152116132958,train
2022-09-05,-0.7058034438552604,-0.8834017132391874,0.17759826938392698,train
2022-09-06,-0.6097429260735022,-0.9302140749333236,0.3204711488598214,train
2022-09-07,-0.4071441571423152,-0.9045668387490591,0.49742268160674386,train
2022-09-08,-0.43639235813561006,-0.8947549401843596,0.4583625820487496,train
2022-09-09,-0.6400865764879967,-0.7721206659596589,0.13203408947166217,train
2022-09-12,-0.6721478828652374,-0.8226933904795656,0.15054550761432817,train
2022-09-13,-0.8402115465356698,-0.7537223136610602,-0.08648923287460952,train
2022-09-14,-1.0980436795809854,-0.4646622670839928,-0.6333814124969925,train
2022-09-15,-0.9150406772289017,-0.7247027654835457,-0.19033791174535597,train
2022-09-16,-0.7417774321515302,-0.8906054560636912,0.148828023912161,train
2022-09-19,-0.6518103935897352,-0.7993634387755605,0.14755304518582524,train
2022-09-20,-0.21298035250279393,-0.9609797879374902,0.7479994354346963,train
2022-09-21,-0.056242715890789996,-0.9975110321965283,0.9412683163057383,train
2022-09-22,-0.017240956732926648,-0.7158295092602642,0.6985885525273375,train
2022-09-23,0.09265452468987576,-0.7366145845633685,0.8292691092532443,train
2022-09-26,0.1274044068627042,-0.6709357162517722,0.7983401231144764,train
2022-09-27,-0.09113382593569397,-0.141398692257046,0.05026486632135202,train
2022-09-28,-0.14433832389426324,-0.40379748322604325,0.25945915933178,train
2022-09-29,-0.2983099714991969,-0.2806751355052539,-0.017634835993943,train
2022-09-30,-0.446402620865634,-0.24985710014547194,-0.19654552072016204,train
2022-10-03,-0.5139053793624556,-0.27076609796377704,-0.24313928139867858,train
2022-10-04,-0.5885439797959736,-0.3684433356775393,-0.22010064411843433,train
2022-10-05,-0.5991087207076948,-0.44305590375104775,-0.15605281695664708,train
2022-10-06,-0.5720819166545158,-0.5182869634301654,-0.05379495322435035,train
2022-10-07,-0.3295306579604646,-0.5726342274292697,0.24310356946880513,train
2022-10-10,-0.2894008025865307,-0.575329835821296,0.2859290332347653,train
2022-10-11,-0.2824132793564779,-0.6362844871059443,0.3538712077494664,train
2022-10-12,-0.2856312406650721,-0.6262476168592361,0.340616376194164,train
2022-10-13,-0.3648338444498287,-0.6002554721001458,0.23542162765031716,train
2022-10-14,-0.5886250518003362,-0.18407309889589907,-0.40455195290443713,train
2022-10-17,-0.5049528483037923,-0.4320201973567314,-0.07293265094706086,train
2022-10-18,-0.4066341622384357,-0.4697161572637131,0.0630819950252774,train
2022-10-19,-0.4340142766603943,-0.4722466138569268,0.03823233719653246,train
2022-10-20,-0.40761368098495476,-0.5356316263393557,0.12801794535440092,train
2022-10-21,-0.37897219713329655,-0.5723312380947494,0.19335904096145284,train
2022-10-24,-0.5566258918933857,-0.4059163889070956,-0.15070950298629016,train
2022-10-25,-0.746176143206023,-0.40407286142437837,-0.3421032817816446,train
2022-10-26,-0.773360299520123,-0.5532011136887187,-0.22015918583140426,train
2022-10-27,-0.6125227926418717,-0.5462323622837325,-0.0662904303581392,train
2022-10-28,-0.6967213278771375,-0.4882105646117474,-0.2085107632653901,train
2022-10-31,-0.6015607435975865,-0.639682580265607,0.03812183666802049,train
2022-11-01,-0.5025423006500763,-0.7681864772617109,0.26564417661163453,train
2022-11-02,-0.5014980712683401,-0.7995289472554047,0.29803087598706457,train
2022-11-03,-0.6391667064752901,-0.5009613741729432,-0.13820533230234688,train
2022-11-04,-0.28836621896456655,-0.7258730103556849,0.4375067913911183,train
2022-11-07,-0.3362269761609677,-0.5864512555903933,0.25022427942942566,train
2022-11-08,-0.3311039304442298,-0.5903378750528024,0.25923394460857263,train
2022-11-09,-0.04957010715526962,-0.672714572238108,0.6231444650828384,train
2022-11-10,-0.010361574267909967,-0.6745934343241713,0.6642318600562613,train
2022-11-11,-0.32570659300965615,0.015594781907391969,-0.34130137491704815,train
2022-11-14,-0.4170402614066597,-0.49945104710476085,0.08241078569810117,train
2022-11-15,-0.5270985036535087,-0.5120467354405033,-0.015051768213005468,train
2022-11-16,-0.8833213744744575,-0.16353170258068317,-0.7197896718937743,train
2022-11-17,-0.9522806691734313,-0.35164561809186556,-0.6006350510815658,train
2022-11-18,-1.0676095090542872,-0.5374062249849663,-0.5302032840693209,train
2022-11-21,-1.1258776831421513,-0.6148858926623473,-0.510991790479804,train
2022-11-22,-1.0518455065673624,-0.680747289619872,-0.37109821694749046,train
2022-11-23,-0.9145966278604221,-0.8872238326268846,-0.027372795233537417,train
2022-11-24,-0.8303183787449271,-0.8558394662972274,0.025521087552300314,train
2022-11-25,-0.6383327212054655,-0.9753047821630207,0.3369720609575553,train
2022-11-28,-0.37260844766339607,-1.0015465285222802,0.6289380808588841,train
2022-11-29,-0.35745822635950525,-0.8717323732791964,0.5142741469196912,train
2022-11-30,-0.4459984790762698,-0.8089601838661327,0.36296170478986284,train
2022-12-01,-0.5568928198313402,-0.714612340568511,0.15771952073717077,train
2022-12-02,-0.7619264325695763,-0.6196910495963669,-0.14223538297320937,train
2022-12-05,-1.0010593093802183,-0.437480206812933,-0.5635791025672853,train
2022-12-06,-1.1449864088116724,-0.5781115164132462,-0.5668748923984261,train
2022-12-07,-0.9890749223886285,-0.6787549845637364,-0.3103199378248921,train
2022-12-08,-0.9123013262642763,-0.70329185140373,-0.20900947486054633,train
2022-12-09,-0.7121105259849043,-0.8734815991363825,0.16137107315147814,train
2022-12-12,-0.6949485411322337,-0.9615252017286231,0.2665766605963894,train
2022-12-13,-0.6661105205889231,-1.070663843554569,0.40455332296564595,train
2022-12-14,-0.7487131830057772,-0.8363963612821114,0.0876831782763342,train
2022-12-15,-0.9244723302349138,-0.840824001086255,-0.08364832914865883,train
2022-12-16,-1.0964112080457205,-0.7389829313988243,-0.35742827664689614,train
2022-12-19,-1.1795284330126878,-0.8620292403911054,-0.31749919262158244,train
2022-12-20,-1.4489584716354895,-0.8857957005339054,-0.5631627711015841,train
2022-12-21,-1.6361341045767852,-0.8205385864810437,-0.8155955180957415,train
2022-12-22,-1.7115449129524822,-1.003125681473902,-0.7084192314785802,train
2022-12-23,-1.7948969864269724,-1.0689723143587957,-0.7259246720681767,train
2022-12-26,-1.7046611431009921,-1.1589009908691954,-0.5457601522317967,train
2022-12-27,-1.488061925902204,-1.5484265384236688,0.060364612521464744,train
2022-12-28,-1.302887433539232,-1.3525078896655613,0.04962045612632937,train
2022-12-29,-1.1284706739384815,-1.4304419030628663,0.3019712291243848,train
2022-12-30,-0.9990218347112736,-1.485366231091417,0.4863443963801435,train
2023-01-02,-0.8806622761553211,-1.325677894269706,0.44501561811438495,train
2023-01-03,-0.8415572664188122,-1.36313210925046,0.5215748428316478,train
2023-01-04,-0.992326647271463,-1.1315886137218119,0.13926196645034883,train
2023-01-05,-1.101462300174895,-1.1315515203346669,0.03008922015977178,train
2023-01-06,-0.9793752592610401,-1.0708628310453518,0.09148757178431177,train
2023-01-09,-1.1335430993201188,-0.9344727428585262,-0.19907035646159255,train
2023-01-10,-1.2374134071795744,-1.0398912545271588,-0.19752215265241557,train
2023-01-11,-1.1271109107258404,-1.162074768807919,0.03496385808207858,train
2023-01-12,-0.9893747986540848,-1.201263591758666,0.2118887931045812,train
2023-01-13,-1.1875364187833737,-0.9621001778150142,-0.22543624096835946,train
2023-01-16,-1.2559249340937924,-1.1764734936096966,-0.0794514404840958,train
2023-01-17,-1.1625316822363392,-1.3189038506862534,0.1563721684499142,train
2023-01-18,-1.2766467489131323,-1.144107151796609,-0.1325395971165233,train
2023-01-19,-1.3838282455199722,-1.0401533990082932,-0.343674846511679,train
2023-01-20,-1.411429028008778,-1.2260410686885173,-0.18538795932026075,train
2023-01-23,-1.397758309356092,-1.29339387073807,-0.1043644386180218,train
2023-01-24,-1.4642349418618548,-1.2324718995867914,-0.2317630422750634,train
2023-01-25,-1.4611301466539846,-1.3273021089102706,-0.133828037743714,train
2023-01-26,-1.4005396487438844,-1.3106415879570477,-0.08989806078683671,train
2023-01-27,-1.2076707264002362,-1.3404628105291314,0.1327920841288952,train
2023-01-30,-0.9538635659794272,-1.3431484252719277,0.38928485929250045,train
2023-01-31,-0.9227927513857072,-1.3915607455364603,0.4687679941507531,train
2023-02-01,-0.7923414717204146,-1.3765298892503839,0.5841884175299693,train
2023-02-02,-0.8803853461114786,-1.3450941388983517,0.46470879278687316,train
2023-02-03,-1.0816976246230119,-1.0835601116994191,0.0018624870764072377,train
2023-02-06,-1.3284014543935514,-0.9384819104986875,-0.38991954389486394,train
2023-02-07,-1.3659738861231991,-1.1340424509629212,-0.23193143516027792,train
2023-02-08,-1.316589965861848,-0.9763079637074055,-0.3402820021544426,train
2023-02-09,-1.2973780379138868,-1.1156603473251883,-0.18171769058869858,train
2023-02-10,-1.2980274906475775,-1.2105552691996717,-0.08747222144790578,train
2023-02-13,-1.2741184971460817,-1.3225674800478338,0.048448982901752036,train
2023-02-14,-1.4387641245856284,-1.3761627495231576,-0.06260137506247077,train
2023-02-15,-1.5790401612202494,-1.1625768334047606,-0.4164633278154888,train
2023-02-16,-1.6448248364669709,-1.2865194213577247,-0.3583054151092462,train
2023-02-17,-1.743889660292163,-1.3276562202027034,-0.4162334400894596,train
2023-02-20,-1.8025969154390993,-1.2869049742218448,-0.5156919412172545,train
2023-02-21,-1.6394002578618827,-1.6093820481335472,-0.030018209728335465,train
2023-02-22,-1.6494992837338267,-1.4620669876848493,-0.18743229604897738,train
2023-02-23,-1.5759895130498653,-1.5899714583131594,0.013981945263294104,train
2023-02-24,-1.497040410822082,-1.6394296755449111,0.1423892647228291,train
2023-02-27,-1.540705949087179,-1.6441815653195473,0.10347561623236823,train
2023-02-28,-1.4890120361988353,-1.6652916653728114,0.1762796291739761,train
2023-03-01,-1.3292944450445652,-1.5130286498022103,0.18373420475764513,train
2023-03-02,-1.503160829249192,-1.4469464770224958,-0.05621435222669624,train
2023-03-03,-1.5253796406365274,-1.5110737122107025,-0.014305928425824899,train
2023-03-06,-1.351856305152784,-1.5764699908006103,0.22461368564782624,train
2023-03-07,-1.3084699560322808,-1.6003985464887263,0.2919285904564455,train
2023-03-08,-1.2092395899006247,-1.33961591508888,0.13037632518825526,train
2023-03-09,-0.9704164028456891,-1.5802048423213244,0.6097884394756353,train
2023-03-10,-0.9348730901830937,-1.5500634232903607,0.615190333107267,train
2023-03-14,-0.966328522189816,-1.3911422836291525,0.42481376143933647,train
2023-03-15,-1.09612068887647,-1.3641260408666687,0.2680053519901986,train
2023-03-16,-1.2349159107392824,-1.0501636809799633,-0.18475222975931915,train
2023-03-17,-1.3163354951432036,-1.1672948846693758,-0.14904061047382777,train
2023-03-20,-1.3428160579383304,-1.2503380731896978,-0.09247798474863256,train
2023-03-21,-1.5566793728652806,-1.1789353920575603,-0.3777439808077203,train
2023-03-22,-1.6015342515550794,-1.3932746204365298,-0.20825963111854962,train
2023-03-23,-1.7280741667442914,-1.3334361560139438,-0.39463801073034754,train
2023-03-27,-1.763351057149524,-1.3432919444131686,-0.4200591127363553,train
2023-03-28,-1.790849661631229,-1.4141630164769812,-0.3766866451542479,train
2023-03-29,-1.4580841592353146,-1.6036663855701945,0.14558222633487983,train
2023-03-30,-1.398052044780414,-1.5936846804495521,0.19563263566913824,train
2023-03-31,-1.5686044378743127,-1.6493436519153102,0.08073921404099749,train
2023-04-03,-1.6687830310124585,-1.583706127649219,-0.08507690336323948,train
2023-04-04,-1.6984679645033693,-1.6845268817766954,-0.013941082726673937,train
2023-04-05,-1.7652719452737498,-1.362999676569001,-0.40227226870474886,train
2023-04-06,-1.6987125153973686,-1.4593091182765743,-0.23940339712079428,train
2023-04-10,-1.7203271635178468,-1.58533542562482,-0.13499173789302676,train
2023-04-11,-1.683557552623095,-1.6599796234399262,-0.02357792918316881,train
2023-04-12,-1.6713733098646444,-1.664424337882188,-0.0069489719824564755,train
2023-04-14,-1.7699833152202031,-1.6597969654606608,-0.11018634975954233,train
2023-04-18,-1.821581060238501,-1.6482857037201717,-0.17329535651832928,train
2023-04-19,-1.6692159761395757,-1.6808031773101222,0.011587201170546457,train
2023-04-20,-1.6424244285571987,-1.6527295689103745,0.010305140353175757,train
2023-04-21,-1.5002717806523787,-1.7841482857432167,0.28387650509083806,train
2023-04-25,-1.536742179188216,-1.6741328055398081,0.13739062635159205,train
2023-04-26,-1.4560251183079198,-1.7570081675930451,0.3009830492851253,train
2023-04-27,-1.5746785769114928,-1.6621998326738388,0.08752125576234593,train
2023-05-02,-1.649887150115979,-1.640711183781014,-0.009175966334965091,train
2023-05-03,-1.7255177090502634,-1.6319893517370032,-0.09352835731326015,train
2023-05-05,-1.8177136392725957,-1.6402192732739405,-0.1774943659986552,train
2023-05-08,-2.0921844224411217,-1.5198609766634754,-0.5723234457776463,train
2023-05-09,-2.119101883202299,-1.8280437548312776,-0.2910581283710214,train
2023-05-10,-2.1339815262825406,-1.7653779370828937,-0.36860358919964686,train
2023-05-12,-2.2317789309169433,-1.806892705718857,-0.4248862251980863,train
2023-05-15,-2.1040958106833214,-1.9490888088295333,-0.15500700185378813,train
2023-05-16,-1.9214374715849616,-2.018512824510347,0.09707535292538538,train
2023-05-17,-1.7554200596905858,-1.9499904458487824,0.19457038615819666,train
2023-05-18,-1.7256775512544578,-2.020454082480752,0.2947765312262942,train
2023-05-19,-1.6575017052146255,-2.0503197303955645,0.392818025180939,train
2023-05-23,-1.728541592180051,-1.9396980815805505,0.21115648940049936,train
2023-05-24,-1.7610315287306064,-1.8588016229992599,0.09777009426865346,train
2023-05-25,-1.815229078129584,-1.830413114410557,0.015184036280973201,train
2023-05-30,-1.7865171694520334,-1.7892963651055693,0.002779195653535904,train
2023-06-01,-1.8704171079636402,-1.680910204396779,-0.18950690356686128,train
2023-06-02,-1.9452287732090245,-1.7875765101981402,-0.1576522630108843,train
2023-06-05,-2.0899409692431585,-1.8140919027872473,-0.27584906645591123,train
2023-06-06,-2.069957360843057,-1.9475607031434776,-0.12239665769957919,train
2023-06-07,-1.9305200412885664,-1.85990792226091,-0.0706121190276563,train
2023-06-08,-1.6672177127968069,-1.90739675265593,0.24017903985912303,train
2023-06-09,-1.6249253267203692,-2.052669521191643,0.4277441944712739,train
2023-06-13,-1.6106581304109793,-2.055994805820366,0.4453366754093868,train
2023-06-14,-1.5905003133473647,-1.9873872927633809,0.39688697941601614,train
2023-06-15,-1.8468243803324385,-1.9386311682242443,0.09180678789180585,train
2023-06-20,-2.1091071529278174,-1.6000227158162703,-0.509084437111547,train
2023-06-21,-1.98959537006793,-1.8000715987620675,-0.18952377130586262,train
2023-06-23,-1.92763038970119,-1.825389056006267,-0.10224133369492283,train
2023-06-26,-2.046225556937189,-1.8326256024238186,-0.21359995451337044,train
2023-06-28,-1.8578744905614335,-1.9214989816431163,0.06362449108168278,train
2023-06-30,-1.7045525543484856,-1.982217684160727,0.27766512981224145,train
2023-07-03,-1.825517981558021,-2.0004260614588754,0.17490807990085444,train
2023-07-05,-1.5984726051064377,-1.917434235527799,0.31896163042136116,train
2023-07-06,-1.6030053590880189,-1.9314314998941633,0.3284261408061444,train
2023-07-07,-1.610436638942255,-1.7880717125827519,0.1776350736404968,train
2023-07-10,-1.7154388072975693,-1.8079035907544938,0.09246478345692455,train
2023-07-12,-1.5871453797719082,-2.0208522242927907,0.4337068445208825,train
2023-07-13,-1.8109469202442685,-1.6559735541281266,-0.15497336611614188,train
2023-07-18,-1.6963460358797426,-1.7265425029264556,0.03019646704671297,train
2023-07-20,-1.3915454841793213,-1.6462013967197064,0.2546559125403851,train
2023-07-24,-1.2435758707640447,-1.805553958379107,0.5619780876150622,train
2023-07-25,-1.375050469765784,-1.754908735730368,0.37985826596458416,train
2023-07-26,-1.284985807915851,-1.885307975617699,0.600322167701848,train
2023-07-27,-1.2824832703416396,-1.7664691074106456,0.483985837069006,train
2023-07-28,-1.5574987613011497,-1.2118243266072999,-0.34567443469384984,train
2023-07-31,-1.6073593732489342,-1.3715437453900163,-0.23581562785891785,train
2023-08-01,-1.6691335189114476,-1.5462774572591433,-0.12285606165230423,train
2023-08-02,-1.7287650126598433,-1.5174487059388684,-0.2113163067209749,train
2023-08-03,-1.8343253557800883,-1.4532481551039345,-0.3810772006761538,train
2023-08-04,-1.862086918264517,-1.5342783693783462,-0.32780854888617084,train
2023-08-07,-1.9182700499025542,-1.5749352772770004,-0.3433347726255538,train
2023-08-08,-1.8495969162033385,-1.6906041265507858,-0.1589927896525527,train
2023-08-09,-1.7390514145670308,-1.716173785057086,-0.022877629509944875,train
2023-08-10,-1.7309619118925237,-1.7599098876934836,0.02894797580095987,train
2023-08-11,-1.833400751405037,-1.692807316667376,-0.14059343473766095,train
2023-08-14,-1.917916491317977,-1.827520870143292,-0.09039562117468503,train
2023-08-15,-2.0113338322054766,-1.7300126505803877,-0.2813211816250889,train
2023-08-16,-2.1121012134361936,-1.6480053252913542,-0.4640958881448394,train
2023-08-17,-1.9255787448502084,-1.6815083258334331,-0.2440704190167753,train
2023-08-18,-1.9424820677579842,-1.761366186993505,-0.18111588076447926,train
2023-08-21,-1.7440103017543351,-1.784895852870545,0.04088555111620984,train
2023-08-22,-1.7688014920963269,-1.880302751723014,0.11150125962668711,train
2023-08-23,-1.5813083511512616,-1.87969339964829,0.2983850484970285,train
2023-08-24,-1.7011065917380848,-1.8571593259612906,0.15605273422320587,train
2023-08-25,-1.6035172933943511,-1.829319167585043,0.22580187419069198,train
2023-08-28,-1.586761993589538,-1.6249542570225453,0.03819226343300719,train
2023-08-29,-1.6440781358496999,-1.8246710186608444,0.1805928828111445,train
2023-08-30,-1.8051288038281765,-1.7252905372234548,-0.07983826660472171,train
2023-08-31,-1.8083660819115224,-1.7131337127041815,-0.0952323692073409,train
2023-09-01,-1.9042179211321653,-1.645956500371247,-0.2582614207609182,train
2023-09-04,-2.1566363624168106,-1.6136924522297273,-0.5429439101870832,train
2023-09-05,-2.0325574969852283,-1.8701417952199866,-0.16241570176524167,train
2023-09-06,-2.0529629240460405,-1.7775914334326468,-0.2753714906133937,train
2023-09-07,-2.058609879689732,-1.941437489263103,-0.11717239042662886,train
2023-09-08,-1.8549710453752564,-1.8795405229793944,0.02456947760413808,train
2023-09-11,-1.772540821662341,-1.9943086161656989,0.22176779450335782,train
2023-09-12,-1.8472863847602219,-1.9049325353121576,0.05764615055193567,train
2023-09-13,-1.9209818923867794,-1.9068209805489444,-0.014160911837834966,train
2023-09-14,-1.824035072059536,-1.8889182985374178,0.0648832264778818,train
2023-09-15,-1.9325966621447708,-1.7596817501925783,-0.17291491195219244,train
2023-09-18,-1.7938887629894313,-1.8724345238479128,0.07854576085848142,train
2023-09-19,-1.746097134300238,-1.8835193915353232,0.13742225723508517,train
2023-09-20,-1.6929735065648064,-1.9461839371991638,0.25321043063435744,train
2023-09-21,-1.790270107645961,-1.8964109177614674,0.10614081011550636,train
2023-09-22,-1.718644768977942,-1.7607080174236054,0.04206324844566334,train
2023-09-25,-1.8131137565204862,-1.8230847164285646,0.009970959908078392,train
2023-09-26,-1.7000968992797105,-1.8252886139400433,0.12519171466033274,train
2023-09-27,-1.527015407585912,-1.7539675910308876,0.2269521834449757,train
2023-09-28,-1.4896538443054423,-1.7248365014944267,0.23518265718898435,train
2023-09-29,-1.5805018604419172,-1.650395618742316,0.0698937583003989,train
2023-10-02,-1.371099969662279,-1.7529548188307136,0.3818548491684346,train
2023-10-03,-1.3966845874911251,-1.7030545309032246,0.30636994341209944,train
2023-10-04,-1.4946644581297006,-1.6369489664981107,0.1422845083684101,train
2023-10-05,-1.5135776394327631,-1.5760618037034018,0.06248416427063863,train
2023-10-06,-1.4413849629283952,-1.63384603539504,0.19246107246664468,train
2023-10-09,-1.6865969174909456,-1.4349170956112829,-0.25167982187966276,train
2023-10-10,-1.7075230281103306,-1.578457061967649,-0.12906596614268162,train
2023-10-11,-1.6505734991574461,-1.5596291515538026,-0.09094434760364356,train
2023-10-12,-1.6875604491843261,-1.5731462222320824,-0.11441422695224368,train
2023-10-13,-1.6257729994047083,-1.6789862597522172,0.05321326034750884,train
2023-10-16,-1.5973094825013627,-1.6480995076941762,0.050790025192813504,train
2023-10-17,-1.5756530326277198,-1.6757132328498,0.10006020022208006,train
2023-10-18,-1.5989751963041723,-1.6979545388702082,0.09897934256603591,train
2023-10-19,-1.6725492642984814,-1.6580824724160719,-0.014466791882409513,train
2023-10-20,-1.8137161111204705,-1.5778097243268339,-0.23590638679363662,train
2023-10-23,-1.76826646503253,-1.5920854656372356,-0.1761809993952943,train
2023-10-24,-1.7829897763619755,-1.5807264540357018,-0.20226332232627375,train
2023-10-25,-1.7223176455495157,-1.5757995272055743,-0.14651811834394146,train
2023-10-26,-1.601974519534642,-1.6936756534700281,0.09170113393538615,train
2023-10-27,-1.6065231840743515,-1.682039722653394,0.07551653857904261,train
2023-10-30,-1.5571465639843007,-1.6337712401008706,0.07662467611656987,train
2023-10-31,-1.6214293679857477,-1.7083251122373881,0.08689574425164048,train
2023-11-01,-1.7848452815540874,-1.626944222260519,-0.15790105929356835,train
2023-11-02,-1.8955989810505969,-1.5645388306975858,-0.33106015035301106,train
2023-11-03,-1.8391819826121298,-1.6061764804566068,-0.23300550215552307,train
2023-11-06,-1.9762967695680296,-1.6648948486506001,-0.31140192091742946,train
2023-11-07,-1.9854731668559409,-1.6735969135277073,-0.31187625332823354,train
2023-11-08,-1.6885023559068266,-1.739779433911393,0.05127707800456638,train
2023-11-09,-1.6206819933969316,-1.806986577081818,0.18630458368488645,train
2023-11-10,-1.6591456873725061,-1.78315691380788,0.12401122643537388,train
2023-11-13,-1.6344841424556182,-1.7949324195596903,0.16044827710407206,train
2023-11-14,-1.5660437861570329,-1.865238608187565,0.29919482203053205,train
2023-11-15,-1.8509855951696577,-1.6023386816689984,-0.24864691350065926,train
2023-11-16,-1.8132533699623725,-1.6469703409305234,-0.1662830290318491,train
2023-11-17,-1.9616034053284388,-1.6996472488994372,-0.2619561564290016,train
2023-11-20,-2.0559933998914235,-1.6428526900042721,-0.41314070988715135,train
2023-11-21,-2.1217068110901347,-1.6645765862739172,-0.45713022481621746,train
2023-11-22,-2.0565007009878276,-1.7778719227923108,-0.2786287781955168,train
2023-11-23,-2.074923013479234,-1.7118617155798472,-0.36306129789938657,train
2023-11-24,-1.8603263147545976,-2.05050739113528,0.19018107638068216,train
2023-11-27,-1.712628595069901,-1.937120709693742,0.224492114623841,train
2023-11-28,-1.6051779291874269,-1.936721059686856,0.3315431304994292,train
2023-11-29,-1.5743555141381422,-1.852144437686096,0.2777889235479538,train
2023-11-30,-1.6275978114547978,-1.8816697646653684,0.25407195321057063,train
2023-12-01,-1.700819056353097,-1.6947027790382159,-0.006116277314881069,train
2023-12-04,-1.6324542873967354,-1.66003926350684,0.027584976110104575,train
2023-12-05,-1.7110539277469883,-1.646826869666807,-0.06422705808018137,train
2023-12-06,-1.7468660125370508,-1.741705326276372,-0.005160686260678782,train
2023-12-07,-1.5327981337286283,-1.6915527235857284,0.15875458985710011,train
2023-12-08,-1.396391610937191,-1.6948642986946039,0.29847268775741287,train
2023-12-11,-1.4215013738490858,-1.6442502876123366,0.2227489137632508,train
2023-12-12,-1.4517929345639247,-1.741443179968502,0.2896502454045773,train
2023-12-13,-1.5051549331484928,-1.730319379530143,0.22516444638165023,train
2023-12-14,-1.7449274399097878,-1.6070050710459998,-0.13792236886378806,train
2023-12-15,-1.920713107140617,-1.444099425012794,-0.47661368212782285,train
2023-12-18,-2.02958778602573,-1.5606026922520817,-0.4689850937736484,train
2023-12-19,-2.0894246575372284,-1.64692887850435,-0.4424957790328783,train
2023-12-20,-2.0945135144948357,-1.693653190426899,-0.4008603240679367,train
2023-12-21,-1.9797481814716789,-1.766261449995681,-0.21348673147599784,train
2023-12-22,-1.9579371595675443,-1.8209745840811333,-0.136962575486411,train
2023-12-26,-1.9505718724238903,-1.814705025491595,-0.13586684693229523,train
2023-12-27,-1.7718451055449456,-2.0185474476442695,0.24670234209932396,train
2023-12-28,-1.7894408609421177,-1.9444748799894713,0.1550340190473536,train
2023-12-29,-1.682098234889316,-1.8077031572357734,0.12560492234645726,train
2024-01-02,-1.7569878467917448,-1.801458812095245,0.044470965303500254,test
2024-01-03,-1.7872226680789456,-1.7868486420584127,-0.000374026020532936,test
2024-01-04,-1.8991235645015165,-1.7209618488419245,-0.17816171565959205,test
2024-01-05,-1.7411363161451958,-1.8032293422476418,0.062093026102445936,test
2024-01-08,-1.9127290383405735,-1.6320507718074748,-0.2806782665330987,test
2024-01-09,-1.9941660886716832,-1.7687905340605048,-0.22537555461117842,test
2024-01-10,-1.9198532248917293,-1.7339431263058598,-0.1859100985858695,test
2024-01-11,-1.8630764016893067,-1.8880671213066007,0.024990719617294044,test
2024-01-12,-1.9809030032469626,-1.6707975821508163,-0.31010542109614625,test
2024-01-15,-2.0674951918995506,-1.8179112561431272,-0.24958393575642335,test
2024-01-16,-1.9867421810565016,-1.9575431309423976,-0.029199050114103953,test
2024-01-17,-2.0886935112084855,-1.8003509248736527,-0.2883425863348328,test
2024-01-18,-2.0261995687736563,-1.8203832460219123,-0.205816322751744,test
2024-01-19,-1.965102887847361,-1.8759661261759402,-0.08913676167142093,test
2024-01-22,-1.8934966164349987,-1.95568453301728,0.0621879165822814,test
2024-01-23,-1.8990478140007947,-1.9222397763247998,0.02319196232400511,test
2024-01-24,-1.9200456940565929,-1.9532255911603094,0.033179897103716494,test
2024-01-25,-1.8018532056757528,-1.8746692990432001,0.07281609336744732,test
2024-01-26,-1.8386150182800098,-1.8728230839067626,0.034208065626752715,test
2024-01-29,-1.6000438212796841,-1.832705480134357,0.23266165885467283,test
2024-01-30,-1.5629251618124915,-1.910212882046085,0.34728772023359356,test
2024-01-31,-1.577158660108805,-1.9111038928109947,0.3339452327021897,test
2024-02-01,-1.8492111955493087,-1.7347396790868947,-0.11447151646241394,test
2024-02-02,-1.9928118659972889,-1.758731477201661,-0.23408038879562798,test
2024-02-05,-2.3072004024578754,-1.665691119232314,-0.6415092832255613,test
2024-02-06,-2.4078489947002293,-1.7511071802057248,-0.6567418144945045,test
2024-02-07,-2.1099575630934213,-1.7627006785230377,-0.3472568845703836,test
2024-02-08,-2.122780243176024,-1.917185555205393,-0.20559468797063096,test
2024-02-09,-2.0883643940336847,-2.004540734504862,-0.08382365952882287,test
2024-02-12,-2.041402713816317,-2.129662335888926,0.08825962207260929,test
2024-02-13,-2.1722531814470614,-2.172972151770881,0.0007189703238195122,test
2024-02-14,-2.493747935097254,-1.9549123551026644,-0.5388355799945894,test
2024-02-15,-2.5233070863006968,-2.0293065870834335,-0.4940004992172633,test
2024-02-16,-2.412940505342346,-2.119777807168126,-0.2931626981742199,test
2024-02-19,-2.515656551991859,-2.1994721033448927,-0.31618444864696604,test
2024-02-20,-2.413171476124707,-2.1926785535486237,-0.22049292257608322,test
2024-02-21,-2.471385221230075,-2.1857953206244636,-0.2855899006056113,test
2024-02-22,-2.480694390847762,-2.248193293404198,-0.23250109744356395,test
2024-02-23,-2.564853617718799,-2.17975019549795,-0.3851034222208489,test
2024-02-26,-2.516853359310656,-2.250722391304116,-0.26613096800654024,test
2024-02-27,-2.5401675576450033,-2.262361695474334,-0.2778058621706694,test
2024-02-28,-2.4951969430302667,-2.3137628355908793,-0.18143410743938748,test
2024-02-29,-2.5220344552259872,-2.2911030910078636,-0.23093136421812366,test
2024-03-01,-2.4888550726575507,-2.251749856748961,-0.2371052159085898,test
2024-03-04,-2.4049196712356773,-2.2852872964456874,-0.11963237478998989,test
2024-03-05,-2.411065490905948,-2.3715193074149497,-0.03954618349099848,test
2024-03-06,-2.404776578905156,-2.630944297627189,0.22616771872203323,test
2024-03-07,-2.4460498744147445,-2.3913698912048553,-0.054679983209889205,test
2024-03-08,-2.544869175932195,-2.2808568567141787,-0.26401231921801616,test
2024-03-11,-2.7484685187479094,-2.281325414384423,-0.4671431043634864,test
2024-03-12,-2.8231084961152972,-2.3573948508182228,-0.4657136452970745,test
2024-03-13,-2.9483481447722655,-2.4064254039400055,-0.54192274083226,test
2024-03-14,-2.688068672364577,-2.3785044891909326,-0.3095641831736442,test
2024-03-15,-2.6408981012595634,-2.390625347681436,-0.2502727535781273,test
2024-03-18,-2.5991980716314336,-2.533340890337472,-0.06585718129396145,test
2024-03-19,-2.5178013403463595,-2.620898643703984,0.10309730335762435,test
2024-03-20,-2.471751087244212,-2.653849955762293,0.18209886851808088,test
2024-03-21,-2.7456728202928824,-2.4448016759756515,-0.30087114431723094,test
2024-03-22,-2.744961739158444,-2.426576836707256,-0.318384902451188,test
2024-03-25,-2.809501775155213,-2.4393843491562244,-0.37011742599898856,test
2024-03-26,-2.7139463893396063,-2.4914665688216293,-0.222479820517977,test
2024-03-27,-2.6236176641787683,-2.423484633789632,-0.2001330303891362,test
2024-03-28,-2.4867656644986607,-2.5925532282743697,0.10578756377570908,test
2024-03-29,-2.564669666573048,-2.4833622004159643,-0.08130746615708384,test
2024-04-01,-2.2584205161969177,-2.7589848774237593,0.5005643612268416,test
2024-04-02,-2.343440539822408,-2.815440198538643,0.47199965871623517,test
2024-04-03,-2.433040964403594,-2.488992269554509,0.055951305150915065,test
2024-04-04,-2.0605587868596853,-2.508280132939319,0.4477213460796339,test
2024-04-05,-1.8506694519103561,-2.4281470677877826,0.5774776158774264,test
2024-04-08,-1.9493922696833927,-2.3560752121971644,0.4066829425137717,test
2024-04-09,-1.7513661731731396,-2.3754868183015447,0.6241206451284051,test
2024-04-10,-1.5150172193855886,-2.413038392766241,0.8980211733806525,test
2024-04-11,-1.786359256093863,-1.9847926004551866,0.19843334436132354,test
2024-04-12,-1.9278587533043876,-2.017320558993341,0.08946180568895357,test
2024-04-15,-1.8896758195099401,-2.053635652678047,0.16395983316810692,test
2024-04-16,-2.0160602610569223,-2.01280941249576,-0.0032508485611622007,test
2024-04-17,-1.979126222794759,-1.7609520552714626,-0.21817416752329644,test
2024-04-18,-2.0815184657743373,-1.8769297579456508,-0.20458870782868654,test
2024-04-19,-2.0026026770345413,-2.034493564327725,0.03189088729318357,test
2024-04-22,-2.073132450405042,-1.904347504266382,-0.1687849461386599,test
2024-04-23,-2.0180175548508843,-2.0719349315899707,0.053917376739086365,test
2024-04-24,-2.071446009168077,-2.005302700586431,-0.06614330858164585,test
2024-04-25,-1.9235864682463233,-2.082676197923591,0.15908972967726775,test
2024-04-26,-1.91185047357507,-1.9997766164004516,0.08792614282538147,test
2024-04-29,-1.7066276085434282,-2.0368196688621394,0.3301920603187112,test
2024-04-30,-1.8944296821359252,-1.9828623047625868,0.08843262262666163,test
2024-05-01,-2.0891707751583057,-2.0058579420277303,-0.08331283313057547,test
2024-05-02,-2.3794797368384697,-1.8959950119135534,-0.48348472492491634,test
2024-05-03,-2.4993450981940812,-1.8625071152779444,-0.6368379829161368,test
2024-05-06,-2.819926702364354,-1.8905849686778247,-0.9293417336865293,test
2024-05-07,-2.8064788514191084,-2.0107228555086776,-0.7957559959104308,test
2024-05-08,-2.7574823632628527,-2.0616624309792915,-0.6958199322835612,test
2024-05-09,-2.5138254812255174,-2.2531561286340507,-0.26066935259146673,test
2024-05-10,-2.576712300592328,-2.5103636535663405,-0.06634864702598753,test
2024-05-13,-2.5943261330227676,-2.4443909447373873,-0.14993518828538033,test
2024-05-14,-2.625337172919536,-2.6237934439201864,-0.001543728999349625,test
2024-05-15,-2.701338240260301,-2.4651257381968303,-0.23621250206347044,test
2024-05-16,-2.8683535177078148,-2.4504718843009567,-0.417881633406858,test
2024-05-17,-2.727960425818759,-2.368989665983143,-0.358970759835616,test
2024-05-20,-2.7871459671400496,-2.390162651330866,-0.3969833158091838,test
2024-05-21,-2.746915373083179,-2.43844501217261,-0.30847036091056923,test
2024-05-22,-2.7812542735812733,-2.5273217113009,-0.2539325622803732,test
2024-05-23,-2.7041694328312027,-2.495972306178153,-0.20819712665304957,test
2024-05-24,-2.8139391265510225,-2.554756399974981,-0.2591827265760416,test
2024-05-27,-2.6569280874798102,-2.5443361424594775,-0.11259194502033276,test
2024-05-28,-2.536574442351429,-2.644169031076036,0.10759458872460703,test
2024-05-29,-2.452888017015804,-2.587162802235676,0.1342747852198718,test
2024-05-30,-2.4725065908121686,-2.487450840310937,0.014944249498768603,test
2024-05-31,-2.4207879413928066,-2.5997598131993778,0.17897187180657115,test
2024-06-03,-2.1611809358861667,-2.4910022258678524,0.3298212899816857,test
2024-06-04,-2.174908030183226,-2.603700184841229,0.4287921546580029,test
2024-06-05,-2.1149302537865857,-2.4341125828100294,0.3191823290234437,test
2024-06-06,-1.831955892979424,-2.671225391465034,0.8392694984856099,test
2024-06-07,-1.7406598858352544,-2.5606753934576787,0.8200155076224243,test
2024-06-10,-1.9212143755575746,-2.294985648998805,0.3737712734412304,test
2024-06-11,-1.9303003181063711,-2.216948189431892,0.2866478713255207,test
2024-06-12,-1.9208667379527704,-2.224623109296955,0.30375637134418443,test
2024-06-13,-2.307966220573666,-2.048709864393241,-0.25925635618042486,test
2024-06-14,-2.41393160329471,-2.085506023145461,-0.32842558014924883,test
2024-06-17,-2.402286402736324,-2.0071230449628454,-0.39516335777347855,test
2024-06-18,-2.4546146803616393,-2.114663499578201,-0.3399511807834381,test
2024-06-19,-2.576749884654582,-2.1384836708501864,-0.43826621380439557,test
2024-06-20,-2.4596287283210616,-2.3579341056594236,-0.10169462266163798,test
2024-06-21,-2.4609071848807647,-2.2739778638398382,-0.1869293210409264,test
2024-06-24,-2.5278371925670675,-2.329257123533469,-0.1985800690335986,test
2024-06-25,-2.4041485525824093,-2.3277502133245127,-0.07639833925789663,test
2024-06-26,-2.353501624031439,-2.3964148663314817,0.042913242300042675,test
2024-06-27,-2.3366828055587647,-2.2678990139650432,-0.0687837915937215,test
2024-06-28,-2.507015504031645,-2.3834946188789203,-0.12352088515272452,test
2024-07-01,-2.5328377596016636,-2.2831114999004396,-0.24972625970122397,test
2024-07-02,-2.60211881693952,-2.1753610577826734,-0.42675775915684655,test
2024-07-03,-2.6668650450770786,-2.262968846387885,-0.4038961986891936,test
2024-07-04,-2.8872417865557405,-2.2610485991231664,-0.6261931874325741,test
2024-07-05,-2.508741039355312,-2.4497666467820185,-0.05897439257329351,test
2024-07-08,-2.59719885922208,-2.424597704002799,-0.17260115521928077,test
2024-07-09,-2.64037780481299,-2.4347276414274726,-0.20565016338551745,test
2024-07-10,-2.6037666867238904,-2.4726832237909178,-0.13108346293297268,test
2024-07-11,-2.4483499388491183,-2.6532990450787866,0.20494910622966822,test
2024-07-12,-2.7442850132736405,-2.4458386740235722,-0.29844633925006825,test
2024-07-15,-2.7671605680320797,-2.443994681558124,-0.3231658864739555,test
2024-07-16,-2.813630944068181,-2.4285595431553526,-0.3850714009128282,test
2024-07-17,-2.8380289893115624,-2.546913860255711,-0.29111512905585135,test
2024-07-18,-2.852844445293703,-2.377820697898339,-0.475023747395364,test
2024-07-19,-2.73466292944302,-2.5515761088323714,-0.18308682061064863,test
2024-07-22,-2.734981202611528,-2.556079316578165,-0.17890188603336288,test
2024-07-23,-2.721598749190001,-2.5508319662769545,-0.17076678291304637,test
2024-07-24,-2.695627320059318,-2.5892863026905717,-0.10634101736874646,test
2024-07-25,-2.568687277686922,-2.6577314981368985,0.0890442204499764,test
2024-07-26,-2.5050937290900976,-2.5250373916092923,0.01994366251919466,test
2024-07-29,-2.2229665395893665,-2.598310270248845,0.3753437306594787,test
2024-07-30,-1.8343043553186842,-2.58187787329164,0.7475735179729557,test
2024-07-31,-1.7222458641150502,-2.590602605423457,0.868356741308407,test
2024-08-01,-1.8104828375425093,-2.3606060499841326,0.5501232124416233,test
2024-08-02,-1.8314635101839378,-2.377773772328747,0.5463102621448093,test
2024-08-05,-2.144210004067793,-2.2226812012059933,0.07847119713820039,test
2024-08-06,-2.5388620385728515,-1.8130552657078456,-0.725806772865006,test
2024-08-07,-2.6002085204449967,-1.9779781261807958,-0.6222303942642009,test
2024-08-08,-2.538924126178583,-2.046562513648621,-0.4923616125299617,test
2024-08-09,-2.4549902984627736,-2.098285089536814,-0.35670520892595947,test
2024-08-12,-2.456516815473843,-2.2833817972243056,-0.17313501824953725,test
2024-08-13,-2.3823044342856843,-2.4379343335154005,0.05562989922971617,test
2024-08-14,-2.3930048950646445,-2.489477541875141,0.09647264681049661,test
2024-08-15,-2.349830066202447,-2.3862209107086154,0.036390844506168474,test
2024-08-16,-2.4161561499604125,-2.5837663484714533,0.16761019851104075,test
2024-08-19,-2.0731707748671147,-2.4179264340136863,0.3447556591465717,test
2024-08-20,-2.076147330103517,-2.3209627555836487,0.24481542548013158,test
2024-08-21,-2.0652356722828182,-2.294264337819895,0.22902866553707657,test
2024-08-22,-2.073841850629521,-2.229425937952074,0.15558408732255335,test
2024-08-23,-1.9448887542805218,-2.291817096170952,0.3469283418904303,test
2024-08-26,-2.0859808508164255,-2.135770053782169,0.04978920296574341,test
2024-08-27,-2.126858054527837,-2.1191560824767333,-0.007701972051103567,test
2024-08-28,-2.0772627364381457,-2.100455728907,0.02319299246885409,test
2024-08-29,-2.0899029073047224,-1.993924805718452,-0.0959781015862704,test
2024-08-30,-2.2231400714056813,-2.026025824019075,-0.19711424738660632,test
2024-09-02,-2.0566670815016788,-2.014434715272536,-0.04223236622914284,test
2024-09-03,-2.003001717677177,-2.1409282597854844,0.13792654210830735,test
2024-09-04,-2.1142745025725613,-2.0778130793705114,-0.036461423202049925,test
2024-09-05,-2.0995528990728936,-2.1735523464315722,0.0739994473586787,test
2024-09-06,-2.109093430359494,-2.1792373224847905,0.07014389212529659,test
2024-09-09,-2.4278611954918916,-1.9337458523592146,-0.494115343132677,test
2024-09-10,-2.4586014879259572,-2.065916643619336,-0.3926848443066211,test
2024-09-11,-2.383616359425941,-2.182049684976926,-0.201566674449015,test
2024-09-12,-2.190853495137342,-2.0891680884252377,-0.10168540671210424,test
2024-09-13,-2.106199999351633,-2.0477191467361417,-0.05848085261549141,test
2024-09-16,-1.9972904376938962,-2.265802957040481,0.2685125193465847,test
2024-09-17,-1.8306272261349945,-2.292854119580972,0.46222689344597745,test
2024-09-18,-1.820606538967586,-2.250937282474598,0.43033074350701184,test
2024-09-19,-2.0234565110373275,-1.94461723450325,-0.07883927653407752,test
2024-09-20,-1.9708213831187933,-1.9191220880141358,-0.05169929510465754,test
2024-09-23,-1.8386047515418782,-1.9834805263973156,0.14487577485543746,test
2024-09-24,-1.783262732090607,-1.9324788694466746,0.14921613735606765,test
2024-09-25,-1.6723210141921014,-1.9529942233132926,0.2806732091211912,test
2024-09-26,-1.706010331521559,-1.9939496629441011,0.28793933142254224,test
2024-09-27,-1.8961236687811032,-1.8504320446191618,-0.04569162416194139,test
2024-09-30,-1.7908049304023088,-1.828743788475292,0.03793885807298314,test
2024-10-01,-1.9358021538544008,-1.7789035792258985,-0.15689857462850232,test
2024-10-02,-2.078857150142634,-1.7858136914033265,-0.2930434587393076,test
2024-10-03,-2.136640179475997,-1.8321732582438046,-0.30446692123219243,test
2024-10-04,-2.0282956242928742,-1.9519557529100346,-0.0763398713828396,test
2024-10-07,-2.260823471772504,-1.9673378055892243,-0.29348566618327965,test
2024-10-08,-2.3374289566841315,-1.9231205973680192,-0.4143083593161123,test
2024-10-09,-2.362289707612454,-2.0400150444655027,-0.3222746631469513,test
2024-10-10,-2.4066679613625257,-2.0869517885584825,-0.3197161728040432,test
2024-10-11,-2.3906579036317908,-2.001663682780136,-0.3889942208516546,test
2024-10-14,-2.5048309614521242,-2.3182607478258075,-0.18657021362631676,test
2024-10-15,-2.5862477646265187,-2.194956550168647,-0.39129121445787174,test
2024-10-16,-2.5905952877111846,-2.17728267702019,-0.41331261069099456,test
2024-10-17,-2.5676569559793765,-2.215431938289611,-0.35222501768976544,test
2024-10-18,-2.6462231750572505,-2.1469993257664814,-0.499223849290769,test
2024-10-21,-2.6307529621459635,-2.3211255519022393,-0.3096274102437242,test
2024-10-22,-2.572471849662984,-2.347249023493064,-0.22522282616992007,test
2024-10-23,-2.4418848924902616,-2.3397508224491945,-0.10213407004106712,test
2024-10-24,-2.2628291087531287,-2.32754994236872,0.06472083361559111,test
2024-10-25,-2.254355122364864,-2.4790266799820704,0.22467155761720647,test
2024-10-28,-2.035567911558628,-2.4091950846088412,0.3736271730502132,test
2024-10-29,-1.9209431782749036,-2.3235581638684764,0.4026149855935728,test
2024-10-30,-2.0787807094258155,-2.2128130282098812,0.13403231878406574,test
2024-10-31,-1.7366360279261823,-2.2040879288995194,0.4674519009733371,test
2024-11-01,-1.5192980628473385,-2.1737232871854335,0.654425224338095,test
2024-11-04,-1.5083679430859316,-2.1958507266051432,0.6874827835192117,test
2024-11-05,-1.4097653352357447,-1.9876532519432808,0.5778879167075361,test
2024-11-06,-1.2344538438143364,-2.234901569297068,1.0004477254827315,test
2024-11-07,-1.4619776731699607,-1.528206520321429,0.06622884715146826,test
2024-11-08,-1.4988156600292577,-1.624366350312575,0.12555069028331722,test
2024-11-11,-1.4336573769365881,-1.6875166591515347,0.2538592822149466,test
2024-11-12,-1.4824811733602237,-1.6671123518161504,0.1846311784559267,test
2024-11-13,-1.3379897422463174,-1.6206124639769794,0.28262272173066205,test
2024-11-14,-1.4589415464745532,-1.5910114039057344,0.13206985743118116,test
2024-11-15,-1.4924631410816518,-1.585229494609622,0.09276635352797014,test
2024-11-18,-1.2051005307730716,-1.581799078357978,0.3766985475849065,test
2024-11-19,-1.0175130228281284,-1.6699269402383752,0.6524139174102468,test
2024-11-20,-0.9212574133535046,-1.5543302011525972,0.6330727877990926,test
2024-11-21,-0.7742527686865056,-1.5983334307962107,0.8240806621097051,test
2024-11-22,-0.8787797534858433,-1.5469817372107295,0.6682019837248863,test
2024-11-25,-1.1894942748997557,-1.0565471998934597,-0.132947075006296,test
2024-11-26,-1.190843808032612,-1.2064188132670484,0.015575005234436334,test
2024-11-27,-1.3527753179598245,-1.0967016800586291,-0.2560736379011954,test
2024-11-28,-1.4268348574909626,-1.077723085630535,-0.3491117718604275,test
2024-11-29,-1.3549382526977538,-1.2710712807798858,-0.08386697191786796,test
2024-12-02,-1.2902013922608213,-1.2853862767531856,-0.004815115507635692,test
2024-12-03,-1.457515176983867,-1.2229188255834536,-0.23459635140041346,test
2024-12-04,-1.5413126355704652,-1.3576760000712833,-0.18363663549918186,test
2024-12-05,-1.5628233581273363,-1.3542843064389993,-0.20853905168833697,test
2024-12-06,-1.5455549652921592,-1.3373460797667778,-0.20820888552538142,test
2024-12-09,-1.6846535071158386,-1.319319379391555,-0.36533412772428364,test
2024-12-10,-1.648063490827448,-1.451633059655787,-0.19643043117166115,test
2024-12-11,-1.664242328094988,-1.5043373984465505,-0.1599049296484376,test
2024-12-12,-1.4638143282641467,-1.4577062459597685,-0.006108082304378204,test
2024-12-13,-1.4111121533924509,-1.417747634208101,0.00663548081565013,test
2024-12-16,-1.3227555022303985,-1.5775307970658747,0.25477529483547623,test
2024-12-17,-1.3470619546786662,-1.5046904145775888,0.1576284598989226,test
2024-12-18,-1.3743711756817636,-1.643404799968234,0.2690336242864704,test
2024-12-19,-1.8086905096440353,-1.2858911458036215,-0.5227993638404138,test
2024-12-20,-2.012886508037885,-1.310406377591577,-0.702480130446308,test
2024-12-23,-2.030804604867849,-1.312710553073191,-0.7180940517946579,test
2024-12-24,-2.0712035195518537,-1.3950203182314684,-0.6761832013203852,test
2024-12-26,-1.8033290927453223,-1.508294840377336,-0.2950342523679863,test
2024-12-27,-1.6599043276609744,-1.8635721687455575,0.20366784108458313,test
2024-12-30,-1.2900956823341605,-1.8218724227278045,0.531776740393644,test
2024-12-31,-1.249090258135562,-1.7437943199181924,0.4947040617826304,test
2025-01-02,-1.1428351684166498,-1.796179574252421,0.6533444058357711,test
2025-01-03,-1.4063596876875664,-1.5575133105367063,0.1511536228491399,test
2025-01-06,-1.03729228845085,-1.6381667854274735,0.6008744969766235,test
2025-01-07,-1.2176713861928827,-1.2284917620251925,0.01082037583230977,test
2025-01-08,-1.2280950608135388,-1.3927084172658488,0.16461335645231,test
2025-01-09,-1.1445332917006135,-1.3435026515351356,0.19896935983452213,test
2025-01-10,-0.9715013739208803,-1.577043106418472,0.6055417324975917,test
2025-01-13,-1.2456812366713421,-1.059620935047547,-0.18606030162379517,test
2025-01-14,-0.9653250727286358,-1.3583685452546557,0.3930434725260199,test
2025-01-15,-0.8681140213150769,-1.3027269877056435,0.4346129663905667,test
2025-01-16,-0.9703270480467285,-1.3458324720651158,0.37550542401838727,test
2025-01-17,-1.0814607671823881,-1.2581660388618836,0.17670527167949546,test
2025-01-20,-1.0604931098924248,-1.3546020795341471,0.2941089696417223,test
2025-01-21,-1.4033825288211386,-0.8620629232618044,-0.5413196055593341,test
2025-01-22,-1.5321065077263505,-1.132003177277816,-0.4001033304485344,test
2025-01-23,-1.5259017722053478,-1.2890643427288686,-0.23683742947647923,test
2025-01-24,-1.3054782064729733,-1.3503012680177024,0.04482306154472915,test
2025-01-27,-1.2095879936691882,-1.2251679789691758,0.015579985299987609,test
2025-01-28,-0.8736837182791408,-1.374256195359877,0.5005724770807363,test
2025-01-29,-0.8569546448626312,-1.4094396654097197,0.5524850205470885,test
2025-01-30,-0.8905510960419656,-1.4242657213683985,0.5337146253264329,test
2025-01-31,-1.1179124331956305,-1.2427305439187415,0.124818110723111,test
2025-02-03,-1.0923295015518146,-1.1661331968760642,0.07380369532424957,test
2025-02-04,-1.4820794485676791,-0.7942438030906375,-0.6878356454770417,test
2025-02-05,-1.6739673531866466,-1.0696424213717648,-0.6043249318148818,test
2025-02-06,-1.5114414836570287,-1.148848268697549,-0.3625932149594797,test
2025-02-07,-1.323138948731322,-1.2834093592557667,-0.03972958947555538,test
2025-02-10,-1.548116401414439,-1.140694835764222,-0.40742156565021714,test
2025-02-11,-1.692534986164823,-1.4550798601779058,-0.2374551259869171,test
2025-02-12,-1.6597301286188717,-1.6636453077144613,0.003915179095589583,test
2025-02-13,-1.9249987058626103,-1.3759319664971774,-0.5490667393654329,test
2025-02-14,-2.1333490471759924,-1.245213268780405,-0.8881357783955874,test
2025-02-17,-2.1102117200514625,-1.4616009111431507,-0.6486108089083118,test
2025-02-18,-1.910994702419039,-1.64955137614395,-0.26144332627508904,test
2025-02-19,-1.8573065088933607,-1.5844989683272486,-0.2728075405661121,test
2025-02-20,-1.7275805824549622,-1.735938262420572,0.008357679965609766,test
2025-02-21,-1.645724663087807,-1.7835253860393585,0.13780072295155144,test
2025-02-24,-1.6025190998455876,-1.8208325372158625,0.21831343737027487,test
2025-02-25,-1.571700032789289,-1.6453034974280043,0.07360346463871537,test
2025-02-26,-1.3803837959316896,-1.6746973654302757,0.2943135694985861,test
2025-02-27,-1.1692519061768878,-1.6628282550388143,0.4935763488619265,test
2025-02-28,-0.9670741847735931,-1.5875653266689858,0.6204911418953927,test
2025-03-03,-0.7948351648024147,-1.5584027091090278,0.7635675443066131,test
2025-03-04,-0.6745355327833159,-1.4951968936340276,0.8206613608507117,test
2025-03-05,-0.702276698616222,-1.3284882515478373,0.6262115529316153,test
2025-03-06,-0.9088414714088462,-1.1683221281369587,0.2594806567281125,test
2025-03-07,-1.075850811451819,-1.1138322248917998,0.03798141343998074,test
2025-03-10,-1.1969486636170819,-1.074003271856756,-0.12294539176032582,test
2025-03-11,-1.4364941150253014,-1.0299164079346694,-0.406577707090632,test
2025-03-12,-1.5654076977439566,-1.065608319020147,-0.49979937872380953,test
2025-03-13,-1.5146215609883062,-1.2300794139696651,-0.2845421470186411,test
2025-03-14,-1.5347006593902548,-1.257435423732566,-0.2772652356576888,test
2025-03-17,-1.614849017827498,-1.292900134190368,-0.3219488836371298,test
2025-03-18,-1.5002587843920838,-1.5052741908740779,0.005015406481994056,test
2025-03-19,-1.5560712496118783,-1.5378129095433248,-0.018258340068553425,test
2025-03-20,-1.676420798754089,-1.454260516897432,-0.22216028185665682,test
2025-03-21,-1.675787895058344,-1.435605264112666,-0.24018263094567804,test
2025-03-24,-1.6647007126628453,-1.5050639799912444,-0.15963673267160083,test
2025-03-25,-1.6567400743944405,-1.4017649236550058,-0.25497515073943466,test
2025-03-26,-1.572334893292933,-1.5163067747049075,-0.05602811858802559,test
2025-03-27,-1.3485261456443607,-1.5955266885705925,0.24700054292623186,test
2025-03-28,-0.9951573312613874,-1.4827469410421101,0.48758960978072274,test
2025-03-31,-0.6474428593557577,-1.5145634124715643,0.8671205531158066,test
2025-04-01,-0.3394017002100561,-1.4757994838710313,1.1363977836609753,test
2025-04-02,-0.13599066519444758,-1.4940886914536136,1.358098026259166,test
2025-04-03,0.11757021946367144,-1.2825347529181075,1.400104972381779,test
2025-04-04,0.07594051838174568,-0.8587686562637027,0.9347091746454483,test
2025-04-07,0.2630871908303338,-0.7528542875036381,1.015941478333972,test
2025-04-08,0.19254565092973758,-0.611586314592447,0.8041319655221846,test
2025-04-09,0.17160731266885562,-0.6520225711302797,0.8236298837991354,test
2025-04-10,-0.06950324309953268,-0.31272602952777784,0.24322278642824516,test
2025-04-11,-0.2841678368538255,-0.42695980811673395,0.14279197126290843,test
2025-04-14,-0.952670414696432,-0.12300449761245255,-0.8296659170839794,test
2025-04-15,-1.015920485543219,-0.3726081476904295,-0.6433123378527894,test
2025-04-16,-1.0358775874576742,-0.4533024137942888,-0.5825751736633854,test
2025-04-17,-0.9077262849383528,-0.5334517593494947,-0.3742745255888581,test
2025-04-18,-0.9412019597963688,-0.6709997308840077,-0.2702022289123611,test
2025-04-21,-0.7392068828149023,-1.294860385567186,0.5556535027522838,test
2025-04-22,-0.8597482959801249,-0.8775892287769383,0.017840932796813425,test
2025-04-23,-0.9240798420090769,-0.9029435046659282,-0.02113633734314868,test
2025-04-24,-1.1444220722439735,-0.7056232868564063,-0.4387987853875672,test
2025-04-25,-1.13589957601998,-0.9081824530900687,-0.2277171229299112,test
2025-04-28,-1.056377325679768,-0.8438767403265681,-0.21250058535319982,test
2025-04-29,-1.1179630074705653,-0.859970928255441,-0.25799207921512435,test
2025-04-30,-1.1478660875806805,-0.8732002753725052,-0.2746658122081753,test
2025-05-01,-1.0893572522843147,-0.9546767496617797,-0.13468050262253495,test
2025-05-02,-1.0566118460303433,-0.9555574415879282,-0.10105440444241509,test
2025-05-05,-1.2183721353289227,-0.9001180156959041,-0.31825411963301864,test
2025-05-06,-1.0138571627708513,-1.0170075381015398,0.003150375330688515,test
2025-05-07,-1.0690766137146288,-1.0052753771986023,-0.06380123651602654,test
2025-05-08,-1.0837020475677046,-0.947426654561134,-0.13627539300657066,test
2025-05-09,-1.1523797232187674,-0.9630078383970939,-0.18937188482167344,test
2025-05-12,-1.1519708658426113,-1.1739927792755531,0.022021913432941798,test
2025-05-13,-1.336582983828085,-0.8919873728310268,-0.44459561099705813,test
2025-05-14,-1.3669192730170188,-1.1270309627986599,-0.23988831021835888,test
2025-05-15,-1.435511614755122,-1.0452973852289535,-0.39021422952616835,test
2025-05-16,-1.4158467822771699,-1.1587177919115355,-0.2571289903656344,test
2025-05-19,-1.2266644901425157,-1.2449815974203835,0.01831710727786784,test
2025-05-20,-1.3410571147719443,-1.2510259440734228,-0.09003117069852151,test
2025-05-21,-1.3501719944422457,-1.3073266414997993,-0.0428453529424464,test
2025-05-22,-1.41088754825586,-1.2696454843511975,-0.14124206390466254,test
2025-05-23,-1.3040509986241964,-1.278480354288972,-0.02557064433522438,test
2025-05-26,-1.4176007573829772,-1.1684593490497632,-0.24914140833321397,test
2025-05-27,-1.368807869230549,-1.3802319722659326,0.01142410303538366,test
2025-05-28,-1.3857296226019202,-1.3455692440662352,-0.04016037853568499,test
2025-05-29,-1.3854707959267327,-1.366495531778825,-0.018975264147907733,test
2025-05-30,-1.5023440976849254,-1.1858318170886637,-0.3165122805962617,test
2025-06-02,-1.5475321206769237,-1.3301594427128944,-0.21737267796402926,test
2025-06-03,-1.6374420723641585,-1.377229951814483,-0.26021212054967546,test
2025-06-04,-1.6092847210611705,-1.4195847851578165,-0.189699935903354,test
2025-06-05,-1.5580548940121377,-1.4361779634013274,-0.12187693061081029,test
2025-06-06,-1.520779161180577,-1.3911786104707207,-0.12960055070985632,test
2025-06-09,-1.3267427648382373,-1.471762723569626,0.14501995873138873,test
2025-06-10,-1.229840190116708,-1.581121328281935,0.351281138165227,test
2025-06-11,-1.1996810074657842,-1.5129863109164345,0.31330530345065033,test
2025-06-12,-1.1710924955289983,-1.6796314817373896,0.5085389862083913,test
2025-06-13,-1.31551273173262,-1.3928168564619678,0.07730412472934778,test
2025-06-16,-1.5744517834401428,-1.2102534914036456,-0.36419829203649723,test
2025-06-17,-1.4663511476133289,-1.345700539452836,-0.12065060816049278,test
2025-06-18,-1.4488488641763744,-1.3143655441716249,-0.1344833200047495,test
2025-06-19,-1.635286586309944,-1.3107389714160669,-0.32454761489387707,test
2025-06-20,-1.5510515615447438,-1.4029928366654685,-0.1480587248792753,test
2025-06-23,-1.4668107064697682,-1.54443389592892,0.07762318945915192,test
2025-06-24,-1.5897775083487318,-1.3722572346239008,-0.21752027372483096,test
2025-06-25,-1.614509642973856,-1.4142783963506114,-0.20023124662324454,test
2025-06-26,-1.5098398040339234,-1.6044777050662233,0.09463790103229996,test
2025-06-27,-1.3858260537366456,-1.4332998329948465,0.047473779258200954,test
2025-06-30,-1.585175093923339,-1.4322883363466448,-0.15288675757669434,test
