date,lnRV
2012-01-12,-1.4848567059934068
2012-01-13,-1.0757074245076044
2012-01-16,-1.5455618136064386
2012-01-17,-1.487149187358892
2012-01-18,-1.2580794923940233
2012-01-19,-1.6163274805138819
2012-01-20,-1.2679785794413105
2012-01-23,-1.3686651498702855
2012-01-24,-1.124607192301955
2012-01-25,-1.2500926246047523
2012-01-26,-1.4290333340751245
2012-01-27,-1.1048260196376738
2012-01-30,-1.636810167493413
2012-01-31,-1.3876863454840056
2012-02-01,-1.1134336664453002
2012-02-02,-1.1257431472492148
2012-02-03,-1.3933473335747468
2012-02-06,-1.417807573787879
2012-02-07,-1.4853555568104153
2012-02-08,-1.4556565758869855
2012-02-09,-1.2255753208372335
2012-02-10,-1.6480443618438256
2012-02-13,-1.8300111578734313
2012-02-14,-1.8094385879387573
2012-02-15,-1.4697367043553093
2012-02-16,-1.5486601498292971
2012-02-17,-1.8701169513676525
2012-02-20,-1.6271732311402507
2012-02-21,-1.182696195061371
2012-02-22,-1.1877458300531731
2012-02-23,-1.773927413956272
2012-02-24,-1.791851160833221
2012-02-27,-1.896055104510873
2012-02-28,-1.922175055236715
2012-02-29,-1.2023763581487992
2012-03-01,-1.8407074957684801
2012-03-02,-1.8942007086706132
2012-03-05,-1.5781816955991939
2012-03-06,-1.7939376692739242
2012-03-07,-2.257758829582238
2012-03-08,-1.7053750360749773
2012-03-09,-1.4889056863506156
2012-03-12,-1.6121168808769426
2012-03-13,-1.5474125464155242
2012-03-14,-1.6467438927889215
2012-03-15,-1.5561125505574827
2012-03-16,-1.6584420296317384
2012-03-19,-1.8981841967744226
2012-03-20,-1.8494505624123643
2012-03-21,-1.452383931293005
2012-03-22,-1.7898747783625004
2012-03-23,-1.9201380760057203
2012-03-26,-1.6859338288288135
2012-03-27,-1.9304364858046463
2012-03-28,-1.643881811854864
2012-03-29,-1.9657252824744942
2012-03-30,-1.555741582677272
2012-04-02,-1.7333907332421397
2012-04-03,-1.7728105001918175
2012-04-04,-1.5662148539942504
2012-04-05,-1.841285000312941
2012-04-06,-1.8325970256553936
2012-04-10,-1.6775921461501646
2012-04-11,-1.9686049828782377
2012-04-12,-1.9232467865768144
2012-04-13,-2.0017586871083126
2012-04-16,-1.546420238741783
2012-04-17,-2.0051327000165866
2012-04-18,-1.3444804337431602
2012-04-19,-1.8894638410184132
2012-04-20,-1.6140337493566652
2012-04-23,-2.2017466775601138
2012-04-24,-2.084147654426056
2012-04-25,-1.2575112210650354
2012-04-26,-2.136497430962296
2012-04-27,-1.545142927089816
2012-04-30,-2.2764184999180155
2012-05-01,-2.162176465803268
2012-05-02,-1.8754896533835568
2012-05-03,-2.0501189001132065
2012-05-04,-2.4881434735427184
2012-05-07,-1.752582103696229
2012-05-08,-2.159511991956203
2012-05-09,-1.8976919127180294
2012-05-10,-1.5503417663456514
2012-05-11,-2.0259625617880563
2012-05-14,-1.86303102485026
2012-05-15,-1.7024734344529244
2012-05-16,-1.1530285535670404
2012-05-17,-1.7895215205219288
2012-05-18,-1.629248072740538
2012-05-21,-1.7821607568684878
2012-05-22,-1.6529488835671442
2012-05-23,-1.324912235457443
2012-05-24,-1.4824497283465268
2012-05-25,-1.7018007197198708
2012-05-28,-1.7707847321991657
2012-05-29,-1.8344271254358804
2012-05-30,-1.5319927719593447
2012-05-31,-1.801729206797666
2012-06-01,-0.9473770110532651
2012-06-05,-1.8173403014429148
2012-06-06,-1.4101301980115082
2012-06-07,-1.0370605799527683
2012-06-08,-1.7295172284710683
2012-06-11,-1.4813037729657765
2012-06-12,-1.5463764818275116
2012-06-13,-1.704843917185921
2012-06-14,-1.5566857723988323
2012-06-15,-1.444445119112497
2012-06-18,-1.201964402958877
2012-06-19,-1.8156420753502263
2012-06-20,-1.389501706624494
2012-06-21,-1.5968603895139362
2012-06-22,-1.8829989966679201
2012-06-25,-2.1784472256228327
2012-06-26,-1.9244291761659897
2012-06-27,-2.451809469010857
2012-06-28,-1.882392532689304
2012-06-29,-0.6298295822147538
2012-07-02,-1.3160175006672612
2012-07-03,-1.9318850448829739
2012-07-04,-2.06543212019321
2012-07-05,-1.4006234444724472
2012-07-06,-2.1097286181588304
2012-07-09,-1.819116284502089
2012-07-10,-2.3657380107973585
2012-07-11,-2.142975875613326
2012-07-12,-2.04487741828765
2012-07-13,-1.4368256839520281
2012-07-16,-2.107588705007882
2012-07-17,-1.7142707483543755
2012-07-18,-1.719557119621776
2012-07-19,-1.9052282173515853
2012-07-20,-1.9309283052222714
2012-07-23,-1.8494929434580645
2012-07-24,-2.1204725861917186
2012-07-25,-1.0911696917848652
2012-07-26,-1.5198010815843992
2012-07-27,-0.952077028760857
2012-07-30,-1.840695049222976
2012-07-31,-1.7851413948304031
2012-08-01,-1.5249015958356418
2012-08-02,-0.6870267161038119
2012-08-03,-1.496570449444319
2012-08-06,-1.6510692295319849
2012-08-07,-2.261726434883947
2012-08-08,-1.466996385771645
2012-08-09,-1.9144526820545178
2012-08-10,-2.1597820670780377
2012-08-13,-2.3646780554218014
2012-08-14,-2.1215883695711146
2012-08-15,-1.923022176126242
2012-08-16,-2.2042991699411525
2012-08-17,-2.0930290505724916
2012-08-20,-2.2485026656489557
2012-08-21,-1.827776377170996
2012-08-22,-2.0192577252583086
2012-08-23,-2.0250321046641524
2012-08-24,-1.8060745645877794
2012-08-27,-2.525441814264219
2012-08-28,-2.217037371611578
2012-08-29,-2.552952424431741
2012-08-30,-2.444108289949557
2012-08-31,-1.8016705129954929
2012-09-03,-1.9906247042537741
2012-09-04,-2.15436502827464
2012-09-05,-2.1888776756156805
2012-09-06,-1.5508702977325988
2012-09-07,-1.5070004086609714
2012-09-10,-2.1284110682285218
2012-09-11,-2.0642135878805297
2012-09-12,-1.6376802145439273
2012-09-13,-1.822824732714734
2012-09-14,-1.6785967465247038
2012-09-17,-1.7415167186299285
2012-09-18,-1.968467088002828
2012-09-19,-2.0040416443135634
2012-09-20,-2.009219561752336
2012-09-21,-1.6810896185563209
2012-09-24,-1.8464265103718889
2012-09-25,-1.93845055075726
2012-09-26,-2.0403429470971837
2012-09-27,-1.726107200308903
2012-09-28,-1.6387668118102892
2012-10-01,-1.9738279513621402
2012-10-02,-2.336656295234367
2012-10-03,-1.9801357841777592
2012-10-04,-2.101008801060666
2012-10-05,-2.1370876960362533
2012-10-08,-2.047022358584887
2012-10-09,-2.198314611550977
2012-10-10,-2.2026062295371496
2012-10-11,-2.152550272889427
2012-10-12,-2.1489616985877675
2012-10-15,-2.4177099245434968
2012-10-16,-2.4034568426124583
2012-10-17,-1.8438590693121206
2012-10-18,-2.295083774763651
2012-10-19,-2.3070753584401977
2012-10-22,-2.244467332040259
2012-10-23,-2.421069528024615
2012-10-24,-2.0900921731855706
2012-10-25,-1.9094834672857803
2012-10-26,-2.2777156717494047
2012-10-29,-2.360814462428441
2012-10-30,-2.5208900954907234
2012-10-31,-2.6438517660499707
2012-11-01,-2.301543266002209
2012-11-02,-2.1587886608414824
2012-11-05,-2.2237151610520005
2012-11-06,-2.1317259517138147
2012-11-07,-1.6869478850996646
2012-11-08,-1.7637697638591356
2012-11-09,-2.179291116407645
2012-11-12,-2.501104322600831
2012-11-13,-1.9266120608855875
2012-11-14,-2.077600143051311
2012-11-15,-2.1872184551864917
2012-11-16,-2.323492831811665
2012-11-19,-2.3681568530066723
2012-11-20,-1.832054448140804
2012-11-21,-1.9720767489850937
2012-11-22,-2.1024068676881824
2012-11-23,-2.2718141175149746
2012-11-26,-2.2636168667145
2012-11-27,-1.798516380536345
2012-11-28,-2.4935952814528566
2012-11-29,-2.238517327825599
2012-11-30,-1.7940745205254465
2012-12-03,-2.396614521034085
2012-12-04,-2.415982172816713
2012-12-05,-2.5027609069558023
2012-12-06,-1.9780214611660263
2012-12-07,-1.7679684549707109
2012-12-10,-2.484701531006003
2012-12-11,-2.234879843974777
2012-12-12,-2.4759140087097604
2012-12-13,-1.8535153375609799
2012-12-14,-2.1149328787043378
2012-12-17,-2.043732526483104
2012-12-18,-2.626875966069358
2012-12-19,-2.3264730581436095
2012-12-20,-1.71955478896322
2012-12-21,-1.8192361626958675
2012-12-24,-2.5000873923142306
2012-12-25,-3.850083088848852
2012-12-26,-2.2243345510547097
2012-12-27,-1.8645598039061078
2012-12-28,-1.8977833946025549
2012-12-31,-1.1318687205540743
2013-01-02,-1.0082684631612613
2013-01-03,-1.6358789544340242
2013-01-04,-1.8402412460518907
2013-01-07,-2.0270399451728087
2013-01-08,-2.38793916778814
2013-01-09,-2.307413122049407
2013-01-10,-1.8455966085857944
2013-01-11,-1.7516529857160512
2013-01-14,-1.8611138685728004
2013-01-15,-1.4178166684795193
2013-01-16,-1.7720465185404786
2013-01-17,-1.8871239823551358
2013-01-18,-1.3601035274264441
2013-01-21,-2.0816049535212517
2013-01-22,-1.1522332983589496
2013-01-23,-1.685164241102225
2013-01-24,-1.4069904255305947
2013-01-25,-0.9316626669310198
2013-01-28,-1.6439281595028146
2013-01-29,-1.893512894776146
2013-01-30,-1.9507376836008603
2013-01-31,-1.6916489808772084
2013-02-01,-1.0526019104207747
2013-02-04,-1.4932911249977885
2013-02-05,-0.925281857148533
2013-02-06,-1.1295058077710431
2013-02-07,-0.3909601131177578
2013-02-08,-0.6622408532650143
2013-02-11,-1.268793458327266
2013-02-12,-1.029279933514752
2013-02-13,-0.8681745863465444
2013-02-14,-1.1959373465113146
2013-02-15,-0.7781532261362074
2013-02-18,-1.7194426228057114
2013-02-19,-1.6549061502177433
2013-02-20,-0.49182516991133307
2013-02-21,-0.7403693721082729
2013-02-22,-0.742351186590525
2013-02-25,-0.2760185565179837
2013-02-26,-0.5220090647082775
2013-02-28,-1.2300047373363547
2013-03-01,-0.7231059827520413
2013-03-04,-1.4332861303147606
2013-03-05,-1.404931557331212
2013-03-06,-1.9004614562528923
2013-03-07,-0.7911239402111961
2013-03-08,-1.0730325376785232
2013-03-11,-1.8105001773501344
2013-03-12,-1.0523276722088075
2013-03-13,-1.548485883750092
2013-03-14,-1.4906349150072886
2013-03-15,-1.4671620754215655
2013-03-18,-1.0407331406824645
2013-03-19,-0.7063398836488558
2013-03-20,-0.435284362088214
2013-03-21,-1.1794544816097454
2013-03-22,-1.4392872188663763
2013-03-25,-0.8374206025816914
2013-03-26,-1.4384247788558946
2013-03-27,-1.7275358523499567
2013-03-28,-1.3194354495870033
2013-03-29,-1.8799025919593433
2013-04-01,-2.120967376362309
2013-04-02,-1.7510524962971652
2013-04-03,-2.0847588489640834
2013-04-04,-0.8531417677208137
2013-04-05,-1.4883662960918085
2013-04-08,-1.6159540743567737
2013-04-09,-1.4583697285268753
2013-04-10,-1.6431406817296814
2013-04-11,-1.9749218607201304
2013-04-12,-1.7824458171469768
2013-04-15,-1.8702294158910129
2013-04-16,-1.4708544097416252
2013-04-17,-1.1351171728373057
2013-04-18,-1.7627373697872688
2013-04-19,-1.4432854448487233
2013-04-22,-1.904110179801766
2013-04-23,-1.217453610667919
2013-04-24,-1.5860805925555517
2013-04-25,-0.5009622284100248
2013-04-26,-1.7386344040174444
2013-04-29,-1.8922426950516353
2013-04-30,-1.6738510295449271
2013-05-01,-1.7131419286231229
2013-05-02,-0.8396939895572139
2013-05-03,-1.1655297075137543
2013-05-06,-2.1104294527857594
2013-05-07,-1.8566122891917745
2013-05-08,-2.0425658051796285
2013-05-09,-1.7666407797398909
2013-05-10,-1.6129388297839264
2013-05-13,-1.8471616297193123
2013-05-14,-1.5333786674555203
2013-05-15,-1.4730748617895217
2013-05-16,-1.8108206820628001
2013-05-17,-1.964073352454751
2013-05-20,-2.232166582478783
2013-05-21,-1.8991308932781785
2013-05-22,-1.0581063142869334
2013-05-23,-1.4737128694097228
2013-05-24,-1.7159846066537119
2013-05-27,-2.8326951733077803
2013-05-28,-2.4060125919897524
2013-05-29,-1.7439638769000891
2013-05-30,-2.1165864596561352
2013-05-31,-1.6332290340306772
2013-06-03,-1.736074977314333
2013-06-04,-2.1031100046813447
2013-06-05,-1.909850598885838
2013-06-06,-1.4653445825588898
2013-06-07,-1.3677946056908348
2013-06-10,-1.9911365096870492
2013-06-11,-1.7048314426093756
2013-06-12,-1.8956288404247963
2013-06-13,-1.5118580938037929
2013-06-14,-1.7495230371348722
2013-06-17,-2.3922847780808025
2013-06-18,-1.5724045908749373
2013-06-19,-1.5549938518929682
2013-06-20,-1.4155599956270863
2013-06-21,-1.6844823539936222
2013-06-24,-1.4481367884752685
2013-06-25,-1.6537637751427738
2013-06-26,-2.1193182120456147
2013-06-27,-1.4720776889931444
2013-06-28,-1.4844258357791198
2013-07-01,-1.5487120775508487
2013-07-02,-2.062149065922664
2013-07-03,-1.1462053233670366
2013-07-04,-0.0944516784255161
2013-07-05,-1.527918838343443
2013-07-08,-2.281946809582617
2013-07-09,-1.0268075490240358
2013-07-10,-1.4689399060875552
2013-07-11,-0.6453502932414653
2013-07-12,-1.722047018095044
2013-07-15,-1.9895457473321767
2013-07-16,-1.3628640848442388
2013-07-17,-0.5361079845396134
2013-07-18,-1.73876586304893
2013-07-19,-2.283235075343762
2013-07-22,-2.178142438022076
2013-07-23,-2.430336061450587
2013-07-24,-2.076862705926835
2013-07-25,-1.7243455155840117
2013-07-26,-2.2293957199289194
2013-07-29,-2.465317228108337
2013-07-30,-2.225161905669208
2013-07-31,-1.6313011508883815
2013-08-01,-0.8931821693839493
2013-08-02,-1.7330428411906964
2013-08-05,-1.9090665925684287
2013-08-06,-2.194499328681958
2013-08-07,-0.2995336363817699
2013-08-08,-2.188163438594071
2013-08-09,-2.3124609457019973
2013-08-12,-2.396545915209352
2013-08-13,-1.8444384876383073
2013-08-14,-1.7137242492309783
2013-08-15,-1.4532634549422745
2013-08-16,-2.3006362570725303
2013-08-19,-2.249948757885659
2013-08-20,-2.2139156352666287
2013-08-21,-1.9866410354759632
2013-08-22,-1.8212407805425719
2013-08-23,-1.8504825829552995
2013-08-26,-2.9174608878015356
2013-08-27,-2.1473143595256268
2013-08-28,-1.4540717055936068
2013-08-29,-2.3382205326716163
2013-08-30,-2.2469023476430285
2013-09-02,-1.7207463712934938
2013-09-03,-2.13326316616417
2013-09-04,-2.379718527948624
2013-09-05,-1.6318839440379556
2013-09-06,-1.6510263574326947
2013-09-09,-2.496195021845251
2013-09-10,-2.491935349709779
2013-09-11,-1.6382310707087266
2013-09-12,-2.2324614838080423
2013-09-13,-2.1046775753326394
2013-09-16,-2.0627217801862936
2013-09-17,-1.846174757202969
2013-09-18,-1.7737192108021411
2013-09-19,-1.189193725314636
2013-09-20,-2.317220487995482
2013-09-23,-1.9204875784641833
2013-09-24,-2.393204198039378
2013-09-25,-2.499056859337354
2013-09-26,-2.1174531500392937
2013-09-27,-1.9027456014247095
2013-09-30,-1.7042135182072524
2013-10-01,-2.078442685816354
2013-10-02,-1.9068459514211962
2013-10-03,-1.8067887167178458
2013-10-04,-2.021569560306445
2013-10-07,-2.612758747754299
2013-10-08,-2.158529572978221
2013-10-09,-1.5169370852449926
2013-10-10,-2.394467150177845
2013-10-11,-2.585475827005062
2013-10-14,-2.809745420080747
2013-10-15,-2.225582394164413
2013-10-16,-2.0446743464649924
2013-10-17,-2.089522236675356
2013-10-18,-2.6045728865996374
2013-10-21,-2.8126536560072526
2013-10-22,-2.2437555185613856
2013-10-23,-2.0030640183640007
2013-10-24,-2.105375684321105
2013-10-25,-2.2560912422150827
2013-10-28,-2.7687328387640275
2013-10-29,-1.9115041414440592
2013-10-30,-2.5006733205394993
2013-10-31,-1.8324103422996327
2013-11-01,-2.0761557758534237
2013-11-04,-2.2788635612112538
2013-11-05,-1.8143285195245928
2013-11-06,-1.967147823534408
2013-11-07,0.05191080345905115
2013-11-08,-1.9370678408506399
2013-11-11,-2.359199954735557
2013-11-12,-1.6227795122274595
2013-11-13,-1.1937779019430612
2013-11-14,-1.6205698186265245
2013-11-15,-2.0039439531033034
2013-11-18,-2.36523778013619
2013-11-19,-2.215529780725345
2013-11-20,-1.059731242928875
2013-11-21,-1.73215162096531
2013-11-22,-2.220311393545971
2013-11-25,-2.4021587573637437
2013-11-26,-2.0023312766849095
2013-11-27,-1.9559307602209106
2013-11-28,-1.7079158352814694
2013-11-29,-1.7078590126947004
2013-12-02,-1.7508828595858004
2013-12-03,-2.28350085630379
2013-12-04,-1.7173429340296866
2013-12-05,-1.2548385046306068
2013-12-06,-1.9147506925202673
2013-12-09,-2.611163978958136
2013-12-10,-2.340281457585868
2013-12-11,-2.001643178859651
2013-12-12,-2.008283018866212
2013-12-13,-2.18757217882031
2013-12-16,-2.056602619703483
2013-12-17,-2.132898631102764
2013-12-18,-1.4578620704879093
2013-12-19,-1.702788372047582
2013-12-20,-1.6608674792996523
2013-12-23,-2.328342502893803
2013-12-24,-2.039585774378668
2013-12-25,-2.2128364174386888
2013-12-26,-2.2928056428094115
2013-12-27,-1.594628951577522
2013-12-30,-2.134603654839097
2013-12-31,-1.4336725466399642
2014-01-02,-1.4836321874976126
2014-01-03,-2.094255364636525
2014-01-06,-1.7135784688971247
2014-01-07,-2.111517747564988
2014-01-08,-2.1395724006703785
2014-01-09,-1.5949437155572783
2014-01-10,-1.6629377598832942
2014-01-13,-1.9605272534906169
2014-01-14,-1.723018274824391
2014-01-15,-1.916646978825494
2014-01-16,-2.027983887647079
2014-01-17,-0.6658792156127886
2014-01-20,-2.1930333255859553
2014-01-21,-2.0526389435773593
2014-01-22,-1.5088505463043558
2014-01-23,-1.8499235637330467
2014-01-24,-1.1030297599667727
2014-01-27,-1.6569578907937883
2014-01-28,-1.6732922867791145
2014-01-29,-1.9295524800896755
2014-01-30,-1.8253058667248956
2014-01-31,-1.5738984681111803
2014-02-03,-1.3969129106074885
2014-02-04,-1.0856600164841843
2014-02-05,-1.7529936241907176
2014-02-06,-1.200421474444662
2014-02-07,-1.511172007913259
2014-02-10,-2.2550364546225894
2014-02-11,-1.9246870553096693
2014-02-12,-1.1745502234130176
2014-02-13,-1.706075538925882
2014-02-14,-2.0979911542667327
2014-02-17,-2.017018984700185
2014-02-18,-1.9118647769135855
2014-02-19,-1.4243878110274837
2014-02-20,-1.813106920722233
2014-02-21,-1.5698927012877015
2014-02-24,-1.6864494339312828
2014-02-25,-2.0257499932612064
2014-02-26,-2.097863447231763
2014-02-27,-2.4099956795316846
2014-02-28,-1.3012745877283272
2014-03-03,-1.670870462380468
2014-03-04,-2.1935430431374727
2014-03-05,-1.8508086145637426
2014-03-06,-1.7167752425411833
2014-03-07,-2.2036638002162654
2014-03-10,-2.0113367193430687
2014-03-11,-2.4432656127258983
2014-03-12,-2.3171343760858454
2014-03-13,-1.7462406686119845
2014-03-14,-2.2315778097995365
2014-03-17,-2.5540563980528317
2014-03-18,-2.205836095104548
2014-03-19,-2.2964731058503443
2014-03-20,-2.3537761212297696
2014-03-21,-2.3757750639015884
2014-03-24,-2.0680041761602097
2014-03-25,-2.282486030949635
2014-03-26,-2.377076021581484
2014-03-27,-1.4814064535416098
2014-03-28,-2.054783901910866
2014-03-31,-1.7683067882450254
2014-04-01,-2.296089219856114
2014-04-02,-2.518645941397147
2014-04-03,-1.6348077982353253
2014-04-04,-2.1564554984723205
2014-04-07,-2.718795443855536
2014-04-08,-2.0518546596376224
2014-04-09,-2.509219351041071
2014-04-10,-2.748459405833498
2014-04-11,-2.765912260920337
2014-04-14,-2.844291043855176
2014-04-15,-1.456112520615381
2014-04-16,-2.1646765473893494
2014-04-17,-2.6259641950944967
2014-04-18,-3.1055808472493576
2014-04-21,-3.374946145532907
2014-04-22,-2.9490688632318407
2014-04-23,-2.436632739363031
2014-04-24,-2.5909716686062683
2014-04-25,-2.9452015643937
2014-04-28,-2.545695807223319
2014-04-29,-1.9266845342569356
2014-04-30,-2.306865999409164
2014-05-01,-2.825817961442587
2014-05-02,-2.936162398998873
2014-05-05,-3.561488464581315
2014-05-06,-3.004379034506746
2014-05-07,-3.060570527803883
2014-05-08,-1.2997083511710146
2014-05-09,-2.54414515739163
2014-05-12,-3.108300437579601
2014-05-13,-2.4360337838989663
2014-05-14,-1.818249504162945
2014-05-15,-2.3452726495910468
2014-05-16,-2.6284640923534703
2014-05-19,-3.0483140819203807
2014-05-20,-2.6252271441380026
2014-05-21,-1.8378604440735402
2014-05-22,-2.1132521491553997
2014-05-23,-2.741674862883535
2014-05-26,-3.491051576576932
2014-05-27,-2.647241972739817
2014-05-28,-2.8616622350277265
2014-05-29,-2.623389364674391
2014-05-30,-2.7843880328878154
2014-06-02,-2.3878385086522758
2014-06-03,-2.411397673258389
2014-06-04,-2.7062007196857634
2014-06-05,-1.393080025713362
2014-06-06,-2.397520138599025
2014-06-09,-3.0202877406252218
2014-06-10,-2.414850128562165
2014-06-11,-2.3672623070360497
2014-06-12,-1.452738211921149
2014-06-13,-2.076429065714722
2014-06-16,-2.4097148579617538
2014-06-17,-2.1329651214593923
2014-06-18,-2.0794950647470727
2014-06-19,-2.6553648367450884
2014-06-20,-2.7793858480584896
2014-06-23,-2.8274934295610823
2014-06-24,-2.26749883199727
2014-06-25,-2.8648489266832065
2014-06-26,-1.9963313549498651
2014-06-27,-2.8569374223396666
2014-06-30,-2.4382691102211953
2014-07-01,-2.5187803723359146
2014-07-02,-2.6369146977233493
2014-07-03,-2.280823425597337
2014-07-04,-3.264617298149511
2014-07-07,-2.897978497925116
2014-07-08,-2.079082900644448
2014-07-09,-2.998034695414906
2014-07-10,-2.4482556661358763
2014-07-11,-2.9648187026977397
2014-07-14,-2.7637194131323817
2014-07-15,-1.5228398443318996
2014-07-16,-2.946407622351326
2014-07-17,-3.0010104997626
2014-07-18,-2.4567060672000727
2014-07-21,-3.0080023991899094
2014-07-22,-2.69535925848299
2014-07-23,-2.7049252542118127
2014-07-24,-2.3597785013059953
2014-07-25,-2.948160667608372
2014-07-28,-3.2574359810317772
2014-07-29,-2.9412707541524004
2014-07-30,-3.0647052170554177
2014-07-31,-2.7321457261257853
2014-08-01,-2.187287291129515
2014-08-04,-3.2093331673858576
2014-08-05,-2.2789886999746085
2014-08-06,-2.6187561925376706
2014-08-07,-2.3764744077623825
2014-08-08,-2.3543066093089777
2014-08-11,-3.282759721311474
2014-08-12,-2.9916246077206505
2014-08-13,-1.0483279078888978
2014-08-14,-2.3832114399820825
2014-08-15,-2.5219687895743497
2014-08-18,-3.049418599085065
2014-08-19,-2.0065546457613546
2014-08-20,-1.9071178909827375
2014-08-21,-2.5242769175830286
2014-08-22,-2.6309302934244876
2014-08-25,-2.7532354234910468
2014-08-26,-2.8621002278752794
2014-08-27,-2.5867077337412123
2014-08-28,-2.6283233257833256
2014-08-29,-2.3552844978225562
2014-09-01,-2.7951472568304685
2014-09-02,-2.5770177869747015
2014-09-03,-2.3063210510885126
2014-09-04,-0.5797911894787989
2014-09-05,-2.4840783710415457
2014-09-08,-1.5776488295244597
2014-09-09,-1.756177752071707
2014-09-10,-0.8295132391135053
2014-09-11,-1.6991653339660568
2014-09-12,-1.9596658064064747
2014-09-15,-2.2333589539308893
2014-09-16,-1.5445547689160966
2014-09-17,-1.4837118115682162
2014-09-18,-0.7921270540833592
2014-09-19,-0.4800101077260783
2014-09-22,-1.9134924531725443
2014-09-23,-1.9910549392011139
2014-09-24,-2.2109857357949982
2014-09-25,-1.5315560401076533
2014-09-26,-2.322686287771721
2014-09-29,-2.0976202416409895
2014-09-30,-1.7766688631208678
2014-10-01,-2.0592363265171634
2014-10-02,-1.8398377379679722
2014-10-03,-1.9072179333635366
2014-10-06,-2.3205747710019144
2014-10-07,-1.9149834561035597
2014-10-08,-1.8140721862463491
2014-10-09,-1.6697193656503393
2014-10-10,-2.172381278355411
2014-10-13,-1.7998427431281436
2014-10-14,-1.3693512338599965
2014-10-15,-0.866683401824814
2014-10-16,-0.9374635989052863
2014-10-17,-1.4254989622505505
2014-10-20,-2.0140952097046916
2014-10-21,-1.5651907881359675
2014-10-22,-1.8013452344281762
2014-10-23,-1.7661764323804667
2014-10-24,-2.2490782345023272
2014-10-27,-2.401059205294767
2014-10-28,-2.4875970399855953
2014-10-29,-2.4051524226391017
2014-10-30,-2.023141178844627
2014-10-31,-1.3874640694075921
2014-11-03,-1.5118593903161537
2014-11-04,-2.0506792990651923
2014-11-05,-1.6354936610139261
2014-11-06,-0.9804632380499761
2014-11-07,-1.8206566390735652
2014-11-10,-2.282087808646479
2014-11-11,-2.3936140209254724
2014-11-12,-0.9461817096436996
2014-11-13,-2.102535925649154
2014-11-14,-1.5434391931590346
2014-11-17,-1.9961074174555302
2014-11-18,-1.6814351725015912
2014-11-19,-1.6754701966361027
2014-11-20,-1.4743952039991008
2014-11-21,-1.5859786096539914
2014-11-24,-2.012700823740828
2014-11-25,-1.9774936805716754
2014-11-26,-1.72089823573192
2014-11-27,-2.133977575630431
2014-11-28,-1.9127456021458638
2014-12-01,-1.9264958925749336
2014-12-02,-2.199293699906547
2014-12-03,-1.8715498035439635
2014-12-04,-0.8888898857836726
2014-12-05,-1.6878022586250394
2014-12-08,-2.1677242901709093
2014-12-09,-1.8050642976137163
2014-12-10,-1.7727001987402835
2014-12-11,-1.3434359896348866
2014-12-12,-1.5292881186967118
2014-12-15,-1.6824329162130929
2014-12-16,-1.136631254644816
2014-12-17,-1.0106167154545194
2014-12-18,-1.316448757578374
2014-12-19,-1.5635365574377489
2014-12-22,-1.85792960531998
2014-12-23,-1.304777646795546
2014-12-24,-1.8584856998544952
2014-12-26,-2.7430460412705435
2014-12-29,-1.5886908032710831
2014-12-30,-1.8930535469759422
2014-12-31,-1.5985127934071697
2015-01-02,-1.4645123117377024
2015-01-05,-1.0464668955342207
2015-01-06,-1.3968439542054016
2015-01-07,-1.494084993368873
2015-01-08,-1.7004652657187516
2015-01-09,-1.7623689090670465
2015-01-12,-1.8206030194998661
2015-01-13,-1.472148167429153
2015-01-14,-1.361654140984987
2015-01-15,0.4415813738770232
2015-01-16,-0.6721402128312188
2015-01-19,-1.2817419293630858
2015-01-20,-1.3328634943382667
2015-01-21,-0.08725658439690157
2015-01-22,0.08478889363720245
2015-01-23,0.3609491796762022
2015-01-26,-0.5097748889872028
2015-01-27,-0.4908444470452469
2015-01-28,-1.0280424320984314
2015-01-29,-0.957802761928368
2015-01-30,-0.5406650071573783
2015-02-02,-0.49145964734426384
2015-02-03,-0.9183230195208828
2015-02-04,-0.8910313091103889
2015-02-05,-0.7056686292254761
2015-02-06,-1.2882951739833253
2015-02-09,-1.6380821007245439
2015-02-10,-1.248285822771919
2015-02-11,-1.277614121122273
2015-02-12,-0.6727539326522567
2015-02-13,-1.6110464276496064
2015-02-16,-1.3776861799715292
2015-02-17,-1.1598260357814085
2015-02-18,-1.118543314048083
2015-02-19,-1.3688971600903934
2015-02-20,-0.8996635431782116
2015-02-23,-1.3488571688587712
2015-02-24,-1.5816230098893085
2015-02-25,-1.7358797953843388
2015-02-26,-1.4787747846349968
2015-02-27,-1.4866427835416998
2015-03-02,-1.8980788119130407
2015-03-03,-2.0772902970959493
2015-03-04,-1.5721714077480502
2015-03-05,-0.9103840828932089
2015-03-06,-0.8654826957128234
2015-03-09,-1.6264142669304382
2015-03-10,-0.9274937733207246
2015-03-11,-0.7509557717529064
2015-03-12,-0.4688790539982984
2015-03-13,-0.9246131446179362
2015-03-16,-1.1341180604899703
2015-03-17,-1.2394983106926885
2015-03-18,0.22710793220928097
2015-03-19,-0.08534469652045282
2015-03-20,-0.9684151351814073
2015-03-23,-0.8410780261537175
2015-03-24,-1.0497876664597727
2015-03-25,-1.4788891362394176
2015-03-26,-1.181931059515017
2015-03-27,-0.9061568285814925
2015-03-30,-0.9038523668160386
2015-03-31,-1.1066719877897193
2015-04-01,-1.0590807435658482
2015-04-02,-1.3069845787725747
2015-04-03,-0.5511108699128948
2015-04-06,-1.6938700212923639
2015-04-07,-1.5463824751446165
2015-04-08,-1.4320737454249468
2015-04-09,-1.4204558486503265
2015-04-10,-1.3225979435158148
2015-04-13,-1.187046665656807
2015-04-14,-1.0566175272500493
2015-04-15,-1.0067050537003124
2015-04-16,-0.7415567294171275
2015-04-17,-0.874432119630703
2015-04-20,-1.489161270559574
2015-04-21,-1.5210305666174628
2015-04-22,-1.2078350361346155
2015-04-23,-1.0161144706183203
2015-04-24,-0.9484149783257184
2015-04-27,-1.6684919293687888
2015-04-28,-1.0880963280047362
2015-04-29,-0.8518555320150427
2015-04-30,-0.4990682910099006
2015-05-01,-0.6777885247213372
2015-05-04,-1.3620739380925095
2015-05-05,-0.8638655780292903
2015-05-06,-0.7375000505606492
2015-05-07,-0.941457614673744
2015-05-08,0.09575848990568142
2015-05-11,-0.7399770000874615
2015-05-12,-0.8099209475934344
2015-05-13,-0.48948012783599576
2015-05-14,-1.1591725915280917
2015-05-15,-1.0837484836945195
2015-05-18,-1.1207625093019737
2015-05-19,-0.2901635045157401
2015-05-20,-0.811644145288431
2015-05-21,-0.8824959385685408
2015-05-22,-0.8872557682413889
2015-05-25,-1.7983270747640572
2015-05-26,-1.3433377726425704
2015-05-27,-1.1923488474337247
2015-05-28,-1.062010166081858
2015-05-29,-1.0433144327036865
2015-06-01,-1.2358110057357148
2015-06-02,-0.7652040939478171
2015-06-03,-0.20330881756369978
2015-06-04,-0.7828904876567133
2015-06-05,-0.24187437533347597
2015-06-08,-0.9231016588799487
2015-06-09,-0.9423063883049956
2015-06-10,-0.6457808940341843
2015-06-11,-1.1947754820850602
2015-06-12,-0.8720086330112644
2015-06-15,-1.2814146377515825
2015-06-16,-1.4318574752280826
2015-06-17,-0.9552726078012655
2015-06-18,-0.7125046220025926
2015-06-19,-1.421510874585165
2015-06-22,-1.230868204715739
2015-06-23,-1.2071111672258354
2015-06-24,-1.310340494813945
2015-06-25,-1.40824074893143
2015-06-26,-1.1392030841999465
2015-06-29,0.2248796531726156
2015-06-30,-0.8229223504219231
2015-07-01,-0.5973417244787514
2015-07-02,-1.409466036860669
2015-07-03,-1.2118453646047922
2015-07-06,-0.764953767481402
2015-07-07,-0.9144224714549753
2015-07-08,-0.7597608203711984
2015-07-09,-1.0191140352173766
2015-07-10,-0.7714780662447474
2015-07-13,-0.2954970380933586
2015-07-14,-0.6987350084889591
2015-07-15,-0.6781496845955369
2015-07-16,-0.9066578238800977
2015-07-17,-1.4220094875450375
2015-07-20,-1.6444386140724405
2015-07-21,-1.2834790730545522
2015-07-22,-1.4519571130242943
2015-07-23,-0.5416563319734147
2015-07-24,-1.2344945879553575
2015-07-27,-0.8714096254011269
2015-07-28,-1.295703979954174
2015-07-29,-1.302995321963932
2015-07-30,-1.4520271537914362
2015-07-31,-0.581711205723369
2015-08-03,-1.6990945481320927
2015-08-04,-1.4090205429625222
2015-08-05,-1.3305100102559486
2015-08-06,-0.485335578478005
2015-08-07,-0.889569052490409
2015-08-10,-1.3259420455065143
2015-08-11,-1.1959810895284784
2015-08-12,-0.8685457000346978
2015-08-13,-1.1189284932668728
2015-08-14,-1.6258951546305371
2015-08-17,-1.4494410795789223
2015-08-18,-0.9623136327450103
2015-08-19,-1.2800913046738756
2015-08-20,-0.9808760136437293
2015-08-21,-0.8749265990023847
2015-08-24,0.6745040865823254
2015-08-25,0.08368553524037112
2015-08-26,-0.0650560789930507
2015-08-27,-0.6135204762174289
2015-08-28,-0.5993263028776034
2015-08-31,-0.8923711607562993
2015-09-01,-0.3630127441305038
2015-09-02,-0.5890695432164039
2015-09-03,-0.4337621010281823
2015-09-04,-0.5925911823113255
2015-09-07,-1.08260504532531
2015-09-08,-1.148871724634232
2015-09-09,-1.0326573803897774
2015-09-10,-0.6820053096465538
2015-09-11,-0.9913573348875375
2015-09-14,-1.3398451508393212
2015-09-15,-1.4247417489127283
2015-09-16,-0.9235387446599861
2015-09-17,-0.874104021055528
2015-09-18,-0.7658735425328848
2015-09-21,-1.1667260116822882
2015-09-22,-1.1433914737123925
2015-09-23,-0.47285452947504913
2015-09-24,-0.6966532965710424
2015-09-25,-0.640599267106382
2015-09-28,-0.9683019326838279
2015-09-29,-0.82129856957889
2015-09-30,-0.9738323388465769
2015-10-01,-1.35951151015891
2015-10-02,-0.06638176664437256
2015-10-05,-1.12260191841441
2015-10-06,-1.5110236373291819
2015-10-07,-1.2094139915030482
2015-10-08,-1.205314627702866
2015-10-09,-0.9000177445520837
2015-10-12,-2.001821996831511
2015-10-13,-1.0204738702019087
2015-10-14,-1.1495662693039055
2015-10-15,-0.888898136244543
2015-10-16,-1.4181531252108641
2015-10-19,-1.7242902079839313
2015-10-20,-1.6934336961167116
2015-10-21,-1.795141644194876
2015-10-22,-0.6997994168877675
2015-10-23,-0.7746310464052855
2015-10-26,-1.5016860077336902
2015-10-27,-1.4230220246737755
2015-10-28,-0.6780549391665778
2015-10-29,-1.296619825490488
2015-10-30,-0.9863869609203664
2015-11-02,-1.1374870647480766
2015-11-03,-1.513035001882656
2015-11-04,-1.31725471606511
2015-11-05,-0.5419329431826484
2015-11-06,-0.8528688937911145
2015-11-09,-1.395658519144844
2015-11-10,-1.5696522004808258
2015-11-11,-1.0234598554022283
2015-11-12,-0.7524410593992894
2015-11-13,-1.2683947844184826
2015-11-16,-1.194390260639406
2015-11-17,-1.554668011848532
2015-11-18,-1.6311947494871317
2015-11-19,-1.2584147491658793
2015-11-20,-1.788453170068615
2015-11-23,-1.5499290396591703
2015-11-24,-1.3811656141425284
2015-11-25,-1.2524135432780565
2015-11-26,-2.059100505556334
2015-11-27,-1.8040468720571992
2015-11-30,-1.6952586801800429
2015-12-01,-1.765526320570885
2015-12-02,-1.2614697945180882
2015-12-03,0.8030120267420663
2015-12-04,-0.714447763332176
2015-12-07,-1.3444938938392632
2015-12-08,-1.2521748219172169
2015-12-09,-1.2162815631093205
2015-12-10,-1.1273842417576794
2015-12-11,-0.9027412463447758
2015-12-14,-0.9865445654782625
2015-12-15,-0.9151647744252227
2015-12-16,-0.8620150982823584
2015-12-17,-0.9433336173878238
2015-12-18,-1.2106468104890793
2015-12-21,-1.3152355599368277
2015-12-22,-1.339702768225267
2015-12-23,-1.2515123966464021
2015-12-24,-1.5116315122915391
2015-12-28,-1.540570669128475
2015-12-29,-1.5874169865231016
2015-12-30,-1.5171582507516497
2015-12-31,-1.081850870163063
2016-01-04,-0.8220497398292946
2016-01-05,-1.364200681063049
2016-01-06,-1.2348379144775672
2016-01-07,-0.5666870867505893
2016-01-08,-0.36267817062109603
2016-01-11,-0.27735883843858594
2016-01-12,-0.5398923631627727
2016-01-13,-0.7010681189063674
2016-01-14,-0.4035338834646501
2016-01-15,-0.22071052459340906
2016-01-18,-1.0161247838272476
2016-01-19,-0.36643692499464503
2016-01-20,-0.2701218821719218
2016-01-21,0.17807481514310586
2016-01-22,-0.6014335679701639
2016-01-25,-0.9016059634483297
2016-01-26,-0.44614771980455403
2016-01-27,-0.10677459012982313
2016-01-28,-0.3376665980895621
2016-01-29,-0.23161609475376865
2016-02-01,-0.6027906529017734
2016-02-02,-0.6510346141259352
2016-02-03,-0.3723449230615583
2016-02-04,-0.2412893626166193
2016-02-05,-0.7068996495746143
2016-02-08,-0.7866800199911173
2016-02-09,-0.21228866191901782
2016-02-10,-0.16511981073697415
2016-02-11,0.26583925596595387
2016-02-12,-0.4230557550859742
2016-02-15,-0.8975956746194959
2016-02-16,-0.6229132730817004
2016-02-17,-0.4378924833103775
2016-02-18,-0.7252663802930911
2016-02-19,-0.5753160501913471
2016-02-22,-0.5720102708014129
2016-02-23,-0.6618403235653428
2016-02-24,-0.7448745516834565
2016-02-25,-0.8719615357285427
2016-02-26,-0.587934297993288
2016-02-29,-0.9084467030390595
2016-03-01,-0.47305657165631365
2016-03-02,-1.0779964820982166
2016-03-03,-1.06859009087008
2016-03-04,-0.6975408864635448
2016-03-07,-1.4518378917136643
2016-03-08,-1.1004807694551524
2016-03-09,-1.5324366644237621
2016-03-10,0.47297527413515505
2016-03-11,-0.8294231436602789
2016-03-14,-1.4734677707618555
2016-03-15,-1.1976150472796743
2016-03-16,-0.8319450836754287
2016-03-17,-0.4555922842823199
2016-03-18,-1.3409999207793908
2016-03-21,-1.3669866598464124
2016-03-22,-0.8955006675893569
2016-03-23,-1.3810019978154713
2016-03-24,-1.2481156699374452
2016-03-25,-1.6143558370562154
2016-03-28,-1.8919821778983346
2016-03-29,-1.3295629660889394
2016-03-30,-1.4204648695369053
2016-03-31,-1.0325966747166697
2016-04-01,-0.8425091200602085
2016-04-04,-1.420682192629091
2016-04-05,-1.329008489749675
2016-04-06,-1.1307877490260345
2016-04-07,-0.9318177888850763
2016-04-08,-1.1379824676747359
2016-04-11,-0.8584405968999125
2016-04-12,-1.007784377832527
2016-04-13,-1.1000862705642676
2016-04-14,-1.417132933353992
2016-04-15,-1.563602439771722
2016-04-18,-1.2976918576670238
2016-04-19,-1.3535096139676694
2016-04-20,-1.4802506068809673
2016-04-21,-0.8637825910939751
2016-04-22,-1.1497041088578517
2016-04-25,-1.2154903898722988
2016-04-26,-1.5879881528747277
2016-04-27,-1.3028058833179987
2016-04-28,-1.299804709077728
2016-04-29,-1.0240783518727061
2016-05-02,-1.6765174314983606
2016-05-03,-1.4821573029627733
2016-05-04,-1.267374894787421
2016-05-05,-1.3959568813981398
2016-05-06,-1.2832726053215393
2016-05-09,-1.0739061466730715
2016-05-10,-1.6208820521817757
2016-05-11,-1.6897677919983545
2016-05-12,-1.2918432558804631
2016-05-13,-1.6692827578790523
2016-05-16,-2.0143605847449466
2016-05-17,-1.1158010247094643
2016-05-18,-0.9963117831808335
2016-05-19,-1.3112015826145194
2016-05-20,-1.6299773750825215
2016-05-23,-1.5028942558885563
2016-05-24,-0.9129731291777902
2016-05-25,-1.1877106969822426
2016-05-26,-1.3408867377602902
2016-05-27,-1.5451954318523031
2016-05-30,-1.8291439597706245
2016-05-31,-0.576042951600369
2016-06-01,-0.85850318899853
2016-06-02,-0.8970487612332
2016-06-03,-0.7070278259473926
2016-06-06,-0.3999693934747116
2016-06-07,-0.16436305034081666
2016-06-08,-1.0239198023168656
2016-06-09,-1.1337698878866451
2016-06-10,-0.47147453277701273
2016-06-13,-0.19170111955905167
2016-06-14,-0.644635752936561
2016-06-15,-0.8620630773063308
2016-06-16,-0.4732054113061587
2016-06-17,-0.4809067556859839
2016-06-20,0.3750667471827923
2016-06-21,-0.39834244413705344
2016-06-22,-0.6191335789853233
2016-06-23,0.30885557922866164
2016-06-24,3.2515074162784026
2016-06-27,0.7364042945993539
2016-06-28,-0.2042925646764128
2016-06-29,-0.21406907206581938
2016-06-30,0.4845419729828119
2016-07-01,-0.4953075233727691
2016-07-04,-1.094963071708839
2016-07-05,-0.2930133990110084
2016-07-06,0.042376824968907274
2016-07-07,-0.5612621224612265
2016-07-08,-0.7094729491796665
2016-07-11,-0.24446590458319775
2016-07-12,-0.4545576598709694
2016-07-13,-0.23567207792489617
2016-07-14,0.7252386357061855
2016-07-15,0.27089305571637173
2016-07-18,-0.36799797927434724
2016-07-19,-0.8022151281654154
2016-07-20,-0.7505021328891391
2016-07-21,-0.19196708635735912
2016-07-22,-0.19333317475416784
2016-07-25,-1.278244532470023
2016-07-26,-0.8798265461358722
2016-07-27,-0.7942109156319059
2016-07-28,-0.9105485056467317
2016-07-29,-0.6047629697384762
2016-08-01,-0.898272127915756
2016-08-02,-1.1390857190566075
2016-08-03,-1.3192914279172518
2016-08-04,-0.11620687474415924
2016-08-05,-1.4478797260186977
2016-08-08,-1.8110579832828397
2016-08-09,-1.501962574861128
2016-08-10,-1.3719255561867378
2016-08-11,-1.6107070365593497
2016-08-12,-1.5125446860665892
2016-08-15,-1.8814542658018971
2016-08-16,-1.0411498461726576
2016-08-17,-1.118337770907192
2016-08-18,-0.9093723943238685
2016-08-19,-1.0769747785232828
2016-08-22,-1.595349145257163
2016-08-23,-1.6820442473241162
2016-08-24,-1.5182971178443956
2016-08-25,-2.020588904916792
2016-08-26,-1.7341440219324185
2016-08-29,-2.1257603704585155
2016-08-30,-1.8648040022045502
2016-08-31,-1.362476238104716
2016-09-01,-0.4884248163786046
2016-09-02,-1.2440314042232925
2016-09-05,-1.1239736548823156
2016-09-06,-1.35027512217151
2016-09-07,-1.4656788041584872
2016-09-08,-1.2718411246490304
2016-09-09,-1.7740593220374208
2016-09-12,-1.643580902626449
2016-09-13,-1.6942851483467876
2016-09-14,-1.5315923715886093
2016-09-15,-1.0628422052679123
2016-09-16,-1.3172365208280126
2016-09-19,-1.6574153620884686
2016-09-20,-1.5678431885519262
2016-09-21,-1.2862629951701303
2016-09-22,-1.5289921267729591
2016-09-23,-1.3802119990973012
2016-09-26,-1.534869396334015
2016-09-27,-1.2319193786412679
2016-09-28,-1.2373960546908969
2016-09-29,-1.2342200947766053
2016-09-30,-1.0184352572374675
2016-10-03,-1.252593371200338
2016-10-04,-0.8213671489821257
2016-10-05,-1.2632363353963336
2016-10-06,-1.2029333730717453
2016-10-07,3.2109776243938537
2016-10-10,-0.9915565250983162
2016-10-11,-0.5503409519588979
2016-10-12,0.40819285535009747
2016-10-13,-0.7234423941235258
2016-10-14,-0.6896733638951029
2016-10-17,-1.0266441904237
2016-10-18,-0.5714763358342606
2016-10-19,-1.0625162523092522
2016-10-20,-0.5907562506146723
2016-10-21,-1.434015481478189
2016-10-24,-1.837912786722712
2016-10-25,-0.8818863126398425
2016-10-26,-1.3225678437315924
2016-10-27,-1.049734481808164
2016-10-28,-1.085306408172343
2016-10-31,-1.3685670795908487
2016-11-01,-1.1206240859186842
2016-11-02,-1.077748070862643
2016-11-03,-0.008528995629760339
2016-11-04,-1.5188050166944038
2016-11-07,-1.3379736354353151
2016-11-08,-1.6087301241256826
2016-11-09,0.4629812694870771
2016-11-10,-0.29302524806963154
2016-11-11,-0.3634205614340892
2016-11-14,-0.6965696610843898
2016-11-15,-0.001246571299831438
2016-11-16,-0.7871956077912146
2016-11-17,-0.8473921021716307
2016-11-18,-0.643622794340691
2016-11-21,-0.5434641376819317
2016-11-22,-1.1530962040669972
2016-11-23,-0.7139356115553238
2016-11-24,-1.2613271712733538
2016-11-25,-0.7448095167407338
2016-11-28,-0.4867747219095995
2016-11-29,-1.16916211601047
2016-11-30,-0.4762212229552068
2016-12-01,-0.3719637275397185
2016-12-02,-0.8946787157279461
2016-12-05,-0.10552657593459268
2016-12-06,-0.8961702196203433
2016-12-07,-0.8838879847059515
2016-12-08,-0.23922280150973882
2016-12-09,-0.9988286820639203
2016-12-12,-0.9654260808543985
2016-12-13,-1.101496686535288
2016-12-14,-0.5697618751411777
2016-12-15,-0.5034229065276858
2016-12-16,-0.6854750089218841
2016-12-19,-0.929883512798978
2016-12-20,-0.8724058031788144
2016-12-21,-1.2955832676751322
2016-12-22,-1.4788482973830355
2016-12-23,-1.4699174653731177
2016-12-26,-1.4787435516014316
2016-12-27,-1.9699533860786533
2016-12-28,-1.1133664391451195
2016-12-29,-1.2144188162661844
2016-12-30,-0.03345379021986493
2017-01-02,-1.6792536102387103
2017-01-03,-0.6159967854603503
2017-01-04,-1.1462673744126326
2017-01-05,-0.5860500950039109
2017-01-06,-1.0641400795763538
2017-01-09,-1.1186075187569844
2017-01-10,-1.096412551893948
2017-01-11,-0.6234783456928774
2017-01-12,-1.033365952586254
2017-01-13,-0.9233830960960824
2017-01-16,-0.4737766617764934
2017-01-17,0.15613971482565525
2017-01-18,-1.1882568652899743
2017-01-19,-1.0979239530593266
2017-01-20,-1.2336364089112966
2017-01-23,-1.2199379974530606
2017-01-24,-0.6116793982477358
2017-01-25,-1.387232677367367
2017-01-26,-1.0948547109675233
2017-01-27,-1.3452712429076683
2017-01-30,-1.2570660626696033
2017-01-31,-0.7205112718166509
2017-02-01,-1.3200754583078018
2017-02-02,-0.6465578631154272
2017-02-03,-1.0929300754972289
2017-02-06,-1.3841169668298507
2017-02-07,-0.7188399282565663
2017-02-08,-1.44382399914116
2017-02-09,-1.5071719395877348
2017-02-10,-1.20247865377249
2017-02-13,-1.7871644555596635
2017-02-14,-1.1014518790211114
2017-02-15,-1.4884132578113085
2017-02-16,-1.546134287061822
2017-02-17,-1.2689217359434164
2017-02-20,-1.9447888632804036
2017-02-21,-1.6690144029485998
2017-02-22,-1.042504742021415
2017-02-23,-1.5550843205648452
2017-02-24,-1.6408026708975063
2017-02-27,-1.2176110915549443
2017-02-28,-1.4887586771120807
2017-03-01,-1.4584519213839713
2017-03-02,-1.6618090941370498
2017-03-03,-1.2037950494466956
2017-03-06,-1.587918909384434
2017-03-07,-1.8416775310043796
2017-03-08,-1.874360801784825
2017-03-09,-1.3606279456043089
2017-03-10,-1.5376207604098437
2017-03-13,-1.7521300929116923
2017-03-14,-1.2895277446605589
2017-03-15,-1.0314346729894686
2017-03-16,-0.7599421622158479
2017-03-17,-1.3541182631017088
2017-03-20,-1.8589883893724115
2017-03-21,-1.1710000482051641
2017-03-22,-1.5722247401432554
2017-03-23,-1.1112954628776306
2017-03-24,-1.8967166627520562
2017-03-27,-1.7572453726879065
2017-03-28,-1.6338297300481843
2017-03-29,-0.7894581087307091
2017-03-30,-1.352236678741673
2017-03-31,-1.3188820385739888
2017-04-03,-1.4555092527154614
2017-04-04,-1.244592624615545
2017-04-05,-1.2386212017705829
2017-04-06,-1.4930254110814312
2017-04-07,-1.424973526009699
2017-04-10,-2.2716445776676513
2017-04-11,-1.7375853789556643
2017-04-12,-1.889558335103989
2017-04-13,-2.0634914499431356
2017-04-14,-2.312610757642815
2017-04-17,-2.3122448958128174
2017-04-18,-0.6017794702453735
2017-04-19,-1.5557395491340733
2017-04-20,-1.5887970017328303
2017-04-21,-1.341203056414982
2017-04-24,-0.7139675363344286
2017-04-25,-1.5330853135119213
2017-04-26,-1.475470594736116
2017-04-27,-1.1227688661249589
2017-04-28,-1.3041960066703358
2017-05-01,-2.3349888699470784
2017-05-02,-1.7727665744986483
2017-05-03,-1.7261736954211973
2017-05-04,-1.7440734193285488
2017-05-05,-1.6729080011015198
2017-05-08,-1.4282034095372569
2017-05-09,-1.8546168393233073
2017-05-10,-2.014968498500676
2017-05-11,-1.3974426997459224
2017-05-12,-1.9211856565161338
2017-05-15,-2.2119836273019753
2017-05-16,-1.63701671476429
2017-05-17,-1.3915612481181938
2017-05-18,-0.04910237819309593
2017-05-19,-1.8383388205632436
2017-05-22,-1.506617911310967
2017-05-23,-1.4281952821516104
2017-05-24,-1.788538776503188
2017-05-25,-1.8146568749246197
2017-05-26,-1.5121848489991556
2017-05-29,-2.448534747510792
2017-05-30,-1.2789303678579131
2017-05-31,-1.2822957731257834
2017-06-01,-1.8261366630023048
2017-06-02,-1.4449681479689056
2017-06-05,-1.7369219462042014
2017-06-06,-1.4756496158133137
2017-06-07,-1.3900037484573042
2017-06-08,-1.4569190414843673
2017-06-09,0.2947222400304758
2017-06-12,-1.4827176261092496
2017-06-13,-1.4651720262748744
2017-06-14,-0.9902320442400333
2017-06-15,-0.3675935294188162
2017-06-16,-2.0326748100467316
2017-06-19,-1.608004860043528
2017-06-20,-0.8124163531915909
2017-06-21,-1.3942217462166735
2017-06-22,-2.1270004466878163
2017-06-23,-1.927040793707652
2017-06-26,-1.7824701927093716
2017-06-27,-1.4486545959012707
2017-06-28,-0.4432420699537114
2017-06-29,-1.4484658777700838
2017-06-30,-1.4131299652125324
2017-07-03,-1.75253468937985
2017-07-04,-1.9978194928371342
2017-07-05,-1.956531657657318
2017-07-06,-1.5705415712298765
2017-07-07,-1.3795776104610213
2017-07-10,-2.1923297514964752
2017-07-11,-1.6857057265917597
2017-07-12,-1.0895068325639459
2017-07-13,-1.3617221928061047
2017-07-14,-1.4221731333900425
2017-07-17,-2.2660883267930596
2017-07-18,-0.991611635404056
2017-07-19,-1.9914181772813397
2017-07-20,-1.0023151116362023
2017-07-21,-1.346989593827176
2017-07-24,-1.7261602261728337
2017-07-25,-1.6922236637413728
2017-07-26,-1.2620616614054676
2017-07-27,-1.5607353641346946
2017-07-28,-1.8939078422335094
2017-07-31,-1.7164149287711303
2017-08-01,-1.7911105106296168
2017-08-02,-1.7634826375275725
2017-08-03,-0.5592835205531945
2017-08-04,-1.5393807733147664
2017-08-07,-2.063822790673647
2017-08-08,-2.188217032427856
2017-08-09,-1.5264274356861434
2017-08-10,-1.708434743014392
2017-08-11,-1.3920941144237924
2017-08-14,-2.076221975082885
2017-08-15,-1.309504363703512
2017-08-16,-1.22161486660592
2017-08-17,-1.2479017929711786
2017-08-18,-1.3653351599782926
2017-08-21,-2.1073065745772817
2017-08-22,-2.3247630444719403
2017-08-23,-1.86832915310095
2017-08-24,-1.92143096552692
2017-08-25,-1.4267593336446733
2017-08-28,-2.089570322195264
2017-08-29,-1.475765313568532
2017-08-30,-1.745819514759905
2017-08-31,-1.5549595802016545
2017-09-01,-0.9767105900553809
2017-09-04,-1.5329515538731464
2017-09-05,-1.5797357223113904
2017-09-06,-1.9163403953645848
2017-09-07,-0.9466595929937013
2017-09-08,-1.165705215483555
2017-09-11,-2.1124197940824625
2017-09-12,-0.865173208773496
2017-09-13,-1.6677765170743486
2017-09-14,-0.32139480612875937
2017-09-15,-0.5899371272314069
2017-09-18,-0.8669450006691545
2017-09-19,-1.200108117033477
2017-09-20,-0.3790366480336975
2017-09-21,-1.6352746509196656
2017-09-22,-0.6729039058792765
2017-09-25,-1.3137261918644159
2017-09-26,-1.516362614184519
2017-09-27,-1.692407682123384
2017-09-28,-1.32492283411781
2017-09-29,-1.1688574003972598
2017-10-02,-1.5840061804650376
2017-10-03,-1.7784424499104459
2017-10-04,-1.867582459289528
2017-10-05,-1.5176209731435821
2017-10-06,-1.482303542042656
2017-10-09,-1.9624195366154475
2017-10-10,-1.980489115184639
2017-10-11,-1.9551891595131137
2017-10-12,-0.723204451855488
2017-10-13,-1.305067693925495
2017-10-16,-1.4037525986765935
2017-10-17,-1.6104125847873094
2017-10-18,-1.9086578611548979
2017-10-19,-1.2715659093765586
2017-10-20,-1.6075410211014016
2017-10-23,-1.8633008536817697
2017-10-24,-1.9740694623417498
2017-10-25,-1.0481994936171088
2017-10-26,-1.2006227762666706
2017-10-27,-1.6082230576603074
2017-10-30,-1.8464673075741185
2017-10-31,-1.8427727624408246
2017-11-01,-1.4560785065786128
2017-11-02,-0.005855652585136834
2017-11-03,-2.001748542704879
2017-11-06,-2.0256213138091717
2017-11-07,-1.8607370400733054
2017-11-08,-1.9138470789202158
2017-11-09,-1.6124105750726982
2017-11-10,-1.838176543060764
2017-11-13,-1.3979273764248912
2017-11-14,-1.2810423774025235
2017-11-15,-1.1988370817036733
2017-11-16,-1.5965733876266772
2017-11-17,-1.3226876806359997
2017-11-20,-1.2937341632400505
2017-11-21,-1.6027875352365946
2017-11-22,-1.613193156919522
2017-11-23,-2.0290171424748396
2017-11-24,-1.9777139888032322
2017-11-27,-1.9698577226789658
2017-11-28,-0.34714064424290303
2017-11-29,-1.2019026847287348
2017-11-30,-0.9517223761652701
2017-12-01,-0.9756156322111851
2017-12-04,-0.45595089386160986
2017-12-05,-1.3112441159468824
2017-12-06,-1.2481940907367752
2017-12-07,-0.6958405102193179
2017-12-08,-0.7428291956359842
2017-12-11,-1.423242373916986
2017-12-12,-1.6453558081930566
2017-12-13,-1.1722153380838412
2017-12-14,-0.8399969060365245
2017-12-15,-1.3816825922146916
2017-12-18,-1.961722110175265
2017-12-19,-1.794343357226547
2017-12-20,-1.6020574148072162
2017-12-21,-1.9201006614601193
2017-12-22,-1.2731800382927425
2017-12-26,-2.5731311147955864
2017-12-27,-2.160898325770196
2017-12-28,-2.487303641888075
2017-12-29,-1.722650922202785
2018-01-02,-1.7232639214620291
2018-01-03,-2.1795736458043407
2018-01-04,-2.3288098396726844
2018-01-05,-2.1547047626541813
2018-01-08,-2.231721928290265
2018-01-09,-2.328172751381191
2018-01-10,-1.7477219433651447
2018-01-11,-1.436061348680377
2018-01-12,-0.7185248215609761
2018-01-15,-1.4933455792333084
2018-01-16,-1.3116856372233836
2018-01-17,-1.422928357081513
2018-01-18,-1.7070302987609944
2018-01-19,-1.827722120252224
2018-01-22,-2.021429617929657
2018-01-23,-2.029672359874047
2018-01-24,-1.5464876650411266
2018-01-25,-0.7088930776591192
2018-01-26,-0.9968799257752421
2018-01-29,-1.6528136542994556
2018-01-30,-1.606071331893276
2018-01-31,-0.919157085925973
2018-02-01,-1.4929096009507608
2018-02-02,-1.803083000564834
2018-02-05,-1.340351037562035
2018-02-06,-1.3106289105439848
2018-02-07,-1.5384651514413719
2018-02-08,-0.24623116703061418
2018-02-09,-1.0099379763846854
2018-02-12,-1.8679054110736926
2018-02-13,-1.7300375859634964
2018-02-14,-1.7711006852176272
2018-02-15,-1.899849291806134
2018-02-16,-1.827053454824953
2018-02-19,-2.5695928987723353
2018-02-20,-1.6269568667092136
2018-02-21,-1.4781948051526799
2018-02-22,-1.7835930775402753
2018-02-23,-1.6873563321134322
2018-02-26,-1.9435096668182528
2018-02-27,-1.9996985959943558
2018-02-28,-1.597308837498622
2018-03-01,-1.6372786840937668
2018-03-02,-1.4259041648715665
2018-03-05,-1.4727973853420873
2018-03-06,-2.000458989687925
2018-03-07,-1.7087956332247471
2018-03-08,-1.4896866650244274
2018-03-09,-2.019022669294349
2018-03-12,-2.1851546083155196
2018-03-13,-2.218936868099525
2018-03-14,-2.207408957594257
2018-03-15,-1.9869143426934022
2018-03-16,-2.143675344923824
2018-03-19,-1.5495964228446808
2018-03-20,-2.0633145641170003
2018-03-21,-1.6776391525552843
2018-03-22,-1.747898092523234
2018-03-23,-2.0350562385359052
2018-03-26,-1.9922091033795999
2018-03-27,-1.8326567719451865
2018-03-28,-1.8551578626927048
2018-03-29,-1.959241143201304
2018-03-30,-2.328520790982221
2018-04-02,-2.844639353362097
2018-04-03,-2.2937092442683076
2018-04-04,-2.3573517525037353
2018-04-05,-2.2927656618145686
2018-04-06,-2.4281495032045313
2018-04-09,-2.5806407806159806
2018-04-10,-2.056135235848003
2018-04-11,-2.1002550990881867
2018-04-12,-2.070072463799023
2018-04-13,-2.0562180813524424
2018-04-16,-2.088090615850175
2018-04-17,-2.0660641273668876
2018-04-18,-1.02098958590803
2018-04-19,-1.2283026400280304
2018-04-20,-1.7022858502907527
2018-04-23,-2.069167232669609
2018-04-24,-2.0808787309916696
2018-04-25,-2.3716642326240587
2018-04-26,-1.7073939244292409
2018-04-27,-0.9414525423286371
2018-04-30,-1.6308763608566381
2018-05-01,-1.465113278440276
2018-05-02,-1.6242791878436256
2018-05-03,-1.704819103494517
2018-05-04,-2.0394908409716055
2018-05-07,-2.669192143021678
2018-05-08,-1.8604492803468395
2018-05-09,-2.115483068390203
2018-05-10,-0.6803542520581313
2018-05-11,-2.146120605522271
2018-05-14,-2.530907787068715
2018-05-15,-2.2978896190957054
2018-05-16,-1.931954546645193
2018-05-17,-1.559686579791405
2018-05-18,-2.283788335942276
2018-05-21,-2.070439498854631
2018-05-22,-2.1919709027549747
2018-05-23,-1.1281786135173206
2018-05-24,-1.5630520397735803
2018-05-25,-2.022341744616106
2018-05-28,-2.1825884544459093
2018-05-29,-1.3316319534770358
2018-05-30,-1.505590002675005
2018-05-31,-1.5261812911030985
2018-06-01,-1.6375692986400197
2018-06-04,-2.118652947674931
2018-06-05,-1.5487872231341975
2018-06-06,-1.7559354239016474
2018-06-07,-1.5055493573485172
2018-06-08,-1.709909388644592
2018-06-11,-1.6406149607432736
2018-06-12,-1.617734384228636
2018-06-13,-2.10139317559648
2018-06-14,-1.0059217344634601
2018-06-15,-1.7783150968442585
2018-06-18,-1.940448542404379
2018-06-19,-2.040252944347016
2018-06-20,-1.835352246467007
2018-06-21,-1.0675052659076951
2018-06-22,-1.7755742613135892
2018-06-25,-1.8641457035893474
2018-06-26,-1.7664700226506467
2018-06-27,-1.8840306312601218
2018-06-28,-1.6102141566377144
2018-06-29,-1.5433379405742012
2018-07-02,-1.8706598387805602
2018-07-03,-2.0569705515358945
2018-07-04,-1.905993765916883
2018-07-05,-1.9180921443798276
2018-07-06,-2.149193271335373
2018-07-09,-1.09497129314238
2018-07-10,-1.6850676843418102
2018-07-11,-1.9749044233226452
2018-07-12,-2.2825521346962945
2018-07-13,-2.2524915247389257
2018-07-16,-2.326718345374368
2018-07-17,-1.8175239216754024
2018-07-18,-1.5636299003554566
2018-07-19,-1.8831622215544397
2018-07-20,-2.2563817279707092
2018-07-23,-2.5811585020145085
2018-07-24,-2.3055135661632313
2018-07-25,-2.2472734868426194
2018-07-26,-2.296715906222794
2018-07-27,-2.7692674170374176
2018-07-30,-2.620194472936183
2018-07-31,-2.5194740418221473
2018-08-01,-2.6409029130074586
2018-08-02,-1.3345952329913278
2018-08-03,-2.236533025290002
2018-08-06,-2.8526208380566587
2018-08-07,-2.7987982798051547
2018-08-08,-2.54924351199264
2018-08-09,-2.106311678126866
2018-08-10,-1.033450246678961
2018-08-13,-2.0030921472025933
2018-08-14,-2.1439929881377577
2018-08-15,-2.442119341727508
2018-08-16,-2.172991477802413
2018-08-17,-2.2425890939331157
2018-08-20,-2.7274827229629732
2018-08-21,-1.9582833398881363
2018-08-22,-2.3721449684181937
2018-08-23,-2.20734605519825
2018-08-24,-2.4030646557326167
2018-08-27,-2.8857868111156955
2018-08-28,-2.5712090047007647
2018-08-29,-0.516105451774458
2018-08-30,-2.2553250365531996
2018-08-31,-1.9036729222528048
2018-09-03,-1.7326624133919022
2018-09-04,-1.9972067673657377
2018-09-05,-0.3483782253257575
2018-09-06,-1.7885198525660697
2018-09-07,-1.2320956477512601
2018-09-10,-1.3488653965298294
2018-09-11,-1.6763123497612762
2018-09-12,-1.8978392007473093
2018-09-13,-1.7751007528065301
2018-09-14,-2.1494736514136696
2018-09-17,-2.2815929339665644
2018-09-18,-2.1627635047256217
2018-09-19,-1.2352325489687617
2018-09-20,-2.1926792299174376
2018-09-21,-1.1664943982705553
2018-09-24,-1.8112422436857416
2018-09-25,-2.053104697441108
2018-09-26,-1.8324610793879668
2018-09-27,-1.6947815504028385
2018-09-28,-1.9218562471630543
2018-10-01,-1.3947113007180847
2018-10-02,-2.1218683146874704
2018-10-03,-1.788174027707778
2018-10-04,-2.148653491792288
2018-10-05,-1.8815606097539697
2018-10-08,-2.113663289653635
2018-10-09,-1.9600341987759362
2018-10-10,-2.276784441025917
2018-10-11,-1.9980259376804022
2018-10-12,-1.7908762940136163
2018-10-15,-1.713071999122314
2018-10-16,-1.9970771500037967
2018-10-17,-2.088463964627186
2018-10-18,-1.7669033866311623
2018-10-19,-1.7444346267233886
2018-10-22,-1.9730601029353692
2018-10-23,-1.624481237879887
2018-10-24,-2.107327579016327
2018-10-25,-1.913756835807764
2018-10-26,-1.879198721398558
2018-10-29,-2.032648566284387
2018-10-30,-2.217798919282158
2018-10-31,-1.517777953918527
2018-11-01,-0.903637596890593
2018-11-02,-2.1618667598280537
2018-11-05,-1.7762423641659408
2018-11-06,-1.9573598053187633
2018-11-07,-1.657783482449456
2018-11-08,-1.8402994536540793
2018-11-09,-1.908162302491263
2018-11-12,-1.2034661196967842
2018-11-13,-1.00465800001371
2018-11-14,0.0981046335552541
2018-11-15,-0.02505322179451899
2018-11-16,-1.0287205506963948
2018-11-19,-1.1241557136165266
2018-11-20,-1.6825821794908637
2018-11-21,-1.537920216524634
2018-11-22,-1.0097474134413809
2018-11-23,-1.8987780761642439
2018-11-26,-2.177871653006776
2018-11-27,-1.6934101021840073
2018-11-28,-1.6849994550622587
2018-11-29,-1.7558089890236341
2018-11-30,-1.8938786751366217
2018-12-03,-1.6873932870442605
2018-12-04,-1.1760971119314474
2018-12-05,-1.463650357590962
2018-12-06,-1.5694020980160046
2018-12-07,-1.2342855421879613
2018-12-10,-0.8963967704307115
2018-12-11,-1.331297313562243
2018-12-12,-0.4373761315887834
2018-12-13,-1.1090344975532083
2018-12-14,-1.8691911876635194
2018-12-17,-1.8449250925529295
2018-12-18,-1.7510492616077415
2018-12-19,-1.6687767569170318
2018-12-20,-1.7068184989961093
2018-12-21,-1.1645293812669306
2018-12-24,-1.1368540059572587
2018-12-26,-1.8362627225297277
2018-12-27,-1.0912879082477762
2018-12-28,-1.694405368014468
2018-12-31,-1.3292202672428441
2019-01-02,-1.326681915652759
2019-01-03,-0.2506919639852444
2019-01-04,-1.6099901462523398
2019-01-07,-1.8035452339269376
2019-01-08,-1.9327726961864526
2019-01-09,-1.5003035982173873
2019-01-10,-1.7060564655999422
2019-01-11,-0.8630672832303558
2019-01-14,-1.0433530626797094
2019-01-15,-0.22507581366291562
2019-01-16,-1.0643870083750964
2019-01-17,-1.5062384190154405
2019-01-18,-1.7714040662011898
2019-01-21,-1.7155613214447563
2019-01-22,-1.9570741134412069
2019-01-23,-1.8605839056844973
2019-01-24,-1.4865216991675694
2019-01-25,-1.0378044757250624
2019-01-28,-1.8106672240916866
2019-01-29,-0.7885628664946669
2019-01-30,-1.5235632348709371
2019-01-31,-1.6827038437428496
2019-02-01,-1.2481022297782554
2019-02-04,-1.8771951083817766
2019-02-05,-1.5977829573934137
2019-02-06,-2.121728629757378
2019-02-07,-1.322958882768817
2019-02-08,-2.117084520918454
2019-02-11,-1.7988888342547957
2019-02-12,-2.0923768962395393
2019-02-13,-1.5494840577846056
2019-02-14,-1.644917477759583
2019-02-15,-1.8389153498712676
2019-02-18,-2.377618119299203
2019-02-19,-1.6507723479061907
2019-02-20,-1.4783450211050302
2019-02-21,-1.524903844762382
2019-02-22,-2.3157141268945165
2019-02-25,-1.7403029265262295
2019-02-26,-0.9409294464845193
2019-02-27,-1.692085783803029
2019-02-28,-1.6637299863875037
2019-03-01,-1.6520029815179584
2019-03-04,-1.8795867077429222
2019-03-05,-1.3826252109912482
2019-03-06,-1.8459094438174553
2019-03-07,-1.219569124143853
2019-03-08,-0.4252215726200356
2019-03-11,-0.4967829167122121
2019-03-12,0.5314642363918848
2019-03-13,-0.5964721057856962
2019-03-14,-0.5343672692220275
2019-03-15,-1.496734150309873
2019-03-18,-1.2466120203621514
2019-03-19,-1.7359469920926494
2019-03-20,-0.7835004062712508
2019-03-21,-0.81776020489169
2019-03-22,-0.9818708141268495
2019-03-25,-0.9053750221037697
2019-03-26,-0.9943437814521849
2019-03-27,-0.5368798967983016
2019-03-28,-0.4334171497919996
2019-03-29,-0.4154656895501135
2019-04-01,-1.371285305196515
2019-04-02,-0.6757702082057563
2019-04-03,-1.2724511926811113
2019-04-04,-1.5640084148500015
2019-04-05,-1.5336485794099761
2019-04-08,-1.7906040660128544
2019-04-09,-1.0838311981461826
2019-04-10,-1.6785215378287655
2019-04-11,-1.6545850700051021
2019-04-12,-1.9177931549500888
2019-04-15,-2.08382604310805
2019-04-16,-2.1657970690075694
2019-04-17,-2.1326732607093515
2019-04-18,-2.239315942886569
2019-04-19,-2.7501236152583024
2019-04-22,-3.4127523845930816
2019-04-23,-2.019832383462193
2019-04-24,-2.138232139110503
2019-04-25,-2.297690892283468
2019-04-26,-2.3813556317501483
2019-04-29,-2.7418710529246897
2019-04-30,-2.1980014259942724
2019-05-01,-2.0753804975732857
2019-05-02,-2.121864683220536
2019-05-03,-1.8248384565741793
2019-05-06,-2.247903169822519
2019-05-07,-2.1288323645125136
2019-05-08,-2.1909156000529375
2019-05-09,-2.245708337005871
2019-05-10,-2.18844668945764
2019-05-13,-2.472431925508498
2019-05-14,-2.097846075654532
2019-05-15,-2.004673889644018
2019-05-16,-2.5075529835913217
2019-05-17,-2.335992093675972
2019-05-20,-2.711693176609554
2019-05-21,-1.6970934882062914
2019-05-22,-1.83229116952793
2019-05-23,-2.047399842046648
2019-05-24,-1.59017589598334
2019-05-27,-2.6348948045404352
2019-05-28,-1.9190349834886016
2019-05-29,-2.267273856903752
2019-05-30,-2.3637928078609534
2019-05-31,-1.864303948246173
2019-06-03,-2.1225280112363083
2019-06-04,-2.2228618576095966
2019-06-05,-2.0997845984968713
2019-06-06,-1.8472691175092146
2019-06-07,-1.9370945143141958
2019-06-10,-2.19437225714194
2019-06-11,-2.0105746060515752
2019-06-12,-1.8034990515106626
2019-06-13,-2.4213278273697934
2019-06-14,-2.1827764222383035
2019-06-17,-2.24830229200867
2019-06-18,-1.6752193378227802
2019-06-19,-2.321250754939031
2019-06-20,-1.8147465365752073
2019-06-21,-1.7500784543655472
2019-06-24,-2.338409513715622
2019-06-25,-1.8554515107531573
2019-06-26,-1.9798863638023831
2019-06-27,-1.9207600121763138
2019-06-28,-2.1919708159166778
2019-07-01,-1.6952762106065313
2019-07-02,-1.9273713658301348
2019-07-03,-2.4977797126480668
2019-07-04,-2.9100210316140274
2019-07-05,-2.3580600332738832
2019-07-08,-2.727798272718466
2019-07-09,-2.2799795692498463
2019-07-10,-2.325154764648987
2019-07-11,-2.528465368326855
2019-07-12,-2.5554752097890727
2019-07-15,-2.3111588632759847
2019-07-16,-2.1662949425561577
2019-07-17,-2.293014374084586
2019-07-18,-1.9653261480136126
2019-07-19,-2.346219888032026
2019-07-22,-2.3978229310482067
2019-07-23,-2.044361061349652
2019-07-24,-2.0657388824646965
2019-07-25,-1.5492610589565505
2019-07-26,-2.084927500488696
2019-07-29,-1.5044066033888608
2019-07-30,-0.9027335311133852
2019-07-31,-1.5071893771710567
2019-08-01,-1.1138908015347873
2019-08-02,-1.1465255113073292
2019-08-05,-1.0951403141060805
2019-08-06,-1.141278098423707
2019-08-07,-1.3899892291696587
2019-08-08,-1.480461370825232
2019-08-09,-1.2436738779201155
2019-08-12,-1.26683629843502
2019-08-13,-1.5180287904519105
2019-08-14,-1.901181916240325
2019-08-15,-1.3970822201795274
2019-08-16,-1.7925489366047163
2019-08-19,-1.8061448475754611
2019-08-20,-1.3009851924032514
2019-08-21,-1.8675516065906221
2019-08-22,-0.7687098354852376
2019-08-23,-1.3216586137398851
2019-08-26,-1.488669530579821
2019-08-27,-1.5410523772594942
2019-08-28,-0.9682705558215021
2019-08-29,-1.3729215404442368
2019-08-30,-1.396124724934902
2019-09-02,-1.314382368080742
2019-09-03,-0.8156399669841232
2019-09-04,-1.1634888327675064
2019-09-05,-1.0895676681999167
2019-09-06,-1.5243375052982826
2019-09-09,-1.0525709750578205
2019-09-10,-1.745220097090239
2019-09-11,-1.6348291283780114
2019-09-12,-0.7855000622791026
2019-09-13,-0.9686174572835068
2019-09-16,-1.3784066684541403
2019-09-17,-1.6742190695034362
2019-09-18,-1.3610398479750292
2019-09-19,-1.201389156139916
2019-09-20,-1.4364816029199983
2019-09-23,-1.3143012566845962
2019-09-24,-1.4664858852810905
2019-09-25,-1.6575948674300605
2019-09-26,-1.5212904786247288
2019-09-27,-1.4923933538936658
2019-09-30,-1.584384642044041
2019-10-01,-0.4067564074288236
2019-10-02,-1.1609595540720465
2019-10-03,-1.3065537773451186
2019-10-04,-1.33583261087182
2019-10-07,-2.023109146320462
2019-10-08,-1.2179663740891844
2019-10-09,-1.2859670731036652
2019-10-10,-0.44354792338560367
2019-10-11,0.11483566384795629
2019-10-14,-0.6797925734324103
2019-10-15,-0.009982727735218556
2019-10-16,0.24887524163238942
2019-10-17,-0.08459944155806055
2019-10-18,-0.80684599570715
2019-10-21,-1.057567948120017
2019-10-22,-0.44185994470514184
2019-10-23,-1.16101827687493
2019-10-24,-1.2616029908073643
2019-10-25,-1.9043465692786274
2019-10-28,-1.7063921974021303
2019-10-29,-1.6053680010762463
2019-10-30,-1.8768346729507541
2019-10-31,-1.9416228308568773
2019-11-01,-2.2402416176722553
2019-11-04,-2.579857938358491
2019-11-05,-2.222236678986874
2019-11-06,-2.5825379509844706
2019-11-07,-1.559903531501559
2019-11-08,-2.4467962435158457
2019-11-11,-1.909982327439972
2019-11-12,-2.283298186609517
2019-11-13,-2.11038729088818
2019-11-14,-2.263388193804287
2019-11-15,-2.162978042068333
2019-11-18,-2.292274880951144
2019-11-19,-2.2574374427142208
2019-11-20,-2.267037791302906
2019-11-21,-2.327650542497406
2019-11-22,-2.030296037678411
2019-11-25,-2.390670038837854
2019-11-26,-2.1877147808544244
2019-11-27,-1.868949850670329
2019-11-28,-2.028316507064375
2019-11-29,-2.177546703066273
2019-12-02,-2.0670669834254247
2019-12-03,-2.1695726823735546
2019-12-04,-1.6946144189122923
2019-12-05,-2.152347648017894
2019-12-06,-2.046065214803986
2019-12-09,-2.1031601739978933
2019-12-10,-1.8918425015734204
2019-12-11,-1.681078238515314
2019-12-12,-0.5263740635275989
2019-12-13,-0.2404121325533787
2019-12-16,-1.5785774135381827
2019-12-17,-0.48842066994941385
2019-12-18,-1.315369322749196
2019-12-19,-0.7958744967786598
2019-12-20,-1.5055067171255494
2019-12-23,-1.4045431641236181
2019-12-24,-1.7725328027653406
2019-12-26,-2.4166246995225844
2019-12-27,-1.7639692135955747
2019-12-30,-1.5743290295351091
2019-12-31,-1.3035550639048759
2020-01-02,-1.5260417172704637
2020-01-03,-1.5841902198360973
2020-01-06,-1.7711860617979043
2020-01-07,-1.7681075460136642
2020-01-08,-1.4113240683209807
2020-01-09,-1.6229342922172103
2020-01-10,-1.9428146112860525
2020-01-13,-2.0741704475327016
2020-01-14,-1.9442351538249814
2020-01-15,-1.9922135828942271
2020-01-16,-2.145681451236251
2020-01-17,-1.5134853585020185
2020-01-20,-2.5249667480549
2020-01-21,-2.1975885198897216
2020-01-22,-2.082789400139529
2020-01-23,-1.9339039446573054
2020-01-24,-1.937060515738459
2020-01-27,-2.046662386836517
2020-01-28,-1.9968678815850331
2020-01-29,-2.4517328724378813
2020-01-30,-1.4737971580262734
2020-01-31,-1.941997468748761
2020-02-03,-1.7043849044491113
2020-02-04,-1.6243955186636152
2020-02-05,-1.381225769105764
2020-02-06,-2.0450259904739676
2020-02-07,-2.421065748459347
2020-02-10,-2.2855952244008435
2020-02-11,-2.2298237259556206
2020-02-12,-2.146475486721449
2020-02-13,-1.3291468822856916
2020-02-14,-1.7871334700300443
2020-02-17,-2.470554420151879
2020-02-18,-1.826141216350738
2020-02-19,-1.7517453459522434
2020-02-20,-1.5330075033178063
2020-02-21,-1.7080732807231809
2020-02-24,-1.5648257398389729
2020-02-25,-1.8276526957217916
2020-02-26,-1.2976866594197454
2020-02-27,-1.0675530730865097
2020-02-28,-0.36597777041835067
2020-03-02,-0.5068355107833439
2020-03-03,-0.5253412515628272
2020-03-04,-1.1742874145778508
2020-03-05,-1.1576368091476912
2020-03-06,-0.6078844640976362
2020-03-09,0.49241303594382724
2020-03-10,-0.4281439744120152
2020-03-11,-0.2242924274214532
2020-03-12,0.5908494974089338
2020-03-13,0.47010987286871914
2020-03-16,0.9443130350703564
2020-03-17,0.2116034459207149
2020-03-18,1.3814444375040968
2020-03-19,1.360223618036716
2020-03-20,1.4200811739869879
2020-03-23,1.1454144450829487
2020-03-24,0.6786000419007915
2020-03-25,0.6452265327748901
2020-03-26,0.5015370552197452
2020-03-27,0.4272927120197043
2020-03-30,-0.021118529279165653
2020-03-31,0.2824290329007827
2020-04-01,-0.3516245845399633
2020-04-02,-0.5024495041967321
2020-04-03,-0.41266279353570934
2020-04-06,-0.3458278897430021
2020-04-07,-0.3276519736526565
2020-04-08,-0.9474624637092438
2020-04-09,-1.0315087080876106
2020-04-10,-1.8610647179788113
2020-04-13,-1.5620197068792174
2020-04-14,-1.0003178165654227
2020-04-15,-1.0316112617390718
2020-04-16,-1.4614570268683051
2020-04-17,-1.2773080128302534
2020-04-20,-1.4946746965865858
2020-04-21,-1.172180661637078
2020-04-22,-1.2224185921652935
2020-04-23,-1.0600054592966544
2020-04-24,-1.262586144482016
2020-04-27,-1.5126381811470762
2020-04-28,-1.6824881328304653
2020-04-29,-1.7387472320273416
2020-04-30,-1.0955840598119566
2020-05-01,-1.2440289735495575
2020-05-04,-1.5018151960662278
2020-05-05,-1.5081667332789503
2020-05-06,-1.488375557719152
2020-05-07,-0.7666612621085102
2020-05-08,-1.6054396020443702
2020-05-11,-1.1048622314265684
2020-05-12,-1.3088852011134402
2020-05-13,-1.2087476143018199
2020-05-14,-1.3316464873176561
2020-05-15,-1.491629182653392
2020-05-18,-1.280457433915162
2020-05-19,-1.4525153012172212
2020-05-20,-1.475347620633418
2020-05-21,-1.7504966702241904
2020-05-22,-1.9360393844924082
2020-05-25,-2.4602274343553265
2020-05-26,-1.5578103897652464
2020-05-27,-1.0052209207120864
2020-05-28,-1.5385752560883832
2020-05-29,-1.0933231657930138
2020-06-01,-1.3315897897014572
2020-06-02,-1.1511676171051686
2020-06-03,-1.1780190913118915
2020-06-04,-1.1890298311402852
2020-06-05,-0.9541759813410434
2020-06-08,-1.6013884628044766
2020-06-09,-1.4246143856732776
2020-06-10,-1.4253786058626705
2020-06-11,-1.5111413604093067
2020-06-12,-1.03847890878396
2020-06-15,-1.4081810018919518
2020-06-16,-1.4389223768083395
2020-06-17,-1.134058095005489
2020-06-18,-1.0163792681171426
2020-06-19,-1.4076179624501386
2020-06-22,-1.505951467016783
2020-06-23,-1.4685332676079765
2020-06-24,-1.5518708538051345
2020-06-25,-1.4935931435975045
2020-06-26,-1.7484445713600074
2020-06-29,-1.6483640458184439
2020-06-30,-1.6123616409197243
2020-07-01,-1.7248696362748885
2020-07-02,-1.8523108359391838
2020-07-03,-2.0504368652862346
2020-07-06,-1.6461248837196159
2020-07-07,-1.7250798183042677
2020-07-08,-1.9593630841816552
2020-07-09,-1.9655857546749096
2020-07-10,-2.073305792482391
2020-07-13,-1.950242714763216
2020-07-14,-1.872240372589746
2020-07-15,-1.8959647607772
2020-07-16,-2.098695552810355
2020-07-17,-2.057222068041848
2020-07-20,-1.6598730266992987
2020-07-21,-1.4725818446669583
2020-07-22,-1.4626791627511986
2020-07-23,-1.6948089436642233
2020-07-24,-1.7652938038777644
2020-07-27,-1.5328299181600658
2020-07-28,-1.750371551787402
2020-07-29,-1.7840072571043515
2020-07-30,-1.6071855485636817
2020-07-31,-1.2004943291073114
2020-08-03,-1.7230122747505845
2020-08-04,-1.7720276594002684
2020-08-05,-1.8359372086106347
2020-08-06,-1.30711231375582
2020-08-07,-1.9221418386706246
2020-08-10,-2.2920355281534492
2020-08-11,-2.1498719783616127
2020-08-12,-2.043801913536784
2020-08-13,-2.1689753197788297
2020-08-14,-2.212072889793847
2020-08-17,-1.792349070635506
2020-08-18,-1.8287217765720138
2020-08-19,-2.021749525642373
2020-08-20,-1.5622661382743466
2020-08-21,-1.5430744433758385
2020-08-24,-2.015808285151741
2020-08-25,-1.6364294140708775
2020-08-26,-1.9815165634838963
2020-08-27,-1.8630907645080823
2020-08-28,-1.8725588450263038
2020-08-31,-1.984180149436362
2020-09-01,-1.9763587342752358
2020-09-02,-1.8074669614475138
2020-09-03,-1.5409383921478113
2020-09-04,-1.6288904807015105
2020-09-07,-1.898905783684576
2020-09-08,-1.6134487807949442
2020-09-09,-1.037418148469706
2020-09-10,-0.8066926869396179
2020-09-11,-0.793564929983197
2020-09-14,-1.3725699920892394
2020-09-15,-1.550178026038767
2020-09-16,-1.467216582657571
2020-09-17,-0.658930828407994
2020-09-18,-1.670439069844228
2020-09-21,-1.5574598777158208
2020-09-22,-1.0951788353994854
2020-09-23,-1.3904660368168746
2020-09-24,-1.2494965527456539
2020-09-25,-1.4391883756536026
2020-09-28,-1.1073007454700388
2020-09-29,-0.9762568403580996
2020-09-30,-1.5361995216202262
2020-10-01,-0.21608326571088066
2020-10-02,-0.6919007516896842
2020-10-05,-1.590394711834919
2020-10-06,-1.35730289843536
2020-10-07,-1.4666160992342805
2020-10-08,-1.4737537686828013
2020-10-09,-1.7802813103369368
2020-10-12,-1.8861480925914738
2020-10-13,-1.5352686459013913
2020-10-14,-1.554847430364788
2020-10-15,-1.0228929113546963
2020-10-16,-0.7849977739411966
2020-10-19,-1.3411843193714015
2020-10-20,-1.4580690001568577
2020-10-21,-1.344677940770395
2020-10-22,-1.731703755012984
2020-10-23,-1.5245511173734612
2020-10-26,-1.5099453733431636
2020-10-27,-1.9091236238326803
2020-10-28,-1.1513025668400483
2020-10-29,-1.3986704958362683
2020-10-30,-1.271612604227414
2020-11-02,-1.5927997937656204
2020-11-03,-1.669779104214876
2020-11-04,-0.5698801291118475
2020-11-05,-0.6528102687627807
2020-11-06,-1.0936906163900715
2020-11-09,-1.1839348402661183
2020-11-10,-1.1106711899759785
2020-11-11,-1.1378230096583473
2020-11-12,-1.3249412724976624
2020-11-13,-1.8120479629187172
2020-11-16,-1.3646483454284577
2020-11-17,-1.6734309278618287
2020-11-18,-2.352704620080883
2020-11-19,-1.750920126313083
2020-11-20,-1.9599053332053473
2020-11-23,-1.6251981652113006
2020-11-24,-1.773752182204747
2020-11-25,-1.6174063261030527
2020-11-26,-2.2745269418646785
2020-11-27,-1.5471345227601734
2020-11-30,-1.3346898292641909
2020-12-01,-0.7998018629702347
2020-12-02,-0.9238916377377832
2020-12-03,-1.2362549693295748
2020-12-04,-0.7859466166077946
2020-12-07,-0.5290236597585157
2020-12-08,-0.7186368835723421
2020-12-09,-1.3191877664710618
2020-12-10,-0.6149220612395555
2020-12-11,-0.6026451773836711
2020-12-14,-0.8618936502661746
2020-12-15,-0.7255044746860849
2020-12-16,-0.7709206645820365
2020-12-17,-1.3328674292260712
2020-12-18,-1.167157197027697
2020-12-21,0.13832910947405005
2020-12-22,-0.6856230158334873
2020-12-23,-0.7588034607831008
2020-12-24,-0.837788308642252
2020-12-28,-1.0707335475117452
2020-12-29,-1.381162081556369
2020-12-30,-1.3406150739749647
2020-12-31,-1.1165264225642115
2021-01-04,-1.3248221438346701
2021-01-05,-1.4284645244253622
2021-01-06,-1.3248389334386996
2021-01-07,-1.6421210507606239
2021-01-08,-1.8236347235276602
2021-01-11,-1.7130344449097978
2021-01-12,-1.6311227877292256
2021-01-13,-1.8715468693798352
2021-01-14,-1.630243351139526
2021-01-15,-2.0226078615633822
2021-01-18,-2.2028732365576915
2021-01-19,-2.337215640149054
2021-01-20,-1.551501784121971
2021-01-21,-1.6425293867078257
2021-01-22,-1.9933278400006438
2021-01-25,-2.1465823693157295
2021-01-26,-2.2462701477359333
2021-01-27,-1.804725172116473
2021-01-28,-1.763165708364244
2021-01-29,-1.778077560190553
2021-02-01,-1.9212488756468071
2021-02-02,-2.2854805251028716
2021-02-03,-2.2366923731829926
2021-02-04,-1.077696712360523
2021-02-05,-2.414104301583121
2021-02-08,-2.394578115312144
2021-02-09,-2.3228283514869204
2021-02-10,-2.478110289646977
2021-02-11,-2.6251402025492245
2021-02-12,-2.423846649830919
2021-02-15,-2.6695071461384594
2021-02-16,-2.1808978273027266
2021-02-17,-2.179741768101672
2021-02-18,-2.148505720688018
2021-02-19,-2.3181745741645607
2021-02-22,-2.1549957547594505
2021-02-23,-2.2779077881392764
2021-02-24,-0.9506544200758801
2021-02-25,-1.3842956134817725
2021-02-26,-0.6945179589107253
2021-03-01,-1.5412890302560407
2021-03-02,-1.8154425930418796
2021-03-03,-1.4994317375439419
2021-03-04,-1.7069519753394276
2021-03-05,-1.367581442795267
2021-03-08,-1.6239983719173146
2021-03-09,-1.8622470222942966
2021-03-10,-1.958228434070189
2021-03-11,-2.1111294045716655
2021-03-12,-2.0910988273945255
2021-03-15,-2.1646662465975375
2021-03-16,-1.9176250565635538
2021-03-17,-1.8926719584260208
2021-03-18,-1.6341803130229087
2021-03-19,-1.769944963561258
2021-03-22,-2.1335814778776667
2021-03-23,-1.6919147532213772
2021-03-24,-2.05806390129675
2021-03-25,-1.921908525947548
2021-03-26,-1.8844578445219058
2021-03-29,-1.7936617519635045
2021-03-30,-2.041678387269925
2021-03-31,-2.22025714710047
2021-04-01,-2.051950947222716
2021-04-02,-2.3513334727511044
2021-04-05,-2.778745464739005
2021-04-06,-1.9174507783166441
2021-04-07,-1.4511969630207022
2021-04-08,-2.0165187026676916
2021-04-09,-1.9881071738356153
2021-04-12,-1.9402553614051616
2021-04-13,-1.7074385192173769
2021-04-14,-2.0921138939187576
2021-04-15,-2.078509695894395
2021-04-16,-2.03666596561837
2021-04-19,-1.583399735566577
2021-04-20,-1.9493412628500042
2021-04-21,-2.3764644705059856
2021-04-22,-1.9310045192512848
2021-04-23,-2.101263673368853
2021-04-26,-2.0490045451588568
2021-04-27,-2.044453873958091
2021-04-28,-2.1122759760042094
2021-04-29,-2.1218470181624998
2021-04-30,-1.89930929736513
2021-05-03,-2.277311619787903
2021-05-04,-2.219588477287542
2021-05-05,-2.325056880944174
2021-05-06,-1.69213467529957
2021-05-07,-2.048167948162808
2021-05-10,-1.8769790004657763
2021-05-11,-1.934741784062073
2021-05-12,-2.1290599135741206
2021-05-13,-2.1675911517018807
2021-05-14,-2.1667413682909387
2021-05-17,-2.393905381977629
2021-05-18,-2.392600544070158
2021-05-19,-2.0315875648400272
2021-05-20,-2.482371933969141
2021-05-21,-2.256795736833628
2021-05-24,-2.4511687369357307
2021-05-25,-2.403013387145789
2021-05-26,-2.2564906027728755
2021-05-27,-1.8920467602222977
2021-05-28,-2.170182327632077
2021-05-31,-2.6393086867408244
2021-06-01,-2.0675183158204593
2021-06-02,-2.2768068463162323
2021-06-03,-2.4094170570267055
2021-06-04,-2.3757958012673654
2021-06-07,-2.3506046256296758
2021-06-08,-2.571036480061085
2021-06-09,-2.3279766041459165
2021-06-10,-1.9277006253696476
2021-06-11,-2.5148465562441515
2021-06-14,-2.395617940506947
2021-06-15,-2.215769840538408
2021-06-16,-2.1627031819184506
2021-06-17,-1.8128248566720804
2021-06-18,-1.7602375320782653
2021-06-21,-1.8688123036644504
2021-06-22,-2.096943932381197
2021-06-23,-1.9833857943123925
2021-06-24,-1.1686024539590043
2021-06-25,-2.276200953182949
2021-06-28,-2.0625450665250367
2021-06-29,-2.305098543127672
2021-06-30,-2.0154055042840704
2021-07-01,-2.003353502596837
2021-07-02,-2.5169005513127725
2021-07-05,-2.919531264458868
2021-07-06,-2.3628282965883076
2021-07-07,-2.1132954540691276
2021-07-08,-1.9902096303509684
2021-07-09,-1.9289027693303524
2021-07-12,-2.206280858174511
2021-07-13,-2.5751074259255606
2021-07-14,-2.2755558143529147
2021-07-15,-1.5120832904087016
2021-07-16,-1.9587092297237516
2021-07-19,-1.715050700494001
2021-07-20,-1.6526115382526636
2021-07-21,-2.013714505057454
2021-07-22,-1.5561612583308715
2021-07-23,-2.2258308275982683
2021-07-26,-2.205870052888874
2021-07-27,-2.1284016740798233
2021-07-28,-2.25867273567086
2021-07-29,-2.4282754555343953
2021-07-30,-2.272517404016883
2021-08-02,-2.3388737939415143
2021-08-03,-2.7246280460182817
2021-08-04,-2.424534890302024
2021-08-05,-2.2094100888956274
2021-08-06,-2.7376615179836197
2021-08-09,-2.477482504349316
2021-08-10,-2.4933818886817174
2021-08-11,-2.784283918584195
2021-08-12,-2.6596048272683133
2021-08-13,-2.8380712331993334
2021-08-16,-2.48386385223582
2021-08-17,-2.481744264247446
2021-08-18,-2.5890015287103183
2021-08-19,-2.3231079104774164
2021-08-20,-2.257107853030792
2021-08-23,-2.486787087578321
2021-08-24,-2.4047426874581657
2021-08-25,-2.8903093284228514
2021-08-26,-2.9432148865835845
2021-08-27,-2.4719226074782297
2021-08-30,-2.847638656582867
2021-08-31,-2.4958504041949614
2021-09-01,-2.9515159880497417
2021-09-02,-3.040914572824266
2021-09-03,-2.6727073252412428
2021-09-06,-3.1016535554432805
2021-09-07,-2.620335984314141
2021-09-08,-2.9404033358105743
2021-09-09,-2.4027626610668764
2021-09-10,-2.7580454148900655
2021-09-13,-2.778511499065331
2021-09-14,-2.4896657729730793
2021-09-15,-2.4555233743002454
2021-09-16,-2.2510279777242976
2021-09-17,-2.3642521426092835
2021-09-20,-2.0074438631071154
2021-09-21,-2.3319833618629664
2021-09-22,-2.1172279899968687
2021-09-23,-1.6607072076814484
2021-09-24,-2.3594952566047027
2021-09-27,-2.0429274294943403
2021-09-28,-1.4974282866997053
2021-09-29,-1.5112181002079423
2021-09-30,-1.584173622900677
2021-10-01,-1.8199964321224107
2021-10-04,-1.9855683549787406
2021-10-05,-2.269127851553188
2021-10-06,-1.9686058192694327
2021-10-07,-2.168863822178616
2021-10-08,-2.6140611596763605
2021-10-11,-2.358356705639373
2021-10-12,-2.0924529454460146
2021-10-13,-2.177993444592159
2021-10-14,-2.338312640781418
2021-10-15,-2.5128515890212584
2021-10-18,-2.2211947268772447
2021-10-19,-2.2457309514826176
2021-10-20,-2.383381406919553
2021-10-21,-2.5120691259119736
2021-10-22,-1.7628891013159964
2021-10-25,-2.2282742828483335
2021-10-26,-2.2042825074194123
2021-10-27,-1.947898963559206
2021-10-28,-1.909632438152718
2021-10-29,-2.1919153433382514
2021-11-01,-2.0095920077364213
2021-11-02,-2.0945918345804446
2021-11-03,-2.252742254300932
2021-11-04,-0.8242744309491591
2021-11-05,-1.6536932979862462
2021-11-08,-2.1397817892316957
2021-11-09,-2.1491508276431452
2021-11-10,-2.0640215565097817
2021-11-11,-2.07586305135791
2021-11-12,-2.2731415524323344
2021-11-15,-2.2996389185426005
2021-11-16,-1.8926827200227083
2021-11-17,-1.6802659806810019
2021-11-18,-2.285723362975945
2021-11-19,-1.883045142092996
2021-11-22,-2.128466335407299
2021-11-23,-2.350830984652329
2021-11-24,-2.2794889663478504
2021-11-25,-2.4194965919432447
2021-11-26,-1.2558235709552905
2021-11-29,-1.8740932730726507
2021-11-30,-1.5236014429551072
2021-12-01,-1.52424833881189
2021-12-02,-1.8620814579519684
2021-12-03,-1.4278572840829815
2021-12-06,-2.0018006922464258
2021-12-07,-2.030988546117311
2021-12-08,-1.3058710147649648
2021-12-09,-2.208703423138444
2021-12-10,-1.8874429212507327
2021-12-13,-2.2562274023212185
2021-12-14,-2.021256516181527
2021-12-15,-2.014582124208083
2021-12-16,-0.8555256063788975
2021-12-17,-1.9069787728836107
2021-12-20,-1.9802416699556027
2021-12-21,-2.1365095978428226
2021-12-22,-1.9953953047975248
2021-12-23,-1.9907172989502149
2021-12-24,-1.7713364525097524
2021-12-27,-2.1727305701592297
2021-12-28,-2.642635553206041
2021-12-29,-2.055735933672681
2021-12-30,-2.114273598286433
2021-12-31,-1.882791727350992
2022-01-03,-2.0207780665136235
2022-01-04,-1.854897833552541
2022-01-05,-2.003565262017847
2022-01-06,-2.086796953186777
2022-01-07,-2.6105428597989144
2022-01-10,-2.332837487129251
2022-01-11,-2.3485766653602886
2022-01-12,-2.6398786906776963
2022-01-13,-2.3457932674611612
2022-01-14,-2.490926047369293
2022-01-17,-2.693603775964998
2022-01-18,-2.4418520200956513
2022-01-19,-2.3566120796768852
2022-01-20,-2.505123087282895
2022-01-21,-2.151206250249558
2022-01-24,-1.9840014814504312
2022-01-25,-2.0920094216795344
2022-01-26,-2.20090459049797
2022-01-27,-2.2182925246835126
2022-01-28,-2.143196159332063
2022-01-31,-1.9166148937529104
2022-02-01,-2.1804056240889373
2022-02-02,-2.6143239398497036
2022-02-03,-0.6359741124328162
2022-02-04,-1.4522994867593397
2022-02-07,-1.9754737814277648
2022-02-08,-2.0689872215873306
2022-02-09,-2.456677230261315
2022-02-10,-2.1773938510742714
2022-02-11,-1.7859029805913427
2022-02-14,-1.8110893532674608
2022-02-15,-2.041665728720245
2022-02-16,-2.188220665855277
2022-02-17,-1.9553047931594747
2022-02-18,-2.0503186394531925
2022-02-21,-2.2120096102366213
2022-02-22,-1.5011374714166477
2022-02-23,-2.186604471061053
2022-02-24,-0.9210064562733812
2022-02-25,-1.5193968215050226
2022-02-28,-1.0346370686725428
2022-03-01,-1.47762675215885
2022-03-02,-1.2046325630599684
2022-03-03,-1.7443637986340508
2022-03-04,-1.4481023733804756
2022-03-07,-0.7820377153046895
2022-03-08,-0.801380660133386
2022-03-09,-1.0035408989219037
2022-03-10,-0.6318428918173442
2022-03-11,-1.2652697108109643
2022-03-14,-1.4288199958448518
2022-03-15,-1.2780311620583125
2022-03-16,-1.2676867021285627
2022-03-17,-0.6560207781075322
2022-03-18,-1.9622940639082926
2022-03-21,-2.122726774895527
2022-03-22,-1.821925265495706
2022-03-23,-1.691273075885731
2022-03-24,-1.8762527820143857
2022-03-25,-1.9069184939058577
2022-03-28,-1.6596493911232404
2022-03-29,-1.3151565585186284
2022-03-30,-1.627808783771135
2022-03-31,-1.6032922246345322
2022-04-01,-1.770331038693834
2022-04-04,-2.151574628817491
2022-04-05,-2.1962463340093072
2022-04-06,-2.0389971299344167
2022-04-07,-1.7384014853299345
2022-04-08,-1.872008362979135
2022-04-11,-2.095811986940763
2022-04-12,-1.9277114511690523
2022-04-13,-2.4456221397466797
2022-04-14,-1.3710288799679404
2022-04-15,-2.0254815534765664
2022-04-18,-2.826532300252227
2022-04-19,-2.284075348894796
2022-04-20,-1.8706282984467983
2022-04-21,-1.885877694710152
2022-04-22,-1.4410222292003971
2022-04-25,-1.3890089339454004
2022-04-26,-1.6026012244657521
2022-04-27,-1.4838542223225526
2022-04-28,-1.2494780430709023
2022-04-29,-1.501789393454172
2022-05-02,-1.6881017066956665
2022-05-03,-1.7490901844108386
2022-05-04,-1.5525958546494525
2022-05-05,-0.7131375544163397
2022-05-06,-1.2394388823040985
2022-05-09,-1.3197139618386107
2022-05-10,-1.3156677246019703
2022-05-11,-1.0225829256064216
2022-05-12,-1.0160047080527088
2022-05-13,-1.6528071533242223
2022-05-16,-1.540027056675072
2022-05-17,-1.021577313420777
2022-05-18,-1.3364287788806464
2022-05-19,-1.0977721333280877
2022-05-20,-1.5809372303919265
2022-05-23,-1.5439668581664883
2022-05-24,-0.6768925452571487
2022-05-25,-1.3538427158363067
2022-05-26,-1.5929991771710807
2022-05-27,-1.8829472580340945
2022-05-30,-2.0623891680770554
2022-05-31,-1.510305740959001
2022-06-01,-1.9678996881818542
2022-06-02,-2.113379225304566
2022-06-03,-2.186333948008801
2022-06-06,-1.7155983146824167
2022-06-07,-1.4575103577544426
2022-06-08,-1.8229255178258206
2022-06-09,-0.8022658116354726
2022-06-10,-1.6146489497639362
2022-06-13,-1.0545767480053525
2022-06-14,-0.7611812432199028
2022-06-15,-0.6619146005120655
2022-06-16,0.4474610005789143
2022-06-17,-0.9889193683960171
2022-06-20,-1.5778591947273914
2022-06-21,-1.6326499818695446
2022-06-22,-1.3408557988783136
2022-06-23,-1.152437394207175
2022-06-24,-1.6277725915589567
2022-06-27,-1.9027827966407242
2022-06-28,-1.6699439289959968
2022-06-29,-1.4093396142121406
2022-06-30,-0.9442199267002145
2022-07-01,-1.3940002302906709
2022-07-04,-2.153364322557016
2022-07-05,-0.972650129222535
2022-07-06,-1.3955287626002801
2022-07-07,-1.2423557961058689
2022-07-08,-1.3424541271291368
2022-07-11,-1.7337452410605156
2022-07-12,-1.3975581123325753
2022-07-13,-1.1493293822308008
2022-07-14,-1.214273186207898
2022-07-15,-1.7160525929067585
2022-07-18,-1.7492983336434427
2022-07-19,-1.3748219291779233
2022-07-20,-1.560792056716802
2022-07-21,-0.9663952508272381
2022-07-22,-1.4130541383290767
2022-07-25,-1.6758640863715526
2022-07-26,-1.7700834394813612
2022-07-27,-1.4043335235101315
2022-07-28,-1.3335465524208545
2022-07-29,-1.4321369198239855
2022-08-01,-1.452441531876713
2022-08-02,-1.598244980540332
2022-08-03,-1.58217166255491
2022-08-04,-1.0069367446110888
2022-08-05,-1.948981732989956
2022-08-08,-1.9387352598878396
2022-08-09,-1.808951973137947
2022-08-10,-1.7858225196149566
2022-08-11,-1.9494175253309791
2022-08-12,-1.903609084035753
2022-08-15,-2.083586256574728
2022-08-16,-1.9465024430482056
2022-08-17,-1.9948210546855285
2022-08-18,-1.8945903645043978
2022-08-19,-1.607377791324678
2022-08-22,-1.880883422329634
2022-08-23,-1.6784070332377552
2022-08-24,-1.8954257056051007
2022-08-25,-1.900679882875426
2022-08-26,-1.4519228524957701
2022-08-29,-1.9077308846233691
2022-08-30,-1.554328319699508
2022-08-31,-1.4265799487062707
2022-09-01,-1.6435467918636755
2022-09-02,-1.5439305596403121
2022-09-05,-1.6000656516477725
2022-09-06,-1.347717703957673
2022-09-07,-1.316071802833627
2022-09-08,-1.1787000351554615
2022-09-09,-1.4450829730401333
2022-09-12,-1.4062520470927822
2022-09-13,-1.6653751880698935
2022-09-14,-1.619785968514921
2022-09-15,-1.915951448216179
2022-09-16,-1.147018374201322
2022-09-19,-1.9395952584106162
2022-09-20,-1.687159603594352
2022-09-21,-1.4397078488511474
2022-09-22,-0.531008889492868
2022-09-23,0.09535722046692648
2022-09-26,2.315911987182933
2022-09-27,0.0950325454702402
2022-09-28,0.60991815956183
2022-09-29,0.27581103168327836
2022-09-30,0.6279198899660096
2022-10-03,-0.09073488888468532
2022-10-04,-0.48935053199962897
2022-10-05,-0.6258251487307221
2022-10-06,-0.5831568734515945
2022-10-07,-0.8531199673222729
2022-10-10,-0.8573518662006937
2022-10-11,-0.46328110342065154
2022-10-12,-0.007792269964282567
2022-10-13,-0.49113930750775864
2022-10-14,0.006915370054757784
2022-10-17,-0.5339243516818161
2022-10-18,-0.7979891902466076
2022-10-19,-1.0747306732824131
2022-10-20,-0.8068296501260827
2022-10-21,-0.8530317848182342
2022-10-24,-0.5771073682867928
2022-10-25,-1.0405141902321375
2022-10-26,-1.0704229627374406
2022-10-27,-1.1859743907792957
2022-10-28,-1.17938320713387
2022-10-31,-1.2577308954050566
2022-11-01,-1.7089221522440676
2022-11-02,-1.5464228910590567
2022-11-03,-0.8105708947503331
2022-11-04,-1.201483811049833
2022-11-07,-1.0384283666465457
2022-11-08,-1.3474740588650618
2022-11-09,-0.9885273263472028
2022-11-10,-0.9888083360659562
2022-11-11,-1.1172963264602613
2022-11-14,-1.0030615680354176
2022-11-15,-0.857735810631164
2022-11-16,-1.0620341466783962
2022-11-17,-1.0022699677817695
2022-11-18,-1.5269633452835676
2022-11-21,-1.7067477890745655
2022-11-22,-1.7676018695321263
2022-11-23,-1.5862309786995774
2022-11-24,-1.5224847318324892
2022-11-25,-1.477743673667572
2022-11-28,-1.3363320519252067
2022-11-29,-1.3782620792975142
2022-11-30,-1.2231696859278682
2022-12-01,-1.2510441251555098
2022-12-02,-1.3799054594988982
2022-12-05,-1.3280706689553041
2022-12-06,-1.2103206225458534
2022-12-07,-1.6717817225896217
2022-12-08,-1.7390208587085714
2022-12-09,-1.5794615266427194
2022-12-12,-1.552051422287658
2022-12-13,-1.4004442807245583
2022-12-14,-1.0988710338323984
2022-12-15,-0.7612625272035672
2022-12-16,-1.1270474189245039
2022-12-19,-1.4248914945998588
2022-12-20,-0.73848980846084
2022-12-21,-1.3606206053854264
2022-12-22,-1.3607042061822319
2022-12-23,-1.2120382615116223
2022-12-26,-1.9157332260549707
2022-12-27,-1.8163597822357593
2022-12-28,-1.4835395851072877
2022-12-29,-1.6958275913443943
2022-12-30,-1.123196060155511
2023-01-03,-0.9780140007678151
2023-01-04,-1.1145988556304274
2023-01-05,-1.5883283070254002
2023-01-06,-1.476594367940108
2023-01-09,-1.6672371981481884
2023-01-10,-1.717885530021191
2023-01-11,-2.09489489782619
2023-01-12,-1.4015970653966963
2023-01-13,-1.61656022918294
2023-01-16,-1.95583864835004
2023-01-17,-1.0926497904011334
2023-01-18,-1.2161493405791302
2023-01-19,-1.4267885536644838
2023-01-20,-1.9481944046514947
2023-01-23,-1.6267743432864095
2023-01-24,-1.4906817674192379
2023-01-25,-1.7520253482869559
2023-01-26,-1.8882351892798024
2023-01-27,-2.1380088072870107
2023-01-30,-2.027185042641784
2023-01-31,-1.8774770810539538
2023-02-01,-2.02115682005825
2023-02-02,-0.745031516901712
2023-02-03,-1.4877606049137362
2023-02-06,-1.9214057203843935
2023-02-07,-1.7207747394081772
2023-02-08,-2.049892101685423
2023-02-09,-1.9324871038301392
2023-02-10,-2.116049438722771
2023-02-13,-2.0198969006185026
2023-02-14,-1.57950802504251
2023-02-15,-1.452770005979444
2023-02-16,-1.9208098868082264
2023-02-17,-1.7339652085480413
2023-02-20,-2.6051136374290147
2023-02-21,-0.9154179163469078
2023-02-22,-2.0280836154811865
2023-02-23,-2.0980013751990283
2023-02-24,-2.0746491010730588
2023-02-27,-1.9798568989429448
2023-02-28,-1.8906808185798156
2023-03-01,-1.250176852887042
2023-03-02,-1.824348395644805
2023-03-03,-2.0305284010099762
2023-03-06,-1.8866512257712222
2023-03-07,-1.6849001263005159
2023-03-08,-2.160250786626771
2023-03-09,-2.197167242922728
2023-03-10,-1.3531291810741986
2023-03-13,-1.2728450386706718
2023-03-14,-1.7665805389359455
2023-03-15,-0.8172860470746258
2023-03-16,-1.2734204005294525
2023-03-17,-1.727740251494905
2023-03-20,-1.7773642699667858
2023-03-21,-1.7045263093887684
2023-03-22,-1.2368437431472439
2023-03-23,-1.5139917073290705
2023-03-24,-1.696678757728525
2023-03-27,-1.9741995695921482
2023-03-28,-2.418954860182897
2023-03-29,-2.22073017316802
2023-03-30,-2.094546890510127
2023-03-31,-1.8956172992704512
2023-04-03,-2.026961927198265
2023-04-04,-1.9295790561468043
2023-04-05,-1.9628520943843528
2023-04-06,-2.349218745871646
2023-04-07,-2.529167212515768
2023-04-10,-2.258729465457896
2023-04-11,-2.4378952340252353
2023-04-12,-2.0033470458317044
2023-04-13,-2.3226179971916348
2023-04-14,-2.6412500341018235
2023-04-17,-2.4126161539799305
2023-04-18,-2.3441685026047923
2023-04-19,-2.001597119092838
2023-04-20,-2.593192303518055
2023-04-21,-2.50252138758699
2023-04-24,-2.402123328178136
2023-04-25,-2.3871669112852913
2023-04-26,-2.25904356471162
2023-04-27,-2.4927699046401774
2023-04-28,-1.9320580866931645
2023-05-01,-2.667972250602166
2023-05-02,-2.3806100338156186
2023-05-03,-2.1897089369891014
2023-05-04,-1.5789051293223049
2023-05-05,-2.398721328754563
2023-05-08,-2.9622824542894484
2023-05-09,-2.4235869321645227
2023-05-10,-2.434312707564887
2023-05-11,-1.7024950000217127
2023-05-12,-2.3466780900780457
2023-05-15,-2.674492911895917
2023-05-16,-2.1393847797103187
2023-05-17,-2.613693617788792
2023-05-18,-2.4119585280284657
2023-05-19,-2.713887132340252
2023-05-22,-2.6475359697752396
2023-05-23,-2.3999945175905406
2023-05-24,-1.7867934612484986
2023-05-25,-2.3813387867798808
2023-05-26,-2.340096283240918
2023-05-29,-3.102091131408145
2023-05-30,-2.112162327891264
2023-05-31,-2.0683432918759705
2023-06-01,-2.3712551494316694
2023-06-02,-2.5076219046452892
2023-06-05,-2.293165887174407
2023-06-06,-2.6319323886321633
2023-06-07,-2.5763871495987987
2023-06-08,-2.5885001681474424
2023-06-09,-2.7672823538040703
2023-06-12,-2.692866063728083
2023-06-13,-1.9748994284794619
2023-06-14,-2.5325624873208903
2023-06-15,-1.7702228422763016
2023-06-16,-2.2576064137356604
2023-06-19,-2.624989185253373
2023-06-20,-2.299196474315343
2023-06-21,-1.618706409004003
2023-06-22,-1.3477358517466218
2023-06-23,-1.7233586437058543
2023-06-26,-2.2028582396860656
2023-06-27,-2.3054893738889994
2023-06-28,-1.9272375901936527
2023-06-29,-2.3592480483305214
2023-06-30,-2.137275577525806
2023-07-03,-2.352389281724085
2023-07-04,-2.8358183257215215
2023-07-05,-2.4023812199287784
2023-07-06,-1.8935447142974517
2023-07-07,-2.2912254451727576
2023-07-10,-2.3612664493290954
2023-07-11,-2.099250162510276
2023-07-12,-2.2480236839142713
2023-07-13,-2.3472975386912096
2023-07-14,-2.4894390242905255
2023-07-17,-2.0601351755062876
2023-07-18,-1.947648057967754
2023-07-19,-1.1322511020074666
2023-07-20,-2.2051781527562526
2023-07-21,-2.0985977958580633
2023-07-24,-1.6192492009338886
2023-07-25,-2.041766177097084
2023-07-26,-2.447380611070997
2023-07-27,-1.6300324851224395
2023-07-28,-1.97448767295788
2023-07-31,-1.898736083574025
2023-08-01,-2.3091029455683203
2023-08-02,-1.595531995120022
2023-08-03,-1.5225369504896642
2023-08-04,-2.3877530050209814
2023-08-07,-2.766426960815986
2023-08-08,-2.3413481945690355
2023-08-09,-2.7191343092151907
2023-08-10,-2.544383049572117
2023-08-11,-2.215254678469169
2023-08-14,-2.5119824012555196
2023-08-15,-1.9855590052317378
2023-08-16,-2.573649183934066
2023-08-17,-2.6850581006230008
2023-08-18,-2.0979820638537445
2023-08-21,-2.4341414854159487
2023-08-22,-2.518089358283088
2023-08-23,-1.3981220519789233
2023-08-24,-2.558082562932299
2023-08-25,-2.3691699265175514
2023-08-28,-2.851140705783658
2023-08-29,-2.286745084730108
2023-08-30,-2.128572453498184
2023-08-31,-2.0301347778703525
2023-09-01,-2.561024553242941
2023-09-04,-2.9217216354354276
2023-09-05,-2.3386702844356804
2023-09-06,-2.2737677695371112
2023-09-07,-2.4112628012473207
2023-09-08,-2.537938505815857
2023-09-11,-2.598572872666615
2023-09-12,-2.478775008201259
2023-09-13,-1.9577126487203353
2023-09-14,-2.2735597266963636
2023-09-15,-2.7551607310786834
2023-09-18,-2.4656409761178253
2023-09-19,-2.056304115110177
2023-09-20,-1.4657033083813116
2023-09-21,-1.3765949651656784
2023-09-22,-1.6073391215600112
2023-09-25,-2.7258801930001004
2023-09-26,-2.7468903522856305
2023-09-27,-2.5088906883275364
2023-09-28,-2.2352356223225303
2023-09-29,-2.134746249901987
2023-10-02,-2.2745587997265284
2023-10-03,-2.4981256816812745
2023-10-04,-2.360326703869826
2023-10-05,-2.4980606780859396
2023-10-06,-2.0375464723593004
2023-10-09,-2.6015581903411755
2023-10-10,-2.3226817806600764
2023-10-11,-2.738929252698196
2023-10-12,-2.3817507795673056
2023-10-13,-2.2241760697017945
2023-10-16,-2.4257680264258354
2023-10-17,-2.7991910700142055
2023-10-18,-2.4981491576755035
2023-10-19,-2.554890723410766
2023-10-20,-2.390450633864075
2023-10-23,-2.492475547494846
2023-10-24,-2.3978219405302537
2023-10-25,-2.3931159530718276
2023-10-26,-2.6701424824897297
2023-10-27,-2.34121899914884
2023-10-30,-2.375291664301439
2023-10-31,-2.088747268790549
2023-11-01,-2.0743587096857503
2023-11-02,-1.800796350505286
2023-11-03,-2.6074307627249014
2023-11-06,-2.5207852189789297
2023-11-07,-2.6935220432541738
2023-11-08,-2.6976458355645425
2023-11-09,-2.5427001100889526
2023-11-10,-2.7824221420620154
2023-11-13,-2.7196056114874256
2023-11-14,-2.343233639981156
2023-11-15,-2.243233644714056
2023-11-16,-2.6925503460120845
2023-11-17,-2.082810810884741
2023-11-20,-2.534432645523166
2023-11-21,-2.645784212903615
2023-11-22,-2.6957684078021034
2023-11-23,-2.2074141147603314
2023-11-24,-2.645736421747113
2023-11-27,-2.5926396621497467
2023-11-28,-2.452117216072276
2023-11-29,-2.7155852146595767
2023-11-30,-2.3009623142547313
2023-12-01,-2.1954605836639622
2023-12-04,-2.4051147756713194
2023-12-05,-2.5828679062816584
2023-12-06,-2.5301171789983097
2023-12-07,-2.5505154841594138
2023-12-08,-2.1315801577759266
2023-12-11,-2.3538492988326714
2023-12-12,-2.119063243353149
2023-12-13,-1.716588123063389
2023-12-14,-1.1866918589616096
2023-12-15,-1.73967673053452
2023-12-18,-2.09498675515577
2023-12-19,-2.037551340204857
2023-12-20,-1.4377578016033519
2023-12-21,-2.1214190252952263
2023-12-22,-2.0086829245638587
2023-12-26,-3.164727325386466
2023-12-27,-2.127142719665603
2023-12-28,-2.0706164105263594
2023-12-29,-1.6846872619360054
2024-01-02,-2.1600866516843893
2024-01-03,-2.4125235974808183
2024-01-04,-2.186991298429146
2024-01-05,-2.215864941437884
2024-01-08,-2.9027409045762567
2024-01-09,-2.894771600873663
2024-01-10,-2.909327019644011
2024-01-11,-2.696152201310932
2024-01-12,-2.6655652884562566
2024-01-15,-3.0012266784120607
2024-01-16,-2.3876534510465226
2024-01-17,-2.244309614511906
2024-01-18,-2.6464621930198593
2024-01-19,-2.58765596907501
2024-01-22,-3.071875254614938
2024-01-23,-2.842102947068039
2024-01-24,-2.53179612750466
2024-01-25,-2.299295608878447
2024-01-26,-2.8547678754283563
2024-01-29,-2.853299169492089
2024-01-30,-2.5247164383784724
2024-01-31,-2.452817828217807
2024-02-01,-2.039154879709265
2024-02-02,-2.504186968166628
2024-02-05,-2.3728616760870938
2024-02-06,-2.7937889853478812
2024-02-07,-2.840337569473578
2024-02-08,-3.0807101025225005
2024-02-09,-3.0205721284614944
2024-02-12,-2.9318356166994386
2024-02-13,-2.1608590770561453
2024-02-14,-1.9613607773031922
2024-02-15,-2.5957270863883823
2024-02-16,-2.634593552403382
2024-02-19,-2.978583473789526
2024-02-20,-2.8140852508569534
2024-02-21,-3.0247372562643404
2024-02-22,-2.4842609909690503
2024-02-23,-3.1978312205703165
2024-02-26,-2.9649579047030232
2024-02-27,-3.164634338407201
2024-02-28,-3.0047051510890608
2024-02-29,-2.8807006936058746
2024-03-01,-3.1214215697160617
2024-03-04,-3.379204934084879
2024-03-05,-3.231309430017839
2024-03-06,-3.257425292442458
2024-03-07,-2.711076612273607
2024-03-08,-2.744286555401277
2024-03-11,-2.570583361213727
2024-03-12,-2.7588988786260247
2024-03-13,-2.379101354384404
2024-03-14,-3.2602625093188395
2024-03-15,-3.488251390673354
2024-03-18,-3.4578218918787234
2024-03-19,-2.750824788157789
2024-03-20,-3.0811840652336113
2024-03-21,-2.400158239590991
2024-03-22,-2.8606076050285116
2024-03-25,-2.644617984354972
2024-03-26,-3.2704832686301555
2024-03-27,-3.3413567784563436
2024-03-28,-3.1061637016149626
2024-03-29,-2.7109503163309827
2024-04-01,-3.477648391801418
2024-04-02,-3.00791355967758
2024-04-03,-3.1589981320502427
2024-04-04,-3.506902928863817
2024-04-05,-3.143063436816334
2024-04-08,-3.6274052863109327
2024-04-09,-3.3620944483108275
2024-04-10,-2.7903696121450756
2024-04-11,-2.7430971565523485
2024-04-12,-2.916255397569669
2024-04-15,-2.845473473197703
2024-04-16,-2.760810189089942
2024-04-17,-2.5433500094138943
2024-04-18,-3.267575858069032
2024-04-19,-2.525245104163033
2024-04-22,-2.639831675912852
2024-04-23,-1.997573545417127
2024-04-24,-2.998309743736955
2024-04-25,-2.8567987988843306
2024-04-26,-2.755274357116204
2024-04-29,-3.063809926043081
2024-04-30,-2.6647589565366085
2024-05-01,-2.972718836884108
2024-05-02,-2.906340210238221
2024-05-03,-2.9804431790437307
2024-05-06,-3.5338016042904767
2024-05-07,-2.6359828105336396
2024-05-08,-2.9829707119902977
2024-05-09,-2.203790894536101
2024-05-10,-2.982895637389512
2024-05-13,-3.4857136476982533
2024-05-14,-2.9896785463756816
2024-05-15,-2.657198105104927
2024-05-16,-3.3701253655119006
2024-05-17,-3.2754124400669484
2024-05-20,-3.444719134490795
2024-05-21,-3.5029010329187997
2024-05-22,-2.2945234195915574
2024-05-23,-2.978158551150634
2024-05-24,-2.9397435492767143
2024-05-27,-3.551636281945407
2024-05-28,-3.284170675330554
2024-05-29,-2.793165847949404
2024-05-30,-3.110839654876059
2024-05-31,-2.867363214265448
2024-06-03,-3.128286436712928
2024-06-04,-3.083766353316964
2024-06-05,-2.8017729720461406
2024-06-06,-2.919550234308935
2024-06-07,-3.035807340774274
2024-06-10,-2.7047635407014408
2024-06-11,-2.3270108709565083
2024-06-12,-2.307450099244707
2024-06-13,-2.902007227185391
2024-06-14,-2.555697367881681
2024-06-17,-2.6953416200672917
2024-06-18,-3.053727944427871
2024-06-19,-2.8926657114523056
2024-06-20,-2.708521321301409
2024-06-21,-2.3819864895903025
2024-06-24,-2.7733728628618795
2024-06-25,-2.8941366241952635
2024-06-26,-2.4500602413975803
2024-06-27,-2.910553858808831
2024-06-28,-2.806647084119823
2024-07-01,-2.6649366490067234
2024-07-02,-3.0481288206224657
2024-07-03,-2.826986684891282
2024-07-04,-3.680348626038366
2024-07-05,-3.1518882425675945
2024-07-08,-2.9649726229946554
2024-07-09,-3.3664553791164677
2024-07-10,-3.009996003130866
2024-07-11,-3.0712737489798894
2024-07-12,-2.959619449009942
2024-07-15,-3.2673363256812387
2024-07-16,-3.21296825646143
2024-07-17,-2.820762776924981
2024-07-18,-2.972005193780246
2024-07-19,-3.008092906155341
2024-07-22,-3.1007349305344594
2024-07-23,-3.0039081073814193
2024-07-24,-2.7807308190156137
2024-07-25,-2.3566881187772437
2024-07-26,-3.134200063106078
2024-07-29,-3.0013699377604035
2024-07-30,-3.0958824056699683
2024-07-31,-2.4803558275095248
2024-08-01,-1.761377022612637
2024-08-02,-1.6620165760301633
2024-08-05,-1.0243800552160391
2024-08-06,-1.71553094178408
2024-08-07,-2.128249289461739
2024-08-08,-2.244541080992316
2024-08-09,-2.7893559025482726
2024-08-12,-2.4616119369127767
2024-08-13,-2.5313643673912862
2024-08-14,-1.6530797575240972
2024-08-15,-1.94769138429182
2024-08-16,-2.416165515193881
2024-08-19,-2.6925316388131977
2024-08-20,-2.6020223623636656
2024-08-21,-2.7908945649447943
2024-08-22,-2.2151270754992214
2024-08-23,-2.361032179306817
2024-08-26,-2.6415416065655433
2024-08-27,-2.602317578180417
2024-08-28,-2.647293023562814
2024-08-29,-2.460972477340383
2024-08-30,-2.587237229850986
2024-09-02,-3.31278449597165
2024-09-03,-2.7290921433157416
2024-09-04,-2.8367592042958587
2024-09-05,-3.123647915036031
2024-09-06,-2.6279739124109454
2024-09-09,-2.923066485060957
2024-09-10,-3.178048662921125
2024-09-11,-2.5492911967072276
2024-09-12,-2.7159362404051084
2024-09-13,-2.983424416737217
2024-09-16,-2.850344899659593
2024-09-17,-3.049738128437941
2024-09-18,-2.3187104397809617
2024-09-19,-1.8272524268607073
2024-09-20,-2.703337129045002
2024-09-23,-2.881221578001493
2024-09-24,-2.6494206038287405
2024-09-25,-2.560811163652181
2024-09-26,-2.5798622641716853
2024-09-27,-2.312407514577787
2024-09-30,-2.0667910081019025
2024-10-01,-2.076762751148886
2024-10-02,-2.696589952771134
2024-10-03,-1.4863973785886693
2024-10-04,-2.3007071651859
2024-10-07,-2.3019814397104366
2024-10-08,-2.751063937121124
2024-10-09,-2.845414993931961
2024-10-10,-2.353824716616309
2024-10-11,-2.9940140028468885
2024-10-14,-2.765085895703156
2024-10-15,-2.584201490152137
2024-10-16,-1.6120895282123304
2024-10-17,-1.7207178863735628
2024-10-18,-2.2097986527408384
2024-10-21,-3.0078600814227348
2024-10-22,-2.8112838679238275
2024-10-23,-2.6487431629411247
2024-10-24,-2.1336721152245017
2024-10-25,-2.1505245532710053
2024-10-28,-2.6467847117925065
2024-10-29,-2.2751184032085656
2024-10-30,-1.2678858797733281
2024-10-31,-1.4877177100861816
2024-11-01,-2.381544566614843
2024-11-04,-2.4037807841934216
2024-11-05,-2.7580125413071728
2024-11-06,-1.1098511869667853
2024-11-07,-1.7595976541544454
2024-11-08,-2.2250933619587627
2024-11-11,-2.633541208519037
2024-11-12,-2.190481406335311
2024-11-13,-2.373000793304237
2024-11-14,-2.438399333623157
2024-11-15,-2.2788855024607266
2024-11-18,-2.376731307201614
2024-11-19,-2.0087430325014957
2024-11-20,-2.469096695939367
2024-11-21,-2.4514502143219614
2024-11-22,-0.6239223747129197
2024-11-25,-2.189863015316652
2024-11-26,-1.9783711191145865
2024-11-27,-2.324656046945393
2024-11-28,-2.7829218972021232
2024-11-29,-2.1092958585320605
2024-12-02,-2.053762401959974
2024-12-03,-2.624867442130543
2024-12-04,-1.950316077298198
2024-12-05,-2.893849791327094
2024-12-06,-2.816915523426245
2024-12-09,-2.628278407522692
2024-12-10,-2.9005336791849547
2024-12-11,-3.0003555719281167
2024-12-12,-2.3523808380841946
2024-12-13,-2.1470026747315583
2024-12-16,-2.1883504719554168
2024-12-18,-2.160569756552429
2024-12-19,-1.5920488875198477
2024-12-20,-2.0015716368507595
2024-12-23,-2.34743828783106
2024-12-24,-2.149120202793487
2024-12-26,-3.3671984521825635
2024-12-27,-2.304996178299051
2024-12-30,-2.3444341847248484
2024-12-31,-2.1569594079553824
2025-01-02,-1.498577803152631
2025-01-03,-2.5298726027517215
2025-01-06,-1.911996419189014
2025-01-07,-2.561742213562736
2025-01-08,-1.661518716925598
2025-01-09,-1.5355607369301891
2025-01-10,-1.9828058443579069
2025-01-13,-1.820286820675173
2025-01-14,-1.8391908485556328
2025-01-15,-1.8446377004289725
2025-01-16,-2.255314029382108
2025-01-17,-1.8876185703372048
2025-01-20,-2.179400634786788
2025-01-21,-2.533893266704051
2025-01-22,-2.2952084577313934
2025-01-23,-3.024882538988608
2025-01-24,-2.2457314067265
2025-01-27,-2.437635777965701
2025-01-28,-2.7570004754005164
2025-01-29,-2.7275605173134845
2025-01-30,-2.137589466521024
2025-01-31,-2.308831767727248
2025-02-03,-1.3502543544600927
2025-02-04,-2.445496385305019
2025-02-05,-2.4578210719866878
2025-02-06,-1.3375587363524137
2025-02-07,-2.487516370430675
2025-02-10,-2.4526372817230273
2025-02-11,-2.460709952918758
2025-02-12,-2.5356363456944946
2025-02-13,-2.009047889349261
2025-02-14,-2.797991157918599
2025-02-17,-2.697449647209994
2025-02-18,-2.647981347320204
2025-02-19,-2.8484437913376492
2025-02-20,-2.6718192601792343
2025-02-21,-2.5169120031433057
2025-02-24,-2.3353943873986487
2025-02-25,-2.869465319430545
2025-02-26,-2.6414560432533087
2025-02-27,-2.6467870591101037
2025-02-28,-2.5197498401028167
2025-03-03,-2.3360769004594233
2025-03-04,-2.099574724021518
2025-03-05,-1.453207575624274
2025-03-06,-1.397831048529676
2025-03-07,-1.7676596758015644
2025-03-10,-1.5455919646368637
2025-03-11,-1.8797580320159124
2025-03-12,-2.1116678407456972
2025-03-13,-1.894262332116085
2025-03-14,-1.9797244732831618
2025-03-17,-2.5785152054420384
2025-03-18,-2.445863789708164
2025-03-19,-2.4938831932605567
2025-03-20,-2.403209490081715
2025-03-21,-2.6624384040971165
2025-03-24,-2.48348516697991
2025-03-25,-2.7273825697595266
2025-03-26,-2.136447208514198
2025-03-27,-2.3827567430491574
2025-03-28,-2.598799046365302
2025-03-31,-1.9422275330659389
2025-04-01,-2.521132113284422
2025-04-02,-1.7355843986409394
2025-04-03,-0.7486205978682383
2025-04-04,-0.8937186720139203
2025-04-07,-0.37493279057266543
2025-04-08,-1.3432045739142302
2025-04-09,0.14725850737842003
2025-04-10,-0.5824539783218691
2025-04-11,0.022093485252782836
2025-04-14,-0.9081961070234279
2025-04-15,-1.586506208173502
2025-04-16,-1.7482533487496403
2025-04-17,-1.728213986347264
2025-04-18,-2.513415213883502
2025-04-21,-1.4663934388957363
2025-04-22,-1.4057788739200354
2025-04-23,-1.026081978783252
2025-04-24,-1.98454998265511
2025-04-25,-1.9569687919968497
2025-04-28,-1.9589966181595722
2025-04-29,-2.124873640772971
2025-04-30,-1.99144688668077
2025-05-01,-2.2117589064684644
2025-05-02,-1.906900088803906
2025-05-05,-2.5450844970664255
2025-05-06,-2.1310184431061066
2025-05-07,-1.5439709924825067
2025-05-08,-1.2461470687779146
2025-05-09,-2.528901542830626
2025-05-12,-1.6389523029163813
2025-05-13,-2.426777975835616
2025-05-14,-2.3203654962338005
2025-05-15,-2.463714544171985
2025-05-16,-2.6812577096419394
2025-05-19,-2.5242929476598577
2025-05-20,-2.824658862341778
2025-05-21,-2.1527843750474496
2025-05-22,-2.1915529477723767
2025-05-23,-1.6027667303029736
2025-05-26,-2.8425733875875854
2025-05-27,-2.69461912670725
2025-05-28,-2.527720475002325
2025-05-29,-1.8335687360221964
2025-05-30,-2.426529508857135
2025-06-02,-2.6139590444916223
2025-06-03,-2.743042445635695
2025-06-04,-2.6877539067770244
2025-06-05,-2.0738670235258865
2025-06-06,-2.6857595711728193
2025-06-09,-2.7216424051756345
2025-06-10,-2.2990438906982997
2025-06-11,-2.4187140544228245
2025-06-12,-1.6508744265316189
2025-06-13,-1.8378765879238959
2025-06-16,-2.388265541823945
2025-06-17,-2.3751157488290233
2025-06-18,-2.2451129798637868
2025-06-19,-2.114076232399272
2025-06-20,-2.4765593068388427
2025-06-23,-2.2573679052901676
2025-06-24,-2.674110683544013
2025-06-25,-2.5948659074829634
2025-06-26,-2.375912429707742
2025-06-27,-2.429400916215044
2025-06-30,-2.681228520443065
2025-07-01,-2.4966891008267558
2025-07-02,-1.6182234897421228
2025-07-03,-2.050623279908881
2025-07-04,-2.7295428240278676
2025-07-07,-2.4987250102440783
2025-07-08,-2.4902527525796216
2025-07-09,-2.8083597078612463
2025-07-10,-2.8007111319101887
2025-07-11,-2.260170528684953
2025-07-14,-2.3995947836730456
2025-07-15,-2.4088046919460337
2025-07-16,-1.9206828893014525
2025-07-17,-2.5642066094854155
2025-07-18,-2.8672275957475915
2025-07-21,-2.7352014977665555
2025-07-22,-2.8470990076183935
2025-07-23,-2.633125549965738
2025-07-24,-2.340363634851075
2025-07-25,-2.3949750374257928
2025-07-28,-2.405510379692312
2025-07-29,-2.2255717366824226
2025-07-30,-2.362383745934611
2025-07-31,-2.2685282936138544
2025-08-01,-1.7038719526702415
2025-08-04,-2.1111240302034284
2025-08-05,-2.5393766592
2025-08-06,-2.7196210555256206
2025-08-07,-1.5114586537218324
2025-08-08,-2.616658432642104
2025-08-11,-2.909298878956937
2025-08-12,-2.2886723298439278
2025-08-13,-2.3329335838606657
2025-08-14,-2.5980562333241406
2025-08-15,-3.1253263771849116
2025-08-18,-2.6420760505088214
2025-08-19,-2.7550471742493494
2025-08-20,-2.289324088240295
2025-08-21,-2.2851210103509696
2025-08-22,-2.633095972865535
2025-08-25,-2.8471930595850763
2025-08-26,-1.916562999804502
2025-08-27,-2.647988903049654
2025-08-28,-2.7663024439196615
2025-08-29,-2.5714082231396858
2025-09-01,-2.958670002046372
2025-09-02,-1.5979630132970024
2025-09-03,-2.2823577928844925
2025-09-04,-2.6226826247365533
2025-09-05,-2.495087477114363
2025-09-08,-2.7839585556821986
2025-09-09,-3.1664479031197574
2025-09-10,-2.8733891476314346
2025-09-11,-2.5297465158570738
2025-09-12,-2.9814659710459286
2025-09-15,-2.9849610288485495
2025-09-16,-2.60071790809788
2025-09-17,-2.6032063133495518
2025-09-18,-2.5699874996459537
2025-09-19,-2.2334408512061654
2025-09-22,-2.705016615295886
2025-09-23,-2.0312454896031626
2025-09-24,-2.5576428638572235
2025-09-25,-2.714260912222448
2025-09-26,-2.8929373949936226
2025-09-29,-2.9585374198530614
2025-09-30,-2.6496218505753992
2025-10-01,-2.3958633095428006
2025-10-02,-2.8263362427912804
2025-10-03,-2.9621165976853265
2025-10-06,-2.1118401064499994
2025-10-07,-2.812976622412463
2025-10-08,-2.6098891042467254
2025-10-09,-1.953973705293674
2025-10-10,-2.1373990810698467
2025-10-13,-2.289781978187335
2025-10-14,-2.127052303839477
2025-10-15,-2.4362466779429592
2025-10-16,-2.4467706521754637
2025-10-17,-2.2209939626395125
2025-10-20,-2.878688298990643
2025-10-21,-2.5398283539883435
2025-10-22,-1.862502636637713
2025-10-23,-3.003905586444447
2025-10-24,-2.4611951104396503
2025-10-27,-3.331156705378789
2025-10-28,-2.1928673361303574
2025-10-29,-2.3345467792250965
2025-10-30,-2.3643073051974386
2025-10-31,-2.643055103725261
2025-11-03,-2.7438672195072544
2025-11-04,-2.3106050012237542
2025-11-05,-2.6461754495419516
2025-11-06,-2.239028822456377
2025-11-07,-2.4908838018968877
2025-11-10,-3.0073566663421696
2025-11-11,-2.135394161014038
2025-11-12,-2.4139666331639806
2025-11-13,-2.215564995419099
2025-11-14,-0.9266541017226548
2025-11-17,-2.6882695696594947
2025-11-18,-2.497827896664253
2025-11-19,-2.1866757968750843
2025-11-20,-2.599834734360353
2025-11-21,-2.188040364892402
2025-11-24,-2.7128306177209596
2025-11-25,-2.5326702761359976
2025-11-26,-1.3439278077957175
2025-11-27,-2.8304756621546
2025-11-28,-2.279839721875151
2025-12-01,-2.3860075967707735
2025-12-02,-2.9235550882522268
2025-12-03,-2.839355870951842
2025-12-04,-2.835650244820211
2025-12-05,-3.097280678314459
2025-12-08,-2.9898362588894827
2025-12-09,-3.031594881853492
2025-12-10,-2.939863472994682
2025-12-11,-2.9314654936108715
2025-12-12,-2.8369630984299845
2025-12-15,-2.835811309562893
2025-12-16,-2.4758397864813517
2025-12-17,-2.052269750931248
2025-12-18,-2.1348409007980913
2025-12-19,-2.7445371202885886
2025-12-22,-2.77765870424441
2025-12-23,-2.6830265401757503
2025-12-24,-3.0923217451874856
2025-12-26,-2.8322584960845147
2025-12-29,-2.150611375207024
2025-12-30,-2.92401736213696
2025-12-31,-2.6457937245983882
2026-01-02,-2.59123147299122
2026-01-05,-2.6234463546696105
2026-01-06,-3.1154578374196342
2026-01-07,-3.0927877498637413
2026-01-08,-3.087750618556562
2026-01-09,-3.109812891510434
2026-01-12,-3.02276242381693
2026-01-13,-3.2719719997837298
2026-01-14,-3.3587531096465377
2026-01-15,-3.257743963168425
2026-01-16,-3.1761039530112285
2026-01-19,-2.834953866866823
2026-01-20,-2.2743431523329347
2026-01-21,-2.5104485282026126
2026-01-22,-1.9372705073822984
2026-01-23,-2.4094023447704944
2026-01-26,-2.1510858319796315
2026-01-27,-2.082734419281577
2026-01-28,-2.0900084849145903
2026-01-29,-2.6174873502427376
2026-01-30,-2.027470830769615
2026-02-02,-2.549486615587146
2026-02-03,-2.8840716504076056
2026-02-04,-2.451274180251214
2026-02-05,-1.34424891996371
2026-02-06,-2.7580434733151256
2026-02-09,-1.590139773650779
2026-02-10,-2.6589611596405685
2026-02-11,-2.398940201199075
2026-02-12,-2.9528382710669083
2026-02-13,-2.504921007492353
2026-02-16,-3.256702048306024
2026-02-17,-2.4377790819974323
2026-02-18,-3.083244585304061
2026-02-19,-2.7378010169955256
2026-02-20,-2.581089347978623
2026-02-23,-2.6359243950359827
2026-02-24,-3.111331910670523
2026-02-25,-2.8379213783342503
2026-02-26,-2.827885885218789
2026-02-27,-2.258552917881776
2026-03-02,-1.7010325128377743
2026-03-03,-2.2136763989372144
2026-03-04,-2.26312077678358
2026-03-05,-2.631471596591701
2026-03-06,-2.2282573752182913
2026-03-09,-2.195647582504745
2026-03-10,-2.6570061647696988
2026-03-11,-2.56410727919423
2026-03-12,-3.0712049094219616
2026-03-13,-2.6717783278796445
2026-03-16,-3.1571232828954887
2026-03-17,-2.7521442141665404
2026-03-18,-2.874361948757723
2026-03-19,-2.285005108996766
2026-03-20,-2.379867210146319
2026-03-23,-1.228583028043405
2026-03-24,-2.5432051530329063
2026-03-25,-2.781853606819168
2026-03-26,-2.9416037981105023
2026-03-27,-3.118440611677748
2026-03-30,-2.4138415955390102
2026-03-31,-1.810337906788701
2026-04-01,-2.3916374534810414
2026-04-02,-2.6400509567068458
2026-04-03,-2.5295715270229358
2026-04-06,-3.3901058116313108
2026-04-07,-2.8943837065609475
2026-04-08,-2.207836450044946
2026-04-09,-2.9928217307771963
2026-04-10,-2.977730865134918
2026-04-13,-2.562976257008992
2026-04-14,-3.260006674311273
2026-04-15,-3.1240595894793017
2026-04-16,-2.57165509676205
2026-04-17,-2.88560181479447
2026-04-20,-3.1255316969800377
2026-04-21,-2.6911595072488086
2026-04-22,-3.3476963629378464
2026-04-23,-2.9489385155499908
2026-04-24,-2.961549257633821
2026-04-27,-3.13765386726141
2026-04-28,-3.302495430498946
2026-04-29,-3.122079733440639
2026-04-30,-2.47951464226054
2026-05-01,-3.334047872121513
2026-05-04,-3.319494479527232
2026-05-05,-3.094231707134884
2026-05-06,-2.9418464936531628
2026-05-07,-3.1736741239991053
2026-05-08,-3.2476408367123106
2026-05-11,-2.398031181126
2026-05-12,-2.2228802741122182
2026-05-13,-2.8803807520170737
2026-05-14,-2.4462334960875194
2026-05-15,-2.373264047581988
2026-05-18,-2.6455074060907497
2026-05-19,-2.9308231796219952
2026-05-20,-3.056410178742167
2026-05-21,-3.076798633921565
2026-05-22,-3.2504078284807068
2026-05-25,-3.658348441272546
2026-05-26,-3.595644240573989
2026-05-27,-3.488173884557828
2026-05-28,-3.5023167173092182
2026-05-29,-3.2547659945782175
2026-06-01,-3.248368170811647
2026-06-02,-3.5498890195560646
2026-06-03,-3.4712059747419155
2026-06-04,-3.5074811137850004
2026-06-05,-3.0481858347662816
2026-06-08,-3.190647820310984
2026-06-09,-3.3151468132719293
2026-06-10,-3.7077928894153502
2026-06-11,-3.350427274904755
2026-06-12,-3.1235353292464105
2026-06-15,-2.9999460351499407
2026-06-16,-3.7227022739704356
2026-06-17,-2.874083862933695
2026-06-18,-2.5412147098267854
2026-06-19,-2.556261897135225
2026-06-22,-2.5587755567982113
2026-06-23,-2.8737796586713915
2026-06-24,-3.0560256123688228
2026-06-25,-3.1467133789287565
2026-06-26,-2.653936060068758
2026-06-29,-2.781926817632235
2026-06-30,-3.2883813365125283
