date,lnRV
2012-01-12,-1.4539673435697829
2012-01-13,-0.6420012258004699
2012-01-16,-1.3288883461278307
2012-01-17,-1.5543045707419798
2012-01-18,-1.146550781933922
2012-01-19,-1.6975500634332807
2012-01-20,-1.650636591237315
2012-01-23,-1.5147668027891616
2012-01-24,-1.4844772167154008
2012-01-25,-0.9501259881233288
2012-01-26,-1.5017228018721367
2012-01-27,-1.2466230124146078
2012-01-30,-1.7963052648174251
2012-01-31,-1.608606084371792
2012-02-01,-1.3512561785537092
2012-02-02,-1.7182763215263712
2012-02-03,-1.2647638541996284
2012-02-06,-1.5390127005668974
2012-02-07,-1.505102846788696
2012-02-08,-1.4587241067993482
2012-02-09,-1.4217230145325752
2012-02-10,-1.5509090530128853
2012-02-13,-1.9150771023461863
2012-02-14,-1.3037544703962813
2012-02-15,-1.4686060044351605
2012-02-16,-1.5754990909823439
2012-02-17,-1.7488939701114286
2012-02-20,-1.5652136137175645
2012-02-21,-1.1288883130132858
2012-02-22,-1.4077787108563586
2012-02-23,-1.8633659389971624
2012-02-24,-1.571503933744871
2012-02-27,-1.5799022823455489
2012-02-28,-1.5425748618487556
2012-02-29,-1.0366223086483737
2012-03-01,-1.5348838637606148
2012-03-02,-1.590332153717261
2012-03-05,-1.6769320314271434
2012-03-06,-1.4093085477819876
2012-03-07,-1.89295708295475
2012-03-08,-1.6397668005253456
2012-03-09,-1.344325736517643
2012-03-12,-1.502882729256479
2012-03-13,-1.2823277431448041
2012-03-14,-0.994097494477129
2012-03-15,-1.3523303449887725
2012-03-16,-1.341662512582587
2012-03-19,-1.9787590790355518
2012-03-20,-1.6539429065676312
2012-03-21,-1.4076987819568545
2012-03-22,-1.6951047722162418
2012-03-23,-1.4578294880859484
2012-03-26,-1.4898630699916693
2012-03-27,-1.8743961693293891
2012-03-28,-1.5340388577193906
2012-03-29,-1.6619714782624884
2012-03-30,-1.260893824480531
2012-04-02,-1.7184186758695632
2012-04-03,-1.79936119403474
2012-04-04,-1.5882658367751423
2012-04-05,-1.7393166514898943
2012-04-06,-2.2893715611001566
2012-04-10,-1.6430140178290324
2012-04-11,-1.4753731162178492
2012-04-12,-2.0065317796469233
2012-04-13,-1.8957577853196665
2012-04-16,-1.8446680220866425
2012-04-17,-2.058964772784052
2012-04-18,-1.4558148489119236
2012-04-19,-2.0406710468819864
2012-04-20,-1.6445146766924392
2012-04-23,-2.285810015692415
2012-04-24,-2.173563372763807
2012-04-25,-1.3073744716547526
2012-04-26,-2.267111613452054
2012-04-27,-1.88350210327488
2012-04-30,-2.662138198441678
2012-05-01,-2.1166162151427605
2012-05-02,-1.8867199264843892
2012-05-03,-2.4179166186121
2012-05-04,-2.235585727601172
2012-05-07,-2.2750370500620565
2012-05-08,-2.4077504991378897
2012-05-09,-1.9627901220913941
2012-05-10,-1.913711124977831
2012-05-11,-2.0216446786278377
2012-05-14,-2.0518296164588428
2012-05-15,-2.201967792309721
2012-05-16,-1.030902419056376
2012-05-17,-1.6144029011065928
2012-05-18,-1.4222144547866544
2012-05-21,-1.6976258990426736
2012-05-22,-1.5846538779566317
2012-05-23,-1.648647539556385
2012-05-24,-1.672147180565514
2012-05-25,-1.809591257703981
2012-05-28,-2.1712869652776625
2012-05-29,-2.002293031078899
2012-05-30,-1.4794980363511496
2012-05-31,-1.1323471076488008
2012-06-01,-0.38481145899576275
2012-06-05,-1.6623869404974512
2012-06-06,-1.4725246415162956
2012-06-07,-0.953742732660565
2012-06-08,-1.2781119371950154
2012-06-11,-1.307007140435701
2012-06-12,-1.197906761047434
2012-06-13,-1.488155829593412
2012-06-14,-1.3840918579409087
2012-06-15,-1.0930744258314071
2012-06-18,-1.0447014019049987
2012-06-19,-1.4858469735465238
2012-06-20,-1.030004965899963
2012-06-21,-1.1948484572934137
2012-06-22,-1.6183701489388742
2012-06-25,-2.1700723000160393
2012-06-26,-1.6289916700985612
2012-06-27,-1.7998041502189828
2012-06-28,-1.5356313785963533
2012-06-29,-0.5380438197334654
2012-07-02,-1.301855659819205
2012-07-03,-1.948398751937309
2012-07-04,-2.0655904775453693
2012-07-05,-1.3009892265920515
2012-07-06,-1.7884604201241712
2012-07-09,-1.9154742331516539
2012-07-10,-1.9245613228477538
2012-07-11,-1.7638219905896446
2012-07-12,-1.8292024442460981
2012-07-13,-1.414569621037277
2012-07-16,-1.6840415662197046
2012-07-17,-1.2566857033783703
2012-07-18,-1.6118147288664817
2012-07-19,-1.6549328676186201
2012-07-20,-1.9243084111343973
2012-07-23,-1.902300384842997
2012-07-24,-1.7795362622593807
2012-07-25,-1.1704447113018996
2012-07-26,-1.017946226254685
2012-07-27,-1.3714355018822582
2012-07-30,-1.9802081505549847
2012-07-31,-1.822052581739576
2012-08-01,-1.185795060329319
2012-08-02,-0.8039958246967451
2012-08-03,-1.0779953937738862
2012-08-06,-1.3078105422096642
2012-08-07,-1.77518296697958
2012-08-08,-1.3486311139697045
2012-08-09,-2.012683853954452
2012-08-10,-1.6320050329904927
2012-08-13,-2.091643711005322
2012-08-14,-2.1692599308091745
2012-08-15,-2.2125942643981205
2012-08-16,-2.050986405340992
2012-08-17,-1.9748203266102928
2012-08-20,-2.531661132330706
2012-08-21,-2.3335820365022837
2012-08-22,-1.6664944521774547
2012-08-23,-2.0372942890792705
2012-08-24,-2.087254293014898
2012-08-27,-2.9110111008307773
2012-08-28,-2.263194816090352
2012-08-29,-2.424251190278208
2012-08-30,-2.2882738933001225
2012-08-31,-1.2188564629136454
2012-09-03,-2.076932273059429
2012-09-04,-2.312203543797825
2012-09-05,-1.8169573200647477
2012-09-06,-1.9858370243657801
2012-09-07,-1.9375524242002284
2012-09-10,-2.4375253443795404
2012-09-11,-2.338801097632235
2012-09-12,-2.113602403308074
2012-09-13,-1.6008145168931232
2012-09-14,-1.884061868931106
2012-09-17,-2.340833964407005
2012-09-18,-2.37242555891828
2012-09-19,-2.239300496919246
2012-09-20,-1.957142671079568
2012-09-21,-1.7654167524380544
2012-09-24,-2.0404543596076916
2012-09-25,-2.1819389277624377
2012-09-26,-1.9965759275687793
2012-09-27,-1.8738407362394378
2012-09-28,-1.6964633344769793
2012-10-01,-2.006874482255567
2012-10-02,-1.9656859619921203
2012-10-03,-2.0713648079338016
2012-10-04,-1.9062712858362312
2012-10-05,-2.2764228657225476
2012-10-08,-2.2687856314882446
2012-10-09,-2.265812314294186
2012-10-10,-2.299364953809348
2012-10-11,-2.2932843707811665
2012-10-12,-2.0389517646781536
2012-10-15,-2.2839757788836663
2012-10-16,-2.1869600917851595
2012-10-17,-2.1058587935452855
2012-10-18,-1.7813593976841071
2012-10-19,-2.1580290136650744
2012-10-22,-2.448770775042192
2012-10-23,-2.265224070535539
2012-10-24,-1.9250269639107391
2012-10-25,-1.8181232015401079
2012-10-26,-2.267819268863272
2012-10-29,-2.252503482615063
2012-10-30,-2.3825837359498383
2012-10-31,-2.4358059762827
2012-11-01,-2.3127583818451125
2012-11-02,-1.8857121431605661
2012-11-05,-2.444569581021428
2012-11-06,-2.7973800088904497
2012-11-07,-2.0362009326014836
2012-11-08,-2.0419349880261057
2012-11-09,-2.0373479461491995
2012-11-12,-2.595235324487454
2012-11-13,-2.3138264160052375
2012-11-14,-2.148142753174985
2012-11-15,-2.257545067324535
2012-11-16,-1.9141978121944976
2012-11-19,-2.512338503533409
2012-11-20,-2.26432100377659
2012-11-21,-2.386522016511286
2012-11-22,-2.414549964716698
2012-11-23,-2.23538829165605
2012-11-26,-2.299571637219783
2012-11-27,-2.444541749254357
2012-11-28,-2.3576113277917825
2012-11-29,-2.432408264875719
2012-11-30,-1.967003530408154
2012-12-03,-2.422273041400351
2012-12-04,-2.6839250002252917
2012-12-05,-2.4625150562186198
2012-12-06,-2.5851545315828446
2012-12-07,-2.579113913340451
2012-12-10,-2.850249565604281
2012-12-11,-2.789031070049875
2012-12-12,-2.4111730209977997
2012-12-13,-1.973550631237795
2012-12-14,-2.235607141820444
2012-12-17,-2.3846333999667144
2012-12-18,-2.6986143848143738
2012-12-19,-2.499735756333965
2012-12-20,-2.4342123175864767
2012-12-21,-2.0734233111562284
2012-12-24,-2.152442340148574
2012-12-25,-3.3676598535527233
2012-12-26,-2.475116607493564
2012-12-27,-1.5797870203662177
2012-12-28,-2.1680940942170226
2012-12-31,-1.4086794534131715
2013-01-02,-1.275197757062597
2013-01-03,-1.6370381831357064
2013-01-04,-1.7213978557107577
2013-01-07,-2.111409095353397
2013-01-08,-2.2286753559036327
2013-01-09,-2.1982659602958696
2013-01-10,-1.9942882402718076
2013-01-11,-1.5746827496074025
2013-01-14,-1.7590674886713382
2013-01-15,-1.5151224020032585
2013-01-16,-1.6079774139031608
2013-01-17,-1.9070309117500506
2013-01-18,-1.8652660126236713
2013-01-21,-2.096835472263548
2013-01-22,-1.6415977306594631
2013-01-23,-1.8139437908229052
2013-01-24,-1.7880335124984563
2013-01-25,-1.2622427942798269
2013-01-28,-1.8004356150981669
2013-01-29,-2.2242812891689168
2013-01-30,-2.227737390424827
2013-01-31,-1.7280602121812778
2013-02-01,-1.4873812447381987
2013-02-04,-2.052544547709784
2013-02-05,-1.4002007064154292
2013-02-06,-1.9392984080316362
2013-02-07,-0.8431529361635104
2013-02-08,-1.1614561549233684
2013-02-11,-1.7651537814098626
2013-02-12,-1.5203592303437472
2013-02-13,-1.2621914199754718
2013-02-14,-1.6439989920127436
2013-02-15,-1.1931786401589524
2013-02-18,-2.0185158953651023
2013-02-19,-1.9308935183234484
2013-02-20,-0.695546992919336
2013-02-21,-0.8269990192873773
2013-02-22,-0.9278170775208621
2013-02-25,-0.8977308901315446
2013-02-26,-0.8006775300883687
2013-02-28,-1.546744403730453
2013-03-01,-0.7759178258696094
2013-03-04,-1.2957024952113294
2013-03-05,-1.3627519585541592
2013-03-06,-1.5993109656030282
2013-03-07,-0.8430615940767817
2013-03-08,-0.651821648751717
2013-03-11,-1.7989737270551849
2013-03-12,-1.2175970841419343
2013-03-13,-1.3091305294559068
2013-03-14,-1.3108818190369744
2013-03-15,-1.2969636239272846
2013-03-18,-1.243731941344176
2013-03-19,-1.3872727826520066
2013-03-20,-0.29503099946355427
2013-03-21,-1.2574590234438052
2013-03-22,-1.7702791589103084
2013-03-25,-1.470904285211223
2013-03-26,-2.0641772294384495
2013-03-27,-1.8523169791241572
2013-03-28,-1.48109043861691
2013-03-29,-2.185797089855582
2013-04-01,-2.3949572937079564
2013-04-02,-1.9645128258021787
2013-04-03,-2.0948049225079632
2013-04-04,-0.8372783652883571
2013-04-05,-0.588934827061557
2013-04-08,-1.6840676059891149
2013-04-09,-1.6072149442382155
2013-04-10,-2.0368961712412914
2013-04-11,-1.986278393774883
2013-04-12,-2.117177155326105
2013-04-15,-1.681512478720297
2013-04-16,-1.509470054895795
2013-04-17,-1.5965013671093153
2013-04-18,-1.604227238676873
2013-04-19,-1.6380183165745636
2013-04-22,-1.847241384093453
2013-04-23,-1.7781367189687287
2013-04-24,-2.0665483331050964
2013-04-25,-0.33288241227366205
2013-04-26,-1.734109888911732
2013-04-29,-2.1567528885027203
2013-04-30,-1.8808259624514565
2013-05-01,-1.394817168731999
2013-05-02,-1.5569004832164188
2013-05-03,-1.0937041252912274
2013-05-06,-2.659976248391638
2013-05-07,-2.2882923618830047
2013-05-08,-2.099499800603728
2013-05-09,-1.4587416714588635
2013-05-10,-1.3924021064429692
2013-05-13,-1.5763067362688439
2013-05-14,-1.6357112385101942
2013-05-15,-0.9020570512245271
2013-05-16,-1.3579949397842614
2013-05-17,-1.7931503917241816
2013-05-20,-1.8696603524965512
2013-05-21,-1.497399806705457
2013-05-22,-0.7408594861964185
2013-05-23,-1.4994766581425347
2013-05-24,-1.696934189110292
2013-05-27,-2.822165624042011
2013-05-28,-1.4599361546850074
2013-05-29,-1.2772874822603646
2013-05-30,-1.258336763221312
2013-05-31,-1.1700974826945827
2013-06-03,-1.149813474009855
2013-06-04,-1.6672949523236584
2013-06-05,-1.2346877801629208
2013-06-06,-0.751104914615488
2013-06-07,-0.8664220787521734
2013-06-10,-1.5755429749169458
2013-06-11,-1.2590148473315783
2013-06-12,-1.6622460092570912
2013-06-13,-1.314318513541078
2013-06-14,-1.3963587044493933
2013-06-17,-2.146630849735421
2013-06-18,-1.4130063585079118
2013-06-19,-0.7679514563069021
2013-06-20,-0.788167007314654
2013-06-21,-1.3098689514496227
2013-06-24,-1.268525839042986
2013-06-25,-1.4072466295094601
2013-06-26,-1.4896594901518154
2013-06-27,-1.3677135236865807
2013-06-28,-1.2310575925092
2013-07-01,-1.586451389596367
2013-07-02,-1.651836458386044
2013-07-03,-1.1433115111210395
2013-07-04,-0.35433510265108215
2013-07-05,-0.9140856573780105
2013-07-08,-2.110323905720499
2013-07-09,-0.8608299362783237
2013-07-10,-0.5000730158851265
2013-07-11,0.11896008565126258
2013-07-12,-1.5653488181939441
2013-07-15,-1.2598941774591605
2013-07-16,-1.0055466299325304
2013-07-17,-0.01244945750992304
2013-07-18,-1.4229959091686004
2013-07-19,-1.7720700363615078
2013-07-22,-1.8799399039261697
2013-07-23,-2.092726645717535
2013-07-24,-1.5018831011363007
2013-07-25,-1.0678720614332324
2013-07-26,-1.7876126014701037
2013-07-29,-2.07294383488597
2013-07-30,-1.9332601397781035
2013-07-31,-0.9160216388121025
2013-08-01,-0.4504345168137663
2013-08-02,-0.7755638571132055
2013-08-05,-1.7508310954023425
2013-08-06,-1.9988253231713842
2013-08-07,-0.23004642453573584
2013-08-08,-1.9800691852156305
2013-08-09,-2.120496265902094
2013-08-12,-2.0276319055157765
2013-08-13,-1.4515121156996773
2013-08-14,-1.5287649251305326
2013-08-15,-1.0423143280003793
2013-08-16,-1.8580860492478346
2013-08-19,-2.3473150674061753
2013-08-20,-2.2018979303181605
2013-08-21,-1.5650894876727417
2013-08-22,-1.5076928421552267
2013-08-23,-1.6346763603761563
2013-08-26,-2.4197521707101077
2013-08-27,-1.8382148334309976
2013-08-28,-1.3140271293040704
2013-08-29,-1.6682104077292725
2013-08-30,-2.028842776009266
2013-09-02,-1.7496509315940794
2013-09-03,-2.0192930740582122
2013-09-04,-2.240590267001788
2013-09-05,-1.7724413231341607
2013-09-06,-0.8216011903535877
2013-09-09,-2.3207343478922917
2013-09-10,-2.7210667392384047
2013-09-11,-1.9463216720771832
2013-09-12,-2.219349909602343
2013-09-13,-2.318214790911706
2013-09-16,-2.115363649775414
2013-09-17,-1.955388335960729
2013-09-18,-1.090640731038113
2013-09-19,-1.6718113804483843
2013-09-20,-2.298371178053508
2013-09-23,-2.237261263132143
2013-09-24,-2.2739886187856686
2013-09-25,-2.393400164397761
2013-09-26,-2.2085089854172213
2013-09-27,-1.8934056374805472
2013-09-30,-1.8749591295685506
2013-10-01,-1.8072047772750108
2013-10-02,-1.8920430609762486
2013-10-03,-1.951260457313865
2013-10-04,-1.9954928895046327
2013-10-07,-2.422004600057102
2013-10-08,-1.8866482166334932
2013-10-09,-1.1848326588886637
2013-10-10,-2.170356560481563
2013-10-11,-2.447643519153337
2013-10-14,-2.5731271359630834
2013-10-15,-1.7653552983333716
2013-10-16,-1.6866029509039702
2013-10-17,-1.4217084649994045
2013-10-18,-2.521080754591882
2013-10-21,-2.4238270759426537
2013-10-22,-1.3959779098883052
2013-10-23,-1.9773220604178732
2013-10-24,-1.72017500545044
2013-10-25,-1.6905401669079811
2013-10-28,-2.330876879510626
2013-10-29,-1.4977380240876448
2013-10-30,-2.142403212059222
2013-10-31,-1.583578486994022
2013-11-01,-1.8279202316483114
2013-11-04,-2.0025782672195644
2013-11-05,-1.6281427558181154
2013-11-06,-1.6915215217776973
2013-11-07,-1.3460611456617235
2013-11-08,-1.5246520071069511
2013-11-11,-2.632746456659408
2013-11-12,-1.3401723897671076
2013-11-13,-1.0767361524246852
2013-11-14,-1.4243148495394993
2013-11-15,-1.9930086217308347
2013-11-18,-2.4049173975454394
2013-11-19,-1.9917192172953446
2013-11-20,-1.3729516843647838
2013-11-21,-1.7215123509175372
2013-11-22,-2.332485418599879
2013-11-25,-2.3491613301513876
2013-11-26,-1.879284228010393
2013-11-27,-1.474987398019553
2013-11-28,-1.7965950716914958
2013-11-29,-1.7241746991543099
2013-12-02,-1.4492031195467443
2013-12-03,-2.134928924656889
2013-12-04,-1.6513453927512294
2013-12-05,-1.6537009626160097
2013-12-06,-1.4628864329593356
2013-12-09,-2.5326738105199573
2013-12-10,-2.2540791992533067
2013-12-11,-1.8978906772065538
2013-12-12,-1.7240365679817302
2013-12-13,-2.0925026025211353
2013-12-16,-2.017850144031991
2013-12-17,-1.8756706403077035
2013-12-18,-1.248026815886246
2013-12-19,-1.8747859217556868
2013-12-20,-1.5263486425701747
2013-12-23,-2.258928454870173
2013-12-24,-2.287623272934061
2013-12-25,-3.4377793883781615
2013-12-26,-2.4862222827495057
2013-12-27,-1.628566396705989
2013-12-30,-2.1963548114147335
2013-12-31,-1.5530695104517893
2014-01-02,-1.6644454665901254
2014-01-03,-1.7529558463606756
2014-01-06,-1.67293916288365
2014-01-07,-1.9881882363276955
2014-01-08,-2.0254511163013604
2014-01-09,-2.2631410633595874
2014-01-10,-0.7230118446360143
2014-01-13,-1.7260319168395095
2014-01-14,-1.5558724741386183
2014-01-15,-1.4281405961750278
2014-01-16,-1.7587665563054407
2014-01-17,-0.6738174955900877
2014-01-20,-2.3266186404579243
2014-01-21,-1.9899868689598188
2014-01-22,-1.4723594688110238
2014-01-23,-1.9633569580918744
2014-01-24,-1.3956399464706997
2014-01-27,-1.894748505541397
2014-01-28,-1.3239030474565316
2014-01-29,-1.769806336464037
2014-01-30,-1.7482785428693282
2014-01-31,-1.7918735555292957
2014-02-03,-1.6380034734552649
2014-02-04,-1.5238476784941493
2014-02-05,-1.826301441876079
2014-02-06,-1.814153545899049
2014-02-07,-1.9835536293932086
2014-02-10,-2.3013662907365324
2014-02-11,-2.014872138006435
2014-02-12,-1.4031113272943203
2014-02-13,-1.9442327266124273
2014-02-14,-2.3738345517457677
2014-02-17,-1.841404579370015
2014-02-18,-1.9262273439332256
2014-02-19,-1.5568763033347275
2014-02-20,-1.8762817304498134
2014-02-21,-1.1200279151181936
2014-02-24,-1.686403311521604
2014-02-25,-1.6112547797095027
2014-02-26,-2.000797061488827
2014-02-27,-2.076379533422766
2014-02-28,-1.460078504095351
2014-03-03,-1.451940655862927
2014-03-04,-2.132443315819449
2014-03-05,-2.0772245632730635
2014-03-06,-1.9780914922056745
2014-03-07,-1.9864476440091277
2014-03-10,-2.029586652792904
2014-03-11,-2.481450266500618
2014-03-12,-2.0452799126471857
2014-03-13,-1.7261488791987876
2014-03-14,-1.972188324185317
2014-03-17,-2.601269472411806
2014-03-18,-1.9959506846638504
2014-03-19,-1.3735703020037737
2014-03-20,-2.275689562219102
2014-03-21,-2.3441394936361877
2014-03-24,-2.2436603829401864
2014-03-25,-2.2702291961595087
2014-03-26,-1.97925312776096
2014-03-27,-1.4720413521403095
2014-03-28,-2.501598641843543
2014-03-31,-2.2048762522537957
2014-04-01,-2.665420285370909
2014-04-02,-2.495901736513367
2014-04-03,-2.207466863022857
2014-04-04,-2.2457874417927375
2014-04-07,-3.0918943873777875
2014-04-08,-1.8204829510488734
2014-04-09,-2.2674872009604505
2014-04-10,-2.464845260716081
2014-04-11,-2.6281725694874
2014-04-14,-2.696146454581748
2014-04-15,-1.5416986000494644
2014-04-16,-2.2645984666580636
2014-04-17,-2.7068862558470976
2014-04-18,-3.042833792584798
2014-04-21,-3.3986870256745747
2014-04-22,-3.0185932329565888
2014-04-23,-2.4803464664518895
2014-04-24,-2.7022641874337427
2014-04-25,-3.154009190444753
2014-04-28,-2.8224882775789633
2014-04-29,-2.68361972419685
2014-04-30,-2.325053544599683
2014-05-01,-2.7403877099539264
2014-05-02,-2.358900649930823
2014-05-05,-3.7073166061416614
2014-05-06,-2.491849161037484
2014-05-07,-3.136306955957199
2014-05-08,-2.421465667920601
2014-05-09,-2.4774004765852577
2014-05-12,-3.0570476585221167
2014-05-13,-2.772475435573274
2014-05-14,-1.9150754683487239
2014-05-15,-2.502326123884839
2014-05-16,-2.959495583581091
2014-05-19,-3.0292217629323557
2014-05-20,-2.5233904980764117
2014-05-21,-2.1470166993418145
2014-05-22,-2.3519910031934286
2014-05-23,-2.9067154738634855
2014-05-26,-3.6035054976331913
2014-05-27,-2.7472261462060517
2014-05-28,-2.693186998529493
2014-05-29,-2.8610107778425955
2014-05-30,-2.723754871308025
2014-06-02,-2.5785404818513236
2014-06-03,-2.901004016647272
2014-06-04,-2.6525811012308917
2014-06-05,-2.1306768682151636
2014-06-06,-2.5587414965354176
2014-06-09,-3.3718247864156687
2014-06-10,-2.5327104018027877
2014-06-11,-2.4064242511700447
2014-06-12,-1.61530097732126
2014-06-13,-2.32087885649024
2014-06-16,-2.822711167987201
2014-06-17,-2.3689418292631403
2014-06-18,-2.0883415441413398
2014-06-19,-2.7149356385410126
2014-06-20,-3.0659725008425034
2014-06-23,-3.1902822380746803
2014-06-24,-2.658909828668393
2014-06-25,-2.642528342734475
2014-06-26,-2.354484147074372
2014-06-27,-3.0761414248014503
2014-06-30,-2.5619526152628898
2014-07-01,-2.6040077112120024
2014-07-02,-2.8405435528190637
2014-07-03,-2.7676296448416102
2014-07-04,-3.322060476433089
2014-07-07,-3.319515600537105
2014-07-08,-2.373009275984436
2014-07-09,-2.746850955002411
2014-07-10,-3.108270770313487
2014-07-11,-2.710078281405696
2014-07-14,-2.7976243324286
2014-07-15,-1.8044614606411054
2014-07-16,-3.2243547143403517
2014-07-17,-3.2167463732629558
2014-07-18,-2.4591040648718123
2014-07-21,-3.156544195006011
2014-07-22,-3.0358086965816877
2014-07-23,-2.884716111335399
2014-07-24,-2.888514760206987
2014-07-25,-3.18879143120123
2014-07-28,-3.5828781274687986
2014-07-29,-3.1777231212102937
2014-07-30,-2.5506821056598703
2014-07-31,-2.902349497318352
2014-08-01,-2.469019015964524
2014-08-04,-3.44798963829422
2014-08-05,-2.4451946534241493
2014-08-06,-3.0347351383900327
2014-08-07,-2.9405641977072348
2014-08-08,-2.5725136915655074
2014-08-11,-3.4562560670342664
2014-08-12,-3.314739570029368
2014-08-13,-1.5397849057658348
2014-08-14,-3.005604662220889
2014-08-15,-3.306292182012252
2014-08-18,-3.599841453903429
2014-08-19,-2.2779440843993757
2014-08-20,-1.9165489904851905
2014-08-21,-2.9891498419358715
2014-08-22,-2.8826991559916983
2014-08-25,-3.2086534170036805
2014-08-26,-3.0519957252799186
2014-08-27,-2.8407677050517814
2014-08-28,-2.7696221685686115
2014-08-29,-2.4581982902417416
2014-09-01,-3.0485126774027584
2014-09-02,-2.446171830170437
2014-09-03,-2.3762160540548303
2014-09-04,-2.0944549691019674
2014-09-05,-1.6277322035359747
2014-09-08,-1.5620765281166582
2014-09-09,-1.6249360968512425
2014-09-10,-1.0535833592261465
2014-09-11,-1.6450204002793627
2014-09-12,-1.9125383821241355
2014-09-15,-2.2149945371334434
2014-09-16,-1.3360396640184382
2014-09-17,-1.4401481244448249
2014-09-18,-0.9575422690731338
2014-09-19,-0.523306315920567
2014-09-22,-1.7038444257099536
2014-09-23,-1.9024046431672315
2014-09-24,-2.1870845557726213
2014-09-25,-1.5318863468606745
2014-09-26,-1.9596912148675805
2014-09-29,-1.958519737892391
2014-09-30,-1.6456942728729358
2014-10-01,-1.5190196887776737
2014-10-02,-1.346849803996103
2014-10-03,-1.7024408441575933
2014-10-06,-1.7238024050005432
2014-10-07,-1.5877046480198185
2014-10-08,-0.9872978848453065
2014-10-09,-1.615693613037451
2014-10-10,-1.9507074323062221
2014-10-13,-1.8477787072241425
2014-10-14,-1.5298404249340734
2014-10-15,-0.5535572356680004
2014-10-16,-0.780584383253034
2014-10-17,-1.1458977841286924
2014-10-20,-1.9791259260552185
2014-10-21,-2.151187086731775
2014-10-22,-1.684554678613605
2014-10-23,-1.6905780506243988
2014-10-24,-1.7634417347994484
2014-10-27,-2.3991890522795827
2014-10-28,-2.0977674622857614
2014-10-29,-1.5119108849811995
2014-10-30,-2.0194685714997136
2014-10-31,-1.645705266843576
2014-11-03,-1.8821748205294413
2014-11-04,-2.3933827024599834
2014-11-05,-1.3747484955540052
2014-11-06,-1.6113669212667152
2014-11-07,-1.4088538129751358
2014-11-10,-2.1196864258265777
2014-11-11,-2.003118797390451
2014-11-12,-1.4122698671397969
2014-11-13,-2.2532827268737363
2014-11-14,-1.425588771740139
2014-11-17,-1.8477200372312217
2014-11-18,-1.967049527408157
2014-11-19,-1.311936533232651
2014-11-20,-1.3449212320285833
2014-11-21,-1.565342747540748
2014-11-24,-2.169101589169301
2014-11-25,-1.848279407929011
2014-11-26,-1.5813931532641223
2014-11-27,-1.700334106360731
2014-11-28,-1.704086310731362
2014-12-01,-1.1966730675501098
2014-12-02,-1.8916531722364056
2014-12-03,-1.9965341447135463
2014-12-04,-1.2702820667670947
2014-12-05,-1.2757377783519357
2014-12-08,-1.8698725699189747
2014-12-09,-1.398037386659601
2014-12-10,-1.7745736670595083
2014-12-11,-1.2900662741631315
2014-12-12,-1.7336168719024807
2014-12-15,-1.6722509496352436
2014-12-16,-0.9770650176310506
2014-12-17,-0.5062715981862131
2014-12-18,-1.3298989455817325
2014-12-19,-1.7147758369018906
2014-12-22,-1.6701274574806413
2014-12-23,-1.4427344088083294
2014-12-24,-2.2163204790546946
2014-12-26,-3.0457198145635545
2014-12-29,-2.091045855133222
2014-12-30,-2.17516575451282
2014-12-31,-2.1856288700414916
2015-01-02,-1.6332190209122315
2015-01-05,-1.1356365178253303
2015-01-06,-1.4245951384059345
2015-01-07,-1.3909477945719195
2015-01-08,-1.5992145722450524
2015-01-09,-1.3361298145059128
2015-01-12,-1.5602733969485936
2015-01-13,-1.498174233331579
2015-01-14,-0.9755086296046154
2015-01-15,-0.3794764536149478
2015-01-16,-1.0690771633902578
2015-01-19,-1.5738230886978792
2015-01-20,-1.623409071361851
2015-01-21,-0.6171703239117006
2015-01-22,-0.9319246514101003
2015-01-23,-0.9669679941219446
2015-01-26,-1.1133875552195427
2015-01-27,-1.0946381280684403
2015-01-28,-1.4097287552825646
2015-01-29,-1.3324996173356025
2015-01-30,-1.3515258112507682
2015-02-02,-0.8745689605800557
2015-02-03,-1.0766909003482206
2015-02-04,-0.9490886802232928
2015-02-05,-1.3077533554681802
2015-02-06,-0.8499443683954581
2015-02-09,-1.8827588750782331
2015-02-10,-1.582699997063342
2015-02-11,-1.7886586176289194
2015-02-12,-0.9198542671190441
2015-02-13,-1.855867130423792
2015-02-16,-1.8335314067850697
2015-02-17,-1.6298553032640046
2015-02-18,-1.0622500665015167
2015-02-19,-2.076600625710218
2015-02-20,-1.4462591223459784
2015-02-23,-1.8961260883884228
2015-02-24,-1.4870287366815202
2015-02-25,-2.0016486526744153
2015-02-26,-2.0055209738231534
2015-02-27,-1.7717413658014032
2015-03-02,-2.1041836555457856
2015-03-03,-2.122347123011194
2015-03-04,-1.9668528360404007
2015-03-05,-1.798959758802284
2015-03-06,-0.931888396652176
2015-03-09,-1.834137429542882
2015-03-10,-1.3826790024600013
2015-03-11,-0.8770202524913353
2015-03-12,-0.6838297467030461
2015-03-13,-0.8563404181381641
2015-03-16,-1.663677362531025
2015-03-17,-1.4379230032486574
2015-03-18,1.37704220984033
2015-03-19,-0.18082255501141134
2015-03-20,-0.6120677427494927
2015-03-23,-0.6477663052329102
2015-03-24,-0.42550086049398483
2015-03-25,-1.0068720788661931
2015-03-26,-0.7624253705333632
2015-03-27,-0.9038446433806028
2015-03-30,-0.9870143193413005
2015-03-31,-1.1664658402954007
2015-04-01,-0.9218429202145949
2015-04-02,-0.9602742566122081
2015-04-03,-0.6397285015076568
2015-04-06,-1.4351564162949217
2015-04-07,-0.9760847462466331
2015-04-08,-0.9170182142343191
2015-04-09,-0.9437826759742725
2015-04-10,-1.0244507967996472
2015-04-13,-1.0858443079541966
2015-04-14,-0.2677456825618539
2015-04-15,-0.7894686528628098
2015-04-16,-0.8237587094990384
2015-04-17,-1.0599912720561446
2015-04-20,-1.1176716336757184
2015-04-21,-1.389363190488949
2015-04-22,-0.9909878306687625
2015-04-23,-1.208081640016527
2015-04-24,-1.1071097069968436
2015-04-27,-1.2460210864965713
2015-04-28,-1.0394351902981864
2015-04-29,-0.7051878191622417
2015-04-30,-0.5418607038462705
2015-05-01,-0.5787451827010932
2015-05-04,-1.3847237428067873
2015-05-05,-1.0117249621858417
2015-05-06,-0.8130698308368622
2015-05-07,-0.8031644341550102
2015-05-08,0.05558947080511381
2015-05-11,-0.9455340718254733
2015-05-12,-1.0848973969348015
2015-05-13,-0.5650186081759203
2015-05-14,-1.3440793690418589
2015-05-15,-1.519961137609738
2015-05-18,-1.3024305103402603
2015-05-19,-0.8739054262434237
2015-05-20,-0.6553778377478066
2015-05-21,-1.1077236064403857
2015-05-22,-0.8757899387787285
2015-05-25,-2.112118159026502
2015-05-26,-1.2622920618419153
2015-05-27,-1.292851726556293
2015-05-28,-1.2147706998008447
2015-05-29,-1.252084163007736
2015-06-01,-1.0218053335677457
2015-06-02,-1.023517175467798
2015-06-03,-0.7133120209442358
2015-06-04,-1.3110899262944569
2015-06-05,-0.7253964061482202
2015-06-08,-1.3632343288556663
2015-06-09,-1.081387160232727
2015-06-10,-0.8424612934240217
2015-06-11,-1.122637514124526
2015-06-12,-1.1226254992150626
2015-06-15,-1.507563404317075
2015-06-16,-1.4208937543281903
2015-06-17,-0.97864056907645
2015-06-18,-1.4788122659967948
2015-06-19,-1.9510468064700648
2015-06-22,-1.5785989083257805
2015-06-23,-1.5073364827407403
2015-06-24,-1.668091943072928
2015-06-25,-1.661717147573911
2015-06-26,-1.7044933821193091
2015-06-29,-0.7203563737226635
2015-06-30,-1.3214012201584817
2015-07-01,-1.5762219108514928
2015-07-02,-0.9111429418539336
2015-07-03,-1.9702638461968833
2015-07-06,-1.498706134121813
2015-07-07,-1.3109496370586549
2015-07-08,-1.5051307511514347
2015-07-09,-1.6649065232919658
2015-07-10,-1.207244470038791
2015-07-13,-1.273269002993789
2015-07-14,-0.732080932228571
2015-07-15,-1.23645506604883
2015-07-16,-1.3540660466134546
2015-07-17,-1.4016708340127013
2015-07-20,-1.698371595670744
2015-07-21,-1.7002097062419463
2015-07-22,-1.3440098846458295
2015-07-23,-1.09928997115219
2015-07-24,-1.5318886054212295
2015-07-27,-1.4262512708909518
2015-07-28,-1.5238396206742182
2015-07-29,-1.391168506336007
2015-07-30,-1.8601003953011577
2015-07-31,-1.0626596083439828
2015-08-03,-1.875992693838746
2015-08-04,-1.2727282154969424
2015-08-05,-1.4658238921107944
2015-08-06,-0.8065024088289645
2015-08-07,-1.2662953187176431
2015-08-10,-1.5861926673823428
2015-08-11,-1.3880814700025947
2015-08-12,-1.2169125191042454
2015-08-13,-1.7804529473436514
2015-08-14,-1.5545868378612866
2015-08-17,-2.0226287447804596
2015-08-18,-1.3166440708068423
2015-08-19,-1.851520533870514
2015-08-20,-1.6232013389682838
2015-08-21,-1.5917760671571803
2015-08-24,-0.9513319055530731
2015-08-25,-1.1544738248913544
2015-08-26,-1.090850809947494
2015-08-27,-1.3675221626257374
2015-08-28,-1.2639723230038618
2015-08-31,-1.8413583064256156
2015-09-01,-1.1865299731031556
2015-09-02,-1.5938392889656288
2015-09-03,-1.6039097559258422
2015-09-04,-1.9793031866432338
2015-09-07,-1.7395962455615877
2015-09-08,-1.5598493691011943
2015-09-09,-1.7880874141662297
2015-09-10,-1.1738096568661767
2015-09-11,-1.9346570377867942
2015-09-14,-2.0722970937607887
2015-09-15,-1.859589611681439
2015-09-16,-1.2904033160669375
2015-09-17,-1.059356979452194
2015-09-18,-1.110862047033793
2015-09-21,-1.7023455193302577
2015-09-22,-1.5093541829187
2015-09-23,-1.3229564105631118
2015-09-24,-1.6076458755682959
2015-09-25,-1.2024370389979708
2015-09-28,-1.395138252041527
2015-09-29,-1.5467895448409021
2015-09-30,-1.4493302262978152
2015-10-01,-1.868751404919958
2015-10-02,-1.0757281118085409
2015-10-05,-1.7844400368820332
2015-10-06,-2.348201262028056
2015-10-07,-1.843566850253698
2015-10-08,-1.506457987728312
2015-10-09,-1.6692941161217811
2015-10-12,-2.3172396836463967
2015-10-13,-1.0337699155690994
2015-10-14,-1.2742266676062104
2015-10-15,-1.1256885622970105
2015-10-16,-1.8293049895999551
2015-10-19,-2.364955560451129
2015-10-20,-2.2238093294844314
2015-10-21,-2.309516704453293
2015-10-22,-1.232526791060693
2015-10-23,-1.8732376614420259
2015-10-26,-2.00147882240869
2015-10-27,-2.0463715907921696
2015-10-28,-1.467022405842597
2015-10-29,-1.8424495766523201
2015-10-30,-1.545071783183676
2015-11-02,-1.6526821788451025
2015-11-03,-2.0756475507888883
2015-11-04,-1.8866462019716872
2015-11-05,-1.0914979286230435
2015-11-06,-1.0596409608661688
2015-11-09,-1.8978033703280872
2015-11-10,-2.2188355985300063
2015-11-11,-1.3295317379655063
2015-11-12,-1.4660277970530875
2015-11-13,-1.5833517077562869
2015-11-16,-2.4256888892455204
2015-11-17,-2.1661337519792
2015-11-18,-1.812924899676462
2015-11-19,-1.6445098769750213
2015-11-20,-1.9752976487834613
2015-11-23,-1.8371675128436313
2015-11-24,-1.8849887484779548
2015-11-25,-1.5954954300531905
2015-11-26,-2.389708641772833
2015-11-27,-2.002770992519516
2015-11-30,-1.891300719678019
2015-12-01,-1.777573206228036
2015-12-02,-1.622924213703898
2015-12-03,-0.6091247849018306
2015-12-04,-1.1911816911145006
2015-12-07,-1.7961359876665652
2015-12-08,-1.6739338106215917
2015-12-09,-1.5374013735287382
2015-12-10,-1.4479877082142278
2015-12-11,-1.6280420291657938
2015-12-14,-1.428652888652933
2015-12-15,-1.144699978142234
2015-12-16,-0.6408746562189508
2015-12-17,-1.1624430714750495
2015-12-18,-1.339001771652439
2015-12-21,-1.707238270549827
2015-12-22,-1.9787065664134038
2015-12-23,-1.7209040302391516
2015-12-24,-1.735216644068719
2015-12-28,-2.227143114243982
2015-12-29,-2.046722260742842
2015-12-30,-1.7462207608335358
2015-12-31,-1.3567034681877832
2016-01-04,-1.1880972155709117
2016-01-05,-1.8022403914428735
2016-01-06,-1.5432816673528982
2016-01-07,-1.0713412380329377
2016-01-08,-1.1375559607859922
2016-01-11,-1.2408340380075302
2016-01-12,-1.1671679392602556
2016-01-13,-1.3237599704460328
2016-01-14,-1.3613119738234394
2016-01-15,-1.2172750194536177
2016-01-18,-1.6882796717501443
2016-01-19,-1.0960970405393213
2016-01-20,-0.9241031178438902
2016-01-21,-0.9400658394265381
2016-01-22,-1.1212869660082807
2016-01-25,-1.288701749150925
2016-01-26,-0.9984754454975565
2016-01-27,-0.7649492160559581
2016-01-28,-0.7033151053475561
2016-01-29,-0.5480510680367269
2016-02-01,-0.7525266178614921
2016-02-02,-0.9621563666118637
2016-02-03,-0.6687291668605173
2016-02-04,-0.44199083802815553
2016-02-05,-0.8691453354415181
2016-02-08,-0.7622411231967653
2016-02-09,-0.7079427376370221
2016-02-10,-0.6720110519644135
2016-02-11,-0.3930421582422888
2016-02-12,-0.8400633074338248
2016-02-15,-1.0982453425246406
2016-02-16,-0.7951442947245659
2016-02-17,-0.6929258282476485
2016-02-18,-0.9171750678692078
2016-02-19,-0.7629303152738557
2016-02-22,-0.5210209485787631
2016-02-23,-0.8168037010270928
2016-02-24,-0.6770451261669826
2016-02-25,-0.8856966079588895
2016-02-26,-0.707502812193842
2016-02-29,-0.957888850180794
2016-03-01,-0.6634941399579007
2016-03-02,-1.1083883002913724
2016-03-03,-1.019064413242152
2016-03-04,-0.7631971841125706
2016-03-07,-1.2012303613231465
2016-03-08,-1.132831274769333
2016-03-09,-1.3232381821257073
2016-03-10,-0.0887654791251903
2016-03-11,-1.0768146388394046
2016-03-14,-1.4849584479727158
2016-03-15,-1.0754792213076252
2016-03-16,-0.19310965099649413
2016-03-17,-0.07805255247970219
2016-03-18,-1.3659510720083943
2016-03-21,-1.3929945600102878
2016-03-22,-0.579072370890412
2016-03-23,-1.1685190627833966
2016-03-24,-1.4355223960675427
2016-03-25,-1.6592248484081609
2016-03-28,-1.3716536471011285
2016-03-29,-0.4118771344856452
2016-03-30,-1.1276774379823538
2016-03-31,-0.7452295355017264
2016-04-01,-0.4653352283122707
2016-04-04,-1.100311767891415
2016-04-05,-1.2723099726320684
2016-04-06,-0.704342378143796
2016-04-07,-0.9043691334151622
2016-04-08,-0.9684427591514635
2016-04-11,-0.8517654784371046
2016-04-12,-0.710697599960244
2016-04-13,-0.9140215830036148
2016-04-14,-0.8741255889556347
2016-04-15,-1.1844533846797338
2016-04-18,-1.1602681565924298
2016-04-19,-1.1715091182520294
2016-04-20,-1.3462557420465038
2016-04-21,-1.0989915438529747
2016-04-22,-1.0643135254703877
2016-04-25,-1.1359486742213742
2016-04-26,-1.0965486182459505
2016-04-27,-0.904109422782822
2016-04-28,-1.1901780481199797
2016-04-29,-0.8092491171567389
2016-05-02,-1.4148371762675014
2016-05-03,-0.8294262663989259
2016-05-04,-0.818368580378654
2016-05-05,-1.0515687102457025
2016-05-06,-0.9078861952915586
2016-05-09,-0.9320028934158195
2016-05-10,-1.3351014468216782
2016-05-11,-1.5826164412674717
2016-05-12,-1.027965213467329
2016-05-13,-1.0615641892187926
2016-05-16,-1.6669839839172635
2016-05-17,-0.9855444805471785
2016-05-18,-0.84373572386342
2016-05-19,-0.9717007733226596
2016-05-20,-1.6796082682448796
2016-05-23,-1.443544429957507
2016-05-24,-0.9088529684641476
2016-05-25,-1.1700751050684757
2016-05-26,-1.4445244926309442
2016-05-27,-1.398038655356958
2016-05-30,-1.9213653300309204
2016-05-31,-0.5790065712538532
2016-06-01,-1.1307716657801803
2016-06-02,-1.3250403674338718
2016-06-03,-0.5132139994727403
2016-06-06,-0.2455354729001551
2016-06-07,-0.09155230461134256
2016-06-08,-1.189387704777519
2016-06-09,-1.229839827687478
2016-06-10,-0.2928438969098206
2016-06-13,-0.010262286809803928
2016-06-14,-0.49481797472324784
2016-06-15,-0.8245585726886432
2016-06-16,-0.09320113451153501
2016-06-17,-0.09063446938537906
2016-06-20,0.5622188482890969
2016-06-21,-0.33879404026913823
2016-06-22,-0.288378699950442
2016-06-23,0.5309539364853162
2016-06-24,3.6690269127616695
2016-06-27,1.080407124213047
2016-06-28,0.1744679463752441
2016-06-29,0.11943894536562291
2016-06-30,0.7400965475067974
2016-07-01,-0.26380359837173295
2016-07-04,-0.8175200465343804
2016-07-05,-0.2381499797444418
2016-07-06,0.25447716166620393
2016-07-07,-0.1895364508746144
2016-07-08,-0.23829373318512964
2016-07-11,-0.06705046974097599
2016-07-12,-0.08350077629148871
2016-07-13,-0.04285005261933963
2016-07-14,0.7452858891644872
2016-07-15,0.3768640179459135
2016-07-18,-0.08090729709523596
2016-07-19,-0.5951742866484971
2016-07-20,-0.17106577405401419
2016-07-21,-0.06845502505933085
2016-07-22,-0.07825557807794835
2016-07-25,-1.0330621322634224
2016-07-26,-0.7541302402094736
2016-07-27,-0.3957329764031936
2016-07-28,-0.7651456324960915
2016-07-29,-0.49775608761973505
2016-08-01,-0.8151906414056128
2016-08-02,-0.9378265559970362
2016-08-03,-1.1408423089064381
2016-08-04,-0.0013363310091113946
2016-08-05,-0.43483608682706154
2016-08-08,-1.6658093685188038
2016-08-09,-1.3313224651221942
2016-08-10,-1.0638027623149566
2016-08-11,-1.3774529079990927
2016-08-12,-0.8383812186625094
2016-08-15,-1.8411344731051977
2016-08-16,-0.7565910354806374
2016-08-17,-0.516176264273654
2016-08-18,-0.5208338751503321
2016-08-19,-0.8475838448926237
2016-08-22,-1.1872815504028693
2016-08-23,-1.4693038736543196
2016-08-24,-1.3547662522115844
2016-08-25,-1.8269399906596266
2016-08-26,-0.8305297973104933
2016-08-29,-1.6834700689321513
2016-08-30,-1.5288259304629055
2016-08-31,-1.047836117113629
2016-09-01,-0.1859914335537147
2016-09-02,-1.220654512929011
2016-09-05,-1.2544068249522702
2016-09-06,-1.3444093999158895
2016-09-07,-1.3756207081160114
2016-09-08,-1.438817006820301
2016-09-09,-1.287571462039333
2016-09-12,-1.2843684012852707
2016-09-13,-1.2817458351584845
2016-09-14,-1.177297305596435
2016-09-15,-0.8842514205837598
2016-09-16,-1.218703232043501
2016-09-19,-1.5731561666425948
2016-09-20,-1.369824385793673
2016-09-21,-0.6719367678288855
2016-09-22,-1.3320332769445946
2016-09-23,-1.3390557169069413
2016-09-26,-1.4240298657645651
2016-09-27,-1.278410901883411
2016-09-28,-1.282339522175131
2016-09-29,-1.063704582481863
2016-09-30,-0.9216467625353386
2016-10-03,-1.2262955772074338
2016-10-04,-0.9510632654224391
2016-10-05,-1.1274786828176824
2016-10-06,-1.1306010532951056
2016-10-07,3.640846286634567
2016-10-10,-0.977499302329561
2016-10-11,-0.370102571039577
2016-10-12,0.5505043345813656
2016-10-13,-0.4255006790517646
2016-10-14,-0.43205969313282394
2016-10-17,-1.0567995173746012
2016-10-18,-0.3460494338975299
2016-10-19,-1.0339041502661626
2016-10-20,-0.9462430558911975
2016-10-21,-1.2966962883593784
2016-10-24,-1.6868465922633318
2016-10-25,-0.6206005798689309
2016-10-26,-1.1280448131472285
2016-10-27,-0.8194710586667511
2016-10-28,-0.8127818005070776
2016-10-31,-1.0181700226113766
2016-11-01,-1.1251633443376785
2016-11-02,-0.903556313277938
2016-11-03,-0.12452767610845489
2016-11-04,-1.5346644692747113
2016-11-07,-1.145990601021908
2016-11-08,-1.4023032987200648
2016-11-09,0.783631406828543
2016-11-10,-0.3813243717007857
2016-11-11,-0.553064952554818
2016-11-14,-0.4209477701906384
2016-11-15,-0.01799755698777507
2016-11-16,-0.6855878429528774
2016-11-17,-0.7497352353353022
2016-11-18,-0.666335480517607
2016-11-21,-0.27445985995627986
2016-11-22,-0.9796685507415844
2016-11-23,-0.6954985570161939
2016-11-24,-1.2501307948336335
2016-11-25,-0.9559680002268773
2016-11-28,-0.4056072810389021
2016-11-29,-0.9850835861768626
2016-11-30,-0.41206376939158434
2016-12-01,-0.3402256158494175
2016-12-02,-0.8654687873833654
2016-12-05,-0.5394659658010703
2016-12-06,-1.1192591823497569
2016-12-07,-1.0076770060674263
2016-12-08,-0.745076864741424
2016-12-09,-1.2501749870877337
2016-12-12,-1.141884400242924
2016-12-13,-1.3521626258354515
2016-12-14,-0.05535711530274818
2016-12-15,-0.33383296334695417
2016-12-16,-0.7720521800761097
2016-12-19,-0.9585676679351597
2016-12-20,-1.0216448729571863
2016-12-21,-1.2086318123297113
2016-12-22,-1.308864178211008
2016-12-23,-1.3788204085749902
2016-12-26,-1.8538011893144188
2016-12-27,-2.118608216972315
2016-12-28,-1.303992208924917
2016-12-29,-1.398824652493015
2016-12-30,-0.5502348395366271
2017-01-02,-1.9291062090075135
2017-01-03,-0.6877894694667154
2017-01-04,-1.054276865001031
2017-01-05,-0.5967393350712669
2017-01-06,-1.0077770097308556
2017-01-09,-0.9140399881290121
2017-01-10,-0.944454497031878
2017-01-11,0.25818942428984903
2017-01-12,-0.5307153135407159
2017-01-13,-0.6523459873048565
2017-01-16,-0.40118904013919837
2017-01-17,0.20844797455287323
2017-01-18,-0.800171347041011
2017-01-19,-0.8021403241242577
2017-01-20,-0.8164509983639464
2017-01-23,-0.9674797212012862
2017-01-24,-0.38145506281914526
2017-01-25,-0.8374674451110264
2017-01-26,-0.9952549631957655
2017-01-27,-0.9948574093307814
2017-01-30,-1.1530528086419485
2017-01-31,-0.6071910209507644
2017-02-01,-0.8992389041659744
2017-02-02,-0.5702293682696375
2017-02-03,-0.5765854155503084
2017-02-06,-1.2557150191154651
2017-02-07,-0.41682422473200303
2017-02-08,-1.134963551717819
2017-02-09,-1.0973187206350623
2017-02-10,-0.8819170350607438
2017-02-13,-1.450777813407534
2017-02-14,-1.0007870617643786
2017-02-15,-1.016318014975829
2017-02-16,-1.503827834214109
2017-02-17,-1.2139058481651477
2017-02-20,-1.76792098463585
2017-02-21,-1.4792092745571959
2017-02-22,-0.891772307282939
2017-02-23,-1.3811052795388234
2017-02-24,-1.1701768416459806
2017-02-27,-0.9663175132784299
2017-02-28,-0.9416251119059571
2017-03-01,-1.2010273197358379
2017-03-02,-1.3497298990264928
2017-03-03,-1.1353644557332192
2017-03-06,-1.7396020226206312
2017-03-07,-1.7877898908592587
2017-03-08,-1.6466926546545444
2017-03-09,-1.4787334911875198
2017-03-10,-1.131835414300244
2017-03-13,-1.497521690896703
2017-03-14,-1.0327416190956207
2017-03-15,-0.5357458887044245
2017-03-16,-0.7522711518480867
2017-03-17,-1.3808296421361415
2017-03-20,-1.6281200724897624
2017-03-21,-0.9261939595035269
2017-03-22,-1.6333778524175893
2017-03-23,-0.9505892024313495
2017-03-24,-1.8893680968601263
2017-03-27,-1.7025017391016637
2017-03-28,-1.3969664174518357
2017-03-29,-0.8810284662328965
2017-03-30,-1.2380613127078695
2017-03-31,-0.9776666253167992
2017-04-03,-1.3410969796597942
2017-04-04,-1.1517864425933715
2017-04-05,-1.0135503503515066
2017-04-06,-1.934395921794944
2017-04-07,-1.250912251310919
2017-04-10,-2.3394008088295735
2017-04-11,-1.6749299657036367
2017-04-12,-1.8248591527678981
2017-04-13,-1.768356525778244
2017-04-14,-2.7412288464649444
2017-04-17,-2.470035777362403
2017-04-18,-0.31369573005770246
2017-04-19,-1.2463418346320012
2017-04-20,-1.6331307395953705
2017-04-21,-1.4942153190407184
2017-04-24,-1.2406370795582846
2017-04-25,-1.8222964063431493
2017-04-26,-1.5820119140610571
2017-04-27,-1.7030195082450947
2017-04-28,-1.5240619363024064
2017-05-01,-2.3137150740321784
2017-05-02,-1.9180115086009724
2017-05-03,-1.578971163661703
2017-05-04,-1.8362313105898684
2017-05-05,-1.8704908010657335
2017-05-08,-1.9602868987264306
2017-05-09,-1.862469503857
2017-05-10,-1.7815296703878463
2017-05-11,-1.3193132886356804
2017-05-12,-1.8365000221461851
2017-05-15,-2.2772793495246195
2017-05-16,-1.8030315020731813
2017-05-17,-1.3780712233111838
2017-05-18,0.13827231832673934
2017-05-19,-1.83920547172205
2017-05-22,-1.2588606606423018
2017-05-23,-1.2569925259532069
2017-05-24,-1.392509257198597
2017-05-25,-1.715236089696622
2017-05-26,-1.2014948065126552
2017-05-29,-2.6190688941664937
2017-05-30,-1.5102015034225773
2017-05-31,-0.6818237693222662
2017-06-01,-1.410441690916123
2017-06-02,-1.3648038335274542
2017-06-05,-1.6980710110854873
2017-06-06,-1.4051528251378214
2017-06-07,-1.5155360905761444
2017-06-08,-1.7003829528464205
2017-06-09,0.48178250867697625
2017-06-12,-1.3807151233593302
2017-06-13,-1.4044697257856043
2017-06-14,-0.7720584515186961
2017-06-15,-0.4130932110047841
2017-06-16,-1.7366529223098761
2017-06-19,-1.6860278085850084
2017-06-20,-0.8151260260618802
2017-06-21,-1.2434501470770627
2017-06-22,-1.9890632797832524
2017-06-23,-1.7763822317033147
2017-06-26,-1.742493164006806
2017-06-27,-1.7986741610191037
2017-06-28,-0.6343886768995703
2017-06-29,-1.4039145140069702
2017-06-30,-1.3767200696782511
2017-07-03,-1.719017866614184
2017-07-04,-2.028621680551659
2017-07-05,-1.8461448010737267
2017-07-06,-1.5158490183100883
2017-07-07,-1.216016343441061
2017-07-10,-2.1431052181795414
2017-07-11,-1.5534554400666514
2017-07-12,-1.3020082653188991
2017-07-13,-1.5802209053175071
2017-07-14,-1.3487633804546733
2017-07-17,-2.1507979661771186
2017-07-18,-1.2089574300384625
2017-07-19,-1.965723922532771
2017-07-20,-1.314007846077337
2017-07-21,-1.7222943887884274
2017-07-24,-1.7306477579112338
2017-07-25,-1.9118045610561172
2017-07-26,-1.320279384179045
2017-07-27,-1.640347523090299
2017-07-28,-1.6550722086175975
2017-07-31,-1.5228146739451016
2017-08-01,-1.6959939642187432
2017-08-02,-1.9604163957165204
2017-08-03,-0.7747095662407881
2017-08-04,-1.4078506101357948
2017-08-07,-2.302518290655787
2017-08-08,-2.1340563509511705
2017-08-09,-1.7970172636004684
2017-08-10,-1.6739015430926372
2017-08-11,-1.4282704097193943
2017-08-14,-1.8734857841796781
2017-08-15,-1.5193705960393096
2017-08-16,-1.3030940200197123
2017-08-17,-1.828747433150852
2017-08-18,-1.7669662032737266
2017-08-21,-2.036812536812153
2017-08-22,-2.0564051563296926
2017-08-23,-1.9930076760555873
2017-08-24,-1.993573813994518
2017-08-25,-1.801325678711504
2017-08-28,-2.2754895165590217
2017-08-29,-1.8366866647096953
2017-08-30,-1.5608935905652919
2017-08-31,-1.7164135771017452
2017-09-01,-0.9686163443280033
2017-09-04,-2.0921653175373875
2017-09-05,-1.662174390401385
2017-09-06,-1.9354022004997538
2017-09-07,-1.744759048192161
2017-09-08,-1.568528962509673
2017-09-11,-2.0493787283085405
2017-09-12,-0.8590941648480047
2017-09-13,-1.687774530584265
2017-09-14,-0.5298312344324204
2017-09-15,-0.4110679295201801
2017-09-18,-0.718300788505063
2017-09-19,-1.1079178995291339
2017-09-20,0.09656690626184544
2017-09-21,-1.3546193632709618
2017-09-22,-0.5912400842123224
2017-09-25,-1.0724585827954223
2017-09-26,-1.165137690024135
2017-09-27,-1.3045668532317045
2017-09-28,-1.2348624049195374
2017-09-29,-1.1675920479210404
2017-10-02,-1.4621694918112433
2017-10-03,-1.507968453807823
2017-10-04,-1.5186702121199926
2017-10-05,-1.4229259953314697
2017-10-06,-1.2259474102772263
2017-10-09,-1.798193760092543
2017-10-10,-1.859501403177165
2017-10-11,-1.80179338284062
2017-10-12,-0.6115481240105418
2017-10-13,-0.9531116050562339
2017-10-16,-1.2508434713246879
2017-10-17,-1.630693578418851
2017-10-18,-1.551035091359697
2017-10-19,-1.3129754424901963
2017-10-20,-1.4122185176009374
2017-10-23,-1.7867716645436524
2017-10-24,-1.744859725389365
2017-10-25,-0.8443414958319536
2017-10-26,-1.3544036231849756
2017-10-27,-1.3347498112897436
2017-10-30,-1.8272311090190352
2017-10-31,-1.6848114746220533
2017-11-01,-1.0999151603042512
2017-11-02,-0.08107927314182743
2017-11-03,-1.511975340128866
2017-11-06,-1.8866516109473768
2017-11-07,-2.002033918051668
2017-11-08,-1.8670716898171846
2017-11-09,-1.7091146343259866
2017-11-10,-1.8957612251481315
2017-11-13,-1.4495115883293095
2017-11-14,-1.290445406422372
2017-11-15,-1.3124232982703317
2017-11-16,-1.4955757566974863
2017-11-17,-1.393198055946025
2017-11-20,-1.5266967240304337
2017-11-21,-1.8560272945977507
2017-11-22,-1.7905187702675531
2017-11-23,-2.1909138300707096
2017-11-24,-2.108483994991562
2017-11-27,-2.0230272666873295
2017-11-28,-0.4026108042283699
2017-11-29,-1.1481739286197237
2017-11-30,-0.9137975098756393
2017-12-01,-0.9695458675724326
2017-12-04,-0.44101663027455335
2017-12-05,-1.4058030759056037
2017-12-06,-1.2558579533455494
2017-12-07,-0.6944024932590575
2017-12-08,-0.7901714753248604
2017-12-11,-1.6336814071438743
2017-12-12,-1.5928863482640208
2017-12-13,-1.312483783766827
2017-12-14,-1.2207906518300755
2017-12-15,-1.6558837290407828
2017-12-18,-2.053191592532035
2017-12-19,-1.809496243431829
2017-12-20,-1.9167997274620674
2017-12-21,-2.225788099415389
2017-12-22,-1.8189283688224298
2017-12-26,-3.1745526577879
2017-12-27,-2.344950729171691
2017-12-28,-2.6472735769941216
2017-12-29,-2.0177796849402534
2018-01-02,-1.9462837213551607
2018-01-03,-1.9839311677586713
2018-01-04,-2.4134308461124023
2018-01-05,-2.155431798408181
2018-01-08,-2.1585410351781595
2018-01-09,-2.327432050396319
2018-01-10,-1.5749600662892167
2018-01-11,-1.9537534613999334
2018-01-12,-0.659812527042481
2018-01-15,-1.3198812218722646
2018-01-16,-1.8347667238477907
2018-01-17,-1.1256326978557172
2018-01-18,-1.2327525972810254
2018-01-19,-1.4828204533642513
2018-01-22,-1.6383923937427674
2018-01-23,-1.2625353008791924
2018-01-24,-0.9909703635156084
2018-01-25,0.18673753827877554
2018-01-26,-0.35862663394406386
2018-01-29,-1.0700878648363255
2018-01-30,-0.8302777978412006
2018-01-31,-0.5906428482614735
2018-02-01,-0.9927198922574503
2018-02-02,-0.8404146469154175
2018-02-05,-0.886733000676121
2018-02-06,-0.8556314729205975
2018-02-07,-0.8741031409396214
2018-02-08,0.24027402449951266
2018-02-09,-0.6368749535420948
2018-02-12,-1.2404535792745772
2018-02-13,-1.0405588499586076
2018-02-14,-0.23711563617231765
2018-02-15,-1.030278413864505
2018-02-16,-1.2244643920550309
2018-02-19,-1.5835260624774397
2018-02-20,-1.0419547288255526
2018-02-21,-0.6294703732255568
2018-02-22,-1.0214458167521672
2018-02-23,-1.206124197694595
2018-02-26,-1.3623244207984193
2018-02-27,-1.1508476690222975
2018-02-28,-1.2360818860954592
2018-03-01,-0.9702081128371394
2018-03-02,-1.239782822364151
2018-03-05,-1.2401244930065314
2018-03-06,-1.6109269308496204
2018-03-07,-1.5430407378290913
2018-03-08,-1.4970861120925292
2018-03-09,-1.5038544013749846
2018-03-12,-1.7644308311548675
2018-03-13,-1.51122463281085
2018-03-14,-1.4655089047510064
2018-03-15,-1.415893205061596
2018-03-16,-1.6090851560807236
2018-03-19,-1.19100367170387
2018-03-20,-1.70340973094602
2018-03-21,-1.2067856565711215
2018-03-22,-1.2827302726412206
2018-03-23,-1.7180054133203566
2018-03-26,-1.7751368789310953
2018-03-27,-1.4273496852045033
2018-03-28,-1.4146602482209227
2018-03-29,-1.5794010377614338
2018-03-30,-2.1905192593499256
2018-04-02,-2.498680869922427
2018-04-03,-1.8218408384783047
2018-04-04,-1.8689731548153037
2018-04-05,-1.637720532704109
2018-04-06,-1.6166860903138671
2018-04-09,-1.9249940878492853
2018-04-10,-1.6628268608701313
2018-04-11,-1.795109513386803
2018-04-12,-1.6262771889700292
2018-04-13,-1.8512646533622552
2018-04-16,-1.9070780234558178
2018-04-17,-1.8849490697620241
2018-04-18,-1.0037680654226053
2018-04-19,-1.1707045108270626
2018-04-20,-1.6674070421363314
2018-04-23,-1.799433629495706
2018-04-24,-1.7044942083036263
2018-04-25,-2.029362052443843
2018-04-26,-1.6115241463652281
2018-04-27,-0.7098920237803178
2018-04-30,-1.3576361756546413
2018-05-01,-1.227257111497802
2018-05-02,-0.7795627821142769
2018-05-03,-1.2512525375944576
2018-05-04,-1.2970460370153398
2018-05-07,-2.0556541416216954
2018-05-08,-1.239608250237297
2018-05-09,-1.4880170996292863
2018-05-10,-0.24548325221931297
2018-05-11,-1.4963315587725619
2018-05-14,-1.8302695597228034
2018-05-15,-1.541702431764182
2018-05-16,-1.4104918810939298
2018-05-17,-1.0909464982821098
2018-05-18,-1.5724417847001386
2018-05-21,-1.6140112679253975
2018-05-22,-1.8104499079974696
2018-05-23,-0.9979392561348366
2018-05-24,-1.0239271122920302
2018-05-25,-1.4495719300488044
2018-05-28,-2.2168416718575856
2018-05-29,-1.0879434312726863
2018-05-30,-1.5013832648535967
2018-05-31,-1.1155222896891683
2018-06-01,-1.4286072361086652
2018-06-04,-1.7571349374037148
2018-06-05,-1.3268839962769314
2018-06-06,-1.7001084084368001
2018-06-07,-1.095695547919827
2018-06-08,-1.2238067508677515
2018-06-11,-1.3763031366727754
2018-06-12,-1.20746842994534
2018-06-13,-1.3943454266916009
2018-06-14,-0.8793071084265174
2018-06-15,-1.4072173267306554
2018-06-18,-1.859102544952544
2018-06-19,-1.3931918427884866
2018-06-20,-1.5817094263975209
2018-06-21,-0.8110432694341191
2018-06-22,-1.6737571006023755
2018-06-25,-1.6134168916509386
2018-06-26,-1.3356283158241236
2018-06-27,-1.513044867804178
2018-06-28,-1.2979633838008544
2018-06-29,-1.017431018436731
2018-07-02,-1.6800288854710326
2018-07-03,-1.5110801003158287
2018-07-04,-1.6802740142893549
2018-07-05,-1.5990481022403955
2018-07-06,-1.5550769389462271
2018-07-09,-0.593922623899297
2018-07-10,-1.1749163422387134
2018-07-11,-1.4957059486676092
2018-07-12,-1.5630594782317135
2018-07-13,-1.3524994229828433
2018-07-16,-1.8485315685318888
2018-07-17,-1.1156689168242453
2018-07-18,-1.0360647052348724
2018-07-19,-0.9459899008774555
2018-07-20,-1.5387746385022205
2018-07-23,-1.8689909143668157
2018-07-24,-1.6339941306771824
2018-07-25,-1.56449940858626
2018-07-26,-1.53674248393616
2018-07-27,-2.009521139828129
2018-07-30,-2.4522468150365073
2018-07-31,-1.8740225935406172
2018-08-01,-2.061697739087634
2018-08-02,-0.8731264141079013
2018-08-03,-1.6194515755949557
2018-08-06,-2.028037502755709
2018-08-07,-2.3595109506526826
2018-08-08,-1.7826369766249066
2018-08-09,-1.6202692706813369
2018-08-10,-0.9446449557798683
2018-08-13,-1.578004397152975
2018-08-14,-1.4278672916791368
2018-08-15,-1.2581694274197794
2018-08-16,-1.3371871418542962
2018-08-17,-1.8868619229848347
2018-08-20,-2.1036326498589446
2018-08-21,-1.674772763306855
2018-08-22,-1.7891463318467096
2018-08-23,-1.41941304870994
2018-08-24,-1.5203857787764976
2018-08-27,-2.1806532325161645
2018-08-28,-1.9113039915194
2018-08-29,-0.14933983814665566
2018-08-30,-1.256293287393599
2018-08-31,-1.2439963215481966
2018-09-03,-1.5672960893235188
2018-09-04,-1.4090030186371747
2018-09-05,0.2650549464553275
2018-09-06,-1.2877741538494556
2018-09-07,-0.9722970512134574
2018-09-10,-0.9165003902832508
2018-09-11,-0.9876067023015533
2018-09-12,-1.2251173126084365
2018-09-13,-1.5302628942909295
2018-09-14,-1.78735530565171
2018-09-17,-1.8203107449573799
2018-09-18,-1.7046153977985297
2018-09-19,-0.6101510061971172
2018-09-20,-1.4665629026995348
2018-09-21,-0.810289844272957
2018-09-24,-1.7273299441943932
2018-09-25,-1.782992717739405
2018-09-26,-1.3669710642431736
2018-09-27,-1.5204223865454534
2018-09-28,-1.7364753843130785
2018-10-01,-0.9836251178380948
2018-10-02,-1.6755800727990007
2018-10-03,-1.614542564042258
2018-10-04,-1.4955226602923941
2018-10-05,-1.6013766614203238
2018-10-08,-1.80077662535823
2018-10-09,-1.430085996288686
2018-10-10,-1.819059247985457
2018-10-11,-1.37162130791575
2018-10-12,-1.5286457220484226
2018-10-15,-1.4818928426792626
2018-10-16,-1.6809310379264102
2018-10-17,-1.6973001518607758
2018-10-18,-1.4997211512400603
2018-10-19,-1.474092518432675
2018-10-22,-1.4636089903500376
2018-10-23,-1.0838230900376238
2018-10-24,-1.714206538887253
2018-10-25,-1.6660165144725658
2018-10-26,-1.7113056811546736
2018-10-29,-1.7282769678211196
2018-10-30,-1.8218033978497092
2018-10-31,-0.9398535565311594
2018-11-01,-0.5729007355262923
2018-11-02,-1.5923995596281184
2018-11-05,-1.3465680447782662
2018-11-06,-1.338642024412995
2018-11-07,-0.836371177885157
2018-11-08,-1.394717300996031
2018-11-09,-1.546836340656218
2018-11-12,-0.9785407581486898
2018-11-13,-0.6176543516856176
2018-11-14,0.51570984126415
2018-11-15,0.5010715885194968
2018-11-16,-0.6325737168184691
2018-11-19,-0.8291773457598395
2018-11-20,-1.2548015744027212
2018-11-21,-1.0487130989110005
2018-11-22,-0.6204526394095382
2018-11-23,-1.6825971898685224
2018-11-26,-1.6775236047429627
2018-11-27,-1.227233423008218
2018-11-28,-1.186859898557846
2018-11-29,-1.3602864720403547
2018-11-30,-1.5327958594733946
2018-12-03,-1.2403392932812245
2018-12-04,-0.5878360184808977
2018-12-05,-0.9252825552896632
2018-12-06,-1.1719308297071909
2018-12-07,-1.1128300605804402
2018-12-10,-0.3903885824960445
2018-12-11,-0.8541204205374058
2018-12-12,-0.09387913784870591
2018-12-13,-0.8902424235975228
2018-12-14,-1.478883480163177
2018-12-17,-1.426338968301895
2018-12-18,-1.3136811146887895
2018-12-19,-1.1324198997954942
2018-12-20,-1.4809040363459796
2018-12-21,-0.8834299605190108
2018-12-24,-0.7766649680024669
2018-12-26,-1.4380455631477442
2018-12-27,-1.0338205850793951
2018-12-28,-1.7010086559344413
2018-12-31,-0.9116637067892345
2019-01-02,-0.9978744302887196
2019-01-03,0.3738072607739593
2019-01-04,-0.9242295339687044
2019-01-07,-1.8657297918967428
2019-01-08,-1.432250551444163
2019-01-09,-1.1487891596794564
2019-01-10,-1.2166296171169875
2019-01-11,-0.5389151871233822
2019-01-14,-0.7889339439984766
2019-01-15,0.012270477621817757
2019-01-16,-0.7443061795654324
2019-01-17,-1.1708144086567294
2019-01-18,-1.4001582811929916
2019-01-21,-1.5086589374579469
2019-01-22,-1.6539668703192922
2019-01-23,-1.5328667543857732
2019-01-24,-1.5150423884376454
2019-01-25,-0.6474486236678475
2019-01-28,-1.526067961060502
2019-01-29,-0.7259288157743768
2019-01-30,-0.9377876574530517
2019-01-31,-1.4540364745069203
2019-02-01,-1.4554464778388498
2019-02-04,-1.6737100848598334
2019-02-05,-1.5337270081078385
2019-02-06,-2.055035659948094
2019-02-07,-1.2343961941932267
2019-02-08,-2.1131305903290336
2019-02-11,-1.6702076597379765
2019-02-12,-1.7701931231774712
2019-02-13,-0.9264658596178432
2019-02-14,-1.2531864598115081
2019-02-15,-1.5841532723469134
2019-02-18,-2.2271800705400264
2019-02-19,-1.3799752160294225
2019-02-20,-1.2609412078553337
2019-02-21,-1.1524195004798197
2019-02-22,-1.6965308933484324
2019-02-25,-1.662228415881414
2019-02-26,-0.6662373316310392
2019-02-27,-1.162048755271462
2019-02-28,-1.2245982189914741
2019-03-01,-1.3031132814770037
2019-03-04,-1.7524013331817352
2019-03-05,-1.147789071586778
2019-03-06,-1.640565768837475
2019-03-07,-1.309483205816055
2019-03-08,-0.3552169766187762
2019-03-11,-0.4333446161047331
2019-03-12,0.6473274093332989
2019-03-13,-0.5742271721553468
2019-03-14,-0.3567584871338084
2019-03-15,-1.290366214544842
2019-03-18,-1.0096589044678894
2019-03-19,-1.4827457072403893
2019-03-20,-0.41064025553728123
2019-03-21,-0.47759805006429945
2019-03-22,-0.8817601001174797
2019-03-25,-0.7985685056071072
2019-03-26,-0.8482764095483554
2019-03-27,-0.5260263527227513
2019-03-28,-0.23760976667376046
2019-03-29,-0.11599364610535794
2019-04-01,-1.2271818338783118
2019-04-02,-0.5278580011309101
2019-04-03,-1.0795069100270778
2019-04-04,-1.4967623520113282
2019-04-05,-1.30702624379398
2019-04-08,-1.7280532360856906
2019-04-09,-0.8466038580663712
2019-04-10,-1.6647985404250911
2019-04-11,-1.53769284547514
2019-04-12,-1.8480534412005347
2019-04-15,-2.3240642181710975
2019-04-16,-2.0233328988471526
2019-04-17,-2.1291467531363213
2019-04-18,-1.8969514939959373
2019-04-19,-3.112863437843354
2019-04-22,-3.609380794195878
2019-04-23,-1.8185860195682193
2019-04-24,-1.941493099498899
2019-04-25,-2.2073337033116984
2019-04-26,-2.127729627364852
2019-04-29,-2.5967908840918965
2019-04-30,-1.8692562903794767
2019-05-01,-1.6209147811299858
2019-05-02,-1.8774581619229391
2019-05-03,-1.4377126541318657
2019-05-06,-2.1365587742177503
2019-05-07,-2.034823717214029
2019-05-08,-1.9541857501383162
2019-05-09,-1.9816507486069586
2019-05-10,-1.9279630374332708
2019-05-13,-2.1528450477925754
2019-05-14,-2.0232769455508435
2019-05-15,-2.0841775816272614
2019-05-16,-2.113005762169956
2019-05-17,-2.255207465947298
2019-05-20,-2.652955684732446
2019-05-21,-0.9296729088284424
2019-05-22,-1.6101568346615929
2019-05-23,-1.8577477860423683
2019-05-24,-1.3035340731975282
2019-05-27,-2.4854320563637753
2019-05-28,-1.727925073189284
2019-05-29,-1.9927885570744617
2019-05-30,-2.067253269474645
2019-05-31,-1.587265621517356
2019-06-03,-1.8651383670676498
2019-06-04,-1.5676872397843649
2019-06-05,-1.602737503407582
2019-06-06,-1.4831797745739554
2019-06-07,-1.6840860973593885
2019-06-10,-1.8421045074159552
2019-06-11,-1.930632586085559
2019-06-12,-1.617766125064204
2019-06-13,-2.1418445239940094
2019-06-14,-1.8816312029707132
2019-06-17,-2.1181060232896916
2019-06-18,-1.9169073192914858
2019-06-19,-1.5954067586590135
2019-06-20,-1.4994960661827819
2019-06-21,-1.6071543023306911
2019-06-24,-1.9379632596259264
2019-06-25,-1.17159167293343
2019-06-26,-1.7882556926609021
2019-06-27,-1.726950310154196
2019-06-28,-1.851147431426743
2019-07-01,-1.7021276671688996
2019-07-02,-1.8045181827689714
2019-07-03,-2.0380319870568924
2019-07-04,-2.6494985257830344
2019-07-05,-1.9575340672124737
2019-07-08,-2.666812120042354
2019-07-09,-1.9001978423416463
2019-07-10,-1.6859486815601723
2019-07-11,-1.7089225241361474
2019-07-12,-2.22445989065373
2019-07-15,-1.788075617843761
2019-07-16,-1.6078557118671706
2019-07-17,-1.9631817074335303
2019-07-18,-1.7062395738975435
2019-07-19,-1.5776261150781026
2019-07-22,-1.7199806648480704
2019-07-23,-1.729223155302217
2019-07-24,-1.726519159982266
2019-07-25,-1.6150270314790074
2019-07-26,-2.0134386480333735
2019-07-29,-1.3547142635964458
2019-07-30,-0.8124926268894647
2019-07-31,-0.7573829814379596
2019-08-01,-0.7507138712824369
2019-08-02,-1.0724271747278697
2019-08-05,-0.8505805702590933
2019-08-06,-1.1262854183352642
2019-08-07,-1.3186313609844658
2019-08-08,-1.4248786723247302
2019-08-09,-1.2969133788713294
2019-08-12,-1.5730621818881734
2019-08-13,-1.6807194607334952
2019-08-14,-2.0078597875847186
2019-08-15,-1.5344069731149141
2019-08-16,-1.7134210820648887
2019-08-19,-1.897635947072784
2019-08-20,-1.1144372725578098
2019-08-21,-1.7880195281491031
2019-08-22,-0.5890769783159461
2019-08-23,-1.289618702903021
2019-08-26,-1.6214816743868097
2019-08-27,-1.5597112904702624
2019-08-28,-0.9944347854641754
2019-08-29,-1.492091799922412
2019-08-30,-1.350909452893807
2019-09-02,-1.1840371691541498
2019-09-03,-0.6188902184293357
2019-09-04,-1.015257796523699
2019-09-05,-1.0314212968590108
2019-09-06,-1.361250714854448
2019-09-09,-0.9946765024824624
2019-09-10,-1.6484464024003167
2019-09-11,-1.5098077102766234
2019-09-12,-1.4995237287819112
2019-09-13,-1.048046313464894
2019-09-16,-1.2692451308119677
2019-09-17,-1.6736278786560577
2019-09-18,-1.2322673173963061
2019-09-19,-1.0708777225612474
2019-09-20,-1.329108942338767
2019-09-23,-1.2482063624946582
2019-09-24,-1.2572624018325358
2019-09-25,-1.4907543306470044
2019-09-26,-1.4147563845849354
2019-09-27,-1.4738355218747938
2019-09-30,-1.4753475602717356
2019-10-01,-0.1660189654914712
2019-10-02,-0.8764724470090404
2019-10-03,-0.7007184891978357
2019-10-04,-1.1218780942980622
2019-10-07,-1.732395840646743
2019-10-08,-1.2596353523923378
2019-10-09,-1.030810030034202
2019-10-10,-0.25154977191877625
2019-10-11,0.1831769714770196
2019-10-14,-0.6786243084266206
2019-10-15,0.3302155257995202
2019-10-16,0.6184833789953503
2019-10-17,0.19721945532732496
2019-10-18,-0.7158069738656084
2019-10-21,-0.8467236051405418
2019-10-22,-0.03385360821986035
2019-10-23,-0.9197620398394115
2019-10-24,-0.9734176693239431
2019-10-25,-1.6402169240417452
2019-10-28,-1.5810668298290893
2019-10-29,-1.4102872783761224
2019-10-30,-1.5397604767922548
2019-10-31,-1.633671824687467
2019-11-01,-1.899436607804088
2019-11-04,-2.432672381067395
2019-11-05,-2.106769608202363
2019-11-06,-2.3436819167852367
2019-11-07,-1.5047772478640729
2019-11-08,-2.4150440120296035
2019-11-11,-1.6799293106007755
2019-11-12,-2.280101258456977
2019-11-13,-2.0707519054443995
2019-11-14,-2.081556961550144
2019-11-15,-2.011451566766928
2019-11-18,-2.1254437948667335
2019-11-19,-2.1153312296585765
2019-11-20,-2.0940115136163953
2019-11-21,-2.1123940235778917
2019-11-22,-1.9477891634315805
2019-11-25,-2.3594044488827577
2019-11-26,-2.044812334539746
2019-11-27,-1.797320406367358
2019-11-28,-2.0182717971387167
2019-11-29,-1.422953961435788
2019-12-02,-2.2230125241903087
2019-12-03,-1.9033152866297403
2019-12-04,-1.5754271712105885
2019-12-05,-2.0538301133275283
2019-12-06,-2.0085927816037814
2019-12-09,-1.9816663116854119
2019-12-10,-1.687828713313006
2019-12-11,-1.4891346513051917
2019-12-12,-0.355131345892451
2019-12-13,0.03239532295048155
2019-12-16,-1.4320426152545331
2019-12-17,-0.3042689902433607
2019-12-18,-1.0738537550534824
2019-12-19,-0.518737620977845
2019-12-20,-1.412148881699905
2019-12-23,-1.215190357359393
2019-12-24,-1.8691765196025096
2019-12-26,-2.1403749191444326
2019-12-27,-1.5965168328549857
2019-12-30,-1.220054328384975
2019-12-31,-1.2227017346788842
2020-01-02,-1.3312327097936227
2020-01-03,-1.3133671957738342
2020-01-06,-1.4566158086426502
2020-01-07,-1.627644004339767
2020-01-08,-1.139138779494855
2020-01-09,-1.305984851011805
2020-01-10,-1.3756958333235707
2020-01-13,-1.8784222139919593
2020-01-14,-1.919977558705854
2020-01-15,-1.816045776341684
2020-01-16,-1.7796320250135018
2020-01-17,-1.3324355025492702
2020-01-20,-2.307417721299529
2020-01-21,-2.0320580854904398
2020-01-22,-1.8923202237796384
2020-01-23,-1.883031355422624
2020-01-24,-1.5888096486832293
2020-01-27,-1.8343063496719658
2020-01-28,-2.056815575636994
2020-01-29,-2.233180461897915
2020-01-30,-1.4816953516040012
2020-01-31,-1.7232784915527044
2020-02-03,-1.631390413269205
2020-02-04,-1.4351973643841618
2020-02-05,-1.3143392482260692
2020-02-06,-1.7574422698399141
2020-02-07,-1.9478809865985245
2020-02-10,-2.157257865350089
2020-02-11,-2.023268725531123
2020-02-12,-2.163027150392969
2020-02-13,-1.5597073406176942
2020-02-14,-1.7852638491401975
2020-02-17,-2.54297105631819
2020-02-18,-1.84257679659236
2020-02-19,-1.6152573249485624
2020-02-20,-1.426149183214163
2020-02-21,-1.449811447912862
2020-02-24,-1.747046311565239
2020-02-25,-1.6022933439019325
2020-02-26,-1.554815277211728
2020-02-27,-1.3109646526172338
2020-02-28,-0.6694628373926338
2020-03-02,-0.5398309926014365
2020-03-03,-0.9110155962037371
2020-03-04,-1.3669483295239993
2020-03-05,-1.3222267342575627
2020-03-06,-1.2051481220257751
2020-03-09,0.09268713404446868
2020-03-10,-0.4777940276017615
2020-03-11,-0.3861190625768794
2020-03-12,0.3327093913127561
2020-03-13,0.6286381155934871
2020-03-16,0.8644701870695726
2020-03-17,0.24596975494671555
2020-03-18,1.7549121688963356
2020-03-19,1.5956525270847493
2020-03-20,1.7024239236415706
2020-03-23,1.4683566954494447
2020-03-24,0.7892164981992656
2020-03-25,0.8569451528319961
2020-03-26,1.047828557548521
2020-03-27,0.8564238493905514
2020-03-30,0.28854836185431926
2020-03-31,0.9871451870620002
2020-04-01,-0.21084938007081458
2020-04-02,-0.10117755075293722
2020-04-03,-0.17455892405758486
2020-04-06,-0.14076692191437987
2020-04-07,-0.13630421453724412
2020-04-08,-0.8095487141396123
2020-04-09,-0.4933787539181437
2020-04-10,-2.0238737946275913
2020-04-13,-1.110796919259296
2020-04-14,-0.8478045497263513
2020-04-15,-0.6829135222121344
2020-04-16,-0.6632273186281824
2020-04-17,-0.6654568300788269
2020-04-20,-1.1213307059156545
2020-04-21,-0.5710186626403939
2020-04-22,-0.8611048338082135
2020-04-23,-0.46474983996762936
2020-04-24,-1.2554871044346054
2020-04-27,-1.0086910961369546
2020-04-28,-1.215059903232624
2020-04-29,-1.2405934998541632
2020-04-30,-0.6521377855919316
2020-05-01,-0.9925061419084571
2020-05-04,-1.2000202568751754
2020-05-05,-1.346387142439896
2020-05-06,-1.086555009274044
2020-05-07,-0.3853562296100945
2020-05-08,-1.1272801156240098
2020-05-11,-0.7674261828063974
2020-05-12,-0.9160295437625875
2020-05-13,-0.7246773358094367
2020-05-14,-0.8034120983733293
2020-05-15,-1.0025700967173863
2020-05-18,-0.8992620737137595
2020-05-19,-0.9806307501991384
2020-05-20,-1.21516753323432
2020-05-21,-1.1985028495393215
2020-05-22,-1.5197317058371305
2020-05-25,-2.2742486691855825
2020-05-26,-1.2350482094749928
2020-05-27,-0.7035019568777722
2020-05-28,-1.0439289400740535
2020-05-29,-0.44549458434314204
2020-06-01,-0.8954240124201432
2020-06-02,-0.8722130789505445
2020-06-03,-0.7793464256902192
2020-06-04,-0.8968924664737022
2020-06-05,-0.4236347795996192
2020-06-08,-0.9874783398698299
2020-06-09,-0.9478566530034188
2020-06-10,-0.6884592452827942
2020-06-11,-0.5654511860972906
2020-06-12,-0.4110998169735031
2020-06-15,-0.6313584918550789
2020-06-16,-0.6194663764006859
2020-06-17,-0.8952965035832047
2020-06-18,-0.5520435816927737
2020-06-19,-0.9700978036778843
2020-06-22,-1.0996956801008055
2020-06-23,-0.8843824299733913
2020-06-24,-0.7281274092970533
2020-06-25,-1.0605371142853
2020-06-26,-1.4979156264473221
2020-06-29,-1.1579921394822583
2020-06-30,-1.1296303328133548
2020-07-01,-1.3897776571808773
2020-07-02,-1.1546684124393634
2020-07-03,-1.7183676670545451
2020-07-06,-1.528273939041906
2020-07-07,-1.2715275009280376
2020-07-08,-1.281890165896857
2020-07-09,-1.1174528762732518
2020-07-10,-1.4493780680998078
2020-07-13,-1.5239163135405873
2020-07-14,-1.3354393155328959
2020-07-15,-1.394696210036667
2020-07-16,-1.3373527001083014
2020-07-17,-1.700821367508008
2020-07-20,-1.622017883288596
2020-07-21,-1.0987333638744563
2020-07-22,-1.084280657496406
2020-07-23,-1.0382395488579192
2020-07-24,-1.1847952249598663
2020-07-27,-1.2240602307051727
2020-07-28,-1.0413221465490132
2020-07-29,-0.9916311400210328
2020-07-30,-1.1370796722810446
2020-07-31,-0.7276681212222257
2020-08-03,-1.0937069473155308
2020-08-04,-1.1925616103581997
2020-08-05,-1.0923468613129832
2020-08-06,-0.7781341206770003
2020-08-07,-1.2706086349898824
2020-08-10,-1.5787433806991433
2020-08-11,-1.412084377719089
2020-08-12,-1.248994220161498
2020-08-13,-1.4762897909282244
2020-08-14,-1.6217229454512372
2020-08-17,-1.5990600999310363
2020-08-18,-1.438103049837022
2020-08-19,-0.9439282786358014
2020-08-20,-1.013878885945527
2020-08-21,-0.9868744981559368
2020-08-24,-1.33679466275873
2020-08-25,-1.2343757830121225
2020-08-26,-1.3394451422103935
2020-08-27,-0.6568062044307404
2020-08-28,-1.0711390350336565
2020-08-31,-1.4280616889673394
2020-09-01,-0.8199778086158827
2020-09-02,-0.98923539239535
2020-09-03,-0.9495614841078276
2020-09-04,-1.002149188345508
2020-09-07,-1.3910036408689164
2020-09-08,-0.8852091992137913
2020-09-09,-0.5159501969167588
2020-09-10,-0.2981660454048674
2020-09-11,-0.6079184543680893
2020-09-14,-1.1337719579400543
2020-09-15,-1.1166672627179761
2020-09-16,-0.6532569952671757
2020-09-17,-0.35173718372697566
2020-09-18,-1.2483498335939691
2020-09-21,-1.100728186731858
2020-09-22,-0.3822880395845466
2020-09-23,-0.7759288686131744
2020-09-24,-0.7161798417796377
2020-09-25,-1.0360121273315928
2020-09-28,-0.8040146427780344
2020-09-29,-0.6278547343444014
2020-09-30,-0.9614136396125063
2020-10-01,0.09144272043097715
2020-10-02,-0.49952263535100744
2020-10-05,-1.2686041200070002
2020-10-06,-0.741316103240493
2020-10-07,-1.1828322828975566
2020-10-08,-1.3862369723412187
2020-10-09,-1.4391765452269922
2020-10-12,-1.694814680594972
2020-10-13,-1.2478906269825734
2020-10-14,-1.1607347764366316
2020-10-15,-0.6877769710727466
2020-10-16,-0.5034842502615917
2020-10-19,-1.1189971586153198
2020-10-20,-1.3518064619258212
2020-10-21,-1.0211083370445364
2020-10-22,-1.2709893273886566
2020-10-23,-1.1880744598711805
2020-10-26,-1.315030734588415
2020-10-27,-1.5477972512648612
2020-10-28,-0.9028377100343745
2020-10-29,-1.0681680788934718
2020-10-30,-1.1709821119621489
2020-11-02,-1.3790687845080443
2020-11-03,-1.3661924197089252
2020-11-04,0.2681976644489362
2020-11-05,-0.20142125845029038
2020-11-06,-0.7924300393186245
2020-11-09,-0.5553797562634057
2020-11-10,-0.7721829423680825
2020-11-11,-0.8762913252882549
2020-11-12,-1.109389790960241
2020-11-13,-1.6250936040967032
2020-11-16,-1.2920478845359733
2020-11-17,-1.4414754772343645
2020-11-18,-2.0075568565123376
2020-11-19,-1.3174695433037824
2020-11-20,-1.703907655886994
2020-11-23,-1.246754855538376
2020-11-24,-1.2851573544618946
2020-11-25,-1.2223102142182118
2020-11-26,-1.995710672037065
2020-11-27,-1.4990462504616051
2020-11-30,-1.0961413732875893
2020-12-01,-0.6883300909740037
2020-12-02,-0.5480653021746024
2020-12-03,-1.145645949076089
2020-12-04,-0.42698651907415913
2020-12-07,-0.33618118508679146
2020-12-08,-0.3874686620893705
2020-12-09,-1.093893412741088
2020-12-10,-0.37930460523045734
2020-12-11,-0.36760257502855054
2020-12-14,-0.7461491314585058
2020-12-15,-0.5877603770495232
2020-12-16,-0.9559144770485075
2020-12-17,-1.1988533209789296
2020-12-18,-1.0476773382452804
2020-12-21,0.23757790108725688
2020-12-22,-0.39130382232480465
2020-12-23,-0.5391597715523827
2020-12-24,-0.7734928234078974
2020-12-28,-0.8215259521600223
2020-12-29,-1.5453114173851081
2020-12-30,-1.370975463811289
2020-12-31,-0.9921828745130299
2021-01-04,-0.9014345636970453
2021-01-05,-1.118732035988109
2021-01-06,-0.922238984083897
2021-01-07,-1.0467015834269935
2021-01-08,-1.0677491295005312
2021-01-11,-1.0907258612998016
2021-01-12,-1.3416198673937634
2021-01-13,-1.4419258084684818
2021-01-14,-1.38684968187688
2021-01-15,-1.6246374923919364
2021-01-18,-1.918320177870137
2021-01-19,-1.9647609872647795
2021-01-20,-1.42976703954347
2021-01-21,-1.623782371046104
2021-01-22,-1.629521240279389
2021-01-25,-1.5996847440685011
2021-01-26,-1.8467343670472325
2021-01-27,-1.2755179393646698
2021-01-28,-1.2348148051799102
2021-01-29,-1.222620636562465
2021-02-01,-1.4723263148841854
2021-02-02,-1.6577068985688044
2021-02-03,-1.5418371330005107
2021-02-04,-0.7848776826036279
2021-02-05,-1.80911504024106
2021-02-08,-1.751677617775631
2021-02-09,-1.8733210917279188
2021-02-10,-2.0195718097745807
2021-02-11,-2.1838016155974813
2021-02-12,-1.920301733423295
2021-02-15,-2.5658599599401444
2021-02-16,-1.5471761945865214
2021-02-17,-1.6008872902271325
2021-02-18,-1.499096693388404
2021-02-19,-1.8958896884589362
2021-02-22,-1.5767687440245235
2021-02-23,-1.7430781636293173
2021-02-24,-0.9283374949296327
2021-02-25,-0.9943419383348363
2021-02-26,-0.121993611920512
2021-03-01,-1.109651096456091
2021-03-02,-1.0904825079799363
2021-03-03,-1.1118268647309875
2021-03-04,-1.1255806760422469
2021-03-05,-0.7107262426952586
2021-03-08,-1.209803280797998
2021-03-09,-1.3422369604425062
2021-03-10,-1.1454549184615597
2021-03-11,-1.5878618889437677
2021-03-12,-1.3617292233548108
2021-03-15,-1.4789087142057782
2021-03-16,-1.6078971968198699
2021-03-17,-1.0937518561919743
2021-03-18,-1.1299567776600932
2021-03-19,-1.387347082094103
2021-03-22,-1.5193809508625211
2021-03-23,-1.2481374415420219
2021-03-24,-1.3383609120565723
2021-03-25,-1.425052654119522
2021-03-26,-1.7003552238224549
2021-03-29,-1.3526120926622844
2021-03-30,-1.4967110108509631
2021-03-31,-1.6015152012335898
2021-04-01,-1.7056998560699483
2021-04-02,-2.4279865933271836
2021-04-05,-2.259170220430732
2021-04-06,-1.6650717872371714
2021-04-07,-1.23752839485321
2021-04-08,-1.7731133572059745
2021-04-09,-1.717202296602011
2021-04-12,-1.7229860427574077
2021-04-13,-1.556139953061778
2021-04-14,-1.6882057178824628
2021-04-15,-1.638762070075723
2021-04-16,-1.763388325486591
2021-04-19,-1.481497679528129
2021-04-20,-1.8225069341595885
2021-04-21,-1.8620057043770968
2021-04-22,-1.779676735409918
2021-04-23,-1.7876144908298062
2021-04-26,-1.7181668982364273
2021-04-27,-1.7892102744225418
2021-04-28,-1.5950222730921946
2021-04-29,-1.8359658706548896
2021-04-30,-1.3966930636818273
2021-05-03,-2.010134348482399
2021-05-04,-1.5849950198859108
2021-05-05,-1.9518848288089123
2021-05-06,-1.4120373771258907
2021-05-07,-0.9073729155001777
2021-05-10,-1.442285042331613
2021-05-11,-1.4143688140854243
2021-05-12,-1.1678153083802902
2021-05-13,-1.4136682413478519
2021-05-14,-1.9115751421761928
2021-05-17,-1.9495062223979664
2021-05-18,-1.8735040813383035
2021-05-19,-1.5142988457669428
2021-05-20,-1.900687411949189
2021-05-21,-1.9838750684438575
2021-05-24,-1.9511570106011928
2021-05-25,-1.9419324983295128
2021-05-26,-1.7721908455389062
2021-05-27,-1.713047177707102
2021-05-28,-1.881001170928696
2021-05-31,-2.3109800945851706
2021-06-01,-1.85030951601035
2021-06-02,-2.0858976082101544
2021-06-03,-1.7836871692744298
2021-06-04,-1.6059600606568472
2021-06-07,-2.159312420338177
2021-06-08,-2.2519196209125503
2021-06-09,-2.1469495621221215
2021-06-10,-1.8196569663472617
2021-06-11,-2.071497393587312
2021-06-14,-2.2020851289174996
2021-06-15,-2.057364688250484
2021-06-16,-1.076842404382599
2021-06-17,-1.277505311284685
2021-06-18,-1.3378912500190219
2021-06-21,-1.6279653911070733
2021-06-22,-1.6647414418595015
2021-06-23,-1.883866882382568
2021-06-24,-0.9936722582506791
2021-06-25,-1.9047068813872021
2021-06-28,-1.6918870114338038
2021-06-29,-2.0014824635679185
2021-06-30,-1.635560005732357
2021-07-01,-1.7133932916773393
2021-07-02,-1.5450480857428817
2021-07-05,-2.5510625135577407
2021-07-06,-1.7329620762106082
2021-07-07,-1.494466199204459
2021-07-08,-1.6010231589599129
2021-07-09,-1.4771009444621543
2021-07-12,-1.9658855903480323
2021-07-13,-1.615742740522894
2021-07-14,-1.6976296441088419
2021-07-15,-1.3509238385514577
2021-07-16,-1.5713540924170513
2021-07-19,-1.3419777974605032
2021-07-20,-1.3987651974368285
2021-07-21,-1.735247258426054
2021-07-22,-1.4776614941768378
2021-07-23,-2.065972859656852
2021-07-26,-1.8986607352285296
2021-07-27,-1.4989676598961987
2021-07-28,-1.7834863213541137
2021-07-29,-1.989797308518921
2021-07-30,-1.8831139005864663
2021-08-02,-1.9204336467014609
2021-08-03,-2.2860225809774604
2021-08-04,-2.158546509499267
2021-08-05,-1.7401260589309577
2021-08-06,-2.2436582649409598
2021-08-09,-2.239219271425525
2021-08-10,-2.1857857390373683
2021-08-11,-2.098315794316367
2021-08-12,-2.618006646112344
2021-08-13,-2.620902451716832
2021-08-16,-2.063053955811614
2021-08-17,-2.0502829579644875
2021-08-18,-1.909809631357441
2021-08-19,-2.000192826082965
2021-08-20,-1.8659590246288948
2021-08-23,-2.238146942848382
2021-08-24,-2.224349733545907
2021-08-25,-2.2451992056637375
2021-08-26,-2.408980160514515
2021-08-27,-1.7261484960843285
2021-08-30,-2.449183449541621
2021-08-31,-1.872602764881132
2021-09-01,-2.471731352152339
2021-09-02,-2.4062827817966146
2021-09-03,-1.7671637864905134
2021-09-06,-2.8395826430451248
2021-09-07,-2.082151036331424
2021-09-08,-2.1904628525493504
2021-09-09,-2.0296863427665253
2021-09-10,-2.4255512980045384
2021-09-13,-2.3419809513556924
2021-09-14,-1.6165757300442405
2021-09-15,-2.247204138683331
2021-09-16,-1.9392238341234895
2021-09-17,-2.1390504523028198
2021-09-20,-1.5409586723332873
2021-09-21,-1.769257551134295
2021-09-22,-1.0846072832401474
2021-09-23,-1.4435491736577744
2021-09-24,-1.9473078559791315
2021-09-27,-1.6486286596832314
2021-09-28,-1.163743840038587
2021-09-29,-1.1974649132700064
2021-09-30,-1.2559026266051443
2021-10-01,-1.4744599080684253
2021-10-04,-1.584811805036453
2021-10-05,-1.792237151745918
2021-10-06,-1.460883530757482
2021-10-07,-1.8953863698264841
2021-10-08,-1.7413172042712974
2021-10-11,-1.8101184039973723
2021-10-12,-1.7644075315345507
2021-10-13,-1.6126901116176193
2021-10-14,-2.0215835920042133
2021-10-15,-2.1532350084051637
2021-10-18,-2.0015014835175444
2021-10-19,-2.159928114267058
2021-10-20,-2.1296917140039495
2021-10-21,-2.085356346974908
2021-10-22,-1.385649600619228
2021-10-25,-1.971916810080514
2021-10-26,-2.0238676496206476
2021-10-27,-1.6604678708652203
2021-10-28,-1.8792534849031106
2021-10-29,-1.6828246898265935
2021-11-01,-1.8559392646384747
2021-11-02,-1.8269973101082413
2021-11-03,-1.9200267063682142
2021-11-04,-0.6837512837077339
2021-11-05,-1.4453453305366104
2021-11-08,-1.6355728480505216
2021-11-09,-1.6859564340603583
2021-11-10,-1.3089879739187618
2021-11-11,-1.68912311718705
2021-11-12,-1.925909056950865
2021-11-15,-1.9693116593848699
2021-11-16,-1.5478213388430315
2021-11-17,-1.4967630072540408
2021-11-18,-1.9616069904032287
2021-11-19,-1.2864771535508424
2021-11-22,-1.4641358168412764
2021-11-23,-1.7692084461844
2021-11-24,-1.725074457090324
2021-11-25,-2.5704805083266553
2021-11-26,-1.2668817970761639
2021-11-29,-1.9290329284997474
2021-11-30,-0.7434360592578528
2021-12-01,-1.5018879042155011
2021-12-02,-1.8847995633358239
2021-12-03,-1.323998500294789
2021-12-06,-2.10917351293546
2021-12-07,-1.6365204141790832
2021-12-08,-1.2433510351901405
2021-12-09,-1.925105989625861
2021-12-10,-1.594335718157341
2021-12-13,-1.8282883722007721
2021-12-14,-2.3433056746492675
2021-12-15,-1.4223937799362931
2021-12-16,-0.8354120063877467
2021-12-17,-1.7560939689877693
2021-12-20,-1.9764646020043743
2021-12-21,-2.023093598861108
2021-12-22,-1.9393917517316253
2021-12-23,-1.8159444464473493
2021-12-24,-1.7432190654698794
2021-12-27,-2.2840329688364567
2021-12-28,-2.5175049451708764
2021-12-29,-2.123134972574791
2021-12-30,-1.9744953334235047
2021-12-31,-1.7683200205602858
2022-01-03,-1.985747686475498
2022-01-04,-1.7741571165718018
2022-01-05,-1.8747300214688116
2022-01-06,-1.8285015448222566
2022-01-07,-1.8509122610214195
2022-01-10,-2.0248195617808493
2022-01-11,-2.043339360907899
2022-01-12,-2.220824820878738
2022-01-13,-1.9991106080088
2022-01-14,-1.978881334952758
2022-01-17,-2.510339210330433
2022-01-18,-1.9190880998080624
2022-01-19,-2.1369888369953243
2022-01-20,-2.1699075034635675
2022-01-21,-2.2076761027327882
2022-01-24,-1.7662482891716746
2022-01-25,-2.069944524894095
2022-01-26,-1.8167904349166926
2022-01-27,-1.5107271220696967
2022-01-28,-1.4631068228265944
2022-01-31,-1.6485043493669242
2022-02-01,-1.83365225222083
2022-02-02,-2.4325991620830547
2022-02-03,-0.9698434344582076
2022-02-04,-1.363642868877814
2022-02-07,-2.1386913124890383
2022-02-08,-2.128588565898018
2022-02-09,-2.1579987858599816
2022-02-10,-1.0504089498724554
2022-02-11,-1.3017470282030197
2022-02-14,-1.4365337635991269
2022-02-15,-1.473700775475728
2022-02-16,-2.0054279522983918
2022-02-17,-1.3918867485309985
2022-02-18,-1.9566251623971354
2022-02-21,-2.280743906330507
2022-02-22,-1.619411436920615
2022-02-23,-1.9635196273917497
2022-02-24,-0.6022409622466447
2022-02-25,-1.208683109217187
2022-02-28,-1.0181103226152848
2022-03-01,-1.374972560089974
2022-03-02,-1.113088336753799
2022-03-03,-1.4543448461998574
2022-03-04,-1.185059739307048
2022-03-07,-0.739574704143767
2022-03-08,-0.8998648287665144
2022-03-09,-1.3007568192853174
2022-03-10,-1.304078353194825
2022-03-11,-1.5208176899028072
2022-03-14,-1.6172765354213767
2022-03-15,-1.4293810505858011
2022-03-16,-0.824891100122075
2022-03-17,-0.6623838893733405
2022-03-18,-1.67062927727631
2022-03-21,-1.6507134458660713
2022-03-22,-1.5721651205803795
2022-03-23,-1.5749096864116665
2022-03-24,-1.5663864014967581
2022-03-25,-1.6703205128657777
2022-03-28,-1.4170328319351309
2022-03-29,-0.637160086145038
2022-03-30,-1.6425402414978436
2022-03-31,-1.2622679092620546
2022-04-01,-1.8797725797758267
2022-04-04,-2.2596485085053453
2022-04-05,-1.7997946909925397
2022-04-06,-1.4754626219921405
2022-04-07,-1.849568114114431
2022-04-08,-2.0358707144110952
2022-04-11,-1.68969773158906
2022-04-12,-1.5574914177547061
2022-04-13,-1.635234632756799
2022-04-14,-1.56123866298013
2022-04-15,-2.401882154932617
2022-04-18,-2.264389597193188
2022-04-19,-1.6201553994667253
2022-04-20,-1.6840475782263558
2022-04-21,-1.5276477734579146
2022-04-22,-0.9676102322372638
2022-04-25,-0.982934186244863
2022-04-26,-1.1799163900038216
2022-04-27,-0.9241721692723912
2022-04-28,-0.5633358009545203
2022-04-29,-0.861702482172131
2022-05-02,-1.2150533038068494
2022-05-03,-1.0970166537020687
2022-05-04,-0.2557049232620605
2022-05-05,-0.10883762385070173
2022-05-06,-0.2822853196107918
2022-05-09,-0.5099510696299487
2022-05-10,-0.8442580993551226
2022-05-11,-0.28982509497960574
2022-05-12,-0.6053905658428169
2022-05-13,-0.9135911987392056
2022-05-16,-0.8925969832179487
2022-05-17,-0.554347672423568
2022-05-18,-0.8536061280575583
2022-05-19,-0.6124434755940439
2022-05-20,-1.0990906524976896
2022-05-23,-1.1717184468264714
2022-05-24,-0.4260101747855209
2022-05-25,-0.8281316270326704
2022-05-26,-0.8771606136127387
2022-05-27,-0.9960844223277199
2022-05-30,-1.5323439092601017
2022-05-31,-1.0874321387362365
2022-06-01,-1.2088000699605492
2022-06-02,-1.41353238471599
2022-06-03,-1.4396093816521147
2022-06-06,-1.2733692001893961
2022-06-07,-0.77207268995306
2022-06-08,-1.4453142441848101
2022-06-09,-1.125629857363637
2022-06-10,-0.5987587271109722
2022-06-13,-0.2727391514920059
2022-06-14,0.009166395029375473
2022-06-15,0.281440629723759
2022-06-16,0.6663391199120857
2022-06-17,-0.2862587549967837
2022-06-20,-1.1254208562972154
2022-06-21,-1.0338658021930744
2022-06-22,-0.6604711745050994
2022-06-23,-0.6869538524901416
2022-06-24,-0.7348943525991505
2022-06-27,-1.1683052232824744
2022-06-28,-1.049469684298403
2022-06-29,-0.9571732339287945
2022-06-30,-0.6231552873877743
2022-07-01,-0.7867659120186005
2022-07-04,-1.2526202373813622
2022-07-05,-0.48334171596303305
2022-07-06,-0.4408553688505502
2022-07-07,-0.5693615298874699
2022-07-08,-0.43071210313944064
2022-07-11,-0.8404758954263808
2022-07-12,-0.9228057096605036
2022-07-13,0.1553351566664314
2022-07-14,-0.41985441553073344
2022-07-15,-0.6279306752077207
2022-07-18,-1.027096883923879
2022-07-19,-1.0040694445529668
2022-07-20,-0.9978502713469328
2022-07-21,-0.5011285862831374
2022-07-22,-0.44351162330269706
2022-07-25,-1.0387277044425287
2022-07-26,-1.0079807277475155
2022-07-27,-0.1382991997031831
2022-07-28,-0.6738205739737402
2022-07-29,-0.5153003557636353
2022-08-01,-0.9872496781023813
2022-08-02,-0.921843876472305
2022-08-03,-0.8777543836898462
2022-08-04,-0.3317658158876013
2022-08-05,-0.5989783021755881
2022-08-08,-1.3047967418083155
2022-08-09,-1.4162595976736947
2022-08-10,0.11308633258103892
2022-08-11,-1.2137547642431838
2022-08-12,-0.968506015428316
2022-08-15,-1.4037044954831692
2022-08-16,-1.086781147398941
2022-08-17,-0.7846108866702688
2022-08-18,-0.9843064809049333
2022-08-19,-0.9359772842664987
2022-08-22,-0.9315005483477822
2022-08-23,-0.4152409894066631
2022-08-24,-1.1095647826943495
2022-08-25,-0.8144648098806957
2022-08-26,-0.22264535044189612
2022-08-29,-0.888637569922642
2022-08-30,-0.6270866376028479
2022-08-31,-0.9397984341710004
2022-09-01,-0.7247876540293293
2022-09-02,-0.7319204417903691
2022-09-05,-1.1530362086988994
2022-09-06,-0.5227456809406378
2022-09-07,-0.54097755826756
2022-09-08,-0.4890750371082312
2022-09-09,-0.7005315542063656
2022-09-12,-0.7374009468099646
2022-09-13,0.33784866185316526
2022-09-14,-0.555419227523074
2022-09-15,-1.059795030408826
2022-09-16,-0.4082943671611816
2022-09-19,-1.3551972003421195
2022-09-20,-0.905673147057914
2022-09-21,0.13071489270438358
2022-09-22,0.08907490102870406
2022-09-23,0.7203478868264497
2022-09-26,2.9202096890980695
2022-09-27,0.6659332500569902
2022-09-28,1.3698697088681822
2022-09-29,0.8734528688453093
2022-09-30,1.1656669162763846
2022-10-03,0.7443676229110952
2022-10-04,0.11936879450459355
2022-10-05,0.19281743715320204
2022-10-06,0.16706913666046272
2022-10-07,0.19807255627872436
2022-10-10,-0.09737140600324723
2022-10-11,0.3811119418640804
2022-10-12,0.7838107799286447
2022-10-13,0.853930185762267
2022-10-14,0.8928625302066047
2022-10-17,0.3235635660838381
2022-10-18,0.1963114261756114
2022-10-19,-0.20275817670793536
2022-10-20,0.14466990747312503
2022-10-21,0.600186890451603
2022-10-24,0.5664722188169269
2022-10-25,-0.19695185548272193
2022-10-26,-0.0731490140922647
2022-10-27,-0.42522418292647185
2022-10-28,-0.4928286794502202
2022-10-31,-0.5705049714792405
2022-11-01,-0.5214009035313745
2022-11-02,0.13470847008001638
2022-11-03,-0.20440433088251567
2022-11-04,-0.0030304152119096425
2022-11-07,0.0626637812227311
2022-11-08,-0.21805184902534408
2022-11-09,-0.01927722175405695
2022-11-10,1.042312825640355
2022-11-11,-0.0719804778200701
2022-11-14,-0.16671643622486937
2022-11-15,0.596278872938495
2022-11-16,-0.1322232789338258
2022-11-17,-0.13090453356065498
2022-11-18,-0.5281267553017728
2022-11-21,-0.9332713046136056
2022-11-22,-1.0024827287595195
2022-11-23,-0.5220687994442399
2022-11-24,-0.9059320623760775
2022-11-25,-0.9165503546020916
2022-11-28,-0.6719283479954347
2022-11-29,-0.32220441891953716
2022-11-30,-0.0526444319948838
2022-12-01,-0.280500415361316
2022-12-02,0.2434845844668908
2022-12-05,-0.2920963057155063
2022-12-06,-0.4659647844580879
2022-12-07,-0.5258409722203684
2022-12-08,-1.100295507868188
2022-12-09,-0.7494310010604306
2022-12-12,-0.9091989884923112
2022-12-13,0.17558824950358473
2022-12-14,-0.11802172284242163
2022-12-15,-0.44044827409603
2022-12-16,-0.45652776645518034
2022-12-19,-0.8291942540910583
2022-12-20,-0.03623172627495136
2022-12-21,-0.7713656395117346
2022-12-22,-0.6942120206138195
2022-12-23,-0.7408323256862922
2022-12-26,-1.7967932708963343
2022-12-27,-1.0807132518888012
2022-12-28,-0.8422449288207717
2022-12-29,-1.0921516378426002
2022-12-30,-0.560681886170243
2023-01-03,-0.2348444441559355
2023-01-04,-0.41901562224242384
2023-01-05,-0.5787835550902823
2023-01-06,0.04591677767493494
2023-01-09,-0.6705464471142166
2023-01-10,-0.7363995168381549
2023-01-11,-1.125874646122186
2023-01-12,0.2651838032273893
2023-01-13,-0.9320225614948308
2023-01-16,-1.1809062430245343
2023-01-17,-0.6608723780591403
2023-01-18,-0.5575530932248037
2023-01-19,-0.8267398935359632
2023-01-20,-1.1948261111895138
2023-01-23,-0.9276092336562388
2023-01-24,-0.8080589830383017
2023-01-25,-0.9210228788796001
2023-01-26,-1.051242562378841
2023-01-27,-1.1952017452199946
2023-01-30,-1.4915509725164229
2023-01-31,-1.2701828170613123
2023-02-01,-0.8163080661290418
2023-02-02,-0.23592071847687515
2023-02-03,0.09178193315485335
2023-02-06,-0.99919479037777
2023-02-07,-0.47071455055264066
2023-02-08,-0.850170367564238
2023-02-09,-1.0440398399378799
2023-02-10,-1.0357786103987818
2023-02-13,-1.2653612621550805
2023-02-14,-0.059410261838710905
2023-02-15,-0.6841228708984437
2023-02-16,-0.9705317355086921
2023-02-17,-0.6986006717350884
2023-02-20,-1.9464828617139547
2023-02-21,-0.20486144592340685
2023-02-22,-1.13589580988794
2023-02-23,-1.2561362840345371
2023-02-24,-1.022215565113221
2023-02-27,-1.1317457502873844
2023-02-28,-0.9300972763659826
2023-03-01,-0.4444432685255092
2023-03-02,-0.812380813815018
2023-03-03,-1.2322347534273093
2023-03-06,-1.4885691521850941
2023-03-07,-0.329987002571882
2023-03-08,-0.8897264709365865
2023-03-09,-1.1444887784000364
2023-03-10,-0.20997301438538937
2023-03-13,-0.11435854575218815
2023-03-14,-0.9185810970894732
2023-03-15,-0.24094908725985284
2023-03-16,-0.5228446020970023
2023-03-17,-1.3700083998160633
2023-03-20,-1.0525354269641671
2023-03-21,-1.4925948232980821
2023-03-22,-0.34914716838998916
2023-03-23,-0.9500844132498931
2023-03-24,-1.1753703678599743
2023-03-27,-1.5626167551991
2023-03-28,-1.6345774876534644
2023-03-29,-1.470231660383861
2023-03-30,-1.5864209013302977
2023-03-31,-1.1398710519532196
2023-04-03,-1.4616790219034543
2023-04-04,-1.13340923135947
2023-04-05,-1.1929905845040085
2023-04-06,-1.8438782498654456
2023-04-07,-1.9114721019794085
2023-04-10,-1.7708059291531413
2023-04-11,-1.6684370090350813
2023-04-12,-0.8369309348663234
2023-04-13,-1.4596051096096
2023-04-14,-1.1612254322263913
2023-04-17,-1.6338033615227545
2023-04-18,-1.7411942339827529
2023-04-19,-1.2143604857108559
2023-04-20,-1.5392275651334355
2023-04-21,-1.2953400819315963
2023-04-24,-1.7924832836516562
2023-04-25,-1.583502563580189
2023-04-26,-1.2987791422603083
2023-04-27,-1.3582582927336815
2023-04-28,-1.0853430567781706
2023-05-01,-1.7900276267758943
2023-05-02,-1.3217646621977108
2023-05-03,-1.2757125404539311
2023-05-04,-1.382696055419381
2023-05-05,-1.4983857546231787
2023-05-08,-2.202615337930919
2023-05-09,-2.0108487737193923
2023-05-10,-1.5022105741363003
2023-05-11,-1.1398012091717125
2023-05-12,-1.78008055345037
2023-05-15,-2.1961248048794095
2023-05-16,-1.3218352651007215
2023-05-17,-1.6407113005670597
2023-05-18,-1.4829156695381769
2023-05-19,-1.3321137123307776
2023-05-22,-1.56647434653752
2023-05-23,-1.6341280759604915
2023-05-24,-1.0781200402139866
2023-05-25,-1.4062956005288256
2023-05-26,-1.402427455688687
2023-05-29,-2.464754748223144
2023-05-30,-1.5136239995119833
2023-05-31,-1.0737414659099798
2023-06-01,-1.6703540245709203
2023-06-02,-1.642376574572924
2023-06-05,-1.2668680920550355
2023-06-06,-1.923056000716702
2023-06-07,-1.7328601553305518
2023-06-08,-1.7696611731067071
2023-06-09,-2.265381757226788
2023-06-12,-2.075108738184763
2023-06-13,-1.408177562921299
2023-06-14,-1.3642414041994249
2023-06-15,-1.4530782028229499
2023-06-16,-1.5385534569133972
2023-06-19,-1.933936463050736
2023-06-20,-1.4634928118572432
2023-06-21,-1.209423398223708
2023-06-22,-1.0151834164428346
2023-06-23,-1.4122148319465149
2023-06-26,-1.791726508118512
2023-06-27,-1.8490256397877562
2023-06-28,-1.6219471953011781
2023-06-29,-1.4780456905027877
2023-06-30,-1.4532335660388405
2023-07-03,-1.7945471228902843
2023-07-04,-2.3927158603377716
2023-07-05,-1.9650514029169701
2023-07-06,-1.1757569407791404
2023-07-07,-1.3705637228435459
2023-07-10,-1.8034457149088094
2023-07-11,-1.5658425949304775
2023-07-12,-1.1714868262889189
2023-07-13,-1.3412195742838264
2023-07-14,-1.6609868255743532
2023-07-17,-1.737189496052887
2023-07-18,-1.328948443566265
2023-07-19,-0.6914819398539671
2023-07-20,-1.4469878232009952
2023-07-21,-1.7527503653531131
2023-07-24,-1.453554681332178
2023-07-25,-1.7349150336478802
2023-07-26,-1.2443846966174212
2023-07-27,-1.0401457473825864
2023-07-28,-1.1948182418257596
2023-07-31,-1.7706447874523659
2023-08-01,-1.7706789841804533
2023-08-02,-1.3851422366507011
2023-08-03,-0.8363769122253972
2023-08-04,-1.3174197133852652
2023-08-07,-1.8837042384693463
2023-08-08,-1.8773422717092276
2023-08-09,-1.8542809539511136
2023-08-10,-1.3866178680604138
2023-08-11,-1.3929240952011805
2023-08-14,-1.5642184544185695
2023-08-15,-1.0878095022522292
2023-08-16,-1.6169694770815277
2023-08-17,-1.6900889771636538
2023-08-18,-1.5781440613547968
2023-08-21,-1.9798624239611322
2023-08-22,-1.8961593699737225
2023-08-23,-0.7718170321888906
2023-08-24,-1.624868001989465
2023-08-25,-0.7870616286957272
2023-08-28,-2.1303466820932004
2023-08-29,-0.9004509521036651
2023-08-30,-1.3960364268356238
2023-08-31,-1.497930647501595
2023-09-01,-0.9820119521695113
2023-09-04,-2.640695201051218
2023-09-05,-1.445703866637992
2023-09-06,-1.1583046139786934
2023-09-07,-1.7011414018364253
2023-09-08,-1.8970111251241422
2023-09-11,-2.0520926812918407
2023-09-12,-1.8887308455408278
2023-09-13,-1.2573005496315635
2023-09-14,-1.176949205533193
2023-09-15,-1.6249085046493938
2023-09-18,-2.2926644552012334
2023-09-19,-2.3553057993996003
2023-09-20,-0.802949007382932
2023-09-21,-0.9583762741016352
2023-09-22,-1.5094970713133524
2023-09-25,-2.120568954942594
2023-09-26,-1.9594334635282586
2023-09-27,-1.6659466601419899
2023-09-28,-1.3353073916494644
2023-09-29,-1.3015461996519442
2023-10-02,-1.5377334168672572
2023-10-03,-1.138480900639536
2023-10-04,-1.1219200398386904
2023-10-05,-1.5020234054582988
2023-10-06,-0.3314622186662753
2023-10-09,-1.675848796608449
2023-10-10,-1.579357861165144
2023-10-11,-1.4870689372907038
2023-10-12,-1.2423022456775967
2023-10-13,-1.4348259040205587
2023-10-16,-1.7441199550741402
2023-10-17,-1.335166453056386
2023-10-18,-1.4508877989399631
2023-10-19,-0.9648378544101969
2023-10-20,-1.5536694055980067
2023-10-23,-1.465002721895541
2023-10-24,-1.5348710397860268
2023-10-25,-1.9739933015687996
2023-10-26,-1.4716192726217225
2023-10-27,-1.4209756447411839
2023-10-30,-1.6895829697418379
2023-10-31,-1.5507385299638627
2023-11-01,-1.1524129986902458
2023-11-02,-1.4345917175219212
2023-11-03,-1.181140434255472
2023-11-06,-1.7739274740202031
2023-11-07,-1.7799577470784682
2023-11-08,-1.8228702233559637
2023-11-09,-1.4586559870858873
2023-11-10,-1.7411394000863323
2023-11-13,-1.9841685780651792
2023-11-14,-0.26805165619424187
2023-11-15,-1.4096780514644147
2023-11-16,-1.5892805657131508
2023-11-17,-1.4485846794751798
2023-11-20,-1.5621531837115776
2023-11-21,-1.6721041401062038
2023-11-22,-1.3875389985481463
2023-11-23,-1.7760494680981789
2023-11-24,-2.086057356811554
2023-11-27,-2.0284293928720096
2023-11-28,-1.4619998361914772
2023-11-29,-1.3845883642991454
2023-11-30,-1.151083712177251
2023-12-01,-1.434618953631932
2023-12-04,-1.5758749081711396
2023-12-05,-1.4137884909378977
2023-12-06,-1.8893398559244763
2023-12-07,-1.7224253243914827
2023-12-08,-0.9363257794152126
2023-12-11,-2.004271986784334
2023-12-12,-1.3877622968381302
2023-12-13,-0.6626018803593491
2023-12-14,-0.6677025986150715
2023-12-15,-1.2912831049207225
2023-12-18,-1.8562510578708207
2023-12-19,-1.6638204441409086
2023-12-20,-1.2910958654164657
2023-12-21,-1.5432374695080713
2023-12-22,-1.307448797179644
2023-12-26,-2.399071490818771
2023-12-27,-1.9233411503627138
2023-12-28,-1.4466455186529403
2023-12-29,-1.4260893707970979
2024-01-02,-1.5791678247571412
2024-01-03,-1.5711866093337146
2024-01-04,-1.6656206137793508
2024-01-05,-0.8477358469234448
2024-01-08,-1.864344838176691
2024-01-09,-1.87759521154221
2024-01-10,-2.2305722968070834
2024-01-11,-1.1798813370311212
2024-01-12,-1.581973512451765
2024-01-15,-2.3309222555000435
2024-01-16,-1.3190412496860542
2024-01-17,-1.5062059453166208
2024-01-18,-1.636764131064335
2024-01-19,-2.066135886725479
2024-01-22,-1.9301726258285636
2024-01-23,-2.0361678627908186
2024-01-24,-1.3397712219296756
2024-01-25,-1.7348188860135225
2024-01-26,-2.050323913556718
2024-01-29,-2.2109604447433258
2024-01-30,-2.133576587108218
2024-01-31,-1.1429460908490303
2024-02-01,-1.6777550441821325
2024-02-02,-0.8340147197552141
2024-02-05,-1.5845532525252615
2024-02-06,-2.290581015899441
2024-02-07,-2.0419178157260367
2024-02-08,-2.051120663500132
2024-02-09,-2.1833908334450056
2024-02-12,-2.3998148363685257
2024-02-13,-0.5453037476514432
2024-02-14,-1.5149411119311882
2024-02-15,-1.9577990209308758
2024-02-16,-1.835502678531222
2024-02-19,-2.8482388277715605
2024-02-20,-1.8741984930311237
2024-02-21,-2.2157901571053435
2024-02-22,-1.717448132037047
2024-02-23,-2.3689731916160586
2024-02-26,-2.3347807938087364
2024-02-27,-2.265809825746523
2024-02-28,-2.2221610460235874
2024-02-29,-2.0284250363657783
2024-03-01,-2.094889195673378
2024-03-04,-2.724015298349252
2024-03-05,-2.1106763828147352
2024-03-06,-2.326436233588044
2024-03-07,-2.267107859157238
2024-03-08,-1.8323158676135392
2024-03-11,-2.5701255033387564
2024-03-12,-1.7742237304345476
2024-03-13,-2.5094087086784334
2024-03-14,-2.1269841122330835
2024-03-15,-2.584743291749546
2024-03-18,-3.0361985588197533
2024-03-19,-2.613125542757836
2024-03-20,-1.559415491557248
2024-03-21,-1.9483565818677475
2024-03-22,-2.207253103277272
2024-03-25,-2.3704872841269857
2024-03-26,-2.4288769927243696
2024-03-27,-2.6482048763604062
2024-03-28,-2.16561059903127
2024-03-29,-2.8768371566394837
2024-04-01,-2.170796117584273
2024-04-02,-2.4896127683051077
2024-04-03,-2.228922147354226
2024-04-04,-2.4786988499583584
2024-04-05,-1.2523302848785507
2024-04-08,-2.494133815813693
2024-04-09,-2.570445833700415
2024-04-10,-0.4063763548138789
2024-04-11,-1.6678556184090494
2024-04-12,-1.9452999523228731
2024-04-15,-1.6202983260074342
2024-04-16,-1.6127992957304849
2024-04-17,-1.6021108941119446
2024-04-18,-2.117755324228482
2024-04-19,-1.5625256667547558
2024-04-22,-2.142491996633561
2024-04-23,-1.1444612898897448
2024-04-24,-2.0447685523827777
2024-04-25,-1.4654323182337656
2024-04-26,-1.838168968306742
2024-04-29,-1.9186215817687626
2024-04-30,-1.632720421008279
2024-05-01,-1.4445745490077166
2024-05-02,-1.7666841592210658
2024-05-03,-1.0355397651468463
2024-05-06,-2.6583656374795126
2024-05-07,-2.6270785031974477
2024-05-08,-2.699132509537586
2024-05-09,-1.4975754757550215
2024-05-10,-2.3161769526390343
2024-05-13,-2.614523639429958
2024-05-14,-1.9495647431312828
2024-05-15,-1.722135579847868
2024-05-16,-2.370542008738793
2024-05-17,-2.5932625033041767
2024-05-20,-2.749465444738707
2024-05-21,-2.574519521626393
2024-05-22,-1.7143623947767825
2024-05-23,-2.049706158218909
2024-05-24,-2.7106934980928172
2024-05-27,-3.344657284958006
2024-05-28,-2.6915954914883984
2024-05-29,-2.4417776719202973
2024-05-30,-2.406926755105473
2024-05-31,-2.1765357259927876
2024-06-03,-1.9496775128799437
2024-06-04,-2.2327789035034242
2024-06-05,-2.1109555018122643
2024-06-06,-2.4591570773420273
2024-06-07,-1.0018847945596216
2024-06-10,-2.644729048007269
2024-06-11,-2.0202977720521353
2024-06-12,-0.7970979413371532
2024-06-13,-1.7846946466199112
2024-06-14,-2.042309960480191
2024-06-17,-2.463141789266242
2024-06-18,-2.327304570122853
2024-06-19,-3.095791229292514
2024-06-20,-2.3246213776595868
2024-06-21,-2.2317069870700017
2024-06-24,-2.88983914110942
2024-06-25,-2.7099525665987176
2024-06-26,-2.3283170732273897
2024-06-27,-2.423434576131675
2024-06-28,-2.218721167985039
2024-07-01,-2.1150681291766062
2024-07-02,-2.7220147994407853
2024-07-03,-2.1555490227988323
2024-07-04,-3.2347423576401924
2024-07-05,-2.2598400715716758
2024-07-08,-2.608957366706559
2024-07-09,-2.6828561592833644
2024-07-10,-2.7188294193455507
2024-07-11,-1.0415678485868098
2024-07-12,-2.239202598101253
2024-07-15,-2.6666323848715816
2024-07-16,-2.512200825077279
2024-07-17,-2.3398052443402473
2024-07-18,-2.5687459689088037
2024-07-19,-2.6963089619886618
2024-07-22,-2.746523985600874
2024-07-23,-2.6959478239917662
2024-07-24,-2.4812409661637176
2024-07-25,-2.1841192512605816
2024-07-26,-2.6453186338322907
2024-07-29,-2.1403632864508912
2024-07-30,-2.604202960130036
2024-07-31,-1.9724696224068687
2024-08-01,-1.250184412994252
2024-08-02,-1.4226585462828205
2024-08-05,-0.3950307104308113
2024-08-06,-1.2560838646844712
2024-08-07,-1.843589835454165
2024-08-08,-1.6805966393859044
2024-08-09,-2.2822525726550573
2024-08-12,-2.4394730684695913
2024-08-13,-2.022617525012608
2024-08-14,-1.7688295050538692
2024-08-15,-1.7256073674323724
2024-08-16,-2.57274916102978
2024-08-19,-2.0968679033936852
2024-08-20,-2.012009565635372
2024-08-21,-1.873949055714419
2024-08-22,-1.949639985947199
2024-08-23,-0.9487617625280953
2024-08-26,-2.2028545459535134
2024-08-27,-1.9894860017643614
2024-08-28,-1.8196898397325258
2024-08-29,-1.5121725285981291
2024-08-30,-1.9172971181201952
2024-09-02,-2.669761966713648
2024-09-03,-2.004245323652626
2024-09-04,-2.151087591089935
2024-09-05,-2.146626420344031
2024-09-06,-0.9650964319789229
2024-09-09,-2.0605370624350448
2024-09-10,-2.4228484761216578
2024-09-11,-1.6601699703103039
2024-09-12,-2.042934475211279
2024-09-13,-2.218624605519834
2024-09-16,-2.4159492814854575
2024-09-17,-2.2302645773764778
2024-09-18,-0.6199852304996335
2024-09-19,-0.9454745103923253
2024-09-20,-1.7010707157452964
2024-09-23,-1.8754536056825466
2024-09-24,-1.8162218176518437
2024-09-25,-1.848106684817514
2024-09-26,-1.4770466364097314
2024-09-27,-1.8032983159839386
2024-09-30,-1.4056917949000012
2024-10-01,-1.4292423761970627
2024-10-02,-1.8898573012474307
2024-10-03,-1.1620468840773097
2024-10-04,-0.7944850443784732
2024-10-07,-1.711007005104064
2024-10-08,-2.097142577715832
2024-10-09,-2.159830514804366
2024-10-10,-1.3799941689347095
2024-10-11,-2.322267165959425
2024-10-14,-2.2233116582181545
2024-10-15,-2.035698863116407
2024-10-16,-1.2668204360152546
2024-10-17,-1.7791122437272684
2024-10-18,-2.2068545638531325
2024-10-21,-2.3379754783583784
2024-10-22,-2.2370541109480384
2024-10-23,-2.282511128375063
2024-10-24,-2.0559970662121336
2024-10-25,-2.755848357322255
2024-10-28,-2.383021670367477
2024-10-29,-1.9727658414380755
2024-10-30,-1.455499035183153
2024-10-31,-1.0669883130671172
2024-11-01,-1.5094003348421698
2024-11-04,-1.712190265395652
2024-11-05,-2.157749600029669
2024-11-06,-0.45801244006473674
2024-11-07,-1.099202357552974
2024-11-08,-1.4873739761079463
2024-11-11,-1.8806354522170232
2024-11-12,-1.5385371792586617
2024-11-13,-1.4314582808202967
2024-11-14,-1.2911709679043766
2024-11-15,-1.3581352086989604
2024-11-18,-1.8971160109495173
2024-11-19,-1.6288830929118483
2024-11-20,-1.7858968846809473
2024-11-21,-1.76085662929262
2024-11-22,-1.0662546400008477
2024-11-25,-1.4913132108645637
2024-11-26,-1.246153931699616
2024-11-27,-1.3753575537064582
2024-11-28,-2.5177580367945644
2024-11-29,-1.5660176535043915
2024-12-02,-1.287836277772182
2024-12-03,-1.7203428292954022
2024-12-04,-1.1230492040290845
2024-12-05,-1.8185665009059273
2024-12-06,-1.406262308291575
2024-12-09,-2.005703731742301
2024-12-10,-2.03104217701847
2024-12-11,-1.600744944724924
2024-12-12,-1.6630371683936978
2024-12-13,-1.719243327791764
2024-12-16,-1.9129199230267575
2024-12-18,-0.6665548881915057
2024-12-19,-1.1308523162839144
2024-12-20,-1.3207465221072743
2024-12-23,-2.0172803981427028
2024-12-24,-1.9460173901043212
2024-12-26,-2.0192988524676014
2024-12-27,-1.874448514242808
2024-12-30,-1.4697119676377435
2024-12-31,-1.6102475992899052
2025-01-02,-1.3900314632312976
2025-01-03,-1.9740974666062026
2025-01-06,-0.7428489094997452
2025-01-07,-1.3086476480756501
2025-01-08,-0.6227099319796308
2025-01-09,-0.9114987818444695
2025-01-10,0.1624949386062721
2025-01-13,-0.7520654804035641
2025-01-14,-0.7114864394099457
2025-01-15,-0.5054584086639277
2025-01-16,-0.9634044368299794
2025-01-17,-1.1551368507972055
2025-01-20,0.19441075884569223
2025-01-21,-0.7081467073835522
2025-01-22,-1.402816608516461
2025-01-23,-1.7516967316031031
2025-01-24,-1.1514551702567775
2025-01-27,-1.4292776344647447
2025-01-28,-1.4502521830621724
2025-01-29,-1.4304022582343205
2025-01-30,-1.062774790588061
2025-01-31,-1.0475541604299041
2025-02-03,-0.16819193052476236
2025-02-04,-1.3003375671641464
2025-02-05,-1.6498159055712327
2025-02-06,-0.9022504813252096
2025-02-07,-0.935194003925883
2025-02-10,-1.8722215833285811
2025-02-11,-1.8786420274805806
2025-02-12,-0.7548616988313569
2025-02-13,-1.008738166264519
2025-02-14,-1.5933243665160945
2025-02-17,-2.19580781366073
2025-02-18,-2.0767848050372164
2025-02-19,-1.943341528684926
2025-02-20,-2.074403899313222
2025-02-21,-1.7434839510903997
2025-02-24,-1.7471656965725615
2025-02-25,-1.9545664601578059
2025-02-26,-1.7009110944522114
2025-02-27,-1.7929079944722994
2025-02-28,-1.70663086656322
2025-03-03,-1.59841867674128
2025-03-04,-1.3561550865726864
2025-03-05,-1.1380111762264438
2025-03-06,-1.2725424492861719
2025-03-07,-1.399293237447362
2025-03-10,-1.4679144054318272
2025-03-11,-1.482340324141464
2025-03-12,-1.69669038526038
2025-03-13,-1.7795779273727501
2025-03-14,-1.9154489476067507
2025-03-17,-2.3134556475744983
2025-03-18,-2.017801100698981
2025-03-19,-1.6066822523054287
2025-03-20,-1.6393882082381857
2025-03-21,-1.8549727916856973
2025-03-24,-1.726073162790534
2025-03-25,-2.2383017237166367
2025-03-26,-1.6099870141469317
2025-03-27,-1.7111660227116479
2025-03-28,-2.042581813206225
2025-03-31,-1.624866810153854
2025-04-01,-1.8858147752970456
2025-04-02,-1.2755506448852536
2025-04-03,-0.6706471989447327
2025-04-04,-0.2628849443134682
2025-04-07,-0.09038421441277682
2025-04-08,-0.8400754948420277
2025-04-09,-0.11099751381560148
2025-04-10,-0.4523213303952668
2025-04-11,0.1206094938333665
2025-04-14,-0.9180963103400482
2025-04-15,-1.2129135194766218
2025-04-16,-1.269725878976811
2025-04-17,-1.5685903905002154
2025-04-18,-2.4349410504317857
2025-04-21,-1.4533214979921074
2025-04-22,-1.5297921110698165
2025-04-23,-0.8119752632324998
2025-04-24,-1.6643304569749735
2025-04-25,-1.7413504230386314
2025-04-28,-1.56006356556515
2025-04-29,-1.6191883567553782
2025-04-30,-1.505800693839744
2025-05-01,-1.5443188949201225
2025-05-02,-1.3124674433932677
2025-05-05,-1.8138604480738834
2025-05-06,-1.6113267493578456
2025-05-07,-1.1126827665707157
2025-05-08,-0.5883420610143812
2025-05-09,-1.8545337335159802
2025-05-12,-0.9510824221433616
2025-05-13,-1.7346039442591106
2025-05-14,-1.291003521517881
2025-05-15,-1.5844154658620835
2025-05-16,-1.9552946883624567
2025-05-19,-1.6323409540065439
2025-05-20,-1.9442278036217184
2025-05-21,-1.3286180608412799
2025-05-22,-1.7318526764506956
2025-05-23,-1.5350377227588088
2025-05-26,-2.2596605125200258
2025-05-27,-1.758746479768336
2025-05-28,-1.7997823325974898
2025-05-29,-1.336739840709774
2025-05-30,-1.6452961830679698
2025-06-02,-1.8497474944344205
2025-06-03,-1.8349144010471357
2025-06-04,-1.7872157390533594
2025-06-05,-1.8705106425372984
2025-06-06,-1.7133566791519763
2025-06-09,-2.320189448354803
2025-06-10,-1.5044575726350276
2025-06-11,-1.4308631012407051
2025-06-12,-1.3383023287175744
2025-06-13,-1.1248447273230664
2025-06-16,-1.8807885783110019
2025-06-17,-1.3236576206018993
2025-06-18,-1.2134997916980808
2025-06-19,-1.6111462853895704
2025-06-20,-1.8075863976124913
2025-06-23,-1.2039792293305867
2025-06-24,-1.6166906938308931
2025-06-25,-1.9854885912050657
2025-06-26,-1.4837175329001882
2025-06-27,-1.7584503959296132
2025-06-30,-1.8012962265590555
2025-07-01,-1.6315502277958562
2025-07-02,-1.1348790109863798
2025-07-03,-0.7661144785348941
2025-07-04,-2.445781532482137
2025-07-07,-1.6364764976809028
2025-07-08,-1.5749568604378117
2025-07-09,-1.8272879538478446
2025-07-10,-2.2554627822559064
2025-07-11,-1.6395682170731563
2025-07-14,-2.0279185500317514
2025-07-15,-1.5728295577892244
2025-07-16,-1.0762059664127492
2025-07-17,-1.894733383631286
2025-07-18,-2.311358181282172
2025-07-21,-2.0381292320338216
2025-07-22,-2.186599536463177
2025-07-23,-1.829119835103952
2025-07-24,-2.0941146072619916
2025-07-25,-2.1006502206771884
2025-07-28,-1.8848197447238022
2025-07-29,-1.7391094774187732
2025-07-30,-1.3438481709200751
2025-07-31,-1.5183753408002423
2025-08-01,0.055289413093987744
2025-08-04,-1.3271136127358991
2025-08-05,-1.670151270385219
2025-08-06,-2.1919495910930737
2025-08-07,-1.397794590131015
2025-08-08,-2.115949266625612
2025-08-11,-2.227185750993779
2025-08-12,-1.3424220487434515
2025-08-13,-2.3843080852860306
2025-08-14,-1.9932321741364338
2025-08-15,-2.59358819515095
2025-08-18,-2.442281103970203
2025-08-19,-2.4233724127857506
2025-08-20,-1.892469814507456
2025-08-21,-1.8540376631595161
2025-08-22,-1.2373513977892137
2025-08-25,-2.4100688029140738
2025-08-26,-1.968899034492356
2025-08-27,-2.317834733835277
2025-08-28,-2.1275159099509016
2025-08-29,-2.128354933287424
2025-09-01,-2.592304327510623
2025-09-02,-0.7497456704481776
2025-09-03,-1.3935034646858488
2025-09-04,-1.9565878586576189
2025-09-05,-1.4292504068147809
2025-09-08,-2.1459669111315547
2025-09-09,-2.088893703280404
2025-09-10,-2.0262221888344962
2025-09-11,-1.9126969797084026
2025-09-12,-2.1358997864150946
2025-09-15,-2.2750803395681194
2025-09-16,-2.373205088961378
2025-09-17,-1.0690713369946236
2025-09-18,-1.4920792159990781
2025-09-19,-1.7057224242439322
2025-09-22,-2.259066577483631
2025-09-23,-1.782038978331454
2025-09-24,-2.0811454966996927
2025-09-25,-1.7896181209564568
2025-09-26,-2.272018359899722
2025-09-29,-2.1645413203664505
2025-09-30,-1.8475002640851792
2025-10-01,-1.4627299544573826
2025-10-02,-2.1040370086523423
2025-10-03,-2.3187134443551582
2025-10-06,-1.801043157746415
2025-10-07,-2.1425112131417503
2025-10-08,-2.140158297387869
2025-10-09,-1.5715386588453109
2025-10-10,-1.1263677695891854
2025-10-13,-1.7207685602448952
2025-10-14,-1.5569539809537936
2025-10-15,-1.9114583970320032
2025-10-16,-1.7054538462873299
2025-10-17,-1.7400025682949203
2025-10-20,-2.4018319578075205
2025-10-21,-1.7506370056074365
2025-10-22,-1.4346422993406416
2025-10-23,-2.5595267287685157
2025-10-24,-1.4778962775580091
2025-10-27,-2.54579803426318
2025-10-28,-1.7688669114649496
2025-10-29,-0.6468363739330535
2025-10-30,-1.6295982436871932
2025-10-31,-2.0459186913714182
2025-11-03,-2.1885877527163036
2025-11-04,-1.9178653895649396
2025-11-05,-2.209771381386816
2025-11-06,-1.5172126783087179
2025-11-07,-1.885588509107565
2025-11-10,-2.1937091054782396
2025-11-11,-1.7987197860483612
2025-11-12,-1.847372876987543
2025-11-13,-1.6613326582285992
2025-11-14,-0.5873071429603525
2025-11-17,-2.1177491206150187
2025-11-18,-2.0105892860903576
2025-11-19,-1.774976581668934
2025-11-20,-1.674400896018377
2025-11-21,-1.4683213386177574
2025-11-24,-2.1393678908198734
2025-11-25,-1.6207929204128726
2025-11-26,-0.9471527301281062
2025-11-27,-2.4177112330032404
2025-11-28,-1.9735505510649667
2025-12-01,-1.703672209641225
2025-12-02,-1.9890783547913202
2025-12-03,-1.9988195089628151
2025-12-04,-2.0665817536811137
2025-12-05,-2.334880245093117
2025-12-08,-2.258648181024149
2025-12-09,-2.0498500313323698
2025-12-10,-1.7308589982177487
2025-12-11,-2.036657650166272
2025-12-12,-2.260491574698793
2025-12-15,-2.3480469221711244
2025-12-16,-1.717294193938875
2025-12-17,-1.5636060592699428
2025-12-18,-1.589271511718088
2025-12-19,-2.39525071202434
2025-12-22,-2.26440760437583
2025-12-23,-2.03194807918562
2025-12-24,-2.656787906929247
2025-12-26,-2.36786880677915
2025-12-29,-1.6920679855557281
2025-12-30,-2.343851474492704
2025-12-31,-1.931326123003254
2026-01-02,-2.191817257640892
2026-01-05,-1.7911780765083447
2026-01-06,-2.0169658272679385
2026-01-07,-2.27571270409589
2026-01-08,-2.33450029531777
2026-01-09,-2.023454042880685
2026-01-12,-1.928047569423831
2026-01-13,-2.06976347011597
2026-01-14,-2.5795003189353114
2026-01-15,-2.356429514348405
2026-01-16,-2.3949243612062605
2026-01-19,-1.9373808843019682
2026-01-20,-1.5140260940637742
2026-01-21,-1.5529558182548422
2026-01-22,-1.562654248203065
2026-01-23,-1.83959105359107
2026-01-26,-1.7365931611864234
2026-01-27,-0.856362249963643
2026-01-28,-0.8544599283222007
2026-01-29,-1.127263788487421
2026-01-30,-0.9653655651047781
2026-02-02,-1.3296033146701989
2026-02-03,-1.7633646449154627
2026-02-04,-1.6344272306925567
2026-02-05,-0.9240225696786979
2026-02-06,-2.076176178869389
2026-02-09,-1.191196435819849
2026-02-10,-1.8105684227071661
2026-02-11,-0.836191130215945
2026-02-12,-1.7483572344543736
2026-02-13,-1.6661254839126696
2026-02-16,-2.498505620957008
2026-02-17,-1.7857262714378883
2026-02-18,-1.866274179953834
2026-02-19,-1.5460104018145264
2026-02-20,-1.4880554474120213
2026-02-23,-1.799856157422944
2026-02-24,-2.0738539573034873
2026-02-25,-2.197982675532172
2026-02-26,-1.875890246872517
2026-02-27,-1.6676639780687277
2026-03-02,-0.6653206535493922
2026-03-03,-0.8385177517784904
2026-03-04,-0.894785445696057
2026-03-05,-0.845832755982973
2026-03-06,-0.6839063888453628
2026-03-09,-0.7328809348880675
2026-03-10,-1.2299754308805884
2026-03-11,-1.418855383113066
2026-03-12,-1.6324275376701547
2026-03-13,-1.448080726738517
2026-03-16,-1.7549331584487933
2026-03-17,-1.7588806332664304
2026-03-18,-1.502281384347885
2026-03-19,-0.7918967326694657
2026-03-20,-1.2680668536208555
2026-03-23,0.549313971889595
2026-03-24,-0.7984756227216272
2026-03-25,-1.3574901194092666
2026-03-26,-1.3739475606260598
2026-03-27,-1.787530157787451
2026-03-30,-1.5953876792983601
2026-03-31,-0.8844597322887751
2026-04-01,-1.253611489795619
2026-04-02,-1.1979447991235295
2026-04-03,-2.340690369540387
2026-04-06,-2.0769532116659377
2026-04-07,-1.667404833438797
2026-04-08,-0.8412106161634699
2026-04-09,-1.7752182190833197
2026-04-10,-2.015983669328117
2026-04-13,-2.0957524737930076
2026-04-14,-2.3520149017387384
2026-04-15,-2.2063175517737226
2026-04-16,-2.2751131320563958
2026-04-17,-1.6284222142917595
2026-04-20,-2.181403260489774
2026-04-21,-1.445190847083745
2026-04-22,-2.3237626822944923
2026-04-23,-1.6757694563762346
2026-04-24,-2.0908352557174243
2026-04-27,-2.129589559144217
2026-04-28,-2.378352220509181
2026-04-29,-1.8300662529371885
2026-04-30,-1.4344588703111412
2026-05-01,-1.9612014128453374
2026-05-04,-1.677344863964163
2026-05-05,-2.226597314820711
2026-05-06,-1.7151320574273932
2026-05-07,-1.9358427480801619
2026-05-08,-2.2307594088390656
2026-05-11,-1.8908055399093755
2026-05-12,-1.7354783854025544
2026-05-13,-2.0509468157673965
2026-05-14,-1.907683882910373
2026-05-15,-1.438647876661748
2026-05-18,-1.540318243165505
2026-05-19,-1.9342224159573196
2026-05-20,-1.4967501943264736
2026-05-21,-1.5684418359831154
2026-05-22,-2.2119570748058885
2026-05-25,-2.46920230798234
2026-05-26,-2.604401949564498
2026-05-27,-2.309557906649886
2026-05-28,-2.170254971287205
2026-05-29,-2.224722911568134
2026-06-01,-2.155730254274568
2026-06-02,-2.8407460265138758
2026-06-03,-2.349002867144475
2026-06-04,-2.748718981262071
2026-06-05,-1.9469665676742216
2026-06-08,-1.8386960669922174
2026-06-09,-2.1330263038305506
2026-06-10,-2.131524645106146
2026-06-11,-1.2334403359277675
2026-06-12,-1.713159295027559
2026-06-15,-2.0472528928482996
2026-06-16,-2.3961008563226067
2026-06-17,-1.1520758216838056
2026-06-18,-1.4082174783263597
2026-06-19,-1.9046487812782675
2026-06-22,-1.6664273615465273
2026-06-23,-2.247730832185531
2026-06-24,-1.845499637636808
2026-06-25,-1.6943217682475522
2026-06-26,-1.9240898596784624
2026-06-29,-2.344476792459953
2026-06-30,-2.1357873729176324
