date,ln_RV,RQ
2010-01-04,-0.8606575883065672,0.26751109254955396
2010-01-05,-1.0024499359088934,0.29383433982885887
2010-01-06,-0.7295999288781334,0.6231326285950375
2010-01-07,-1.0702813106751432,0.14129190029913738
2010-01-08,-0.5470898604405812,1.5213632667312103
2010-01-11,-0.8446104455355575,0.3490922783946956
2010-01-12,-0.9608478168746803,0.325046031983875
2010-01-13,-1.0874971081322524,0.18555195076988115
2010-01-14,-1.2750745867713127,0.14556047290862334
2010-01-15,-1.0434744210122782,0.35477899534704394
2010-01-18,-1.9665656385895744,0.023713031176089337
2010-01-19,-1.226641326141237,0.13883912818513394
2010-01-20,-0.6046425270304481,2.143397869650321
2010-01-21,-0.46624640274647816,1.7817822994828862
2010-01-22,-0.8472385464401825,0.22958931319773623
2010-01-25,-1.2466244988174502,0.11606807116949766
2010-01-26,-1.087925622727651,0.14289675618302775
2010-01-27,-0.9950614648393804,0.1628875904458641
2010-01-28,-0.9842815780832891,0.29589981479161337
2010-01-29,-1.0207773826927373,0.18986125858833416
2010-02-01,-1.2958401903441743,0.12286257585278151
2010-02-02,-1.447656854112923,0.08977058339878906
2010-02-03,-1.5771202588032536,0.049429234805615015
2010-02-04,-1.0848791490017948,0.21855814584633068
2010-02-05,-0.21692721011071936,1.5155376915225078
2010-02-08,-0.972207497693055,0.16752704769842547
2010-02-09,-0.3228717382115641,3.782891537680978
2010-02-10,-0.6534752400895996,0.7040032008168071
2010-02-11,-0.7018885047647583,0.4938150062418874
2010-02-12,-0.4351608736636141,1.5357384400429073
2010-02-15,-1.7627265681543967,0.03710614100285918
2010-02-16,-0.9814297701810019,0.3162557292008442
2010-02-17,-0.9803658296898666,0.2809894563507109
2010-02-18,-0.3684243044120426,1.9502146007887076
2010-02-19,-0.48447839614751226,0.5542656791300885
2010-02-22,-1.0137533799135086,0.1852933114805539
2010-02-23,-0.6748338119039624,0.47839323494657454
2010-02-24,-0.8431206588984355,0.487470367384445
2010-02-25,-0.7076642640675714,0.42253715116976476
2010-02-26,-0.7346540386335033,0.46908112646201294
2010-03-01,-0.27844474816593473,2.837849994400529
2010-03-02,-0.3381297134283873,1.205278267754404
2010-03-03,-0.6993938246340422,0.5474913623308206
2010-03-04,-0.825997234803297,0.9438217065174669
2010-03-05,-1.114325568904707,0.43928902467028513
2010-03-08,-1.3942464782589363,0.08835463896950194
2010-03-09,-1.3120665596413317,0.1256012007867473
2010-03-10,-1.3517409672363834,0.09650630733625987
2010-03-11,-1.1851007029219784,0.6691352319788331
2010-03-12,-1.2165572953115726,0.1598053016961983
2010-03-15,-1.483944524721272,0.060789673578169376
2010-03-16,-1.088378404303202,0.6334167731868356
2010-03-17,-1.4958947896762858,0.11095349694365379
2010-03-18,-1.0288917045319677,0.3757203229603328
2010-03-19,-1.4767588467720922,0.0857190766845303
2010-03-22,-1.2415886946351988,0.1865250571893265
2010-03-23,-1.0590190957166359,0.2630521743685523
2010-03-24,-0.6207554014827981,1.126280622262113
2010-03-25,-0.6897949457785522,0.6913129191054762
2010-03-26,-0.9437850060832127,0.24424964846714647
2010-03-29,-1.0716332708167047,0.30779705679271974
2010-03-30,-1.204843330122357,0.15745041146350186
2010-03-31,-1.1228424315749532,0.17788840114173216
2010-04-01,-0.9468483473520588,0.5624945006189283
2010-04-02,-1.7351398219902294,0.06987858860013262
2010-04-05,-1.3546145847675268,0.13527119620055475
2010-04-06,-1.2665324162412472,0.1269638570065556
2010-04-07,-1.4134016387509676,0.09484351850179566
2010-04-08,-1.4093875809606289,0.08281163910936103
2010-04-09,-0.8219350499103563,0.5006651193032299
2010-04-12,-0.7969530411909853,0.30660135278045036
2010-04-13,-1.1295621402218035,0.16030398091757228
2010-04-14,-1.191430737081638,0.17110462415078928
2010-04-15,-1.348893505372523,0.10688366559768664
2010-04-16,-1.0343774053454073,0.26875977700322723
2010-04-19,-1.4034493624767042,0.0707060974955298
2010-04-20,-1.4162922925862533,0.08653763698720827
2010-04-21,-1.4778870553671395,0.08411368696580482
2010-04-22,-1.1758953495550186,0.1818878258487669
2010-04-23,-0.3953742643073836,2.0337469060893767
2010-04-26,-1.0009556527778365,0.19930110202340598
2010-04-27,-0.5375712905100737,0.8746147684114267
2010-04-28,-0.023539442058989325,7.8912628652066905
2010-04-29,-0.8185603620908175,0.3196399829867875
2010-04-30,-0.7744602855905516,0.518933291178408
2010-05-03,-0.9506244535331152,0.2913637779836341
2010-05-04,-0.9092747718790377,0.19371300057858645
2010-05-05,-0.3074773033050784,0.6849431076150975
2010-05-06,0.370657763717267,3.37462768225928
2010-05-07,0.9114448185200854,7.556195817956379
2010-05-10,0.8902091586712769,8.739552456029482
2010-05-11,0.2233455071979834,1.8842604602573354
2010-05-12,-0.13578718304590856,1.1048016964637462
2010-05-13,-0.45235142299628023,0.6405151327665168
2010-05-14,-0.009771306759515704,1.4748278808265975
2010-05-17,0.31731286238658785,2.687955047970137
2010-05-18,0.3268673917375877,2.820091841611636
2010-05-19,0.7149173894536437,11.495413525666399
2010-05-20,0.6405938620465462,4.939455954790636
2010-05-21,0.6406307299502304,6.114978792642823
2010-05-24,-0.09258972709056301,1.5748373548355776
2010-05-25,0.0319992470748984,1.3327215194747295
2010-05-26,-0.06425432955767806,1.2516934606065289
2010-05-27,0.17530533733428785,2.210499370784781
2010-05-28,0.1548528685820387,7.6085079453897375
2010-05-31,-0.9804858999986471,0.1860334946147901
2010-06-01,-0.10546540296590105,2.5897922559002375
2010-06-02,-0.10471469592233944,0.965843416349822
2010-06-03,-0.47316192284668723,0.6896053361706035
2010-06-04,0.14064762541402087,5.9034116403685095
2010-06-07,-0.20477437729782497,0.9482360033219213
2010-06-08,-0.3468267803456558,0.7221442807726018
2010-06-09,-0.6337949503370102,0.33630651062172645
2010-06-10,-0.15153449557406637,0.8971064368526924
2010-06-11,-0.5915221442537264,0.4505973703275896
2010-06-14,-0.40461620145061267,1.7384476336438466
2010-06-15,-0.5592337773080945,0.8629439218833042
2010-06-16,-0.7890109337044264,0.24630045362960895
2010-06-17,-0.620531254638332,0.6624122566930815
2010-06-18,-1.1412115126558315,0.11948323529829444
2010-06-21,-0.4341110434508729,1.3264188538205106
2010-06-22,-0.6431892365892083,0.536779525131168
2010-06-23,-0.7558886508727753,0.495296033256364
2010-06-24,-0.6403503918399064,1.6826052322730591
2010-06-25,-0.9015040619837258,0.2564049148642943
2010-06-28,-1.067705119351385,0.1809860592099253
2010-06-29,-0.7751107932801405,0.5859123320318919
2010-06-30,-0.5237337896938257,1.10393964770417
2010-07-01,-0.2740482024268276,1.0089717651441412
2010-07-02,-0.7328092441790853,0.569231011205438
2010-07-05,-1.8114719653813913,0.037769904073370976
2010-07-06,-0.5946325547988447,1.3287984231754861
2010-07-07,-0.8629056797375046,0.2143714575224827
2010-07-08,-0.8647738222376162,0.7726426259602046
2010-07-09,-1.1912081969912989,0.17386582203048742
2010-07-12,-1.3626764809459941,0.08651228249805652
2010-07-13,-0.7264066063285408,0.7140503019343595
2010-07-14,-0.7880120435991864,0.48190644137529876
2010-07-15,-0.653634648475058,0.5193431370949214
2010-07-16,-0.7713320624420051,0.36332675315207474
2010-07-19,-0.8381183488042598,0.4103688022860028
2010-07-20,-0.7851898290698808,0.308330302656074
2010-07-21,-0.5839232707958726,1.1150966015794888
2010-07-22,-0.7897964672102489,0.355795017085641
2010-07-23,-0.16429307968640608,1.441221828815706
2010-07-26,-0.6515743766177604,0.752870399779958
2010-07-27,-0.6442924577947008,0.5402133601822543
2010-07-28,-1.185930502562331,0.12038742973484665
2010-07-29,-1.1392702642775814,0.25399338265429705
2010-07-30,-0.8867845935511381,0.24657935202143436
2010-08-02,-1.118911070568442,0.31560343508286465
2010-08-03,-1.2384899786523695,0.14670253630771074
2010-08-04,-1.1218472758609677,0.19595342400473345
2010-08-05,-1.027109598252845,0.29133619710267894
2010-08-06,-0.9496631376544904,0.49569595187715215
2010-08-09,-1.6680461182600286,0.07497738202238723
2010-08-10,-0.3871925759718252,4.318594522458255
2010-08-11,-0.40377843701982524,1.1736112796695628
2010-08-12,-0.2905065405705166,0.9760394385015774
2010-08-13,-0.5120081153227867,1.6648220181452162
2010-08-16,-0.6403922801455701,0.50479290682201
2010-08-17,-0.8759811732620667,0.28106748453881014
2010-08-18,-0.8741196236714666,0.2671083345542955
2010-08-19,-0.5311333016214042,0.5827947054261846
2010-08-20,-0.7163814003488659,0.6192998790257501
2010-08-23,-1.0784791387966517,0.1432755756022709
2010-08-24,-0.6086148147746018,0.9068849287743536
2010-08-25,-0.7213674692128668,0.5160121524212474
2010-08-26,-0.5297930892288111,0.6814992147693394
2010-08-27,-0.8918323274331307,0.35679060270483526
2010-08-30,-1.358172384570716,0.0899620948446568
2010-08-31,-1.0158018128636137,0.21343523311548804
2010-09-01,-0.8610945510290192,0.5528694801962384
2010-09-02,-1.042024330086993,0.3723114006500619
2010-09-03,-1.4446414931346996,0.12365173350320076
2010-09-06,-1.9057921144929064,0.056138094126302086
2010-09-07,-0.9241869290662472,0.25233326561582614
2010-09-08,-1.0831418147108256,0.16488181559786103
2010-09-09,-1.06438256923992,0.2749350552734933
2010-09-10,-0.9552306280098305,0.24776548151036473
2010-09-13,-1.0946035286523323,0.1403312808256876
2010-09-14,-0.7307425737431449,0.6943800572892341
2010-09-15,-0.7353061889811462,0.3678597075639557
2010-09-16,-0.7888167120160009,1.0577806057115726
2010-09-17,-0.7272032567516242,0.4945171890386419
2010-09-20,-1.3009336852158735,0.19407087052129338
2010-09-21,-0.26513287663631896,10.833656365387236
2010-09-22,-0.745871814010038,0.4501871627463383
2010-09-23,-0.7507803390992189,0.3019123340404548
2010-09-24,-0.4922103634843264,1.5479375752329045
2010-09-27,-1.0010687749217844,0.33524737606870153
2010-09-28,-0.4018106392056681,1.3849213230995736
2010-09-29,-0.8831574950939786,0.3728256089977795
2010-09-30,-0.4614939148005428,1.3779595229349135
2010-10-01,-1.06786955962403,0.26679532462680844
2010-10-04,-1.154368973876623,0.16460454918836134
2010-10-05,-0.5795689391100788,0.8213266461095319
2010-10-06,-0.8945998348268835,0.3053931024778365
2010-10-07,-0.7137658461474206,0.3666328238615661
2010-10-08,-0.10613669672318407,5.455870796819941
2010-10-11,-0.9206661300614264,0.2838794843703748
2010-10-12,-0.5866277598089711,0.7030093750280921
2010-10-13,-0.8832399113829652,0.3459940802008499
2010-10-14,-0.5354541997572074,1.526354736637458
2010-10-15,-0.05915854968430024,3.8821912176274336
2010-10-18,-0.5906726286016633,0.38321138124366916
2010-10-19,-0.24820311834838538,1.6068298208411231
2010-10-20,-0.38305579860806954,1.1511367962191634
2010-10-21,-0.0866611208448306,2.456759056849631
2010-10-22,-0.40871274067221997,1.451128361195894
2010-10-25,-0.8015164854710309,0.24746613640923945
2010-10-26,-0.6916076972081726,0.3614768286591333
2010-10-27,-0.5817304945786125,0.4386443694613269
2010-10-28,-0.9901450400814705,0.2005003565671835
2010-10-29,-0.8461828019448189,0.2419407683039709
2010-11-01,-0.9088654314106055,0.31837860988187044
2010-11-02,-1.141191466352698,0.12530353850005774
2010-11-03,-0.33912803095332383,5.389451190070709
2010-11-04,-0.6794485040325713,0.3790060396762182
2010-11-05,-0.33438720770035296,1.7896718052331628
2010-11-08,-0.31389958932406153,1.0881772199070554
2010-11-09,-0.35155484160709116,1.0301749418279564
2010-11-10,-0.08955043107263312,1.1392805146900098
2010-11-11,-0.4910301811188395,0.4935911193839534
2010-11-12,0.06313625878057166,1.7827618083781547
2010-11-15,-0.5336709479621451,0.4434543842668397
2010-11-16,-0.48286022724887373,0.5519982199619018
2010-11-17,-0.7524996644423961,0.2849121788626458
2010-11-18,-0.7887283840244229,0.3438820470861032
2010-11-19,-0.8169251919883916,0.38791413680938697
2010-11-22,-0.7688095052891085,0.28994368880754773
2010-11-23,-0.1518421033932488,1.1318735298607467
2010-11-24,-0.19300708977199613,0.9855887907890897
2010-11-25,-1.0181337415190053,0.17771567992626114
2010-11-26,-0.5908100520127426,0.428488924278411
2010-11-29,-0.35882849388357646,0.6298204753141091
2010-11-30,-0.21975570771858513,1.0072367474575719
2010-12-01,-0.015007193802597556,3.0966245512818347
2010-12-02,-0.2982689097959859,1.0885497759127154
2010-12-03,-0.33522456852926025,2.2713084214007226
2010-12-06,-0.4119390925323684,0.6465426466747676
2010-12-07,-0.4220622071635788,0.6199724298716477
2010-12-08,-0.5088644301121364,0.39319697040331797
2010-12-09,-0.6610945310564776,0.4916269249496049
2010-12-10,-1.073535401172377,0.1815789445978268
2010-12-13,-0.8777258687261709,0.33788172210888967
2010-12-14,-0.5000728235043111,0.8095931666763876
2010-12-15,-0.5260798885542631,0.7327448041863892
2010-12-16,-1.0088171053514636,0.1895765088043419
2010-12-17,-0.6132295099672391,0.5754657629628783
2010-12-20,-0.8866232126584012,0.22933867147517534
2010-12-21,-0.9186031897441516,0.38143922370887046
2010-12-22,-1.1946945864409007,0.16046997243694724
2010-12-23,-0.6265825402049146,5.32554203158362
2010-12-24,-1.8282369184549303,0.06527809010691271
2010-12-27,-1.3787343881048955,0.15128593678588836
2010-12-28,-0.7264710298740736,0.7463703689617067
2010-12-29,-1.0449895196782506,0.35691743001712906
2010-12-30,-1.330840006668826,0.10253020327372239
2010-12-31,-0.7257199247716704,0.8026550450107698
2011-01-03,-0.7451790700718097,0.45677268387757186
2011-01-04,-0.616500073682914,0.3709638008118981
2011-01-05,-0.4628961772895079,1.0952773914218312
2011-01-06,-0.808269294082282,0.6862708243656621
2011-01-07,-0.41653460280211785,0.925666978387652
2011-01-10,-0.6677336562082159,0.36526701565602715
2011-01-11,-0.5090279934614965,1.6176693077605022
2011-01-12,-0.4519513196977517,0.6211760305396469
2011-01-13,-0.3530234935566828,1.3947560687192149
2011-01-14,-0.35737893853096214,1.239536205864917
2011-01-17,-0.9629707983502945,0.2881939082544476
2011-01-18,-0.35182120475403317,1.5693675930164153
2011-01-19,-0.4202772492615335,0.8944930402302441
2011-01-20,-0.5392740510209915,0.598107386448342
2011-01-21,-0.5111324381802365,0.4865746771969826
2011-01-24,-0.7469641647546812,0.3933290671236961
2011-01-25,-0.36355767720140375,0.9030840935561488
2011-01-26,-0.4768700673257411,1.5213639293679029
2011-01-27,-0.5708513385180092,1.5388516342465832
2011-01-28,-0.7017936114162626,0.5687539317438008
2011-01-31,-0.6980259213597989,0.39550852580018525
2011-02-01,-0.7577024047170589,0.45736578268175215
2011-02-02,-1.1761082226251434,0.15031058072623354
2011-02-03,-0.8084361518644133,0.7988371464933498
2011-02-04,-0.875279472369273,1.4629863897012059
2011-02-07,-1.0696174373219711,0.2196884533604253
2011-02-08,-0.759142372778662,0.4564064355231722
2011-02-09,-0.9769930561564129,0.5825497853779124
2011-02-10,-1.0739156433912609,0.22520425029977886
2011-02-11,-1.188139907914383,0.1079492936184792
2011-02-14,-0.9674094217425101,0.27250070875602833
2011-02-15,-0.9614802858454067,0.19371591094917015
2011-02-16,-0.7896305615539395,0.6210711526730014
2011-02-17,-1.0124079126651362,0.2467032268290959
2011-02-18,-1.028892740431959,0.2297771184673474
2011-02-21,-1.6693076980343686,0.041093619471441814
2011-02-22,-0.5219245745439702,1.0512108477649442
2011-02-23,-1.0879659899001355,0.16185097568165144
2011-02-24,-0.812565180978473,0.48930202629205827
2011-02-25,-1.2650268907665445,0.1470118566953989
2011-02-28,-1.1445107273176816,0.1595374994248756
2011-03-01,-1.3525228193647278,0.10799127935997044
2011-03-02,-1.3276474232404303,0.15269029203294815
2011-03-03,-0.5847566349778166,6.078378281523825
2011-03-04,-1.55690338732338,0.26981123520950273
2011-03-07,-1.5789173818514675,0.0642522161465079
2011-03-08,-1.422210749613135,0.0834003756591227
2011-03-09,-1.3105732885603318,0.14572030477893574
2011-03-10,-1.2047697676905265,0.27229424466885854
2011-03-11,-1.0943859766635375,0.2241897352757493
2011-03-14,-0.982763749329108,0.2790133557107465
2011-03-15,-0.5280383359426347,0.6918016798835118
2011-03-16,-0.9031081476689334,0.39663289319282596
2011-03-17,-0.19937383083128846,3.494581589359442
2011-03-18,-0.5919154030127151,1.7791268621400194
2011-03-21,-1.2000767026943993,0.5293385343533684
2011-03-22,-1.724011333981918,0.06334445244193203
2011-03-23,-0.9732000489033914,0.2949611969631642
2011-03-24,-1.151204438136844,0.20345727163726643
2011-03-25,-1.0531277578871927,0.2783366638216967
2011-03-28,-1.3883998850909323,0.11075918506768859
2011-03-29,-1.3155441179410736,0.12118301960037303
2011-03-30,-1.1240937992954592,0.2224563744073427
2011-03-31,-1.2184850357860937,0.1032533142649666
2011-04-01,-0.7943241498491314,0.6891432946705672
2011-04-04,-1.408865143147026,0.10716818362412578
2011-04-05,-1.226162546202751,0.1178867733140736
2011-04-06,-1.5198210678984554,0.07577106364847447
2011-04-07,-1.1445780065555475,0.21159826498113252
2011-04-08,-1.3250722097042897,0.23547438226238696
2011-04-11,-1.570195819087257,0.05922599848144866
2011-04-12,-1.0121943672410039,0.28898445788112215
2011-04-13,-1.173855954656475,0.14676300983507903
2011-04-14,-0.8694848450610938,0.2693368469724582
2011-04-15,-1.0503126612377078,0.27716176223742334
2011-04-18,-0.15347664660670657,4.458840064065973
2011-04-19,-1.0688314490945323,0.17302182692222515
2011-04-20,-0.8758496145303303,0.47860407990502707
2011-04-21,-0.8930608592373336,0.314035522876145
2011-04-22,-2.329101299816876,0.018444763456307182
2011-04-25,-1.2999892943970528,0.1328812712987179
2011-04-26,-0.9200871423016678,0.3278079236671129
2011-04-27,-0.684450937613367,0.6459040330432247
2011-04-28,-0.9060483508714884,0.2755946117065605
2011-04-29,-1.5138207161208015,0.08203185330050285
2011-05-02,-0.5886008552650744,0.613989533632397
2011-05-03,-0.8188069888822909,0.3599189383488415
2011-05-04,-0.7569323804090011,0.32712973822846025
2011-05-05,-0.09605464437590988,18.846868727932023
2011-05-06,0.21842160009313988,3.6661676153493623
2011-05-09,-0.310679603534748,0.8509837662545285
2011-05-10,-0.3964032916078105,0.9065886709833798
2011-05-11,-0.591335178045261,0.44897591375640894
2011-05-12,-0.36386124166214956,0.6848101411493921
2011-05-13,-0.306414841096913,0.9983995408491925
2011-05-16,-0.6536846581870052,0.47230733251912393
2011-05-17,-0.33546572830028165,1.1117490633620735
2011-05-18,-0.9085979394789186,0.32434880017043644
2011-05-19,-0.9547542923917738,0.19178313573956451
2011-05-20,-0.7069836303633109,0.35453548128975776
2011-05-23,-0.5554063040057218,0.41096003783748186
2011-05-24,-0.7302078351862114,0.3776130615899276
2011-05-25,-0.4953807743361558,0.7082610604911723
2011-05-26,-0.6221303853428285,0.4585436403774135
2011-05-27,-0.5490585646736605,0.485272190647321
2011-05-30,-1.825935750148478,0.038414794868750136
2011-05-31,-1.0151053968923132,0.2382265790385306
2011-06-01,-0.7047820337410537,0.47661835860934704
2011-06-02,-0.8143332228634985,0.7099657807532158
2011-06-03,-0.8091851680998728,1.3747075617290676
2011-06-06,-1.3397230349299218,0.0891620093989406
2011-06-07,-1.456871744890036,0.09072542368103058
2011-06-08,-1.0879328670788149,0.1766446769355818
2011-06-09,-0.9367930470903344,0.6847042365678102
2011-06-10,-0.986694474682369,0.24651222761974356
2011-06-13,-1.130802242203195,0.14838708128307251
2011-06-14,-1.3330176794818256,0.1324476467289465
2011-06-15,-0.7928944932569758,0.30126141365086107
2011-06-16,-0.09818935334437946,2.656241512192517
2011-06-17,-0.25071073906909663,1.3047501476915027
2011-06-20,-0.7426244778233471,0.45520225884359344
2011-06-21,-0.8189433330450251,0.4919882215014836
2011-06-22,-0.7368253891220039,0.48997611077637504
2011-06-23,-0.40860890421943585,1.766521048118813
2011-06-24,-0.597614079935035,0.5354084513366618
2011-06-27,-0.6350125853020244,0.47028168676237425
2011-06-28,-0.6656072742615858,0.5116280160707655
2011-06-29,-0.6876070502016172,0.49046767955535964
2011-06-30,-0.941173643011361,0.24990136314139583
2011-07-01,-0.8993795569303744,0.30604172455371426
2011-07-04,-1.4765808240369203,0.22180745214545589
2011-07-05,-1.102517571469922,0.18079316987030483
2011-07-06,-1.098571581688019,0.18072100583228487
2011-07-07,-0.8117238454958872,0.44385244519169037
2011-07-08,-0.6073919232561311,0.6681343087340981
2011-07-11,-0.5800100913064532,0.40098200265678374
2011-07-12,0.17561068671917746,2.131974273939609
2011-07-13,-0.17537340496219359,1.4804253775596805
2011-07-14,-0.12327922235905496,1.3927016933337735
2011-07-15,-0.4846380226531239,0.9519249659547172
2011-07-18,-0.5648299906039916,0.42341443847061844
2011-07-19,-0.5404212521963104,0.6472867607259862
2011-07-20,-0.8808310497989714,0.24328070822015488
2011-07-21,-0.27690741240285627,1.5471898922206935
2011-07-22,-1.0762748376356888,0.15741348708893357
2011-07-25,-0.9626441076419553,0.17117115335200578
2011-07-26,-0.9654141053931564,0.5558837876176035
2011-07-27,-0.8263933170068477,0.43700637945789944
2011-07-28,-0.7990104178874275,0.47569893293022025
2011-07-29,-0.40986966635053257,0.9682008031221855
2011-08-01,-0.37361489952234367,2.0909570272348503
2011-08-02,-0.38881429102296405,0.7990764281175915
2011-08-03,-0.27584455999799806,2.4783335823110413
2011-08-04,-0.0009230164267586859,1.7621447780576227
2011-08-05,0.21584926291207954,2.34441093108302
2011-08-08,0.2829401811402076,1.9971262930894227
2011-08-09,0.39858182603759873,3.9765864593725855
2011-08-10,-0.2514118580129491,0.7167813570276843
2011-08-11,0.12448153870971028,2.437098306827561
2011-08-12,-0.5457578652981009,0.4803230406595096
2011-08-15,-0.7304264611631917,0.4670425318870497
2011-08-16,-0.5825879090940542,1.1393001342724445
2011-08-17,-0.7143108477975669,0.40963151908503725
2011-08-18,-0.49782678537569036,0.8555260417907462
2011-08-19,-0.6258167624380867,0.3925885771111719
2011-08-22,-1.4199659581027657,0.09312989328093657
2011-08-23,-0.8173714263415045,0.548204811533099
2011-08-24,-0.9663830292102233,0.2944646165747889
2011-08-25,-0.840506771645874,0.9600868072501535
2011-08-26,-0.8349693922002304,0.8446271204601479
2011-08-29,-1.2424317768775768,0.23430685972049758
2011-08-30,-1.0855161478888722,0.26476860940848107
2011-08-31,-1.105404831455286,0.2487790852844378
2011-09-01,-0.771044794337805,1.013657650519443
2011-09-02,-0.7178849944450832,0.6451255067560745
2011-09-05,-1.0567052847033884,0.3728275339557212
2011-09-06,0.10981054613463788,6.976207986004062
2011-09-07,-0.4882528687769118,0.7103212171106381
2011-09-08,-0.3986653898898824,1.113582235453503
2011-09-09,0.0288775211479536,2.0314141683133493
2011-09-12,0.3871447495515001,3.843710584410515
2011-09-13,0.0879124022180377,1.5990389556720543
2011-09-14,0.09782082862356564,3.6083509039219326
2011-09-15,-0.12296413785186981,3.853517802635824
2011-09-16,-0.4888411730318616,0.629639086250535
2011-09-19,-0.5225352711651015,0.6012532787792071
2011-09-20,-0.25861564541615173,2.9795897177433197
2011-09-21,-0.0704050423031234,3.464268619309926
2011-09-22,0.24099995439473829,3.442296914265719
2011-09-23,0.019306968976803618,1.5551909040832042
2011-09-26,0.053412172460267186,1.2438925388856972
2011-09-27,-0.1010707067740181,1.1366815967223414
2011-09-28,-0.3715701075846248,0.6786200996615761
2011-09-29,-0.3353003585330876,0.7302138160547164
2011-09-30,-0.39095514039886414,0.7225727990737796
2011-10-03,-0.3109783377060839,0.6598738267572061
2011-10-04,0.07832496612778926,3.619253227087047
2011-10-05,-0.17245295626413948,0.9864726204897752
2011-10-06,-0.14947661348095617,1.9657972153708334
2011-10-07,-0.2956409287207216,1.5217343367778144
2011-10-10,-0.6413385851195409,0.47165622678804486
2011-10-11,-0.6755443045452092,0.34865746383769525
2011-10-12,-0.49100645742648635,0.9567675100265846
2011-10-13,-0.5847959765078337,0.4525793822643604
2011-10-14,-0.4458024074188598,1.348227721985257
2011-10-17,-0.5850367698698269,0.40362552769041216
2011-10-18,-0.23370875819656475,1.3962780092652198
2011-10-19,-0.4107543867281548,0.6897946456232392
2011-10-20,0.0033404180036063448,1.8198784380797381
2011-10-21,-0.40750796711886683,0.7369765073704614
2011-10-24,-0.6369869144418117,0.4597247908935116
2011-10-25,-0.38405967459791585,0.7279669943321139
2011-10-26,-0.469387351499623,0.9015068280527087
2011-10-27,-0.3628700196327343,0.6967424874703977
2011-10-28,-0.9043148730909376,0.23546938285029484
2011-10-31,-0.09771101568433957,1.3388242700924025
2011-11-01,0.24082630216278905,3.020146952092445
2011-11-02,-0.20985986377236807,0.9420815068042174
2011-11-03,0.29733801433560664,2.9260025488937798
2011-11-04,-0.3980289392904052,1.3817561033263084
2011-11-07,-0.4808542026114575,0.7542468366122792
2011-11-08,-0.6739244370361221,0.5644930464179856
2011-11-09,-0.29338702679998413,0.969830326632701
2011-11-10,-0.14814459443882233,1.3040405602567977
2011-11-11,-0.5310551059818589,0.7546312758134722
2011-11-14,-0.5841019031506467,0.4171123300764488
2011-11-15,-0.49210517461803344,0.4696924166391417
2011-11-16,-0.3753761259511127,0.7025628043160659
2011-11-17,-0.31038074090041484,0.7548356775616655
2011-11-18,-0.5616400225511041,0.5547791936940086
2011-11-21,-0.566298865408242,1.1903323248594038
2011-11-22,-0.8843020217398013,0.3201584032951817
2011-11-23,-0.5202168762119542,0.7313555453334297
2011-11-24,-1.186133579581516,0.13007156243637627
2011-11-25,-0.9766109402117249,0.2665092623299637
2011-11-28,-0.6120982302896649,0.6692110756837045
2011-11-29,-0.5621758248500593,0.7717683640411122
2011-11-30,0.6522887418146552,134.0630217585175
2011-12-01,-0.5936742970261348,0.6446356165847019
2011-12-02,-0.9140335831768971,0.29999862692598783
2011-12-05,-0.9680012699249957,0.6414210036238408
2011-12-06,-1.3399487091993267,0.09451161307734265
2011-12-07,-1.324314195551106,0.15499949971593785
2011-12-08,-0.641758273196831,0.8783108531600422
2011-12-09,-0.7687976234810763,0.3546934760934897
2011-12-12,-0.7572591873422568,0.540133797978254
2011-12-13,-0.45096593982111643,0.8931571424056133
2011-12-14,-0.6575220359732808,0.4816826830501208
2011-12-15,-0.9379506281850339,0.19058788508711846
2011-12-16,-1.3156835424745044,0.12205754910053146
2011-12-19,-1.5824873543586648,0.045319100422702985
2011-12-20,-1.4362390128352898,0.16545710785467535
2011-12-21,-0.6839323987647022,0.5813198210128698
2011-12-22,-0.9384824818480313,0.7978070913836512
2011-12-23,-1.7489439132054283,0.10828182979358636
2011-12-27,-2.558422998493031,0.010522765720782177
2011-12-28,-1.3649714252648852,0.2386232563722926
2011-12-29,-0.926345736666627,0.6944707881327074
2011-12-30,-1.2576052563784952,0.1538613728944923
2012-01-03,-1.1704944857065824,0.15571090386687858
2012-01-04,-1.157514850795084,0.1974270319332295
2012-01-05,-0.7590285616132283,0.6269610250756599
2012-01-06,-0.9462175048965478,0.25293422597337806
2012-01-09,-1.0298118756893262,0.19658133924388468
2012-01-10,-1.0965843136599183,0.16701388053672298
2012-01-11,-0.8841473092317989,0.5038603930234415
2012-01-12,-0.9388043337663559,0.2793999083058218
2012-01-13,-0.3591195209778515,2.109507349951929
2012-01-16,-1.3025918505518899,0.1360977368726019
2012-01-17,-0.9109085234365614,0.548026775150816
2012-01-18,-0.4686264495884085,1.1622721286553184
2012-01-19,-0.9194370190617396,0.23033691235855472
2012-01-20,-0.992981643507653,0.2377093782136684
2012-01-23,-0.9641266811960117,0.24830933224522908
2012-01-24,-0.7542344675361621,0.8208193805525773
2012-01-25,-0.5959294407030866,0.9575631334375937
2012-01-26,-1.0331084935403878,0.18615855850936214
2012-01-27,-0.535012620801228,0.7194899642112303
2012-01-30,-1.1700443613856617,0.16470509353421062
2012-01-31,-0.9003331075195423,0.2951910170221628
2012-02-01,-0.5125607360537561,0.8180100108842018
2012-02-02,-0.5584878019595267,1.585719522333238
2012-02-03,-0.6155303555569808,1.267668531198503
2012-02-06,-0.7867908261606054,0.41359438456606357
2012-02-07,-0.6623945155135355,0.5668246329456917
2012-02-08,-1.0145572222357016,0.2007108974720107
2012-02-09,-0.6332852598037197,0.5253830845138471
2012-02-10,-1.1448543717241266,0.22322058841160317
2012-02-13,-1.1791486712292685,0.1749813227627019
2012-02-14,-0.9436653783171675,0.1970688578602801
2012-02-15,-0.7342423783108174,0.45711482583824176
2012-02-16,-0.6729951550579912,0.5788127465935756
2012-02-17,-1.2049526910332298,0.18617991945578027
2012-02-20,-1.2958726293289702,0.15424873215758791
2012-02-21,-0.2824663993203478,5.710449111751239
2012-02-22,-1.2240009565457686,0.1283599820411102
2012-02-23,-1.161289950922291,0.251512954661207
2012-02-24,-1.4205481066047425,0.12132688557597349
2012-02-27,-1.143078023395959,0.15408008967856895
2012-02-28,-1.1880719646251388,0.3322136074618764
2012-02-29,-0.9276619757533715,0.46509428658593677
2012-03-01,-1.1548328854047258,0.12811978766964283
2012-03-02,-1.3402698925412555,0.11312468779468791
2012-03-05,-1.0555230369193904,0.24441684502687308
2012-03-06,-1.467402488918607,0.0839238103710011
2012-03-07,-1.4340465754603395,0.12586395735492584
2012-03-08,-1.089171168059447,0.527131346630532
2012-03-09,-1.1592668641150738,0.19354393941496179
2012-03-12,-1.367727364343958,0.1324807375549668
2012-03-13,-1.1997974807007439,0.20351605571891518
2012-03-14,-1.1416729860811639,0.1599137634566262
2012-03-15,-1.3452405587171168,0.08425606610633182
2012-03-16,-1.139605828312667,0.4257612832413928
2012-03-19,-1.5680170023394204,0.14585414606056799
2012-03-20,-1.4159470400424987,0.2261187325572813
2012-03-21,-1.4172776754788907,0.14719459054267958
2012-03-22,-1.2547587071956328,0.17521588593660445
2012-03-23,-1.173408197729394,0.360136617950859
2012-03-26,-1.0861177712485273,0.5610549975708039
2012-03-27,-1.5125344798622171,0.11303553421623573
2012-03-28,-1.32090230225699,0.21769438675767916
2012-03-29,-1.3237018598457895,0.10697912050548088
2012-03-30,-1.114807737138163,0.194394622588099
2012-04-02,-1.6199132544667563,0.06552621790674351
2012-04-03,-0.9475168160804057,1.3237442465033435
2012-04-04,-1.1669033945897151,0.25229795884079054
2012-04-05,-1.6740591256238984,0.07175874260573642
2012-04-06,-1.6839904127206369,0.3441456203066016
2012-04-09,-1.5136923863512466,0.23499371442798303
2012-04-10,-1.0765180605492448,0.18919050029959306
2012-04-11,-1.2880473935483792,0.1418010425882042
2012-04-12,-1.429171952173586,0.11755049757281888
2012-04-13,-1.625045644312171,0.08167594234698505
2012-04-16,-0.9689859322213055,0.34424704518973787
2012-04-17,-1.508589921006405,0.09586947337044387
2012-04-18,-1.107139983831039,0.45593720742276256
2012-04-19,-1.3466179207549995,0.15450105055251243
2012-04-20,-1.487113959473261,0.16792961646128024
2012-04-23,-1.786983256463176,0.06608288163807143
2012-04-24,-1.8501634820876358,0.08345123362098995
2012-04-25,-1.1662822875389254,0.5540694971526609
2012-04-26,-1.636186777800673,0.1051904854193242
2012-04-27,-1.4070543859732345,0.12822909046030767
2012-04-30,-2.3086279347836025,0.018810990036560768
2012-05-01,-1.6707811817033844,0.4025888051872176
2012-05-02,-1.270910697628018,0.8655763964830906
2012-05-03,-1.8647791266600526,0.08710838549288061
2012-05-04,-1.8878453638778905,0.07240611557534496
2012-05-07,-1.1604417232153648,0.1917964868020423
2012-05-08,-1.4810054397511476,0.07937739436172887
2012-05-09,-1.3344858493321607,0.15455689842598222
2012-05-10,-1.6561505772687009,0.04918541025335323
2012-05-11,-1.6527532172666939,0.0837097481338374
2012-05-14,-1.6319016809337767,0.06457016562645596
2012-05-15,-1.2865868271205878,0.5424221480393999
2012-05-16,-0.9804350763957266,0.32551703949937333
2012-05-17,-1.0579576630522551,0.4855850425346079
2012-05-18,-0.9375290803217095,0.5319836650753103
2012-05-21,-1.3311874984282754,0.08979091211166278
2012-05-22,-1.1481978887924242,0.20198246764692773
2012-05-23,-0.8675582676281294,0.2731885344071982
2012-05-24,-0.7803541399420716,0.42224168769079706
2012-05-25,-1.1014095218792843,0.3153987298105717
2012-05-28,-1.5111334738903988,0.1114795069977688
2012-05-29,-1.1808535711646357,0.1717833026093755
2012-05-30,-1.0208108609936604,0.315576366796667
2012-05-31,-0.9594643947929384,0.35841896291107045
2012-06-01,-0.31647756690424383,2.535247777484001
2012-06-04,-1.0907091332623522,0.20365122877519215
2012-06-05,-0.9497331107043256,0.3596301861164472
2012-06-06,-0.9459936145959692,0.269952822337137
2012-06-07,-0.7609904582661026,0.4602054269732806
2012-06-08,-1.0920574156751022,0.22784701651295347
2012-06-11,-0.882114911065463,0.2617655253564585
2012-06-12,-0.7977971174273555,0.4198221788995282
2012-06-13,-1.024557181450362,0.2227316918247593
2012-06-14,-1.1221138903997636,0.13673059838538118
2012-06-15,-1.387650331740094,0.12248116136747936
2012-06-18,-0.730361862960875,0.35793250589338876
2012-06-19,-1.1718540995968716,0.1939182170623369
2012-06-20,-0.5953847679463493,1.984289887832815
2012-06-21,-0.8278326663764869,0.35311356966091706
2012-06-22,-1.2955183348205253,0.15252884295140517
2012-06-25,-1.6901438685700747,0.0816374044197295
2012-06-26,-1.1341923845893123,0.29086854102559834
2012-06-27,-1.7483539762021802,0.06080695575549608
2012-06-28,-1.2091166296493354,0.5339048963101819
2012-06-29,0.026351435790813053,8.814608547646218
2012-07-02,-1.4860508507955013,0.10477568944027464
2012-07-03,-1.7495096012643603,0.05353034659806164
2012-07-04,-1.8095847022619833,0.11549370542553172
2012-07-05,-0.883650740477046,1.6822110794588523
2012-07-06,-1.5016887540719281,0.08130759240827229
2012-07-09,-1.4455918529707186,0.07351758204157731
2012-07-10,-1.6464199175936602,0.06256834428515051
2012-07-11,-1.381907490557589,0.2507087996632564
2012-07-12,-1.5109300069522407,0.07590001209755252
2012-07-13,-1.1649088012381241,0.38539099846195546
2012-07-16,-1.4126807682652545,0.15002536808647315
2012-07-17,-0.9797293860339977,0.9383550345219218
2012-07-18,-1.1950878287606632,0.23106167313162335
2012-07-19,-1.1584275357100826,0.4177077243501671
2012-07-20,-1.1117522414714514,0.6294387142165496
2012-07-23,-1.1925681591171344,0.14064933634228682
2012-07-24,-1.3622775857711802,0.0841422958024881
2012-07-25,-0.8538236091013403,0.4958936813777705
2012-07-26,-0.5888511377065827,1.088777226605625
2012-07-27,-0.16392601582143407,3.5815279957508004
2012-07-30,-1.4258441212042898,0.1056423767561598
2012-07-31,-1.0734605417711682,0.3401118577238337
2012-08-01,-0.8935643813706171,1.3177065215617931
2012-08-02,0.12095411746756168,9.06191502860462
2012-08-03,-0.7379880662679292,0.7300829409259639
2012-08-06,-1.032593840285339,0.23917015236345893
2012-08-07,-1.7357696552812287,0.05127259485868175
2012-08-08,-1.7485780230882164,0.05360077510807556
2012-08-09,-1.3872421563818051,0.19406986787689737
2012-08-10,-1.6057777949641183,0.08972082497865454
2012-08-13,-1.6682987083251315,0.06871961270881106
2012-08-14,-1.8347401574290676,0.056017151379337805
2012-08-15,-2.003493292623155,0.03817981098519732
2012-08-16,-1.8859094011521205,0.03693781471117487
2012-08-17,-1.6303545196985552,0.09977565717347106
2012-08-20,-1.6193095676465499,0.10768297053836635
2012-08-21,-1.2954977756317387,0.9959235757643556
2012-08-22,-1.2436658717027493,0.745434698565072
2012-08-23,-1.5105825555912884,0.11101012347765374
2012-08-24,-1.268146851402278,0.7594357739553572
2012-08-27,-2.144709935474024,0.026167711202782384
2012-08-28,-1.761721493130995,0.06309244194900705
2012-08-29,-1.8769910275909287,0.08020212312363978
2012-08-30,-1.8852891279191089,0.06116294650064991
2012-08-31,-0.7645133431459522,1.5335961663284778
2012-09-03,-2.161381997996005,0.047053332408509285
2012-09-04,-1.6309007057706761,0.10730549969271616
2012-09-05,-1.1548514552015725,0.8948307745222353
2012-09-06,-1.0447717473967912,0.4638524944471365
2012-09-07,-1.2273711865581916,0.3191759436422556
2012-09-10,-1.9178517290059587,0.044646753760461774
2012-09-11,-1.6192503548668549,0.09897498344713687
2012-09-12,-1.0554713561708953,0.41735216780451845
2012-09-13,-0.7975543780489607,1.011423948431454
2012-09-14,-1.2766136387462876,0.13319422361805458
2012-09-17,-1.2787948446344373,0.2049728251643013
2012-09-18,-1.3374105163513652,0.15285487020929864
2012-09-19,-1.426113833868802,0.16994618802847
2012-09-20,-1.205384171404256,0.14023497997041745
2012-09-21,-0.7446221532052957,0.7426298929397492
2012-09-24,-1.2664792918682928,0.21583924036824143
2012-09-25,-1.369123958827883,0.11751454021016335
2012-09-26,-1.5075395585466669,0.09002597272825846
2012-09-27,-1.3185512965027237,0.14675748974007716
2012-09-28,-1.3540578566962622,0.14612889479494998
2012-10-01,-1.2692382867819836,0.1756393357973962
2012-10-02,-1.5322652277289661,0.06435550073905286
2012-10-03,-1.534521322599653,0.1281964774885768
2012-10-04,-1.3524819135173005,0.16911651690142068
2012-10-05,-1.76338803484335,0.07179180181686887
2012-10-08,-1.8833764937289228,0.039949520871088925
2012-10-09,-1.385926511108984,0.156096790715458
2012-10-10,-1.4825898191307976,0.09948318316047106
2012-10-11,-1.396242568210251,0.1097655980437138
2012-10-12,-1.4807995782997383,0.14136946784874807
2012-10-15,-1.785846732494886,0.0530613461674613
2012-10-16,-1.764056379464154,0.08295312339481078
2012-10-17,-1.4490840295044913,0.14115719855001482
2012-10-18,-1.6952241652027453,0.07517344048954643
2012-10-19,-1.77253866453815,0.05968425148878812
2012-10-22,-1.8402093202193859,0.043382079031643254
2012-10-23,-1.8942464240915173,0.06175045791626066
2012-10-24,-1.4705837700730293,0.16996688474923458
2012-10-25,-1.6367660233550898,0.057756674757608
2012-10-26,-1.515852070884749,0.09661015364952988
2012-10-29,-1.9572312782700882,0.030839713302623414
2012-10-30,-2.060651547901433,0.03834112678816841
2012-10-31,-1.9636342981763422,0.031752019291079084
2012-11-01,-1.9222309256308276,0.04510244418064068
2012-11-02,-1.3882583821332248,0.19040893399405875
2012-11-05,-1.7420808173872404,0.06977037104293687
2012-11-06,-1.7503008843352454,0.0649185579141825
2012-11-07,-1.0987324760832677,0.2410234137675764
2012-11-08,-1.4017659248256804,0.1524046217201422
2012-11-09,-1.660778818426802,0.05875218195020434
2012-11-12,-1.9780502614289999,0.05856420335652635
2012-11-13,-1.6322045936380511,0.16177940871024568
2012-11-14,-1.6784887858754183,0.07350944029260514
2012-11-15,-1.827901450023217,0.03402040692984943
2012-11-16,-1.6714608574903238,0.08357469219753699
2012-11-19,-1.8297459635963926,0.06422389084681429
2012-11-20,-1.2059111170121015,0.35954795433973086
2012-11-21,-1.558997018259092,0.19821818278993592
2012-11-22,-1.8495887715387607,0.04677593594559336
2012-11-23,-1.6876582458904732,0.07975308062160875
2012-11-26,-1.9799103772884838,0.029422342871379282
2012-11-27,-1.5773904159569299,0.1475539458049646
2012-11-28,-1.8074760078642513,0.047126167644427064
2012-11-29,-1.8438387476042581,0.1521133547185289
2012-11-30,-1.5840675529784873,0.1535552284912604
2012-12-03,-1.8789224287324826,0.045431769464585936
2012-12-04,-2.08998209447695,0.02666375202282557
2012-12-05,-2.262956704909611,0.013188602071784506
2012-12-06,-1.6612698857582828,0.14170330622896538
2012-12-07,-1.5068919118947495,0.16109933136319318
2012-12-10,-2.008167363032486,0.032635031116400245
2012-12-11,-1.9343582131717016,0.042243601469345096
2012-12-12,-2.126371971732116,0.04340765708247022
2012-12-13,-1.7164110941163182,0.06950432256383113
2012-12-14,-1.4865748590613297,0.22332149362426496
2012-12-17,-1.846083590281373,0.05167569753376818
2012-12-18,-2.426149597102199,0.013938428581313807
2012-12-19,-1.9101110266815426,0.03750325586263503
2012-12-20,-1.3904493202143116,0.16044872758775233
2012-12-21,-1.3412306213595397,0.12939509794556378
2012-12-24,-2.4229559721569642,0.015492179003108775
2012-12-27,-1.4957931668958773,0.14631677927641606
2012-12-28,-1.6166222237202632,0.1532490391246914
2012-12-31,-1.122738272987284,0.6997145538836667
2013-01-02,-0.8035942280858285,0.3131412375803945
2013-01-03,-1.1260180167788136,0.5423119318909901
2013-01-04,-1.3129339944288059,0.15091319785378376
2013-01-07,-1.5284498525941566,0.0754418401034932
2013-01-08,-1.518435652761845,0.15308314687606286
2013-01-09,-1.8678307566137597,0.035506757921847654
2013-01-10,-1.2439894237835483,0.3705204105312037
2013-01-11,-1.1517864243808003,0.3536914186453355
2013-01-14,-1.480296908474986,0.09984876576117921
2013-01-15,-0.984242856007012,0.3837786194667309
2013-01-16,-1.1941741067066873,0.20924256867881139
2013-01-17,-1.3523238692272272,0.11671932964291196
2013-01-18,-1.0364921581926287,0.34012499656841744
2013-01-21,-2.034103832729416,0.02771352443149823
2013-01-22,-0.945368660718918,0.6510901710893034
2013-01-23,-1.2411030520816415,0.26311328086571345
2013-01-24,-1.1069868743850841,0.42655925953303153
2013-01-25,-1.1839868657445742,0.2723569549610225
2013-01-28,-1.5327297189560305,0.10878472076207955
2013-01-29,-1.6983607276734425,0.06322841454974237
2013-01-30,-1.7515846395307966,0.062298911294656444
2013-01-31,-1.8881766529556743,0.048193416745878875
2013-02-01,-1.0202204838604794,0.2713331809281593
2013-02-04,-1.371703274836433,0.16130834791549567
2013-02-05,-0.8216222146684264,0.7629009578167485
2013-02-06,-1.2526710908183867,0.2093216658173102
2013-02-07,-0.9284424162940891,0.4667852882887248
2013-02-08,-1.3057629478540034,0.10929378110105616
2013-02-11,-1.4896026076380897,0.5729776687828488
2013-02-12,-1.239800903745322,0.19157839557464584
2013-02-13,-1.4611997481232664,0.12732514575721524
2013-02-14,-1.3120574421814781,0.2540494054315597
2013-02-15,-1.1247154188303157,0.6934259635706371
2013-02-18,-1.8884885773457385,0.122294924473416
2013-02-19,-1.8055351869687892,0.0725013405372604
2013-02-20,-1.0194429531120053,1.4474912348172617
2013-02-21,-1.0950699762410911,0.41808316029338394
2013-02-22,-1.3500252006487372,0.25977048377501766
2013-02-25,-0.48895396435122346,1.0585484371864848
2013-02-26,-0.45500144339325793,0.6685695175425943
2013-02-27,-0.9703698672537443,0.2692707963838015
2013-02-28,-1.291005486919082,0.15951042728934212
2013-03-01,-1.0799591224597513,0.29372868507634586
2013-03-04,-1.4697624562325924,0.11744744365436768
2013-03-05,-1.7154599871473188,0.07948542758651925
2013-03-06,-2.039093330141945,0.02378025111371824
2013-03-07,-1.29603581760484,0.2517985339788381
2013-03-08,-0.7325055158240998,3.544842024058753
2013-03-11,-1.9412571568595707,0.04026072296364507
2013-03-12,-1.7606672099090797,0.0766441541038404
2013-03-13,-1.2826861006207249,0.7488482295641459
2013-03-14,-1.5016922249444427,0.09450415432396432
2013-03-15,-1.1592352683039147,0.5516059913688716
2013-03-18,-0.6920142729459758,0.6722846204281664
2013-03-19,-0.4197500496637362,2.677998552731612
2013-03-20,-0.9847876925032392,0.323409806495004
2013-03-21,-1.1092324414550012,0.43203504811828813
2013-03-22,-1.2300904231800427,0.3805964478359069
2013-03-25,-0.4679494586234203,2.9109435240735473
2013-03-26,-1.2469037563631515,0.3001408563431136
2013-03-27,-1.4706548167397837,0.0971089656188614
2013-03-28,-1.409222511969617,0.1488205034180578
2013-03-29,-2.1891986725526125,0.2056875980531506
2013-04-01,-2.100643072645802,0.04644218028395939
2013-04-02,-1.6920427373133184,0.07609014320945078
2013-04-03,-1.9433288599861298,0.0456365270836344
2013-04-04,-0.4198558821966205,8.959256649323144
2013-04-05,-0.6637706112075715,4.587996403858116
2013-04-08,-1.6667662601823015,0.055224492737581815
2013-04-09,-1.22750729485812,0.3739315713519411
2013-04-10,-1.6093910735620636,0.10968121361916319
2013-04-11,-1.7958937922282083,0.046221436924789853
2013-04-12,-1.4554064065301573,0.09035390654636422
2013-04-15,-1.3546172737029012,0.16028894526490067
2013-04-16,-0.9627413172623706,0.4936357616856956
2013-04-17,-0.9155064299284009,0.4783912945418782
2013-04-18,-1.1800653614983272,0.4413932766715788
2013-04-19,-1.3036249803912032,0.19435207562728513
2013-04-22,-1.8174942257955222,0.045681011643070986
2013-04-23,-1.0518509975969166,1.5962244810106414
2013-04-24,-1.5744076976403332,0.18067648968258265
2013-04-25,-1.520137133564421,0.11178781601591026
2013-04-26,-1.4883502001614057,0.08401312003530126
2013-04-29,-1.9312437220586078,0.043126605811070556
2013-04-30,-1.4532805162190234,0.12979348009069802
2013-05-01,-1.325299449913475,0.390437945608443
2013-05-02,-0.27969814416141037,10.664361619475725
2013-05-03,-0.22678235911957345,13.69204561919401
2013-05-06,-1.9520571222085894,0.20377005895795325
2013-05-07,-1.9260191441814758,0.11898685110064103
2013-05-08,-1.6851164601535895,0.09027113482152299
2013-05-09,-1.4126225720591914,0.12940078774428534
2013-05-10,-0.9880764640548162,0.2816198047715027
2013-05-13,-1.390328439391655,0.17196366354389456
2013-05-14,-1.1751893059409582,0.1903842240295124
2013-05-15,-1.2049140070245052,0.3187942215579578
2013-05-16,-1.2063876740343176,0.3336394917955258
2013-05-17,-1.4750985697562229,0.2712031245473772
2013-05-20,-1.7719270624539052,0.04263720501635366
2013-05-21,-1.4229670113006483,0.24704131776413188
2013-05-22,-0.6308317708484764,1.1350717735720148
2013-05-23,-1.1164946745120745,0.27524034953525156
2013-05-24,-1.2370364943586443,0.2355877345223865
2013-05-27,-2.8180873960940835,0.005052404880716453
2013-05-28,-1.320616732800877,0.17624989442925498
2013-05-29,-1.087870916318827,0.3427262915419175
2013-05-30,-1.1317925336545562,0.22821931558509256
2013-05-31,-1.1676564744747417,0.21376808727853694
2013-06-03,-0.873347219133169,1.06176839442955
2013-06-04,-1.50906897509544,0.10023784705109876
2013-06-05,-1.1327841550926954,1.0050768091342714
2013-06-06,-0.5110892324026622,3.235581588130973
2013-06-07,-0.8285352144511207,0.8506263643694321
2013-06-10,-1.7000058263628997,0.05111898890112387
2013-06-11,-1.175580925022464,0.2945774139686817
2013-06-12,-1.5261530716836356,0.07749932296827056
2013-06-13,-1.0182678481598981,0.3428360558427746
2013-06-14,-2.015889877858451,0.020359957174511393
2013-06-17,-1.9041849822364991,0.15110635180429205
2013-06-18,-1.294041575492648,0.29311975681858793
2013-06-19,-1.0606453669615235,2.678753127411636
2013-06-20,-0.6800021794882506,0.6715537143839039
2013-06-21,-1.2488916572598197,0.13726380021751705
2013-06-24,-1.1036526357467955,0.19192273883194508
2013-06-25,-1.5348696951660226,0.10293914597821234
2013-06-26,-1.4162627215356607,0.14310870709927784
2013-06-27,-1.7062189534550776,0.07392572231431842
2013-06-28,-1.537960338906577,0.08100052508442479
2013-07-01,-1.9532343978786277,0.037724140093377406
2013-07-02,-1.6754043806011591,0.14752688517090984
2013-07-03,-1.1932739527425016,0.6424827293174163
2013-07-04,-0.9101305139616821,2.7242980714115825
2013-07-05,-1.2536573895467034,2.0739055329480913
2013-07-08,-2.1929017736119056,0.027263451937171848
2013-07-09,-1.3423028116318227,0.21573026105175488
2013-07-10,-0.2388622673799991,6.490299898394088
2013-07-11,0.25212300134807564,8.671013052082762
2013-07-12,-1.0799123289720167,0.3412442253399817
2013-07-15,-1.2523126108957388,0.5125944529863347
2013-07-16,-1.2490629183002184,0.14534566481677536
2013-07-17,-1.0236902232355685,0.4640140254327307
2013-07-18,-1.8104515506273955,0.04859076375717443
2013-07-19,-1.7432978190793718,0.056412501081583875
2013-07-22,-1.965849016619125,0.036403321001072686
2013-07-23,-2.0883760038184658,0.03495970071609161
2013-07-24,-1.1808636960931593,0.4946467516393574
2013-07-25,-1.373594113975913,0.277570939259966
2013-07-26,-1.8952853328161576,0.03257541559089385
2013-07-29,-2.2193900719289017,0.0166584772717265
2013-07-30,-2.0769891191334633,0.05112627520729756
2013-07-31,-0.9250309642656424,0.5219359556953146
2013-08-01,-1.3082165444851257,0.25862243478486313
2013-08-02,-0.9457446505697812,2.8627838867068385
2013-08-05,-1.9629360220757868,0.040757659782294606
2013-08-06,-2.098653647270057,0.031364538259089164
2013-08-07,-1.8974162308986129,0.03730188649533256
2013-08-08,-2.107420942290157,0.02852037425786683
2013-08-09,-2.548462840785123,0.015191963157464471
2013-08-12,-2.3548821820876302,0.019217503892813546
2013-08-13,-1.7971297963941375,0.20938047217730058
2013-08-14,-2.4808749355450996,0.01336385737542399
2013-08-15,-0.6053035394708678,8.38973628715349
2013-08-16,-2.0076405055438586,0.04809542377733386
2013-08-19,-2.34712104588845,0.05862366104496485
2013-08-20,-1.7108075878623699,0.08252123717666261
2013-08-21,-1.4401941817541284,0.28025318124164417
2013-08-22,-1.3930952419092106,0.16106313788975332
2013-08-23,-1.821142336479139,0.11426593565514764
2013-08-26,-2.563822764185633,0.0515072246072175
2013-08-27,-1.8026705840766961,0.12127858574417133
2013-08-28,-1.8673570615022916,0.06020120145552754
2013-08-29,-1.622673960201184,0.15108683787247545
2013-08-30,-2.1476868643577425,0.0294899020915709
2013-09-02,-2.6375053984567605,0.007296337027881881
2013-09-03,-1.8880131402708886,0.08555146847628653
2013-09-04,-2.290007662654164,0.029659394554151217
2013-09-05,-1.4339168660314012,0.2908275993895207
2013-09-06,-1.3019180997656001,1.3247837412834047
2013-09-09,-1.969528722559892,0.08330854699244221
2013-09-10,-2.2212556694164203,0.021454896361051648
2013-09-11,-1.989437154218452,0.06488853011897587
2013-09-12,-2.0076535926841044,0.03527642076234441
2013-09-13,-1.923411332245254,0.0615090139052427
2013-09-16,-2.059474415870122,0.022953426455951297
2013-09-17,-2.6096132368028244,0.011261522022206963
2013-09-18,-0.6653229075277042,9.521541159801956
2013-09-19,-1.6288267339650864,0.06338568339236018
2013-09-20,-1.8954089924810382,0.0385463505627025
2013-09-23,-1.721168042131406,0.09292322669678767
2013-09-24,-2.258827424660712,0.03427528469293189
2013-09-25,-2.40134319449797,0.017669943425159564
2013-09-26,-2.186956505143379,0.04452769986519351
2013-09-27,-2.2555728571575773,0.03333270160357694
2013-09-30,-2.1339893735286344,0.02032544240622722
2013-10-01,-1.8086035129936902,0.047959851731122424
2013-10-02,-1.6621282760714928,0.21713646395284214
2013-10-03,-1.6738219347470717,0.16175431617451516
2013-10-04,-2.17072549021847,0.04734530488414176
2013-10-07,-2.4213629100280234,0.016346201125072898
2013-10-08,-2.4481739109981926,0.012398524975860026
2013-10-09,-1.794488564788355,0.11556612594252476
2013-10-10,-2.1791866096845585,0.016055104392792133
2013-10-11,-2.130304965164076,0.049198995058236834
2013-10-14,-2.5582891878835783,0.01089962816869805
2013-10-15,-1.7622132590160224,0.13135452682457188
2013-10-16,-1.6699503318594828,0.11544789094902076
2013-10-17,-1.5495319969093901,0.11707195133135158
2013-10-18,-2.4670952708405984,0.013258634318467221
2013-10-21,-2.59544737287924,0.021696192594758294
2013-10-22,-1.3474198223935105,3.002070210147246
2013-10-23,-2.419334907660499,0.015706959277718428
2013-10-24,-1.83384076288338,0.09639966678397566
2013-10-25,-1.9925476904386752,0.03160878090983869
2013-10-28,-2.509943570629887,0.01816657132067839
2013-10-29,-1.8073525938342465,0.09046292499032761
2013-10-30,-2.001577296370538,0.08318222855915781
2013-10-31,-1.5792005107887588,0.0917487696056002
2013-11-01,-1.8117967287860615,0.05014005166999342
2013-11-04,-1.755696149703026,0.2885553993244089
2013-11-05,-2.031313309164848,0.04995939288942008
2013-11-06,-1.7894074974586125,0.09291818918226057
2013-11-07,0.33821617380013147,93.83053986353976
2013-11-08,-1.0790504270127539,0.5540934647059146
2013-11-11,-2.4585762600936722,0.01214263867391144
2013-11-12,-1.4844093409283305,0.13535990018151056
2013-11-13,-1.457428326693591,0.22655926503919754
2013-11-14,-1.6554300617817272,0.12035457331270066
2013-11-15,-2.123584792477971,0.026054893407472513
2013-11-18,-2.240989420576368,0.017625366403578535
2013-11-19,-1.7142532937533603,0.116046763238175
2013-11-20,-0.6762353951569857,4.615485731569977
2013-11-21,-1.2112514503800023,0.7079678104958158
2013-11-22,-2.1636382261901037,0.046664208969286775
2013-11-25,-2.1629832527193433,0.03728617440093646
2013-11-26,-1.806411312799536,0.09380882606304244
2013-11-27,-1.978074932146208,0.07921747854235535
2013-11-28,-2.313336416666579,0.08855502815207852
2013-11-29,-2.2278882071988764,0.05948401906907798
2013-12-02,-1.7818199116917768,0.06759623960748032
2013-12-03,-2.3318155918492347,0.01959325280396893
2013-12-04,-2.0028073560620547,0.037683491106517475
2013-12-05,-1.112845866476388,0.4971207604377913
2013-12-06,-1.570696244094138,0.3431071255880878
2013-12-09,-2.7192441285505837,0.011753627837791897
2013-12-10,-2.250056002077062,0.03838725706647968
2013-12-11,-1.9320422597550932,0.10811674735129324
2013-12-12,-1.820554928589929,0.11171308252559153
2013-12-13,-2.1770634626561294,0.019521126611840592
2013-12-16,-2.181510005731398,0.02199310407862921
2013-12-17,-2.162047746039802,0.03714457654245738
2013-12-18,-0.7458162457315577,2.403336546098155
2013-12-19,-1.7993795211080148,0.04900119336723174
2013-12-20,-1.931211585188917,0.0544928403307911
2013-12-23,-2.702958039996377,0.005435198247914857
2013-12-24,-2.9146495895802675,0.0043813489902682305
2013-12-27,-0.9938829128669551,0.6444148781750418
2013-12-30,-1.9563237425925823,0.03162650238760046
2013-12-31,-1.7501799085496716,0.0728378257450015
2014-01-02,-1.2661834959078626,0.1671425774541395
2014-01-03,-1.8746025135470454,0.04262896720601383
2014-01-06,-1.927716885529099,0.04714888772239005
2014-01-07,-1.927971736485679,0.05707418144806985
2014-01-08,-1.773647234255997,0.100680090067332
2014-01-09,-1.4855667779504924,0.3392502551239613
2014-01-10,-0.6638579863624545,12.864844804238441
2014-01-13,-2.2860402440724283,0.011600385315788409
2014-01-14,-2.335478622002651,0.018428993427278217
2014-01-15,-1.9161937855939173,0.08987752604954886
2014-01-16,-1.8080980201217598,0.08925317973545963
2014-01-17,-2.157462149195669,0.03026332096784527
2014-01-20,-2.504416624367607,0.009288680866741172
2014-01-21,-2.221640087844062,0.018592766505083267
2014-01-22,-2.2268843269964185,0.021334179923347914
2014-01-23,-1.5297608467711177,0.151991235370715
2014-01-24,-1.4343686034324752,0.6078239412940163
2014-01-27,-2.038530654949592,0.02841480644761115
2014-01-28,-2.223966009075063,0.09939529944477674
2014-01-29,-1.4645430807918285,0.1232824607177391
2014-01-30,-1.7503258474278618,0.13101851685626406
2014-01-31,-1.6414167527455954,0.12177708833883898
2014-02-03,-1.8564793223187528,0.09605831870770916
2014-02-04,-2.0184263458631877,0.08245364738870192
2014-02-05,-1.9903738804576956,0.04636634128569207
2014-02-06,-1.088088761034603,2.82806905138715
2014-02-07,-1.634556937792143,0.35693638204290573
2014-02-10,-2.799648888677699,0.005654347026579838
2014-02-11,-1.9572911270207065,0.11298132978215986
2014-02-12,-1.891116026765297,0.14667436829161226
2014-02-13,-1.7252707584133085,0.5191305187341027
2014-02-14,-2.4338604501513355,0.03055577278902393
2014-02-17,-2.4672708777723247,0.014904646756014713
2014-02-18,-2.3679577242042025,0.023327217203116167
2014-02-19,-2.7936181913099802,0.008046007131088911
2014-02-20,-2.2507910954677355,0.050612201908684165
2014-02-21,-2.4358910725453407,0.035430716273678546
2014-02-24,-2.5362256804401175,0.013542718137788795
2014-02-25,-2.435365303544703,0.04160396323734591
2014-02-26,-2.3803044172303447,0.03871794595886676
2014-02-27,-2.1170180933201452,0.043658140949005636
2014-02-28,-1.0620088414822444,3.7331156935803707
2014-03-03,-1.9074653015062946,0.10576706502540083
2014-03-04,-2.0499858966146447,0.15535477069991543
2014-03-05,-1.9682260797661537,0.09802152690675474
2014-03-06,-1.7353212788632493,0.3508009526618733
2014-03-07,-2.032731434737793,0.10372182167646185
2014-03-10,-2.7055885903897092,0.010067935608865642
2014-03-11,-2.645195524341153,0.010827372134964257
2014-03-12,-2.5062548639361606,0.02180581413124077
2014-03-13,-1.3331713105809098,1.3048739465398849
2014-03-14,-1.9983889986445962,0.03865849004903283
2014-03-17,-2.3151738646280267,0.020093420676688376
2014-03-18,-1.877358894777659,0.11431080173928328
2014-03-19,-1.678857115140596,0.7908725101298463
2014-03-20,-1.980335713805523,0.03157079300895039
2014-03-21,-2.195187368776454,0.03135787936012295
2014-03-24,-1.3850648895253341,0.8212712877529832
2014-03-25,-1.7726857446135196,0.1675640088013527
2014-03-26,-2.0003899277837314,0.08592647242429524
2014-03-27,-1.921495759056124,0.047555764795008344
2014-03-28,-1.9615691975550005,0.263609261042766
2014-03-31,-1.8795359319242415,0.07351140292614662
2014-04-01,-2.618525952895865,0.011978489614121818
2014-04-02,-2.6187562599889413,0.011140024407668985
2014-04-03,-1.4506353523155358,0.601618110807586
2014-04-04,-1.7589988940520844,0.16392859702599016
2014-04-07,-3.0513931829545986,0.005697272312191687
2014-04-08,-2.5096435837754756,0.019542236953565884
2014-04-09,-1.9741750610425275,0.4082734281415116
2014-04-10,-2.700476885490586,0.010141853396892638
2014-04-11,-2.9556945729919075,0.007258686595024727
2014-04-14,-2.4580428797151592,0.016167581422317924
2014-04-15,-2.515341092260906,0.013330509658143917
2014-04-16,-2.436477545615055,0.027393568343732983
2014-04-17,-2.8816593312207157,0.006461218668664348
2014-04-18,-4.30940638781421,0.0005701585685271589
2014-04-21,-3.679032882746789,0.001182187519756219
2014-04-22,-2.9264827795327366,0.006474622857578665
2014-04-23,-2.2237988850749355,0.044863287488879286
2014-04-24,-2.4586944089807616,0.09155915135874024
2014-04-25,-3.251385898137662,0.008566840447842944
2014-04-28,-2.6715817205629366,0.01831073950893835
2014-04-29,-2.361580152918489,0.13198885582372102
2014-04-30,-2.11654602353596,0.10442894326019404
2014-05-01,-3.5673275535980458,0.002498878783212708
2014-05-02,-1.9719756658191754,0.39923588930112885
2014-05-05,-3.5162481711859974,0.001651157360005964
2014-05-06,-2.6218866561741194,0.046611508632950674
2014-05-07,-2.8414994929676007,0.016599278423861104
2014-05-08,-0.9878132362594996,3.764795593409402
2014-05-09,-2.423798987349432,0.018685645252166025
2014-05-12,-3.1626782439333887,0.0033590349315556385
2014-05-13,-2.0729823928285347,0.0896123769488717
2014-05-14,-2.616724116961611,0.011588513479532877
2014-05-15,-2.003216703462985,0.07497408798105686
2014-05-16,-2.5996855986031426,0.01269550392359141
2014-05-19,-3.076482995620716,0.0028771651309576402
2014-05-20,-3.005904126504445,0.004782158325176805
2014-05-21,-2.3268063608572502,0.03804890404100147
2014-05-22,-2.6248350128565816,0.011265946426529396
2014-05-23,-3.1504571244156447,0.003286523335624892
2014-05-26,-3.428232753857487,0.0031244156967517736
2014-05-27,-2.9964680514485647,0.005192212197543097
2014-05-28,-2.662768886705302,0.02986813804772119
2014-05-29,-2.8667909116092263,0.006819007804086473
2014-05-30,-2.7667275385968075,0.011629632482101354
2014-06-03,-2.534957972203016,0.048224934220191834
2014-06-04,-2.6956842988501633,0.014191581227960723
2014-06-05,-0.7102681890365551,3.208244366952577
2014-06-06,-1.9009178370398447,0.1601993304560484
2014-06-09,-2.8791752137158153,0.007623661611168762
2014-06-10,-2.580724062633715,0.02117630129075261
2014-06-11,-2.745659750775843,0.008069313848384187
2014-06-12,-2.3618535627056727,0.01793614329732174
2014-06-13,-2.733024439284631,0.009053916479706645
2014-06-16,-2.401709590364176,0.04581172914142784
2014-06-17,-2.750770702185751,0.01551395943803968
2014-06-18,-2.379250758035596,0.04495935135959385
2014-06-19,-2.570466255825587,0.02601294570374129
2014-06-20,-2.8857324854747413,0.005895994824922704
2014-06-23,-2.8722946507212166,0.012059766555932536
2014-06-24,-2.8770503002220975,0.017222025512559056
2014-06-25,-2.781550947163109,0.059958759552393326
2014-06-26,-2.265968158566298,0.09381296805666012
2014-06-27,-3.2507897221174344,0.002253699332147203
2014-06-30,-2.7619227345192985,0.009862210419078329
2014-07-01,-3.2161691982953213,0.0046819362769336
2014-07-02,-3.208930584403924,0.0035023811949887926
2014-07-03,-2.3901139366760775,0.15040349815972376
2014-07-04,-4.024685587421738,0.0005436455065806842
2014-07-07,-3.4186221969892747,0.0026971340588748238
2014-07-08,-3.611623117139049,0.001423541389008764
2014-07-09,-2.948342118036017,0.015499789937504135
2014-07-10,-2.951712124364925,0.010174659608134618
2014-07-11,-3.3212406161746575,0.0037566930412398962
2014-07-14,-3.2058537964167164,0.005283050019104558
2014-07-15,-2.411703802212913,0.03676972795031188
2014-07-16,-3.09601133973488,0.0037008612298738332
2014-07-17,-3.2099534211832585,0.0024698545703410943
2014-07-18,-2.5222420245595947,0.09865773746842217
2014-07-21,-3.352201706181123,0.002356202027942354
2014-07-22,-2.5443559200194477,0.03804956750470418
2014-07-23,-3.2105627078487804,0.0030926972341076024
2014-07-24,-2.8067928027692886,0.023913719469301993
2014-07-25,-3.007888851147241,0.023785938569710157
2014-07-28,-3.961020089681625,0.0004751462767429233
2014-07-29,-3.593356879215732,0.0021481889467500933
2014-07-30,-2.1604018287314846,0.3146756972557462
2014-07-31,-2.887662361465709,0.010367380779545653
2014-08-01,-2.207435041302957,0.045643543692822156
2014-08-04,-3.7476970272567733,0.0010685195046186773
2014-08-05,-3.1565860309925147,0.00529422994415513
2014-08-06,-2.5329196494119173,0.017966859147173882
2014-08-07,-2.396606121446984,0.025694243979860983
2014-08-08,-2.432637924725897,0.013588819451445567
2014-08-11,-3.461746170939247,0.002118288859172841
2014-08-12,-3.094834082370928,0.007061893050049979
2014-08-13,-2.1455485134962076,0.13725858105940336
2014-08-14,-2.4613986884646035,0.018707380303431675
2014-08-15,-2.294785617627252,0.03848897167814464
2014-08-18,-3.2717704823041345,0.0035047726291060214
2014-08-19,-2.3864239093172546,0.1536071867580615
2014-08-20,-2.5285045336956036,0.03216299621874333
2014-08-21,-2.7282421579177405,0.02331563926206333
2014-08-22,-2.2807445868796834,0.030534388637344395
2014-08-25,-2.796219285300538,0.006562520413051579
2014-08-26,-2.477811919229769,0.0200568892429098
2014-08-27,-2.37417848356141,0.03190965259819118
2014-08-28,-2.221671348980241,0.03369987451318393
2014-08-29,-2.4657467433652593,0.017741508192823652
2014-09-01,-3.4977915785510034,0.001373260853185799
2014-09-02,-3.051140503303122,0.0036579909496075175
2014-09-03,-2.184366005643877,0.11461759842574681
2014-09-04,-0.18424056917548204,24.78746817187431
2014-09-05,-1.9357917813778138,0.21835813247355382
2014-09-08,-2.2068322070315127,0.06896584004998778
2014-09-09,-1.638352833315983,0.11494351194173943
2014-09-10,-1.582669774113857,0.19620722902757348
2014-09-11,-1.9447273834073235,0.03365063587969521
2014-09-12,-2.01293558618705,0.0397167739252799
2014-09-15,-2.2403992995556616,0.022835724696792833
2014-09-16,-1.897564802726124,0.08305845475185032
2014-09-17,-0.8639627022928876,3.398625466631226
2014-09-18,-1.5203885236715027,0.17573344784181852
2014-09-19,-1.7039976319187202,0.0370315151084377
2014-09-22,-2.1176812791787314,0.024347735677717402
2014-09-23,-2.188839149813421,0.02729848980276883
2014-09-24,-2.0421887091095816,0.03192212227818062
2014-09-25,-1.5180428960686128,0.16637854513705502
2014-09-26,-2.2617802518796424,0.019714078908912823
2014-09-29,-2.0188587640444435,0.02883174941624966
2014-09-30,-1.3988422946827932,0.34038426844318526
2014-10-01,-1.4736493471219445,0.1871581554759262
2014-10-02,-0.9670080545462574,0.4646591318535262
2014-10-03,-0.8879080259033377,6.688191222321342
2014-10-06,-1.5492148851809917,0.24015791954103655
2014-10-07,-1.2411821760401802,0.12298892579761403
2014-10-08,-0.6291653011765775,4.033319888608685
2014-10-09,-0.924768516392777,0.24557991865925166
2014-10-10,-1.5555503529130448,0.06576745182002493
2014-10-13,-1.2795346346805585,0.14731886824251517
2014-10-14,-1.4992243063201331,0.07428459453293158
2014-10-15,-0.1687797318547764,2.495445078423644
2014-10-16,-0.2738475372365681,2.7759953624841796
2014-10-17,-1.0958420875821842,0.26425034005030623
2014-10-20,-1.6368339845298951,0.06225514592952894
2014-10-21,-1.2164346078229538,0.5482254121522039
2014-10-22,-1.3134314944990388,0.3454174584864034
2014-10-23,-1.3836719487201514,0.4266078066012008
2014-10-24,-2.0083333326278208,0.033826934506344775
2014-10-27,-2.04080878895717,0.05285012092979031
2014-10-28,-1.64926888928627,0.48043133760501755
2014-10-29,-1.1702940731421818,1.943490369762922
2014-10-30,-1.5286916594281994,0.09546699292305212
2014-10-31,-0.7474103456605058,0.6754937828971482
2014-11-03,-1.2836966554674514,0.4444937390244464
2014-11-04,-1.8440975933078083,0.05173913362438468
2014-11-05,-1.500089987953187,0.11216429562774181
2014-11-06,-0.5037635566333887,5.55673644098246
2014-11-07,-0.9626204771374927,0.6663278534697182
2014-11-10,-1.6599843397076781,0.06683671839955724
2014-11-11,-1.6640256740723935,0.05752286493056385
2014-11-12,-1.193084978553933,0.1987066835524443
2014-11-13,-1.8287259502714563,0.03660588138093991
2014-11-14,-0.8812987722450444,0.9994485717837359
2014-11-17,-1.384055814095092,0.15125111911660186
2014-11-18,-1.8136737448678595,0.05455356911740567
2014-11-19,-1.5416851123166475,0.08997451769751053
2014-11-20,-1.0202808908568568,0.47604902186829634
2014-11-21,-1.1842153130695312,0.27636084460232985
2014-11-24,-1.6274358718591293,0.11319344925354684
2014-11-25,-1.7010205782239636,0.12176251780195273
2014-11-26,-1.3997789922681954,0.16412983184384364
2014-11-27,-1.9812160311533002,0.0910370092766293
2014-11-28,-1.6918621046527873,0.07318988667248691
2014-12-01,-1.4177564920169279,0.13543107070218818
2014-12-02,-2.017187193339785,0.040421759479144254
2014-12-03,-1.6484554772101856,0.06649003847918708
2014-12-04,-0.3875314564856195,3.377960779070237
2014-12-05,-0.7730186763900462,5.994107301872733
2014-12-08,-1.6904721990210347,0.060391780751349426
2014-12-09,-1.093222812361527,0.2839499549641593
2014-12-10,-1.4767610991198477,0.09562346022054709
2014-12-11,-0.7635834821883091,0.5794080741866007
2014-12-12,-1.243615885905302,0.2259552068370199
2014-12-15,-1.3043475930195836,0.2087543085942115
2014-12-16,-0.8130774127657923,0.43689091692768667
2014-12-17,-0.4721935770427147,1.749656180873006
2014-12-18,-1.0332747529918698,0.20883386426752276
2014-12-19,-1.5753704562704691,0.14634058106930795
2014-12-22,-2.015655527228357,0.03622978114891016
2014-12-23,-2.0596822585170322,0.026632403790050444
2014-12-24,-2.455770586757104,0.018983405290396927
2014-12-26,-2.7566709143578128,0.013845161860212424
2014-12-29,-1.731123392882544,0.21838093001111997
2014-12-30,-1.7417842060324085,0.0784438226548203
2014-12-31,-2.160739423571589,0.059475889524273205
2015-01-02,-1.4741272312941514,0.09545376325469766
2015-01-05,-0.8335622253217619,0.5076709849255999
2015-01-06,-1.092216525570491,0.20727104620520875
2015-01-07,-0.9773962860176442,0.45117633632749776
2015-01-08,-1.3494858743757776,0.12817698717611692
2015-01-09,-1.177536591134759,0.3476280438227748
2015-01-12,-1.3797698444554136,0.17689992936676607
2015-01-13,-1.232335136278807,0.12631723964737065
2015-01-14,-0.7179227872908898,1.7756897976796413
2015-01-15,0.826788624152084,68.90625363142237
2015-01-16,-0.44091257094919056,0.6812375798811606
2015-01-19,-1.0659534697073059,0.20185129927845688
2015-01-20,-1.241369674984332,0.09623413781249608
2015-01-21,-0.06167298163395719,8.541622716334444
2015-01-22,0.46383036636308805,23.248060355440604
2015-01-23,0.631263491441466,11.287546537549272
2015-01-26,-0.19638225088773448,1.4245576882514046
2015-01-27,-0.12170325370061427,1.5665733810638007
2015-01-28,-0.5586517641077321,1.0045460497807535
2015-01-29,-0.8441189202843717,0.2877967858033543
2015-01-30,-0.6385251451634674,0.5511957048054398
2015-02-02,-0.9986551164083544,0.24434973379424835
2015-02-03,-0.6694392543134294,0.7259501824641778
2015-02-04,-0.7309200807169217,0.3917135737535937
2015-02-05,-0.4279707867799104,0.9117464212676896
2015-02-06,0.021305029084921965,35.043738676604875
2015-02-09,-1.1903085456370868,0.1697176538609301
2015-02-10,-0.8159895987033936,0.9447448940809047
2015-02-11,-1.1312385790996602,0.47987260220637284
2015-02-12,-0.7458231462536588,0.7862546850594287
2015-02-13,-1.3080498585301255,0.13398464041207125
2015-02-16,-1.3526885968867315,0.15491377209096086
2015-02-17,-1.0936270399268506,0.2870553338674655
2015-02-18,-0.7556298552071503,2.7244824851199994
2015-02-19,-1.1908550793322585,0.24033647389705076
2015-02-20,-0.4464535322876025,1.3385569257691412
2015-02-23,-1.2572965743509414,0.18482000394449677
2015-02-24,-1.2376862987576465,0.19808405948914223
2015-02-25,-1.653814472766989,0.10341554827683577
2015-02-26,-1.2678365923253345,0.2927567903112005
2015-02-27,-1.0340667113461914,0.34994725839977653
2015-03-02,-1.871431720397964,0.04013788673196347
2015-03-03,-1.6816475837773248,0.07295513989742043
2015-03-04,-1.1884896057525456,0.28719079411654347
2015-03-05,-0.8194911842995545,1.0565608238503466
2015-03-06,0.04466896715323591,46.20828166025423
2015-03-09,-1.3471923057558335,0.10572520447888488
2015-03-10,-0.35475477203198863,2.0040586060289436
2015-03-11,-0.15899947473809486,1.2393749330600132
2015-03-12,0.2934563944830785,8.900370519656661
2015-03-13,-0.25096728601849416,1.2721061772127393
2015-03-16,-0.5811384649706381,0.44904513964793535
2015-03-17,-0.9180488075625436,0.2866339695410632
2015-03-18,1.7628976147258266,1203.1594622892203
2015-03-19,0.5049291382983414,4.398549238433035
2015-03-20,-0.09076903699897533,1.9920327729299145
2015-03-23,0.14427503241327758,3.1205496845366345
2015-03-24,0.11892392798905002,4.6166936500307845
2015-03-25,-0.691243746887628,0.45139057540650906
2015-03-26,-0.5020146707110805,0.9154901625143765
2015-03-27,-0.30991657074960305,1.6151295930302723
2015-03-30,-0.6316870829718269,1.0993827473792694
2015-03-31,-0.7318188564334286,0.30230318287242514
2015-04-01,-0.5775118951150566,0.8893481578460076
2015-04-02,-0.5389364739585704,1.4067410711817636
2015-04-03,0.31684152143467376,85.87470842545467
2015-04-06,-0.8715653419703103,1.2819755989855204
2015-04-07,-0.639142439171582,0.597382377810306
2015-04-08,-0.45628792544188745,3.4906292170730913
2015-04-09,-0.8629868273112576,0.3968716150753271
2015-04-10,-0.7137793288432887,0.49646602439800824
2015-04-13,-0.696305115371116,0.47475221104560245
2015-04-14,-0.11612668361804765,7.54337045775035
2015-04-15,-0.21391133552452146,1.1397043429899427
2015-04-16,0.1063059839930371,4.706834910866983
2015-04-17,-0.2585604756024222,1.2944737618256161
2015-04-20,-0.7904518532139512,0.291546456865425
2015-04-21,-0.6902235794169017,0.5676198366007503
2015-04-22,-0.6834771844554399,1.0378207651999392
2015-04-23,-0.3318214926951535,0.9568308575540849
2015-04-24,-0.3090748089090857,1.2805998111223178
2015-04-27,-0.8001787251730199,0.41031134443332296
2015-04-28,-0.7411154499352244,0.5084236123360235
2015-04-29,0.10269041341994432,4.183714937802168
2015-04-30,0.41554855975893723,5.946383970777012
2015-05-01,-0.31034205040354784,2.688996114570427
2015-05-04,-0.9897765606533152,0.27189348275214165
2015-05-05,-0.13577897137380396,4.1547019521470165
2015-05-06,-0.26932399845341265,1.8237843208503746
2015-05-07,-0.3614871957639546,0.9404848004420229
2015-05-08,0.41214355904290373,16.641533517880784
2015-05-11,-0.6804271834111277,0.5616105734316454
2015-05-12,-0.7570902778106297,0.7656236445035016
2015-05-13,-0.29932560719735135,2.8414758047383373
2015-05-14,-0.5628484778066253,0.5004679863635199
2015-05-15,-0.49139627688763093,0.8817208624375626
2015-05-18,-0.7639143994584068,0.48331756998723396
2015-05-19,0.10501967223466561,14.311089527895081
2015-05-20,-0.1876877503362637,1.6974563619410175
2015-05-21,-0.506176300349678,0.7334659345914183
2015-05-22,-0.1481276133554679,11.672953079501603
2015-05-25,-1.4425075816570287,0.1078682852799674
2015-05-26,-0.6139217781413024,0.45822611827860554
2015-05-27,-0.33781944741406794,1.8330849316998137
2015-05-28,-0.45287489824164434,0.6853851627045033
2015-05-29,-0.7113597882251363,0.3664148280205714
2015-06-01,-0.5132169988944365,1.5209333514373462
2015-06-02,-0.10565037179643255,1.8018924259427087
2015-06-03,0.1927769967229913,10.952764065069799
2015-06-04,-0.18571821078911677,1.5304600390139622
2015-06-05,0.4069292241493401,44.28688786454156
2015-06-08,-0.22626641074592424,2.7186963656577854
2015-06-09,-0.3379972033013295,1.2628291611676734
2015-06-10,-0.08745011631451233,1.9041911139844052
2015-06-11,-0.5686271639534615,0.6665737965136385
2015-06-12,-0.283722879989347,3.3670161956729636
2015-06-15,-0.6369537262203676,0.632819864531085
2015-06-16,-0.9407673832478313,0.458587246246602
2015-06-17,-0.8520066976716631,0.4962327088740609
2015-06-18,-0.27208261474146483,2.50815340281294
2015-06-19,-0.9624752706348525,0.47607024647885
2015-06-22,-0.7114712910875854,0.45732258983476126
2015-06-23,-0.7510304132150287,0.3551281068908447
2015-06-24,-0.8978740337325167,0.2810978070589845
2015-06-25,-1.0200758219054658,0.3279381974368851
2015-06-26,-0.9497541979860908,0.4822621356369784
2015-06-29,0.602231910405399,8.707657799640646
2015-06-30,-0.33722971710755617,2.878350415780052
2015-07-01,-0.6032871224729118,1.6795314131963253
2015-07-02,-0.3703854698594406,12.143044322266123
2015-07-03,-1.3587108778332364,0.29391757803050544
2015-07-06,-0.3426308582025796,1.0925877228249903
2015-07-07,-0.5162821638159749,0.843974082516331
2015-07-08,-0.503918501575968,0.4584729371059427
2015-07-09,-0.6962577087583853,0.3963247270063335
2015-07-10,-0.27154473437177473,1.1181949239913302
2015-07-13,-0.06435369643550357,3.1697615692603662
2015-07-14,-0.9501537701433715,0.2569813964850468
2015-07-15,-0.8950031052926388,0.663117603224009
2015-07-16,-0.6613701162060881,0.6492675599481704
2015-07-17,-1.4221226668144653,0.14554690594608546
2015-07-20,-1.499219394807791,0.07060702475956589
2015-07-21,-1.0224169243756005,0.4873561242044775
2015-07-22,-1.047705992746467,0.20721280739203912
2015-07-23,-0.7166386626540218,0.7807833057036583
2015-07-24,-0.8969372431582083,0.6345781088056691
2015-07-27,-0.7964979182723149,0.598378475334561
2015-07-28,-1.5007461184251225,0.10383165633815994
2015-07-29,-0.8872358333326102,0.4412380692459141
2015-07-30,-1.1567396628417788,0.13788348146367954
2015-07-31,0.04554201263885377,15.561384351112657
2015-08-03,-1.4254316989095626,0.08657296700040885
2015-08-04,-1.3191225725232794,0.1595593494051804
2015-08-05,-1.0135687995362688,0.5612058661260764
2015-08-06,-1.49808064851589,0.07368758799709707
2015-08-07,-0.21427381971811668,18.232221108441774
2015-08-10,-1.120662183326001,0.592272542214893
2015-08-11,-0.6606256936860875,0.5548132419812224
2015-08-12,-0.731629611099092,0.3559760491149231
2015-08-13,-0.8102255029103301,0.5144366258322975
2015-08-14,-1.2356346315652085,0.17969295095707877
2015-08-17,-1.2241449578359336,0.22748262536773323
2015-08-18,-1.604080756659147,0.09852926359464531
2015-08-19,-0.8451230216308401,1.1008410836752014
2015-08-20,-0.9258557029536295,0.3384822402188201
2015-08-21,-0.8900455204086631,0.2614287082005936
2015-08-24,0.8793194656362152,14.601753373016406
2015-08-25,0.25604869085695176,2.057962357768155
2015-08-26,0.08847491746164463,2.0931997455442977
2015-08-27,-0.4306650888261485,0.823793425050372
2015-08-28,-0.5715405457182807,1.46295749929241
2015-08-31,-0.840080256512095,0.258475667376744
2015-09-01,-0.37069591761797,1.322500638508729
2015-09-02,-0.8515860113636826,0.23198261373049237
2015-09-03,-0.45605851120916935,3.9088360340747865
2015-09-04,-0.45950103111404983,5.776542828659443
2015-09-07,-1.5020960492777289,0.08065730868093399
2015-09-08,-1.1860918911361544,0.2543815362867446
2015-09-09,-1.2782585550842793,0.0889894794587739
2015-09-10,-0.8015507763990058,0.45544647056924437
2015-09-11,-0.9961749048822807,0.3044981564522452
2015-09-14,-1.435065024294233,0.12379571649865588
2015-09-15,-1.5000354307040984,0.09697672689439202
2015-09-16,-1.1451221744225273,0.5096285162162308
2015-09-17,-0.2870737255286094,3.7565831646645407
2015-09-18,-0.78033800401712,0.3114417228653526
2015-09-21,-1.1895271903743942,0.1723820058963639
2015-09-22,-1.2340813160987238,0.22530568436643594
2015-09-23,-0.5570697479834286,0.9649942893470452
2015-09-24,-0.8887737979205641,0.3498489192942522
2015-09-25,-0.6797378918904037,0.36338127965421607
2015-09-28,-1.0839401279278291,0.21191709582087465
2015-09-29,-0.8815562333929812,0.3549136067701264
2015-09-30,-1.2182447048411118,0.15148960413995888
2015-10-01,-1.5351531851021931,0.06304826688733661
2015-10-02,0.3692525489886927,91.11253359180077
2015-10-05,-1.087684697617063,0.24439477006850047
2015-10-06,-1.4101978943516407,0.14893154373361336
2015-10-07,-1.2934902931491299,0.11580764491304765
2015-10-08,-1.0335419147624159,0.6751100981788051
2015-10-09,-1.1361688784368613,0.27136722766841975
2015-10-12,-1.9912603702953047,0.03494572904563665
2015-10-13,-1.4893775698150382,0.11459129932385527
2015-10-14,-1.2768467351010995,0.3724782769877172
2015-10-15,-0.7316747044925744,1.0082459989990722
2015-10-16,-1.0900384476186853,0.3404925561060147
2015-10-19,-1.6283040860713751,0.05324308051910485
2015-10-20,-1.874154749160062,0.042807430569940665
2015-10-21,-1.7671592902741273,0.054082280376810704
2015-10-22,-0.3567573523954495,9.631732788861683
2015-10-23,-0.4805592826021836,0.6762356949337871
2015-10-26,-1.5461723423180889,0.07798463056660795
2015-10-27,-1.4141902885712496,0.10365722359412335
2015-10-28,0.021463347831345316,19.926554308361794
2015-10-29,-0.9464890324281761,0.2644267231961424
2015-10-30,-0.9211606575794185,0.2636581770902762
2015-11-02,-1.4221254589885768,0.0895497777976644
2015-11-03,-1.4055683809159827,0.13270125373620295
2015-11-04,-1.1217692647066826,0.3814294541245327
2015-11-05,-1.2769701781771516,0.1828107260267283
2015-11-06,0.18968385889226208,86.24768822881383
2015-11-09,-1.2261474611314467,0.1452314546501703
2015-11-10,-1.1942389379127563,0.16104744659258782
2015-11-11,-1.3294841306301897,0.10046934550467296
2015-11-12,-0.33834623211900366,2.364828786034765
2015-11-13,-0.8387000147576276,1.1371666484618312
2015-11-16,-1.1305926202993053,0.25266813358060936
2015-11-17,-1.3799503504276254,0.1107891284354369
2015-11-18,-1.4867623856628125,0.20624656449866757
2015-11-19,-0.9852203755042109,0.20292330401224018
2015-11-20,-1.335856574356222,0.11882661765288434
2015-11-23,-1.3461823418646843,0.09386044866447676
2015-11-24,-1.4088826880140115,0.11028310005928271
2015-11-25,-1.1025586069883333,0.17522222142586988
2015-11-26,-2.4341054168031606,0.010286203902672517
2015-11-27,-1.8601038493140403,0.04827868865061578
2015-11-30,-1.834558872635671,0.03785599082875932
2015-12-01,-1.6368433928079285,0.04887554385413739
2015-12-02,-1.1974772811294925,0.2825491772774465
2015-12-03,1.2764984030292474,243.87908475021536
2015-12-04,-0.08933119263432503,4.053990797134277
2015-12-07,-1.4318333356427722,0.07153663058711862
2015-12-08,-1.4443849670955606,0.08452171901836616
2015-12-09,-1.1235261842331925,0.15215066988518816
2015-12-10,-1.2253648523327998,0.1207607619442618
2015-12-11,-0.7868952559402497,0.7781509248482208
2015-12-14,-1.2328996660224163,0.12849191041701485
2015-12-15,-1.2289669477518526,0.14994428191866804
2015-12-16,-0.13382632436626832,4.833111857945894
2015-12-17,-0.8427304244172543,0.402936283091659
2015-12-18,-0.967867860392512,0.33640392387519114
2015-12-21,-1.4773912022356523,0.07722650154828697
2015-12-22,-1.7112839671972346,0.053503853377961354
2015-12-23,-1.4720328401714748,0.1829852246415807
2015-12-24,-1.7072598066330325,0.048180577901333815
2015-12-28,-1.8874232002306013,0.05095299092600554
2015-12-29,-1.4973356028845382,0.2873069241017497
2015-12-30,-1.7779264163503605,0.03795670280459246
2015-12-31,-1.3088140205298888,0.23224662557117934
2016-01-04,-0.7269316752347534,0.5052722330610557
2016-01-05,-1.290558356067297,0.1155295956236377
2016-01-06,-0.8959814194808109,0.537491174841945
2016-01-07,-0.5601489395704329,0.47875782375914544
2016-01-08,-0.199731082269906,3.9857513693716293
2016-01-11,-0.5963601793074348,0.4288767349203692
2016-01-12,-1.1375837431747091,0.22109700754882175
2016-01-13,-1.0275923812998493,0.20133163576862162
2016-01-14,-0.6913232011467612,0.6714393924215563
2016-01-15,-0.5085259804706626,0.7622940421085221
2016-01-18,-1.6685608969015313,0.04690399445457232
2016-01-19,-1.184474878221676,0.10410818597758295
2016-01-20,-0.9310659821123628,0.23517516336877964
2016-01-21,0.031082725156064275,14.333484072845097
2016-01-22,-1.0816798029778538,0.15994296420479726
2016-01-25,-1.8348277267925452,0.027318698404523823
2016-01-26,-1.5577432817940708,0.0547059756310188
2016-01-27,-1.0970030929385084,0.38369122590644833
2016-01-28,-1.3606377002340027,0.150748500179296
2016-01-29,-0.6856055191271294,0.595067633073867
2016-02-01,-1.6163218620906077,0.06115955052634357
2016-02-02,-1.6709954692440505,0.05515467480841218
2016-02-03,-0.37350418620367376,1.9838027395356899
2016-02-04,-0.4003304137604754,0.9523322682633693
2016-02-05,-0.5954298999487531,1.8472702470659692
2016-02-08,-0.7094485490276213,0.858868543246004
2016-02-09,-0.4073038141355399,0.8548861234315542
2016-02-10,-0.613553160009906,0.714070676789171
2016-02-11,-0.2471735619231411,1.1321986236307047
2016-02-12,-0.7860151038757373,1.43713566359377
2016-02-15,-1.3896326572999638,0.11200224673349354
2016-02-16,-1.4289034820391362,0.1285020508461999
2016-02-17,-1.2293971201340983,0.1147646439707233
2016-02-18,-1.1707249857385946,0.13609428138220936
2016-02-19,-1.1821005406820004,0.1844175928748683
2016-02-22,-1.4137896109727321,0.10160551311241862
2016-02-23,-1.2992955972029527,0.14847795349654377
2016-02-24,-1.0775582916526814,0.3011509291234648
2016-02-25,-1.2981016101628617,0.17499541567291405
2016-02-26,-1.0440896804723339,0.3780645802325402
2016-02-29,-1.4151484513662311,0.08950806846374686
2016-03-01,-1.067529338123851,0.40399788398860875
2016-03-02,-1.5953059705732835,0.12968522628061951
2016-03-03,-1.2501210501816185,0.13771735625506534
2016-03-04,-0.1740085115323691,10.134516932313513
2016-03-07,-1.6479400538572948,0.06498507483889927
2016-03-08,-1.3501520738051154,0.09271078997176228
2016-03-09,-1.4428320198032791,0.13494366722613987
2016-03-10,1.2108945150645265,166.8299686039074
2016-03-11,-0.6958230898837909,0.36586442216230836
2016-03-14,-1.3837261338030185,0.09966407040462308
2016-03-15,-1.5628409632865297,0.07487131701398939
2016-03-16,-0.4217871892852248,6.351245561635165
2016-03-17,-0.8251312470085332,0.49134835525661213
2016-03-18,-1.527111776770971,0.07580036154465246
2016-03-21,-1.6691802158989058,0.058665713370721365
2016-03-22,-1.085636429627162,0.874115842173438
2016-03-23,-1.7695385862481536,0.04932562885454418
2016-03-24,-1.531233096816377,0.10058168589290885
2016-03-25,-2.9609057100480443,0.005313917333596521
2016-03-28,-2.3063910231152036,0.021199017954215783
2016-03-29,-0.6654398117034701,6.955270602387261
2016-03-30,-1.3235642477956882,0.20698397833481788
2016-03-31,-1.4266590356216353,0.16788216591351485
2016-04-01,-0.8403138728013874,0.9649881281860861
2016-04-04,-1.8086186518614926,0.056364827815499084
2016-04-05,-1.3780480632760796,0.19130603577883956
2016-04-06,-1.1297368685030171,0.2974010176511548
2016-04-07,-0.8397989114389462,0.3709901902977163
2016-04-08,-1.5060480214674759,0.098171872139656
2016-04-11,-1.5994220830953705,0.07589270861864746
2016-04-12,-1.1959124352418284,0.2668412407886575
2016-04-13,-1.3393068943874262,0.12706822787532235
2016-04-14,-1.4716354910193785,0.16205000408896145
2016-04-15,-1.5889902985423332,0.12937206746724467
2016-04-18,-1.6518242511360706,0.07587977533097855
2016-04-19,-1.8311594990970372,0.042609811261629896
2016-04-20,-1.625972676001191,0.08021040855271105
2016-04-21,-0.5634520617871054,4.175101938765442
2016-04-22,-1.5704850784964608,0.09420349536367269
2016-04-25,-1.7675981324356933,0.04442685385653289
2016-04-26,-1.588382096748662,0.15917842140076668
2016-04-27,-1.3798022918115829,0.24609027944799364
2016-04-28,-1.1546048196746856,0.24006207519888953
2016-04-29,-1.1425930684762542,0.3683386285710699
2016-05-02,-1.3497085923907302,0.592386389770119
2016-05-03,-1.2266168857299655,0.1506493612165918
2016-05-04,-0.8766191388639077,0.7797238668548335
2016-05-05,-1.5927693572977675,0.14887533493748115
2016-05-06,-1.2485109764024103,0.5202107685235299
2016-05-09,-1.6062449778334285,0.0889011889359689
2016-05-10,-1.5969435101363896,0.14736695992401588
2016-05-11,-2.169249878124115,0.016984213166212545
2016-05-12,-2.069821733184101,0.024132710049045377
2016-05-13,-1.3827353900962531,0.3480704488643311
2016-05-16,-2.06025016494132,0.025400199443937867
2016-05-17,-2.185038518792959,0.02133423826691629
2016-05-18,-1.1705886334409825,1.5223359553559315
2016-05-19,-1.631192915343157,0.09629578883482728
2016-05-20,-2.2246175864520974,0.019088875583192014
2016-05-23,-2.0591962057588376,0.023848842113326246
2016-05-24,-1.827771052934126,0.0397758332966312
2016-05-25,-2.2193079069666553,0.02501443392139956
2016-05-26,-1.9184320225130735,0.04634842543228527
2016-05-27,-1.927247070213468,0.10978514348229908
2016-05-30,-2.7935036604576604,0.007216714642829037
2016-05-31,-1.6502804858244176,0.0993218826095925
2016-06-01,-1.409905020831508,0.18030499378784418
2016-06-02,-1.0752921316941477,1.3856009565078553
2016-06-03,0.11635701927065893,63.957404235821
2016-06-06,-1.6161043922035392,0.07095945086969659
2016-06-07,-1.9775964080886292,0.03622276959658247
2016-06-08,-2.1428150033377924,0.017787645864634157
2016-06-09,-1.4238721320413543,0.26804751231504886
2016-06-10,-1.6242947220770168,0.1004238949920489
2016-06-13,-1.7040872617648353,0.04494113753009213
2016-06-14,-1.6488732858764386,0.056319936962772495
2016-06-15,-1.2254385077397745,0.41065044251182325
2016-06-16,-0.4385100630496062,3.9094688402541817
2016-06-17,-0.998839689590647,0.5487830270173377
2016-06-20,-1.3663008450222438,0.08768063339450838
2016-06-21,-1.1965025244447152,0.41930264374939175
2016-06-22,-1.3016752941246388,0.1549338143598548
2016-06-23,-0.3743344071496581,1.230181243492187
2016-06-24,1.9330445990419403,93.72041709497466
2016-06-27,-0.17226573736744902,0.9523642816233477
2016-06-28,-0.8166247108294467,0.24697222933031143
2016-06-29,-0.7367186725860385,0.364353121412688
2016-06-30,-0.08773229047721882,11.664931104208863
2016-07-01,-0.964591765250848,0.21565434511959788
2016-07-04,-1.8772152717350092,0.13340822220014595
2016-07-05,-1.0462412993585442,0.5037677372630651
2016-07-06,-0.9472050743768325,0.18726876807089265
2016-07-07,-1.2427797489472363,0.11721790867120836
2016-07-08,-0.29401585007734793,7.2012157797760175
2016-07-11,-1.8992819810044064,0.03443152983885678
2016-07-12,-1.3867342241194385,0.11555182347210455
2016-07-13,-1.772147426014119,0.05790917700046808
2016-07-14,-1.075910417640521,0.8255040201330873
2016-07-15,-1.3192204795437668,0.18912670298123516
2016-07-18,-1.9780541296554728,0.02794130449054773
2016-07-19,-1.892313066888151,0.038679128334386026
2016-07-20,-1.488290879681032,0.1291577208748409
2016-07-21,-1.2670235841320674,0.2110634452276448
2016-07-22,-1.559369008917958,0.11280376776962643
2016-07-25,-2.310063636857921,0.019509498981699507
2016-07-26,-2.2140500568835337,0.027575428333738987
2016-07-27,-1.286253537119146,0.5774884705762706
2016-07-28,-1.7253494861664092,0.10081803279985017
2016-07-29,-1.4683662869566902,0.18863569136346114
2016-08-01,-2.336767562942235,0.013716606440535123
2016-08-02,-2.2516324339037297,0.02093505244950084
2016-08-03,-2.2411963271361013,0.041274290163142546
2016-08-04,-2.2102919988432332,0.02959119816151622
2016-08-05,-1.0234011533192933,4.675669197644061
2016-08-08,-2.5392603673063796,0.008061458917485448
2016-08-09,-2.4166768667200142,0.0347011084410228
2016-08-10,-2.018623419082603,0.045453061141342864
2016-08-11,-2.176096157059481,0.02461190656966182
2016-08-12,-1.4423986190463145,0.6992563161777745
2016-08-15,-2.5774628806757844,0.013624428179123595
2016-08-16,-1.2187051858414848,0.33776004711409624
2016-08-17,-1.5164326959603065,0.37924202673061763
2016-08-18,-1.474708197753612,0.08253333802639733
2016-08-19,-1.8664658805741758,0.04764025746606121
2016-08-22,-2.0950340848800906,0.026068041712099064
2016-08-23,-2.2342180877419295,0.01960729671035118
2016-08-24,-1.9717309786668031,0.057611941080957685
2016-08-25,-2.5768106484723368,0.011275623304561316
2016-08-26,-0.9186916316525795,0.9550985908591691
2016-08-29,-2.231099494766561,0.015618347955536882
2016-08-30,-2.2006987762450767,0.018808352974515552
2016-08-31,-1.9847264678132022,0.04505925730945754
2016-09-01,-1.5445513271271953,0.5064638096133343
2016-09-02,-0.4506257194245285,16.02951039834781
2016-09-05,-2.5268633159768115,0.011470424904834341
2016-09-06,-1.1125380018044841,3.5070047632408206
2016-09-07,-1.9982501922846807,0.03328316593511846
2016-09-08,-1.279544177975147,0.2634523763471254
2016-09-09,-1.538096517221243,0.1908208142603831
2016-09-12,-1.5672811807690927,0.1047388929138507
2016-09-13,-1.6357468545511782,0.09112484584355825
2016-09-14,-1.7999316920484292,0.10762592708056522
2016-09-15,-1.8260944988929873,0.043510308850095235
2016-09-16,-1.7875780231015337,0.10258330533496361
2016-09-19,-2.475875623160012,0.012083173007363874
2016-09-20,-2.166099671405437,0.05419297857570138
2016-09-21,-1.1644007506937106,0.843626063358345
2016-09-22,-1.9254863600225778,0.053478495459684375
2016-09-23,-2.042270965385696,0.04798277449486695
2016-09-26,-2.213978076287338,0.03085835351338092
2016-09-27,-2.1573255254634485,0.022276540873286205
2016-09-28,-2.1469162065039344,0.024539316733141588
2016-09-29,-1.928063173247049,0.05141206629898283
2016-09-30,-1.2746635787936225,0.1950629830666861
2016-10-03,-2.4797607313165093,0.013669458299908132
2016-10-04,-1.0089456940246755,1.7233127838005113
2016-10-05,-1.9000780374788206,0.11127538391500956
2016-10-06,-1.912633178462255,0.1312304827739858
2016-10-07,-1.0764284387810241,0.5080414815949899
2016-10-10,-2.4609779279173156,0.009984318629827306
2016-10-11,-1.7469640339146681,0.0439494885116926
2016-10-12,-1.3633586352201896,0.11685303441137433
2016-10-13,-1.3764840074175078,0.14149762602745364
2016-10-14,-1.6260922855341033,0.12282052843653583
2016-10-17,-2.2983417045114027,0.014508898373478775
2016-10-18,-1.9144706894702535,0.04519212671278998
2016-10-19,-1.951696108547875,0.040581046695775426
2016-10-20,-0.6895148900604234,4.279898786029902
2016-10-21,-2.0659064117112775,0.03503423602568037
2016-10-24,-2.3590705298746912,0.01139041365232506
2016-10-25,-2.077138887151601,0.027834849906380604
2016-10-26,-1.9150033736710246,0.039397540059090415
2016-10-27,-1.7770861257818273,0.09429014590418341
2016-10-28,-1.4764563393772319,0.11229711144748626
2016-10-31,-1.976362199996466,0.12150507905234059
2016-11-01,-2.2094078375878228,0.020863307940868936
2016-11-02,-1.5943042479965017,0.10003051338730004
2016-11-03,-1.5827693481966556,0.06581189592595338
2016-11-04,-1.933638942522108,0.057042979705223054
2016-11-07,-1.8996886517859084,0.03308627997035167
2016-11-08,-2.197714655980625,0.01736899006746536
2016-11-09,1.0672520435230903,17.117640171107684
2016-11-10,-0.8590853976876809,0.27902148501576424
2016-11-11,-1.050961387660095,0.19028211856254804
2016-11-14,-0.7281362071574098,0.2788971385108303
2016-11-15,-1.083223806384866,0.22487426841069588
2016-11-16,-0.9859352163021594,0.2490827811396686
2016-11-17,-0.8836962302844067,0.2549197688211
2016-11-18,-0.7764755686878173,0.39031250504897574
2016-11-21,-1.0897223810211587,0.14547361202615222
2016-11-22,-1.3073504784522982,0.13016093668346973
2016-11-23,-1.1216400981347328,0.1809687080878755
2016-11-24,-1.2574078279519394,0.15563019780060355
2016-11-25,-1.1594016547422896,0.17812798179413755
2016-11-28,-1.001024670063833,0.22848258404704241
2016-11-29,-1.0893586054003532,0.23551278983164353
2016-11-30,-0.567062730035391,1.1255802176225953
2016-12-01,-0.9704267934455093,0.28180547912625026
2016-12-02,-1.273343289338914,0.1429360243317221
2016-12-05,0.11117425664740184,2.557061031653108
2016-12-06,-1.2063845484132598,0.24645235930409856
2016-12-07,-1.74412725141277,0.07111631858758395
2016-12-08,0.028721368406593353,5.411547728629849
2016-12-09,-1.2896790780153224,0.1698849997886979
2016-12-12,-1.2326378890347138,0.15107329759732263
2016-12-13,-1.2728157558648376,0.17387241267176057
2016-12-14,-0.3839215628584609,6.796170886824558
2016-12-15,-0.15459625284263895,2.804812348572749
2016-12-16,-0.7499377363317714,0.3373791189541186
2016-12-19,-1.1449107190457817,0.17501946267170815
2016-12-20,-1.4423708635765364,0.09628209276785496
2016-12-21,-1.44724515982676,0.09381112629566044
2016-12-22,-1.294876752961986,0.204876725020762
2016-12-23,-2.0925165493074105,0.022745356442607688
2016-12-27,-2.4557769050538005,0.012441915328408885
2016-12-28,-1.784043349157771,0.04727548714637515
2016-12-29,-1.3567018334381404,0.13685685856228094
2016-12-30,0.20266753067418905,20.809203077773773
2017-01-03,-0.6473145604275726,0.9892433280276713
2017-01-04,-0.9600628885142276,0.38538353996372726
2017-01-05,-0.35390054904313645,1.2361361933137611
2017-01-06,-0.8772825573743636,0.4711148782501151
2017-01-09,-1.1255968725577126,0.13653944269541582
2017-01-10,-1.1086950410623106,0.17008011513041343
2017-01-11,-0.11026463195895184,2.689860506763355
2017-01-12,-0.7416650254464802,0.28219823847159736
2017-01-13,-0.8320834583000755,1.621995026474567
2017-01-16,-1.4148039881259438,0.11344470790918368
2017-01-17,-0.8674577401746061,0.2406886098085287
2017-01-18,-1.3531089649710666,0.2289299395355477
2017-01-19,-0.7145259145149,1.4762028699188605
2017-01-20,-1.1618511610996853,0.1672160392110293
2017-01-23,-1.1918145063497219,0.18811019046051394
2017-01-24,-1.7018959903737103,0.03446733474651599
2017-01-25,-1.4347503913727713,0.08862022180334027
2017-01-26,-1.3688888815931652,0.14097561622802743
2017-01-27,-1.423887225966938,0.1988554167903023
2017-01-30,-1.3160455645532514,0.20449698801392813
2017-01-31,-0.9419536550052777,0.37182369085667216
2017-02-01,-1.0347176343733362,0.814882689647247
2017-02-02,-1.4873280948944019,0.0829808982089552
2017-02-03,-1.0405168859565814,0.8362465135881073
2017-02-06,-1.7043390920613302,0.05349867080801383
2017-02-07,-1.6140668873503465,0.07199150379151345
2017-02-08,-1.5681746380804271,0.07232184513492294
2017-02-09,-1.5629653403688057,0.25592798401897554
2017-02-10,-1.799053531394815,0.05301104535187014
2017-02-13,-2.097452681303037,0.017502037691595522
2017-02-14,-1.429089401497177,0.200859447142513
2017-02-15,-1.3249733917564939,0.7002984331499805
2017-02-16,-1.48377418654173,0.09103318703410342
2017-02-17,-1.969855996529448,0.03263720222903064
2017-02-20,-2.2469030203688076,0.01607005364545931
2017-02-21,-1.6734613777823826,0.11659916727828946
2017-02-22,-0.7927522114985969,2.4762673986768124
2017-02-23,-1.5670108478601374,0.06603510535342297
2017-02-24,-1.442231114770638,0.16536897645650137
2017-02-27,-1.81281861045697,0.05758150514262308
2017-02-28,-1.464363119886081,0.14647265732167017
2017-03-01,-1.2548422962648058,0.1887069551798568
2017-03-02,-1.9940676907336672,0.023537272366715836
2017-03-03,-1.3770798604238685,0.16176375126688253
2017-03-06,-1.6873186894070058,0.08318959056911993
2017-03-07,-2.3510496899625286,0.013994450918930312
2017-03-08,-2.087531790059464,0.054744494158425534
2017-03-09,-1.1398939139476862,0.9368919709712694
2017-03-10,-1.2090988658963646,0.5336819070938176
2017-03-13,-2.008031794145471,0.028050436721491812
2017-03-14,-2.2557977939475258,0.0204982186689979
2017-03-15,-0.8323860881915234,4.25116256179325
2017-03-16,-1.541256000579896,0.06513322236832797
2017-03-17,-1.680808507575747,0.22062421696207093
2017-03-20,-2.2337159339320056,0.015834055262449742
2017-03-21,-1.5773453211812107,0.09124283509817778
2017-03-22,-1.8745911479094115,0.037925757850517494
2017-03-23,-2.0630264796155666,0.024283144502808617
2017-03-24,-2.01423586922059,0.05633048098049517
2017-03-27,-2.011206576579122,0.030469055439185155
2017-03-28,-1.9252552438210675,0.03860187728061752
2017-03-29,-1.4026789938146809,0.7230876036916263
2017-03-30,-1.692902652330279,0.17990062498370776
2017-03-31,-1.8724844565632228,0.03430224850080792
2017-04-03,-2.1711374497928135,0.04183819293713145
2017-04-04,-2.3342247265179483,0.013891460133702986
2017-04-05,-1.8069479334492708,0.21793690188207154
2017-04-06,-1.5713123932438873,0.30897590005721065
2017-04-07,-1.5489304351718762,0.20253939982158017
2017-04-10,-2.454840820717137,0.016256863180146908
2017-04-11,-2.3039006384558003,0.02427538690689938
2017-04-12,-1.6163469683222411,0.5029435150573436
2017-04-13,-2.096506908263732,0.019588574801334975
2017-04-14,-2.791766122358663,0.016616206013315468
2017-04-17,-2.1970256486198796,0.1178012080666357
2017-04-18,-1.697362779761112,0.1820189417093056
2017-04-19,-2.282740779350132,0.020911691212592586
2017-04-20,-1.7306305674253883,0.07394847168520512
2017-04-21,-1.7559141475816116,0.06215531173567073
2017-04-24,-0.798144919496687,0.3953152591759631
2017-04-25,-1.7274858944936136,0.08939658565490177
2017-04-26,-1.412227978979925,0.1803201593328509
2017-04-27,-1.0115115337623852,0.7562580305456666
2017-04-28,-1.3682924141621082,0.4668337341356045
2017-05-01,-2.5431722963954626,0.008952076655194945
2017-05-02,-2.187426015441489,0.0217117254288949
2017-05-03,-2.282215369294456,0.033617113294234724
2017-05-04,-1.6082001996577333,0.162837481189939
2017-05-05,-1.873888564894073,0.07686011741743874
2017-05-08,-1.444866897087213,0.10470140472440925
2017-05-09,-1.7162471438702918,0.09577975649454659
2017-05-10,-1.9295613703865435,0.03173110319383479
2017-05-11,-2.138349075998355,0.0450896174875764
2017-05-12,-1.91915176687958,0.1849650300940621
2017-05-15,-2.2746206879134956,0.016716648575321322
2017-05-16,-1.7342027085986753,0.05803052492723461
2017-05-17,-1.6378102539007895,0.06612400157809897
2017-05-18,-1.3052650884685086,0.1428715429048835
2017-05-19,-1.9209144564050629,0.03593222139346394
2017-05-22,-1.3259556919339732,0.366605888905964
2017-05-23,-1.1907670821103216,0.2964491202279692
2017-05-24,-1.2795450885048323,0.5069229904038186
2017-05-25,-1.9201435064417955,0.02842945075502123
2017-05-26,-1.7665482530312995,0.06626874445278076
2017-05-29,-2.6429442988868117,0.007836363567603716
2017-05-30,-1.105591095505492,1.9537763751758608
2017-05-31,-1.598273895506821,0.11089838623004868
2017-06-01,-2.020905231413489,0.03255525582113182
2017-06-02,-1.2160825619233644,2.8973339635901976
2017-06-05,-2.272259371521566,0.02835490197479826
2017-06-06,-2.1668857983339564,0.029275088850263628
2017-06-07,-1.077432633520263,1.4935577144358962
2017-06-08,-1.539972348514532,0.15315318001276565
2017-06-09,-1.5161819704900195,0.08875364514171484
2017-06-12,-2.3676550218610344,0.010228092378245941
2017-06-13,-2.33846394417535,0.03910287550331628
2017-06-14,-0.7534435061912238,3.4819761289426916
2017-06-15,-1.72770209823873,0.06604411822069196
2017-06-16,-2.301651001409557,0.01608439096688366
2017-06-19,-2.449820395085897,0.012781582816041854
2017-06-20,-2.285754902363009,0.020515697482153386
2017-06-21,-2.566700597020149,0.009264802824380745
2017-06-22,-2.558416517842806,0.009663988459491943
2017-06-23,-2.5068517210357824,0.017832409989627977
2017-06-26,-1.8168154159292262,0.13384848582905665
2017-06-27,-1.1805120393424602,0.7880856535583558
2017-06-28,-0.15122857820815508,28.479173520397143
2017-06-29,-1.507436060371865,0.15808256587790634
2017-06-30,-1.7973233308763652,0.07051628951896902
2017-07-03,-2.2054275100018796,0.015074630176915314
2017-07-04,-2.381712065818838,0.01921380846997409
2017-07-05,-2.0443812603268965,0.027905723894738017
2017-07-06,-1.983792460010977,0.04617674478203341
2017-07-07,-1.5634170626531667,0.4213086461806104
2017-07-10,-2.600445226870565,0.011595257596074429
2017-07-11,-2.038707096491765,0.15712420967509427
2017-07-12,-1.4168458795865642,0.22504067173476303
2017-07-13,-1.6617607409003734,0.08655763724815527
2017-07-14,-1.6204487798602822,0.3747978345209611
2017-07-17,-2.452152084979406,0.011850023089889179
2017-07-18,-1.4459871466767733,0.4701490528445789
2017-07-19,-2.319356170084567,0.0169454123927652
2017-07-20,-1.1569723493753659,0.4135584128557398
2017-07-21,-1.7623883375890448,0.09978641595637762
2017-07-24,-2.2202613508719145,0.026102247818431817
2017-07-25,-1.5212778370411868,0.12051891060840182
2017-07-26,-0.9151385066959067,1.4830510698169357
2017-07-27,-1.2638332920054494,0.3466432498157071
2017-07-28,-1.5227006634891318,0.19297744814169107
2017-07-31,-1.4342498664184335,0.4561292512980626
2017-08-01,-1.6007765903489724,0.07633921444543902
2017-08-02,-1.3724490111509247,0.1800437097549474
2017-08-03,-1.5653937109539628,0.0719441088114044
2017-08-04,-0.8807923771640577,1.1114665698022577
2017-08-07,-2.0448839662536566,0.06215615596034456
2017-08-08,-1.6994009712748825,0.0991060929252508
2017-08-09,-1.129163958019972,0.5760070985315566
2017-08-10,-1.3696223239340362,0.12950623693518196
2017-08-11,-1.1358348227669646,1.2616694105767603
2017-08-14,-1.869670675261711,0.061394753176092366
2017-08-15,-1.299545235181556,1.0005054397125448
2017-08-16,-0.9862346517883774,0.8650896804831625
2017-08-17,-1.1235322758245982,0.5892011755569848
2017-08-18,-1.3293779268318526,0.2907461991871488
2017-08-21,-2.0986499613201985,0.037358973255034185
2017-08-22,-1.9228310606439458,0.036748576146067115
2017-08-23,-1.9306619288546638,0.10095832493523174
2017-08-24,-2.514937561080283,0.011789735311168191
2017-08-25,-0.7710120858671773,3.388377131339943
2017-08-28,-2.252355014776507,0.019044381463494967
2017-08-29,-0.9815929734199345,0.4834862811806631
2017-08-30,-1.4051894309194286,0.10663687870253923
2017-08-31,-1.2485688385640596,0.17274772031542923
2017-09-01,-0.48729349170410846,6.458896156747305
2017-09-04,-1.8897393003700336,0.06628507828951642
2017-09-05,-1.3498977312803162,0.18582209114954365
2017-09-06,-1.8233977030428337,0.03268921276584067
2017-09-07,-0.6903834806594598,1.4923757647316496
2017-09-08,-0.9920800314798496,0.5280495313230529
2017-09-11,-1.9381475469175693,0.02858655698383534
2017-09-12,-1.9326289988038363,0.04189582304391626
2017-09-13,-1.6850807778441792,0.07723883672381895
2017-09-14,-1.03177452235259,1.028508202966958
2017-09-15,-1.396265403584355,0.12671971203398608
2017-09-18,-1.7901954898498622,0.043799799283677616
2017-09-19,-1.5681587653172677,0.08695278783027376
2017-09-20,-0.4337973358477275,8.205266912634691
2017-09-21,-1.6021137440359965,0.06635265879755195
2017-09-22,-1.7531225871865228,0.06496181176290523
2017-09-25,-1.7528330077320715,0.047144189059891366
2017-09-26,-1.2606609392842032,0.48975365225531664
2017-09-27,-1.6793786791634155,0.062003149958496546
2017-09-28,-1.7704662181609756,0.03246289265660672
2017-09-29,-1.7281729957997043,0.08335966143671174
2017-10-02,-1.889997563835938,0.050045829333601494
2017-10-03,-2.0706344741187355,0.025816742935418826
2017-10-04,-1.854052347888076,0.06243632286680943
2017-10-05,-2.3188698286909517,0.025834458902633167
2017-10-06,-1.495143830214667,0.3423315641617655
2017-10-09,-2.5225997123312043,0.01366797475720306
2017-10-10,-1.9697520142630323,0.037251073067702804
2017-10-11,-1.8720578028711456,0.04767952979100387
2017-10-12,-2.303172108480391,0.017614689472156494
2017-10-13,-1.0709527023199155,3.0605580236176135
2017-10-16,-2.162212032985361,0.02667585830937527
2017-10-17,-2.353879943920434,0.020709496960315186
2017-10-18,-2.2018443958227714,0.030133422585879265
2017-10-19,-1.6010912861929383,0.10469569834805202
2017-10-20,-1.801830630554471,0.04286880179404457
2017-10-23,-2.128249456956585,0.0252302896568728
2017-10-24,-2.2036430565438225,0.022033468003345914
2017-10-25,-1.9425494968435801,0.06645094723363792
2017-10-26,-0.81364275132024,2.608914261087637
2017-10-27,-1.3494412066620562,0.32592895003926575
2017-10-30,-2.0062322439742104,0.029147479925923415
2017-10-31,-1.9365473049326287,0.04115595471671178
2017-11-01,-1.8702537493691191,0.06664748587486866
2017-11-02,-1.5822316428023158,0.10104898429822513
2017-11-03,-1.6610396352057297,0.37860939271738686
2017-11-06,-2.1042394077447373,0.02300879069111512
2017-11-07,-1.9834897417435076,0.05945052451700845
2017-11-08,-2.2505053081052053,0.032339923283325286
2017-11-09,-1.9821289171252823,0.04133458438469431
2017-11-10,-2.2241003728166056,0.01767661263740421
2017-11-13,-2.619688607848862,0.010008497498757204
2017-11-14,-1.880120036944364,0.08039921829542292
2017-11-15,-1.5461269533237167,0.11172221712909788
2017-11-16,-1.801587645413562,0.05089500004094269
2017-11-17,-1.837420765616483,0.04376136620514686
2017-11-20,-1.3175500032167065,0.1713159058316841
2017-11-21,-1.8776841529287238,0.05447988796618927
2017-11-22,-1.8389207762163022,0.06916528401221773
2017-11-23,-2.2161549887377285,0.04440055798565951
2017-11-24,-2.0107285497567498,0.034004421304550295
2017-11-27,-1.9598401695250536,0.051564899875513985
2017-11-28,-1.6001048956139237,0.07442160938428784
2017-11-29,-1.749111800024394,0.048721592824657496
2017-11-30,-1.4139127758845005,0.1517871208952244
2017-12-01,-1.147540482571089,0.5444367130434575
2017-12-04,-1.9637667304535449,0.03128329622950103
2017-12-05,-1.9203107464214508,0.08990383408238689
2017-12-06,-1.9963010918278372,0.03608533000189129
2017-12-07,-2.136362345338326,0.020681604860967318
2017-12-08,-1.9529633541685358,0.10479570709107656
2017-12-11,-2.3411259249090515,0.013287093929188119
2017-12-12,-2.1612160981686377,0.04255910842272861
2017-12-13,-1.5630900093034348,0.3661511599246146
2017-12-14,-1.2456835771118413,0.2928314341973717
2017-12-15,-2.0726954234635824,0.028449704672942285
2017-12-18,-2.0597790606731587,0.039449125373316546
2017-12-19,-1.9851809140526508,0.04395212073115178
2017-12-20,-2.114157670839915,0.0347168652089348
2017-12-21,-2.17522960931152,0.01948401898844568
2017-12-22,-1.9219347242072926,0.12973726917977446
2017-12-26,-2.406655977066772,0.05983175138205291
2017-12-27,-2.4569159916700687,0.02331983695586805
2017-12-28,-2.6973480395365286,0.006363442865392903
2017-12-29,-2.4286772671358547,0.014089725160581424
2018-01-02,-2.1269781712764746,0.0197050535911429
2018-01-03,-2.0626057013719974,0.046803818222287144
2018-01-04,-1.89890899350757,0.03695314275330233
2018-01-05,-1.8338044583547146,0.17497660056601472
2018-01-08,-2.1150696655630266,0.020546509641225962
2018-01-09,-2.0216632522585973,0.02639194221606091
2018-01-10,-1.2873754599127212,0.23527830251018858
2018-01-11,-0.9017175196603385,3.8347213830266216
2018-01-12,-0.818377991348535,0.9997351927238738
2018-01-15,-1.2216122935994542,0.1401387929068331
2018-01-16,-0.9793736393168934,0.9633502245521698
2018-01-17,-0.8311973910286257,0.5026052222252009
2018-01-18,-1.0844926932846284,0.16060599670963735
2018-01-19,-1.33571041085757,0.08588695426819494
2018-01-22,-1.9578046015945914,0.019739294289903533
2018-01-23,-1.6050593629727088,0.0581164422740919
2018-01-24,-1.1094969211350088,0.1636849111899812
2018-01-25,0.08637646939811382,5.84024866867854
2018-01-26,-0.8418098561268669,0.2530620538846598
2018-01-29,-1.3543949458226419,0.09348946174812686
2018-01-30,-1.0370125154075263,0.20874330495668686
2018-01-31,-1.2525200794867126,0.1379567711275763
2018-02-01,-1.2234162153477224,0.11052988883436639
2018-02-02,-1.0133422548979212,0.4776043387336483
2018-02-05,-1.1347223584555668,0.20451991647395912
2018-02-06,-0.9179376342158257,0.3669331816528207
2018-02-07,-1.3655895594666931,0.08091671218651693
2018-02-08,-0.8945466329520095,0.3227903729379398
2018-02-09,-1.2471183229883958,0.12076346757139088
2018-02-12,-1.5912333697189622,0.06235413781779395
2018-02-13,-1.5044660149452214,0.06514392835427053
2018-02-14,-0.38643903046097294,5.030985904170017
2018-02-15,-1.2420142862710957,0.12212839181490276
2018-02-16,-1.329367193263227,0.15170186404191188
2018-02-19,-1.7080157746156233,0.07535844718205936
2018-02-20,-1.5125806536432866,0.08301635756569904
2018-02-21,-1.3138066762443692,0.45810379097759624
2018-02-22,-1.4003775060188017,0.2114923514307966
2018-02-23,-1.7298116866093298,0.055364823066515245
2018-02-26,-1.7726895415969783,0.037837642202136694
2018-02-27,-1.2247389665911947,0.25784246219713725
2018-02-28,-1.659882887396537,0.049061380440340495
2018-03-01,-1.1844311102721765,0.285006820326185
2018-03-02,-1.4529969551135316,0.11702075585796617
2018-03-05,-1.144820951079815,0.17654749333287784
2018-03-06,-1.4704943411748237,0.2103306972924338
2018-03-07,-1.5575468094696596,0.07489556488866468
2018-03-08,-0.9457959419165523,1.8418424327081175
2018-03-09,-1.6766374859036195,0.10895018536449631
2018-03-12,-2.1761777812453444,0.022150322518366197
2018-03-13,-1.5689702031279371,0.15588763223377916
2018-03-14,-1.6836424660541973,0.18470908198781194
2018-03-15,-1.9673520882584536,0.04102513245248236
2018-03-16,-1.8659161555727386,0.0535171238773402
2018-03-19,-1.8247479169503051,0.13671919629317192
2018-03-20,-1.8609877971510014,0.036738035649489874
2018-03-21,-1.6815316369123312,0.10684694853105844
2018-03-22,-1.4109572694549648,0.0811156900759684
2018-03-23,-1.6856701791315665,0.0618781816561074
2018-03-26,-1.9482007061773101,0.026121743916056584
2018-03-27,-1.8767482640029123,0.037035788167508056
2018-03-28,-1.6954036642389212,0.049488903459191866
2018-03-29,-1.9362796683937764,0.032570130759838854
2018-03-30,-2.9169359834010034,0.007425159743536584
2018-04-02,-2.3569062146952295,0.05915424979773761
2018-04-03,-1.8798360805103203,0.05168776866129291
2018-04-04,-1.837270794577388,0.057520983377518806
2018-04-05,-1.9846797670865268,0.036704030268135235
2018-04-06,-1.5567658631682062,0.2701682273120192
2018-04-09,-1.9700334378407742,0.03514601964606223
2018-04-10,-1.3209380776368582,0.9370153306021105
2018-04-11,-2.136185687628256,0.024301150206710847
2018-04-12,-2.0123305385984036,0.037130943394911374
2018-04-13,-2.3194179501066445,0.025156731050371115
2018-04-16,-2.2680189154254538,0.035382156029846894
2018-04-17,-2.1939997720705464,0.028606454344766316
2018-04-18,-2.011497340666029,0.03633474933276194
2018-04-19,-1.9190344542433144,0.045723699660708404
2018-04-20,-1.828978956492656,0.04758564372244362
2018-04-23,-1.8070302532399556,0.05226485524959824
2018-04-24,-1.7948003469512948,0.03893806024303607
2018-04-25,-1.896482208605548,0.05024886661467462
2018-04-26,-1.1845603704459615,0.35994095288824124
2018-04-27,-1.640324343885993,0.07451717791816691
2018-04-30,-1.7408213072292618,0.060308551901883535
2018-05-01,-1.7375204614599697,0.07703324645557055
2018-05-02,-0.6850425722493482,1.8755565905474192
2018-05-03,-1.251695710004264,0.2074046388616258
2018-05-04,-1.1534458594520398,0.5643052064167287
2018-05-07,-1.9605424774555016,0.028087663872776874
2018-05-08,-1.3731042783847711,0.11950937942659476
2018-05-09,-1.6514351086664711,0.050559427710424605
2018-05-10,-1.1163153418844018,0.41510367665402415
2018-05-11,-1.818446584597554,0.038543308742108685
2018-05-14,-1.9582173875430158,0.03425964200416825
2018-05-15,-1.4438835319911931,0.11375582881570763
2018-05-16,-1.235407331635129,0.20547503358885683
2018-05-17,-1.2859133451325018,0.16319589653160044
2018-05-18,-1.787757116586442,0.05393306676859146
2018-05-21,-1.702416161304436,0.04962891763050443
2018-05-22,-1.6366971882495882,0.07315587677071475
2018-05-23,-0.8251503436943659,1.4016001110483198
2018-05-24,-1.6061544591216064,0.06451287240741234
2018-05-25,-1.4252366939940362,0.21910847415233628
2018-05-28,-1.6328815023633207,0.09873476067536414
2018-05-29,-0.8663574124570701,0.298870047837651
2018-05-30,-0.8868220033294562,0.5140652747647443
2018-05-31,-0.697341117454873,0.6573414938526835
2018-06-01,-1.1225814368328455,0.30495225572405554
2018-06-04,-1.7248888101035285,0.05159113349275945
2018-06-05,-1.3919051019796578,0.17732355262527968
2018-06-06,-1.1991051607286278,0.6136264831180678
2018-06-07,-1.5892732633484299,0.06987898295085763
2018-06-08,-1.645686849827422,0.08841025067698828
2018-06-11,-1.7222378704910755,0.06232037415270475
2018-06-12,-1.4312126580034716,0.16138255046723823
2018-06-13,-1.1938983722324579,1.1432051592879884
2018-06-14,-0.6412831993149215,2.294283193501895
2018-06-15,-0.8693638519326976,0.6491744648725566
2018-06-18,-1.8626797167437432,0.05961239351666102
2018-06-19,-1.1330138453849627,0.31465819402646117
2018-06-20,-1.4930576360258079,0.08995862982489192
2018-06-21,-1.0072114021247138,0.6077208252038858
2018-06-22,-1.2336152270881469,0.5696483706874066
2018-06-25,-1.4133789708655058,0.1032075102641289
2018-06-26,-1.6624666634597536,0.06664123675554741
2018-06-27,-1.357840729626999,0.13179883520803237
2018-06-28,-1.0777586994150967,0.2966527660485694
2018-06-29,-0.710358267286064,3.445874588985266
2018-07-02,-1.4507815004067812,0.1520740087875794
2018-07-03,-1.7631950745503473,0.05454391685304452
2018-07-04,-1.9785796287278876,0.10839605943270499
2018-07-05,-1.8667370224320718,0.05906041234197278
2018-07-06,-1.6624197983070952,0.1506867764899047
2018-07-09,-1.812804048043096,0.046859590386751915
2018-07-10,-1.85755851338376,0.04093340261016639
2018-07-11,-1.3431208577510143,0.5843499518393513
2018-07-12,-1.7753407522612052,0.1079660628247921
2018-07-13,-1.7489531012995951,0.05087280244245
2018-07-16,-2.1416680692091634,0.02212959929455252
2018-07-17,-1.7965298485415668,0.07463644410735625
2018-07-18,-1.9094753370943662,0.02674038312432612
2018-07-19,-1.002340481950748,0.7738403757800183
2018-07-20,-1.4461133856542796,0.11570907742980606
2018-07-23,-1.8480378916012645,0.03163290346942792
2018-07-24,-1.7436898662503604,0.14420395073747588
2018-07-25,-1.5809042888304636,0.07260326137830536
2018-07-26,-1.6150333810221202,0.12856955082975816
2018-07-27,-2.2706685854436377,0.026592085216517576
2018-07-30,-2.4483558892258244,0.024441722151150855
2018-07-31,-1.8247774698547097,0.049745135120018796
2018-08-01,-2.1333543723547326,0.03215844655070834
2018-08-02,-1.98045290628754,0.05177877049933399
2018-08-03,-1.764240220733626,0.08296900977556698
2018-08-06,-2.2500456444908274,0.02209000527913868
2018-08-07,-2.4725452867751754,0.013196867527328396
2018-08-08,-2.0746926589737353,0.02780784557375033
2018-08-09,-2.175865422627036,0.015944430697046826
2018-08-10,-0.6016593653283264,1.1413304034050464
2018-08-13,-1.1908304152032412,0.15610713985694435
2018-08-14,-1.4840987614036303,0.11144212972990557
2018-08-15,-1.3395447388121737,0.2854507238117794
2018-08-16,-1.321679895413463,0.14921518431770733
2018-08-17,-1.6134719629444751,0.22559724102597914
2018-08-20,-1.9841433169066691,0.03835905129826143
2018-08-21,-1.21582667160128,0.4783420381921945
2018-08-22,-1.497400798242827,0.336778686645231
2018-08-23,-1.4027206860389507,0.12946195367177343
2018-08-24,-1.2908363322458858,1.0176633805900968
2018-08-27,-1.9084075461940337,0.038858928139544745
2018-08-28,-1.8076158154468565,0.03882845382856585
2018-08-29,-1.8190719976673702,0.05123968157426214
2018-08-30,-1.5381518804971097,0.10752996111483372
2018-08-31,-1.3540424235033146,0.1591182314570769
2018-09-03,-1.998918412409481,0.111286215416306
2018-09-04,-1.746871859642295,0.06562661917610871
2018-09-05,-1.2420363923701951,0.3733197555596338
2018-09-06,-1.6464797350470033,0.08031295898761234
2018-09-07,-1.3900623934454033,0.4153085085646666
2018-09-10,-2.0555305643475217,0.06163909799919315
2018-09-11,-1.8336425801838252,0.03848808617704101
2018-09-12,-1.5779794213649978,0.21602767920698995
2018-09-13,-1.4731447462210305,0.3536671362299551
2018-09-14,-1.8049386243745649,0.07252273096049172
2018-09-17,-2.2949535609812686,0.022464405980371627
2018-09-18,-1.6106672466828862,0.05976423245681653
2018-09-19,-1.7343841045598387,0.0822176821256294
2018-09-20,-1.5233139626739431,0.12727912656233334
2018-09-21,-1.9323982938262199,0.04571263261543223
2018-09-24,-1.4389159472133375,0.4344176785490797
2018-09-25,-1.863626712326322,0.08195927402751325
2018-09-26,-1.4938334978627015,0.3794599894194189
2018-09-27,-1.2670229320638864,0.1864928086901008
2018-09-28,-1.8908919731511074,0.03958062568598802
2018-10-01,-1.9181149955739523,0.040501432239471356
2018-10-02,-1.759824203666423,0.04480910710036005
2018-10-03,-1.2476325560667263,0.4208080972734237
2018-10-04,-1.4999011646801386,0.2066104035434671
2018-10-05,-1.5199317081724548,0.29381963920619636
2018-10-08,-2.0015306919754705,0.033701178248641606
2018-10-09,-1.6747543335538309,0.10822202956849643
2018-10-10,-1.894753558877163,0.03716215200808924
2018-10-11,-1.245488920352058,0.39408565040185733
2018-10-12,-1.806247354611313,0.04336050827255715
2018-10-15,-2.075476446796681,0.034871306658344106
2018-10-16,-1.9407921182523535,0.07450930639468509
2018-10-17,-1.8303675921426688,0.043864222117495515
2018-10-18,-1.7724576430254002,0.05391613614384495
2018-10-19,-1.4546813799031102,0.15703842565174955
2018-10-22,-1.836924518731816,0.05448173961180555
2018-10-23,-1.6912599463185765,0.08302564860568491
2018-10-24,-1.702132781235043,0.06219576585415871
2018-10-25,-1.7250089015477317,0.08156620927030453
2018-10-26,-1.6105945050379322,0.06284010446565377
2018-10-29,-1.4024164023852226,0.13543254171038765
2018-10-30,-2.0112280528086113,0.03506523298054823
2018-10-31,-1.7224146969772567,0.06304194103564502
2018-11-01,-1.8203986737873261,0.03584123599943884
2018-11-02,-1.4180841105184179,0.201114996687404
2018-11-05,-2.176739807832293,0.023209343645346565
2018-11-06,-2.1062892267968953,0.03288341166221
2018-11-07,-0.7202660463572217,0.8499458049227306
2018-11-08,-1.5858663569032985,0.11275666586067247
2018-11-09,-1.862731885098442,0.028462757576032855
2018-11-12,-1.4705219225066215,0.3577338684030387
2018-11-13,-1.4097014000504657,0.09014592817483223
2018-11-14,-0.894557582900377,0.7496868329693208
2018-11-15,-0.8671281335973317,0.46523441805348315
2018-11-16,-1.4800814849342354,0.13889783791248134
2018-11-19,-1.8104435796751812,0.06047899683519381
2018-11-20,-1.8052439540149183,0.05805060762772382
2018-11-21,-1.3884144416304713,0.17126191766393228
2018-11-22,-2.088276772314895,0.042962269232129584
2018-11-23,-1.6935705200644573,0.34467461162537255
2018-11-26,-2.009301735098082,0.027689598278804097
2018-11-27,-1.6226165047448846,0.11311894973450766
2018-11-28,-0.7708030013006811,4.651597837833788
2018-11-29,-1.6238054801914632,0.059846144770867936
2018-11-30,-2.0713224856953807,0.02660181141223346
2018-12-03,-1.458057736733555,0.08801494852706183
2018-12-04,-1.695278772167744,0.06159903896430636
2018-12-05,-1.9075669599882594,0.04765569615626647
2018-12-06,-1.511216246216927,0.11382195348983185
2018-12-07,-0.9228101398510421,2.31313725591212
2018-12-10,-1.4188617535422574,0.22098161451264037
2018-12-11,-1.7193677466116404,0.0546203638941731
2018-12-12,-1.4409279212533221,0.2960942716286721
2018-12-13,-1.4490777980947096,0.6520439851454415
2018-12-14,-1.7879974312771214,0.09527604126174441
2018-12-17,-2.152059234336428,0.03475341253756312
2018-12-18,-2.0113528499641102,0.026611348851855423
2018-12-19,-1.1086551941132992,1.1539469847532755
2018-12-20,-1.2322109381097943,0.24088647073333255
2018-12-21,-1.2334389544260584,0.24105064327821626
2018-12-24,-1.7112729470470558,0.06656503892810847
2018-12-26,-1.887706988666395,0.05920967842168883
2018-12-27,-1.1521332011710923,0.4353440315812039
2018-12-28,-1.4399363181569291,0.17558742711750838
2018-12-31,-1.8298923851113182,0.07454445984106607
2019-01-02,-1.386113260583676,0.20032094501501635
2019-01-03,-0.9396984942211005,0.7376693543184776
2019-01-04,-1.1808857965840702,0.7280038236796349
2019-01-07,-1.9352030490593481,0.03785068769290942
2019-01-08,-1.755685527989438,0.05404798619340707
2019-01-09,-1.3432944776377458,0.4373793514147995
2019-01-10,-1.5740377565793782,0.08317499309178174
2019-01-11,-1.5036657145815289,0.24663358751081796
2019-01-14,-1.9411534112711675,0.0529517881423439
2019-01-15,-1.3996463774035555,0.2909385863695011
2019-01-16,-2.0257419080319363,0.029392941834533188
2019-01-17,-2.179775344440961,0.038821315089798705
2019-01-18,-2.4071821235234476,0.020280549221635788
2019-01-21,-2.9577658893925913,0.003829057770235972
2019-01-22,-2.568482285146301,0.007457227874646264
2019-01-23,-2.4523399802686345,0.01628656891935063
2019-01-24,-1.4384675007986114,0.1851417988456234
2019-01-25,-1.8944135514592517,0.03961793343001053
2019-01-28,-2.297972726063394,0.014987380700709015
2019-01-29,-2.417543326540139,0.012099731209722641
2019-01-30,-1.050593902175025,3.777593184189567
2019-01-31,-1.9317399277994507,0.0317954233419617
2019-02-01,-1.8082373622378138,0.16035825558903374
2019-02-04,-2.5742263811476667,0.014647820735437784
2019-02-05,-2.7092619058619203,0.006995351132538926
2019-02-06,-2.9235142006827393,0.0038949585750118194
2019-02-07,-2.482358401579386,0.01528120880473669
2019-02-08,-2.853705538675607,0.006407018589740397
2019-02-11,-2.2288146270546845,0.07679149926730683
2019-02-12,-2.2253163829725673,0.07558704412037756
2019-02-13,-1.984135473537529,0.08658939651165985
2019-02-14,-1.450081029150392,0.6107882231134243
2019-02-15,-2.155768075075636,0.02763057519148738
2019-02-18,-2.5223415249306456,0.014404604539122323
2019-02-19,-1.9587028629563399,0.05415149259846005
2019-02-20,-2.1095414580661798,0.02463901544433067
2019-02-21,-1.9488636809101565,0.06052047758958023
2019-02-22,-2.284425982385678,0.022042763528270448
2019-02-25,-2.5236181531240334,0.009395578766417561
2019-02-26,-2.2885903595017028,0.023441229809550053
2019-02-27,-2.176444318492801,0.024966388909138233
2019-02-28,-2.019681571854194,0.040493971316380994
2019-03-01,-2.4531989085068004,0.010969953339374817
2019-03-04,-2.6891731819242235,0.010119713318229437
2019-03-05,-2.101442846589125,0.08152098243141578
2019-03-06,-2.7159163257347583,0.008268862193485313
2019-03-07,-1.832109175519463,0.12340421393904452
2019-03-08,-2.2090738028671146,0.030774357237465272
2019-03-11,-2.5070477513378386,0.008956012387054036
2019-03-12,-1.828930113800234,0.05718708685191042
2019-03-13,-2.2121987894461235,0.03003813123487192
2019-03-14,-2.4500349857276675,0.01257280321837106
2019-03-15,-2.434699984686716,0.013145793175562755
2019-03-18,-2.7817753709088917,0.005611628346111969
2019-03-19,-2.696060711810824,0.012793133248802357
2019-03-20,-1.0539349054500637,3.7994061508488675
2019-03-21,-1.9991490815944775,0.030612710549102556
2019-03-22,-0.9605471738147877,3.388953719458249
2019-03-25,-2.3392961219596895,0.01639310978541127
2019-03-26,-2.505323448314613,0.011490354354123787
2019-03-27,-1.9252407808312746,0.031621783900203836
2019-03-28,-1.7502605256428543,0.0550966411543864
2019-03-29,-1.927754599337824,0.04930292423443394
2019-04-01,-2.414148709910786,0.01760921069728657
2019-04-02,-2.343784164197314,0.019340433405217558
2019-04-03,-2.4343856668205834,0.01680132347292497
2019-04-04,-2.7786923768588485,0.011562051814931739
2019-04-05,-2.5675737362851203,0.024455690735658755
2019-04-08,-2.718933503903394,0.02169000233336714
2019-04-09,-2.5278676086101917,0.009523597008346152
2019-04-10,-2.3193169452740197,0.03616119436289624
2019-04-11,-2.6292133862299276,0.010088098285860643
2019-04-12,-2.329898652430572,0.01840040252479673
2019-04-15,-2.9753817900552737,0.00362186579484408
2019-04-16,-2.335095531373342,0.05460805287651428
2019-04-17,-2.5608465894959567,0.014167450798195369
2019-04-18,-1.868475425811368,0.5316079467713588
2019-04-19,-4.070282846757014,0.0011960681505439987
2019-04-22,-3.8189917949282464,0.0008064922475897201
2019-04-23,-2.465673722664826,0.019449807892068034
2019-04-24,-2.047238589010647,0.05141321176197769
2019-04-25,-2.180975406193559,0.021864905750743673
2019-04-26,-2.2470757813723914,0.028427699774581285
2019-04-29,-2.732551511550087,0.008473178492928187
2019-04-30,-2.5002537118153376,0.01641454231609871
2019-05-01,-1.4406654145500768,0.9683195742892732
2019-05-02,-2.6310800764232645,0.014118879512659
2019-05-03,-2.1897028609172735,0.06234567588860932
2019-05-06,-2.4615960692941248,0.014706467861473555
2019-05-07,-2.2778785503900765,0.023494139367851472
2019-05-08,-2.243051382247918,0.042536042446493325
2019-05-09,-2.008174651446854,0.0687679908971268
2019-05-10,-2.5841236320239958,0.00868533186527135
2019-05-13,-2.5993160940523747,0.009948209910296334
2019-05-14,-2.4688141038936986,0.020402746678732275
2019-05-15,-1.9910860243209803,0.48956362078462495
2019-05-16,-2.6859164170974354,0.016552493659323576
2019-05-17,-2.9106516350368925,0.0046916796692829145
2019-05-20,-3.1169165100956984,0.004905304282101279
2019-05-21,-2.288854745793336,0.2105989564947155
2019-05-22,-3.1282795022028194,0.002763791410033888
2019-05-23,-2.088392853281229,0.04609062626716009
2019-05-24,-2.384460612512511,0.02899284986740037
2019-05-28,-2.607344044468969,0.011448824478758482
2019-05-29,-2.7159958629062064,0.01234533375766482
2019-05-30,-2.8964347537450017,0.006910765441003636
2019-05-31,-2.0487854485183927,0.053018151268076165
2019-06-03,-2.2878236522072055,0.01670129130042386
2019-06-04,-1.664091107317197,0.11337455599752831
2019-06-05,-1.7013639560746756,0.15006229271425406
2019-06-06,-1.3006523995363664,0.594743334254852
2019-06-07,-1.6026402695954935,0.83736186055265
2019-06-10,-2.550825307149272,0.012270088183825528
2019-06-11,-2.3235001601466805,0.03644016284369494
2019-06-12,-2.227394018554001,0.03724857376350232
2019-06-13,-2.7396863180694697,0.013400617790261641
2019-06-14,-2.0322354485614427,0.08702819452148079
2019-06-17,-2.535958795469239,0.025493934965320875
2019-06-18,-1.6041865701568734,0.4734921885385289
2019-06-19,-1.9206288412381043,0.30415784001834173
2019-06-20,-1.9384673382768276,0.03000397201434953
2019-06-21,-1.7022013472109667,0.12955058269674286
2019-06-24,-2.4166743467916594,0.010772510182655293
2019-06-25,-1.5167660191661432,0.38954594961981187
2019-06-26,-2.1567277139632126,0.02254404863939504
2019-06-27,-2.510359174283138,0.009503119228518165
2019-06-28,-2.5188906648944,0.012428766540570187
2019-07-01,-2.169813565993861,0.028896018772371062
2019-07-02,-2.19620608386278,0.040842249712302166
2019-07-03,-2.283484269489321,0.04976553376978516
2019-07-04,-3.594499527843233,0.0011875659093179968
2019-07-05,-2.199411495191653,0.05780734220092452
2019-07-08,-3.000415929832822,0.0039915966419640965
2019-07-09,-2.9922032981027495,0.0038589701414948694
2019-07-10,-1.823760197391429,0.4037823502036348
2019-07-11,-2.0509710777920853,0.05240065785287517
2019-07-12,-2.754055127786707,0.0063513734171826335
2019-07-15,-2.8235610010342693,0.006505218969481468
2019-07-16,-2.6029745918357663,0.011603677389177728
2019-07-17,-2.938577671089463,0.0043696354114447266
2019-07-18,-2.143831378552719,0.1307145527111348
2019-07-19,-1.8312208373365553,0.14916391966357137
2019-07-22,-2.9375561476194934,0.0034431813937964603
2019-07-23,-2.8350055099221594,0.005315623384738839
2019-07-24,-2.51226492052279,0.02314522306601088
2019-07-25,-1.6885361457929962,0.12953404919336833
2019-07-26,-2.5227388535395296,0.013424053092208729
2019-07-29,-2.911539128330555,0.005072660929645372
2019-07-30,-2.5763612905449036,0.011805710780590676
2019-07-31,-1.4142042942618496,0.6230040500835826
2019-08-01,-1.7597158545086515,0.03810117027934527
2019-08-02,-1.9970467867797537,0.05772378944342239
2019-08-05,-1.783674537201085,0.04283831181044374
2019-08-06,-1.7047229866302034,0.06013574806333954
2019-08-07,-1.7657414052625673,0.04268159070167966
2019-08-08,-1.7233579721680778,0.14987929081039955
2019-08-09,-2.198578125185428,0.02140783748553662
2019-08-12,-2.4072108931248795,0.024954342843173757
2019-08-13,-1.790718737548918,0.08172664782667957
2019-08-14,-2.089853744976885,0.04367948472767243
2019-08-15,-1.8878953655209738,0.05631531789810611
2019-08-16,-2.1166566980540416,0.15332360822909366
2019-08-19,-2.802331286811404,0.006577846346319583
2019-08-20,-2.6908043449217933,0.01052133234061878
2019-08-21,-2.8016240035139197,0.005985236698127781
2019-08-22,-2.142149440575093,0.04998917560322865
2019-08-23,-1.632684483338919,0.12268592554126885
2019-08-26,-1.9728906230649321,0.05037462416245094
2019-08-27,-2.7489439065339543,0.007454435901151604
2019-08-28,-2.7512286064840326,0.009824223174320048
2019-08-29,-2.2841445588350653,0.06873122315093391
2019-08-30,-2.0714066432673537,0.1350216718729903
2019-09-02,-2.5710231814304287,0.012506281329522362
2019-09-03,-1.5114282913365658,0.33901830988737147
2019-09-04,-2.1506100907318366,0.0471797659934975
2019-09-05,-2.2687349543919133,0.02051006393204736
2019-09-06,-2.43452262578352,0.0248207367819761
2019-09-09,-2.1257656146826327,0.12197177997493609
2019-09-10,-2.648577430289192,0.014978808739146466
2019-09-11,-2.7717856231437388,0.005512662756070313
2019-09-12,-0.6660921334149623,2.091983838516849
2019-09-13,-1.9229402557425734,0.044975064414256846
2019-09-16,-2.2623372927625636,0.02187251111514617
2019-09-17,-2.120293407143949,0.02357249181106621
2019-09-18,-1.8246840530873574,0.12116186345259712
2019-09-19,-2.3445785423602294,0.018075185756839397
2019-09-20,-2.290160228573354,0.016553816141639668
2019-09-23,-2.0588432565901376,0.16939775822152414
2019-09-24,-2.4259319904273475,0.03597066233968315
2019-09-25,-2.6350426322252516,0.0060954317709565305
2019-09-26,-2.138085209711983,0.05318651715050809
2019-09-27,-2.2554111644984824,0.0222245174963755
2019-09-30,-2.0891658048254125,0.12344285628423216
2019-10-01,-1.7454538273954903,0.7135299299471146
2019-10-02,-2.450791406985592,0.010237890199766628
2019-10-03,-1.3891030223862675,1.0370129997406377
2019-10-04,-2.0557131565035656,0.08140329439920024
2019-10-07,-2.6511060391667307,0.010374702126572289
2019-10-08,-2.5706476504126985,0.00875951367240924
2019-10-09,-2.5254626542643153,0.010290597995732833
2019-10-10,-2.351143994334492,0.013478233835268149
2019-10-11,-1.8698362268461723,0.04069281056099313
2019-10-14,-2.862274381073016,0.005649823874070747
2019-10-15,-1.5601676520407088,0.4010335190575928
2019-10-16,-1.7857765237189225,0.11847526654708919
2019-10-17,-1.68426067617587,0.14975144266178134
2019-10-18,-2.448446888862691,0.014768453222851802
2019-10-21,-2.5873423118744174,0.008348149729248314
2019-10-22,-2.1190227301418134,0.10655384220100639
2019-10-23,-2.8135255135149446,0.004296984556703545
2019-10-24,-1.7893364835501258,0.19965744145534958
2019-10-25,-3.0324710744469585,0.0034124425218635688
2019-10-28,-3.237284370211639,0.002427263597576586
2019-10-29,-2.8027293310731216,0.010228041753709385
2019-10-30,-1.7963978989598717,0.14062857010144078
2019-10-31,-2.2282266376165007,0.016626382917827535
2019-11-01,-2.2743329483116117,0.08452408507643341
2019-11-04,-2.614871697804933,0.018861611239591482
2019-11-05,-2.2200614934138505,0.03816934019378873
2019-11-06,-3.148042183430074,0.002428404900174162
2019-11-07,-2.5437417043617607,0.010830464615325873
2019-11-08,-3.039738883578214,0.0042576692544154275
2019-11-11,-3.4013156208023347,0.0022552131958475073
2019-11-12,-3.0025658949525886,0.005781235257830662
2019-11-13,-2.93696181443665,0.003936162797499994
2019-11-14,-2.964207927802355,0.0045240208756138125
2019-11-15,-3.210816688963302,0.002201618168963506
2019-11-18,-3.1279750194536122,0.0033819699417926815
2019-11-19,-3.2965809361090903,0.002256574267760173
2019-11-20,-2.8699019699018278,0.0066674234704345746
2019-11-21,-3.0183776289506823,0.008900601394599205
2019-11-22,-2.4419702433453265,0.04425797808155351
2019-11-25,-3.1367702343279795,0.0030650371654417715
2019-11-26,-3.292502579046571,0.002443814850570081
2019-11-27,-3.1029092367566,0.0065921784122086125
2019-11-28,-3.710945094983032,0.001031321068579979
2019-11-29,-2.58459151407299,0.029977876808945394
2019-12-02,-2.4339472697258464,0.033403927461933824
2019-12-03,-2.8167375380752784,0.010371763318604893
2019-12-04,-2.5519535337508894,0.022608706125938693
2019-12-05,-2.9240406431480577,0.004866642104534392
2019-12-06,-2.2304454353349668,0.19992370441562915
2019-12-09,-3.5132625617890803,0.0014682196370181416
2019-12-10,-3.110774437058665,0.004594407189899102
2019-12-11,-2.32216511751559,0.06212557603166168
2019-12-12,-2.198723417806731,0.04047202817077669
2019-12-13,-1.2308867452113434,0.9840565291176723
2019-12-16,-2.636863621230982,0.019892184068363943
2019-12-17,-2.623196202482208,0.014645827552516567
2019-12-18,-2.7605482816033655,0.007988577035682154
2019-12-19,-2.5463352780861084,0.013268973433985051
2019-12-20,-2.8899407610985635,0.010567997595602558
2019-12-23,-3.2341767004385513,0.0022059131264819077
2019-12-24,-3.3673339475851787,0.0017025419907516649
2019-12-26,-3.605784150863236,0.001105325390905836
2019-12-27,-2.4544027153291217,0.01716989098180224
2019-12-30,-2.4757947266244167,0.013727246311611412
2019-12-31,-2.883684958937466,0.005540527142824756
2020-01-02,-2.2853584777758895,0.07070148445765212
2020-01-03,-2.5910880808586847,0.009583368877520735
2020-01-06,-2.714420559056116,0.0055617815723459935
2020-01-07,-2.3817225224050054,0.01647128329187286
2020-01-08,-2.1212004951750436,0.028592579891788095
2020-01-09,-2.636971047513679,0.008950711448072881
2020-01-10,-2.306509559240714,0.11043370746006036
2020-01-13,-2.9467717636788056,0.004069063273251865
2020-01-14,-2.9739429019244534,0.003475254115110772
2020-01-15,-2.751124020316591,0.0133366486677043
2020-01-16,-2.6316288735307176,0.014830849619523315
2020-01-17,-3.127692302969437,0.0032800745799554712
2020-01-20,-3.4227108640341948,0.001661373404922856
2020-01-21,-2.964783952597981,0.004170214361223544
2020-01-22,-2.9069353724917972,0.011439597229717385
2020-01-23,-1.9400476745123771,0.14531570503828883
2020-01-24,-3.0555233703808033,0.004020548282517126
2020-01-27,-2.8503985406512706,0.0082580975351661
2020-01-28,-3.170301534463881,0.002623468731590866
2020-01-29,-2.821968535441907,0.007433552379246462
2020-01-30,-2.9650135937737825,0.004463049252594522
2020-01-31,-2.6177432545877757,0.028230873892550568
2020-02-03,-2.7881272341761623,0.004797689039594167
2020-02-04,-2.9795564760801003,0.00522757101599136
2020-02-05,-2.9114767549004106,0.006672988848346292
2020-02-06,-2.516766859635323,0.023851392958686508
2020-02-07,-2.292602821304976,0.036481611586880756
2020-02-10,-2.9999090946902505,0.00454406023758639
2020-02-11,-2.779545388021496,0.007488929959789476
2020-02-12,-2.529453751894861,0.018421591246134166
2020-02-13,-2.526507643879173,0.020928818758413088
2020-02-14,-2.577221422822319,0.015492658845029155
2020-02-17,-3.5626332523885766,0.001171970152583803
2020-02-18,-2.2352471758732846,0.05620223887940053
2020-02-19,-2.691557932050036,0.006452134724971406
2020-02-20,-2.1932653182739994,0.023576540194863337
2020-02-21,-1.7413276026986062,0.5180252230347757
2020-02-24,-1.821612719306291,0.06872340523203946
2020-02-25,-2.019482526119048,0.03776107985047684
2020-02-26,-1.619024180193203,0.06482443055131937
2020-02-27,-1.498005513904738,0.10687321272913802
2020-02-28,-0.7327799077660648,0.5461392238812934
2020-03-02,-0.6360338960081707,0.46807028940252454
2020-03-03,-0.3260001380802087,5.824044235149445
2020-03-04,-1.1632351592724743,0.16813528686351636
2020-03-05,-1.3140586668255552,0.09042030904896253
2020-03-06,-0.6446653513093179,0.3835824974266892
2020-03-09,0.7357301965957312,16.19301171677985
2020-03-10,-0.22237825527675725,0.9220883595077416
2020-03-11,-0.6697240366540171,0.42509051645220974
2020-03-12,0.8689986490770469,19.15218922679483
2020-03-13,0.26945485034861144,4.6080089617694995
2020-03-16,0.45090297510135363,3.2967201435222786
2020-03-17,-0.22843397818938854,1.021684757106893
2020-03-18,0.06973865965624723,1.858712667070093
2020-03-19,1.032072218483202,13.298824484238493
2020-03-20,0.5326708225179198,4.208953343593501
2020-03-23,0.5777313912310829,7.436492823749577
2020-03-24,0.3341857441167165,5.340650478966922
2020-03-25,-0.41286751569783936,1.7459398458758182
2020-03-26,-0.10832901039489266,1.4246681615436563
2020-03-27,-0.31982644096651763,0.6316154128091115
2020-03-30,-0.5238998181516173,0.5372090647388079
2020-03-31,-0.14745550998433468,2.9497068882469275
2020-04-01,-0.8251410876551998,0.2690205913660136
2020-04-02,-0.4398458117935752,0.689436051333132
2020-04-03,-0.8830166443811733,0.3175358674948321
2020-04-06,-1.112980275903539,0.24566570698014153
2020-04-07,-1.1544935154305414,0.1356955728953095
2020-04-08,-0.9014828433892135,1.6274841352547145
2020-04-09,-0.9661495243485334,0.28570024775991076
2020-04-10,-2.555999837313954,0.012534919320690263
2020-04-13,-1.6296541057389595,0.14972923265249846
2020-04-14,-1.480605514795603,0.07131040231135423
2020-04-15,-1.3277612942120762,0.14186051841049085
2020-04-16,-1.034018303460774,0.18390178209986222
2020-04-17,-1.1833140325386087,0.1458378195909805
2020-04-20,-1.5594408518092295,0.06716695285486811
2020-04-21,-1.1076721734814885,0.5909021571389355
2020-04-22,-1.7479136996419804,0.044130559654218235
2020-04-23,-0.7757036235873009,0.839200387489427
2020-04-24,-1.0777630024755054,0.2934831412711545
2020-04-27,-1.5648019812431815,0.05884670162437632
2020-04-28,-1.4352889931720725,0.13230935816292272
2020-04-29,-1.464665337340338,0.10382905473304609
2020-04-30,-0.6543143953942895,1.3559935029371193
2020-05-01,-1.4852546693851028,0.18235741887179194
2020-05-04,-1.6467853024093662,0.12091461948927525
2020-05-05,-1.0898547101083473,0.27315152059385206
2020-05-06,-1.553530698635073,0.08130189700342785
2020-05-07,-1.5315054072107257,0.08215793440152708
2020-05-08,-1.7276949842181089,0.13968298963480116
2020-05-11,-1.7385851417746403,0.05346425990534815
2020-05-12,-1.6027347675231771,0.19144113777333993
2020-05-13,-1.50752569089616,0.1131564221770494
2020-05-14,-1.6437368058854203,0.12475173071353671
2020-05-15,-1.705964766483263,0.09534568576333322
2020-05-18,-1.105200358730518,0.37586055572382143
2020-05-19,-1.663157232636732,0.054607339750568924
2020-05-20,-1.9262545629103918,0.041418700436259
2020-05-21,-1.5920887850011622,0.10310530192423872
2020-05-22,-2.1431417122417535,0.022133180433696376
2020-05-25,-2.6846612452388134,0.009561457531322178
2020-05-26,-1.7678210081962664,0.05453885451099339
2020-05-27,-0.7613605055507735,0.8053975114483095
2020-05-28,-1.5317031195668964,0.08462889770171088
2020-05-29,-1.0232572220458405,0.26823601128953395
2020-06-01,-1.597518478038422,0.06540995299469875
2020-06-02,-1.3725592969230718,0.13506359397749146
2020-06-03,-1.270218187811956,0.11373782042421608
2020-06-04,-0.6789889664200945,1.6930225718694516
2020-06-05,-0.793404257383149,1.0487192827719893
2020-06-08,-1.4473280769073034,0.08253608656935744
2020-06-09,-1.3407025024074237,0.15160468763905385
2020-06-10,-0.8195591223848697,0.692387981411963
2020-06-11,-0.7871693346556158,0.2801673636583068
2020-06-12,-0.8518385612250248,0.2586797235738791
2020-06-15,-1.1516012885088331,0.23074632701988232
2020-06-16,-1.0692240235946229,0.28408918389773025
2020-06-17,-1.14702698175417,0.33824472871913713
2020-06-18,-1.3317107860764776,0.17053216526296194
2020-06-19,-1.177239378584504,0.716119120293186
2020-06-22,-1.8350128580278995,0.07429703767348392
2020-06-23,-1.4635645327724724,0.10683297029558683
2020-06-24,-1.490295976388912,0.12121691218832072
2020-06-25,-1.741852155167656,0.05196731244649984
2020-06-26,-1.9989962371548904,0.03104778894128532
2020-06-29,-1.8615633769741105,0.038899261214934866
2020-06-30,-1.5106654870043186,0.07091870222169731
2020-07-01,-1.9401656059369874,0.03998463091441637
2020-07-02,-1.4760295469499294,0.18804435333827396
2020-07-03,-2.308424190515055,0.02247549254516667
2020-07-06,-1.7842018214414765,0.06626116361448653
2020-07-07,-1.7073697166325004,0.0760972264977515
2020-07-08,-1.831813294509606,0.04271836679913069
2020-07-09,-1.2850779617557375,0.22995969148710765
2020-07-10,-2.038617466876339,0.03313943322896439
2020-07-13,-1.795880572870342,0.035504546491457345
2020-07-14,-1.9560438405297242,0.04362016548203025
2020-07-15,-1.7485628434993645,0.10001950042490232
2020-07-16,-1.5972928102682067,0.08740043198122092
2020-07-17,-1.9993392606534028,0.031595647160383544
2020-07-20,-1.249433033513903,0.16193698191514783
2020-07-21,-1.1210445199462389,0.2623576661874298
2020-07-22,-1.1959507639728262,0.1611074640482566
2020-07-23,-1.5435992458277823,0.06945061237523567
2020-07-24,-1.5750012453499316,0.06854845680286335
2020-07-27,-1.1301744436832848,0.2343280888458549
2020-07-28,-1.3855213335636822,0.08420391794976743
2020-07-29,-1.2815700520884603,0.22432531879501544
2020-07-30,-1.2461658211751274,0.2171557981328369
2020-07-31,-0.8470715236535952,0.34963699959441685
2020-08-03,-1.2995448212560106,0.13078402906338268
2020-08-04,-1.409843904943034,0.0982708477100352
2020-08-05,-1.2890183939162698,0.12629819372643605
2020-08-06,-1.0452065328344544,0.31331332748713675
2020-08-07,-1.1156085082714329,0.35365259999048293
2020-08-10,-1.8569272139604303,0.04574031777285793
2020-08-11,-1.2325420500787871,0.15072178848090872
2020-08-12,-1.3540171000192045,0.13060178554801918
2020-08-13,-1.5311147755022503,0.09280588420616535
2020-08-14,-1.7176158623955295,0.07144074737363464
2020-08-17,-1.810613304046605,0.04794080531716986
2020-08-18,-1.4327503297765232,0.24388356882695797
2020-08-19,-1.1158962085101019,1.02708187126023
2020-08-20,-1.230514503512193,0.11727709786275982
2020-08-21,-1.3026240491762822,0.21522164366638652
2020-08-24,-1.9224022840791208,0.030904497338811877
2020-08-25,-1.7472764362040083,0.049483778526482156
2020-08-26,-1.869770664852805,0.03687535626294082
2020-08-27,-0.6261625143504853,1.3371002783330308
2020-08-28,-1.1706067600997219,0.1786367493268105
2020-08-31,-1.6672514116729371,0.052761542677451284
2020-09-01,-0.8655322977033343,0.8260125691653091
2020-09-02,-1.2780941454717725,0.1180869795552241
2020-09-03,-1.3427532204634671,0.11826861149589862
2020-09-04,-1.2535539609022677,0.3941897173437844
2020-09-07,-2.5519774444082572,0.010820792584893116
2020-09-08,-1.3798489596236034,0.09958399303253897
2020-09-09,-1.6104336398975163,0.16998043493939197
2020-09-10,-0.989553039210072,0.9188019921967328
2020-09-11,-1.8980342543659177,0.03534203491471745
2020-09-14,-2.254079497305353,0.01771804173371463
2020-09-15,-1.9117236304925485,0.03982539114849473
2020-09-16,-1.095615077786909,0.4354887250274309
2020-09-17,-1.4389798744647033,0.14347608841359885
2020-09-18,-2.0548046276193195,0.0196739896102498
2020-09-21,-1.4267937085579985,0.10800736202838304
2020-09-22,-1.3666021620029438,0.09756719461375629
2020-09-23,-1.4704811849280408,0.10678913133854773
2020-09-24,-1.4024658919790687,0.08673178945127637
2020-09-25,-1.8542517917013828,0.038738709827617894
2020-09-28,-1.8480218090356042,0.03301336080761732
2020-09-29,-1.66439596561703,0.11048179455877617
2020-09-30,-1.436290316115485,0.08024239249757736
2020-10-01,-1.5645924654388825,0.10051021409333144
2020-10-02,-1.7430666001352177,0.04304772428708146
2020-10-05,-2.317782871960396,0.028419907759116743
2020-10-06,-1.5347139116886044,0.4348010050881805
2020-10-07,-2.0824950741318973,0.022466299880058955
2020-10-08,-2.3224894700008334,0.019720096323919935
2020-10-09,-2.1757682731330577,0.07951698435180052
2020-10-12,-2.3924786001649747,0.012532331017498453
2020-10-13,-2.053666437073896,0.05664474641748311
2020-10-14,-2.231524993353933,0.017875372852361748
2020-10-15,-2.0899330239424954,0.022740227147326455
2020-10-16,-2.2450793420192796,0.023279042573646998
2020-10-19,-2.1755165184170657,0.03316077493746543
2020-10-20,-2.173665275175377,0.02271627615086872
2020-10-21,-2.049993341241556,0.03634625560762404
2020-10-22,-2.1405938702837424,0.022132775117605672
2020-10-23,-2.0733811457066524,0.031886447607677976
2020-10-26,-2.2222025588027177,0.019524284410827174
2020-10-27,-2.074467854091413,0.02953975019277211
2020-10-28,-1.890885866999656,0.03763224596302192
2020-10-29,-1.590914531316403,0.07681497289906694
2020-10-30,-1.8573398493139714,0.03536743746983612
2020-11-02,-2.355917834967763,0.013762669658219342
2020-11-03,-2.034054577039404,0.03259211519432191
2020-11-04,-0.11360443296120408,1.830570837122398
2020-11-05,-1.0428704219870841,0.13296244263086793
2020-11-06,-1.0371793440087764,0.48390227237141503
2020-11-09,-0.8382581711734451,0.408558936335631
2020-11-10,-1.201471514447565,0.1924983605660259
2020-11-11,-1.822158152879599,0.04722218668995362
2020-11-12,-1.9202191197490792,0.04009106094116834
2020-11-13,-2.328359949224086,0.018536321306102367
2020-11-16,-1.9625414848545266,0.04325828857452342
2020-11-17,-2.3221834699771957,0.01474039856208012
2020-11-18,-2.4114339809836247,0.0137205397561188
2020-11-19,-2.2524197079956383,0.017590389012244256
2020-11-20,-2.568748828223326,0.01469236980816215
2020-11-23,-1.7041708641638416,0.17825953279309073
2020-11-24,-1.6934450351212538,0.11285084247634627
2020-11-25,-1.700881389195819,0.06628800043596776
2020-11-26,-2.4418284687756606,0.014698682102735065
2020-11-27,-2.654778489460697,0.006928480895552924
2020-12-01,-1.7233828415748607,0.11373052397957366
2020-12-02,-1.529443631819172,0.09577061001211874
2020-12-03,-1.7874059666476452,0.0627893048904007
2020-12-04,-1.7709067264842808,0.06316863222853379
2020-12-07,-1.7803620960469246,0.059201142333079056
2020-12-08,-2.0790787824875574,0.030077669006053902
2020-12-09,-2.003055432013255,0.026872097478485502
2020-12-10,-1.4386865588103874,0.21956761281828907
2020-12-11,-1.8966170176530914,0.035460546888547544
2020-12-14,-1.8811761667528069,0.041330957159844514
2020-12-15,-1.752366426864505,0.1366430441029855
2020-12-16,-1.0588723420734456,0.9143579869832155
2020-12-17,-1.9385289152145422,0.06051263752517093
2020-12-18,-2.208964266458229,0.021278071763710063
2020-12-21,-1.0949537925405566,0.17220997830510434
2020-12-22,-1.7229201775651737,0.0650796528210363
2020-12-23,-1.60090407869652,0.07933509928359081
2020-12-24,-2.4409437525553863,0.011834354971231281
2020-12-28,-1.7276705230952627,0.06351676968898355
2020-12-29,-1.8823565127168693,0.04460388446297509
2020-12-30,-1.6604365749871905,0.07253370050165092
2020-12-31,-1.6093035120040373,0.06856507332680749
2021-01-04,-1.6439230878639408,0.04181030317685394
2021-01-05,-2.0943676192248506,0.0171417081408006
2021-01-06,-1.0932566039695024,0.19527784521198427
2021-01-07,-1.6310103732882713,0.058737704013018345
2021-01-08,-0.9284499985511542,0.3130847505656106
2021-01-11,-1.5160069655119177,0.07176075249217051
2021-01-12,-1.6659416668175633,0.050516046412902714
2021-01-13,-1.5917178949057391,0.08550800924724505
2021-01-14,-1.561525626273084,0.07852546142625037
2021-01-15,-1.9371990370662495,0.031002757758856546
2021-01-18,-2.5955061758189513,0.006528420018707124
2021-01-19,-2.18172719724708,0.025513747639549753
2021-01-20,-1.7936527179388622,0.10020617762568251
2021-01-21,-1.865520163965886,0.046096656162464895
2021-01-22,-2.0821970462880492,0.0340867158881586
2021-01-25,-2.152311091269202,0.034900775353597986
2021-01-26,-2.1513304054152074,0.025988669551303134
2021-01-27,-1.5496322601015693,0.1698039898209705
2021-01-28,-1.6587268509660862,0.051883783521251545
2021-01-29,-1.6885946835033252,0.056044116536646926
2021-02-01,-1.873854586904462,0.04076389149195174
2021-02-02,-1.7425858376901193,0.08354608847519741
2021-02-03,-2.1379253837961887,0.02374917237546831
2021-02-04,-2.156532399349975,0.02138033141857065
2021-02-05,-2.0524122070264403,0.07489577896271075
2021-02-08,-2.1852098721052635,0.019553339857218598
2021-02-09,-2.2812665137987427,0.020920598127765675
2021-02-10,-2.3926560120243883,0.016000343232103895
2021-02-11,-2.676914935999702,0.00987164231622724
2021-02-12,-2.475602132276505,0.009417197171043695
2021-02-15,-3.0043283485265833,0.00303664487485644
2021-02-16,-2.105659813692119,0.04114574418063033
2021-02-17,-2.063679956267704,0.025745594292996193
2021-02-18,-2.475959330164307,0.012809234593227619
2021-02-19,-2.3429161415544084,0.012119226812517099
2021-02-22,-2.0161602719103078,0.02652536916664451
2021-02-23,-2.3873590642319673,0.011589028768837445
2021-02-24,-1.7420280946182116,0.06785429672141952
2021-02-25,-1.3697344661892372,0.1905338202710288
2021-02-26,-1.1033589562168054,0.1711664658648104
2021-03-01,-1.9040247297370119,0.027316113159901883
2021-03-02,-1.7808837332714607,0.06481710410069304
2021-03-03,-1.781880997000861,0.10281639210634268
2021-03-04,-1.6708078595178955,0.0806138654538629
2021-03-05,-1.3185826260294247,0.3801170196306282
2021-03-08,-2.0903331879044176,0.019458104281113966
2021-03-09,-1.9619189065828229,0.03222949896634418
2021-03-10,-1.7485622789888775,0.157599919971583
2021-03-11,-1.5213963966697337,0.16244169812782494
2021-03-12,-2.018756176825967,0.024934682860333842
2021-03-15,-2.033090357884803,0.028900422401264808
2021-03-16,-2.1671979063496667,0.02704068140085463
2021-03-17,-1.6561736131087348,0.2912963017718805
2021-03-18,-1.7908396223485477,0.05807024007716245
2021-03-19,-2.4319563554373858,0.013295913858398045
2021-03-22,-2.129866367520511,0.031162624577761814
2021-03-23,-2.0803424809138606,0.036925496027435854
2021-03-24,-2.0699490145087918,0.025832418339003634
2021-03-25,-2.0006274214573674,0.03195574563284079
2021-03-26,-2.417206017826352,0.015217980369671476
2021-03-29,-2.1917377573617456,0.020343616928274712
2021-03-30,-2.3962602234778507,0.012719923799639734
2021-03-31,-2.126218414307138,0.02412881230152484
2021-04-01,-2.1377400405822375,0.026838366719366798
2021-04-02,-2.7069890061886595,0.016604770080912372
2021-04-05,-2.505181687445881,0.023060665425405837
2021-04-06,-2.2916622158217366,0.021063177531709627
2021-04-07,-1.9834271652536901,0.031417566844702496
2021-04-08,-2.2659701475621374,0.029204768258563284
2021-04-09,-2.359360565861291,0.020469570696087767
2021-04-12,-2.3546304974308865,0.013686307440368788
2021-04-13,-2.1155415172238374,0.03912757100067304
2021-04-14,-2.4516956614470518,0.01137548290216798
2021-04-15,-2.1604344730202403,0.03709513453148872
2021-04-16,-2.4006201423483544,0.014827177223271282
2021-04-19,-1.912343720304592,0.07948676208300552
2021-04-20,-2.21594313693029,0.018666048811830437
2021-04-21,-2.247027098379597,0.02008485389954129
2021-04-22,-2.041695571980092,0.0537481680969363
2021-04-23,-2.509736938905869,0.009755614190025833
2021-04-26,-2.14303110989434,0.02631727510796291
2021-04-27,-2.4692234268950553,0.01233415198347057
2021-04-28,-1.8288013674650518,0.12278134713084946
2021-04-29,-2.3683060109735306,0.01398787236449192
2021-04-30,-1.9260455297967967,0.21039274737289965
2021-05-03,-2.280691133877473,0.0634605828619418
2021-05-04,-1.969381177129294,0.25125773485035957
2021-05-05,-2.7606052260271063,0.006765641185272129
2021-05-06,-2.3956642054176793,0.01567843853177375
2021-05-07,-0.8704540413656229,5.903595011573472
2021-05-10,-1.8933547160066193,0.03872204675235516
2021-05-11,-2.071158052235465,0.02781812660070647
2021-05-12,-1.0089785842750405,1.1532565540094584
2021-05-13,-1.901764411156569,0.06551447191010687
2021-05-14,-2.5563412830833045,0.008275336338324776
2021-05-17,-2.5060227953763423,0.008256786350310057
2021-05-18,-2.492605088413256,0.01003394366374875
2021-05-19,-1.8171105494612685,0.08270536825950327
2021-05-20,-2.367425675649767,0.012626751208930299
2021-05-21,-1.8839804656368682,0.0913585768747823
2021-05-24,-2.185323671531474,0.04002881084520105
2021-05-25,-2.143154876036774,0.03911885359597524
2021-05-26,-2.2084595355297743,0.04007403054123254
2021-05-27,-2.064277474275376,0.022945877915571705
2021-05-28,-2.1123648999274227,0.03548115490619681
2021-06-01,-2.4560220267723216,0.011542095895546329
2021-06-02,-2.405531451222562,0.023180675866428774
2021-06-03,-2.174636102792217,0.04800998218086287
2021-06-04,-1.5895056865280996,1.1913282139122374
2021-06-07,-2.5578617427478303,0.011026176323368548
2021-06-08,-2.7206934862998553,0.00871652712487508
2021-06-09,-2.903969625519814,0.005988382180930122
2021-06-10,-1.9623816848132083,0.06666123046130715
2021-06-11,-2.553342851887684,0.013927990711487832
2021-06-14,-2.6709607256083716,0.006924897321253749
2021-06-15,-2.670527152163124,0.008924527882885306
2021-06-16,-0.8672232853178407,6.926102359528511
2021-06-17,-1.4777300828591635,0.079116539216095
2021-06-18,-1.597642207129267,0.08091475757910042
2021-06-21,-1.8674504213744092,0.032988746914092204
2021-06-22,-2.0544172597516397,0.03020483411453622
2021-06-23,-2.298190308886035,0.016119296082367788
2021-06-24,-2.330315044667769,0.015156531769260333
2021-06-25,-2.4994134413085995,0.013974267148313657
2021-06-28,-2.160094385570198,0.030383551380025884
2021-06-29,-2.4283642143842226,0.011489135399211469
2021-06-30,-2.0513905415190834,0.03130662588524789
2021-07-01,-2.1983932178897634,0.030599972121276735
2021-07-02,-1.724960937866242,0.329421878184673
2021-07-05,-2.825677052586174,0.007107393430810446
2021-07-06,-2.099809040764147,0.02754969474790652
2021-07-07,-1.959683242232491,0.05111801844351761
2021-07-08,-1.978787614673192,0.039652699855181134
2021-07-09,-2.5029846240008005,0.013320226879673812
2021-07-12,-2.369101386547762,0.017978554904448663
2021-07-13,-1.6463013720077915,0.4087659168076456
2021-07-14,-2.395514410391884,0.03861832390868885
2021-07-15,-2.4499878790505902,0.010892880725649118
2021-07-16,-2.528215438413507,0.009947323742330792
2021-07-19,-2.2560805818715375,0.023900276550623857
2021-07-20,-2.091851537256491,0.03714264229814602
2021-07-21,-2.521489775045624,0.010617931313864747
2021-07-22,-1.6756684893322014,0.15761712192847208
2021-07-23,-2.5237870541298113,0.012301285044778319
2021-07-26,-2.377574685288418,0.03139599372205019
2021-07-27,-2.2568432483207235,0.024916467582772033
2021-07-28,-1.8229487593106333,0.09107663448080709
2021-07-29,-2.5567077233951614,0.017097421265559826
2021-07-30,-2.4742312258227233,0.013555099450562309
2021-08-02,-2.257823947203421,0.05648999377637175
2021-08-03,-2.67862481194849,0.00922486021966017
2021-08-04,-2.057725596550027,0.11458674288272021
2021-08-05,-2.396759088235565,0.020080329939271804
2021-08-06,-2.4550045876320232,0.03761377171837324
2021-08-09,-2.612397311220992,0.007039109620785445
2021-08-10,-2.818090366015471,0.006709054979514502
2021-08-11,-2.364537037924826,0.0745663122373767
2021-08-12,-2.8473213100940096,0.006248700869248313
2021-08-13,-2.935965988795871,0.009474726457071876
2021-08-16,-2.913195665210583,0.003767204593342585
2021-08-17,-2.3763500129166895,0.029379123224491013
2021-08-18,-1.8359499698003134,0.6919357495581752
2021-08-19,-2.3538243422249447,0.01445048995104255
2021-08-20,-2.6288831923482934,0.017182177541031393
2021-08-23,-2.408529065062803,0.013104178059457487
2021-08-24,-2.538695725686042,0.020670465186343325
2021-08-25,-2.3559560863929017,0.027020560844618197
2021-08-26,-2.4704403167490185,0.014470369793267697
2021-08-27,-1.838879546216521,0.15171144880383883
2021-08-30,-3.0387008761549916,0.004890049525120111
2021-08-31,-2.437065429988109,0.040742060279819095
2021-09-01,-2.5240271225286617,0.022579737462740647
2021-09-02,-2.9567853145228717,0.004542048786088924
2021-09-03,-1.7121176579358264,0.3260286203251658
2021-09-06,-3.4420433412272233,0.001909483598592617
2021-09-07,-2.4333852478702616,0.014450598194256144
2021-09-08,-2.6516121819956333,0.00855285626696381
2021-09-09,-2.0754542007777697,0.09106029291352495
2021-09-10,-2.768544348819691,0.009805547963845383
2021-09-13,-2.7651735702847615,0.0058975824285659225
2021-09-14,-2.1348636502129663,0.28402798652484035
2021-09-15,-2.422179562035711,0.017857503980563766
2021-09-16,-2.456094069408339,0.01268910217220606
2021-09-17,-2.5979221824059393,0.010259085926911814
2021-09-20,-2.734014861962175,0.006206158524426597
2021-09-21,-2.4349346330852137,0.018366987973977077
2021-09-22,-1.354132666445973,0.8310024290516245
2021-09-23,-2.353520274812633,0.016107067233860982
2021-09-24,-2.579934282536205,0.011066192403205541
2021-09-27,-2.524823139606009,0.011043492406384912
2021-09-28,-2.1564148106606926,0.024791770068895762
2021-09-29,-2.1071455366189475,0.028170364546073336
2021-09-30,-1.992652870334264,0.031627827748942496
2021-10-01,-2.1468381285054012,0.08027655066421743
2021-10-04,-2.505716814584907,0.015732975118911103
2021-10-05,-2.4556633868471147,0.0312296976144026
2021-10-06,-2.228596599048077,0.020484960210750084
2021-10-07,-2.72060254678218,0.008095562142768317
2021-10-08,-2.489997093710599,0.01495393913405168
2021-10-11,-2.87204236990751,0.00577001477184834
2021-10-12,-2.6553170304484284,0.00937397815140524
2021-10-13,-2.317236543802257,0.031268995260929515
2021-10-14,-2.756891994751859,0.0054396500393801344
2021-10-15,-2.7250475437441537,0.007865351408862305
2021-10-18,-2.4942829707047083,0.00923048786134972
2021-10-19,-2.4600659011611135,0.010621566154591904
2021-10-20,-2.7483435977812043,0.006070247582465451
2021-10-21,-2.678858079893856,0.007633286306065018
2021-10-22,-2.5665803315340474,0.016044125482552976
2021-10-25,-2.5378636312728715,0.010427922773074328
2021-10-26,-2.674860148923354,0.00982043267140429
2021-10-27,-2.344505784486778,0.01718636633350805
2021-10-28,-1.5654473888153453,0.2896404195295166
2021-10-29,-1.7853690974285474,0.13732021588048826
2021-11-01,-2.3324241654883036,0.04006348786261091
2021-11-02,-2.4776570716842445,0.012189997019663758
2021-11-03,-1.8206059843659337,0.12791991736190048
2021-11-04,-2.399502231557449,0.018337076193140477
2021-11-05,-1.9870008278299454,0.0682277678596777
2021-11-08,-2.2801302875835643,0.01974766738676453
2021-11-09,-2.105195712891124,0.028731191677893907
2021-11-10,-1.5314679934982807,0.13236851139742523
2021-11-11,-2.1407512499932664,0.01627021278732843
2021-11-12,-2.3507994475220126,0.015181688679517342
2021-11-15,-1.8364968592743196,0.3282127921630503
2021-11-16,-1.6904381432359479,0.10253604694920494
2021-11-17,-1.444916320784633,0.48232910842739135
2021-11-18,-2.054339500697167,0.04392022351304312
2021-11-19,-1.260117841637865,0.2671957562606259
2021-11-22,-1.3571071124514897,0.395305589952556
2021-11-23,-2.0937605654481057,0.030357831553759297
2021-11-24,-1.5496838885758126,0.18637668894900636
2021-11-25,-2.798704426198813,0.004790008872540259
2021-11-26,-1.264802746425786,0.19461181389262927
2021-11-29,-1.996631097939638,0.02989141013890537
2021-11-30,-0.8931920427352517,0.9188199100706419
2021-12-01,-1.394222840856434,0.20904029169789112
2021-12-02,-2.1612356488100684,0.016853904692246863
2021-12-03,-1.4613070131613788,0.1490376012282595
2021-12-06,-2.2292031631052907,0.014481736419729703
2021-12-07,-1.953205172022944,0.05730451062223087
2021-12-08,-1.9970795766652993,0.03447992473778993
2021-12-09,-2.219148836933967,0.019967799397018038
2021-12-10,-1.3068709843541964,1.3354538279026555
2021-12-13,-2.0950102328955342,0.022253762295424882
2021-12-14,-2.3429125206668644,0.01794822748585343
2021-12-15,-1.5254207164768179,0.2051233874577859
2021-12-16,-1.525915128165726,0.3309191080091815
2021-12-17,-2.000807691970615,0.029359211668182606
2021-12-20,-2.0509059866741133,0.024385403466392588
2021-12-21,-2.281242483488672,0.017223579967205242
2021-12-22,-1.945025022686453,0.05012115854935455
2021-12-23,-2.189455386801841,0.028411426021783287
2021-12-24,-2.489846347421072,0.020942313818743726
2021-12-27,-2.309271196478074,0.02375749109721541
2021-12-28,-2.3518962759560758,0.0267237458129263
2021-12-29,-2.0989779460576816,0.04572860265153427
2021-12-30,-1.7340326577891796,0.10507146740185952
2021-12-31,-1.5832376439148645,0.09718654372156639
2022-01-03,-1.730754856677093,0.05620547945430102
2022-01-04,-1.9967763837333623,0.0243741161495043
2022-01-05,-1.8453187941544806,0.09394112726581219
2022-01-06,-1.678831734122419,0.10104225996694904
2022-01-07,-2.025760664928325,0.07779226805766783
2022-01-10,-2.017467114834426,0.05639170484882321
2022-01-11,-2.2053507876866822,0.021269062567304445
2022-01-12,-1.9451826961196792,0.15086205493715482
2022-01-13,-1.867309719232935,0.0409141764587076
2022-01-14,-1.9871447957262052,0.06663913897961588
2022-01-17,-2.3369679711098965,0.01564537840748731
2022-01-18,-1.846998173507664,0.05273999897767463
2022-01-19,-2.279690446338612,0.01251023807349947
2022-01-20,-2.1189954714219073,0.027105607951479784
2022-01-21,-2.2905249395918763,0.016661890545709462
2022-01-24,-2.003222088185436,0.038919874341381056
2022-01-25,-2.3202765484300842,0.015678093225010688
2022-01-26,-1.9200405339554982,0.11909051001737872
2022-01-27,-1.6012256768140751,0.14512685755906007
2022-01-28,-1.607412966913744,0.10553544971159808
2022-01-31,-1.7913384134827315,0.05839903935102499
2022-02-01,-1.6797206552861916,0.06466420694729755
2022-02-02,-2.146532797998187,0.02469937757222549
2022-02-03,-0.7113731728322814,1.4672925774780174
2022-02-04,-1.0864971851511156,0.5777977453529373
2022-02-07,-1.7412586906541176,0.07064431119115329
2022-02-08,-1.9021993644415116,0.05053936686623764
2022-02-09,-2.159995121995136,0.017140334919508175
2022-02-10,-0.65963896634131,3.153843096313309
2022-02-11,-1.041201071916031,0.518259899079472
2022-02-14,-1.2614317770851582,0.24414102962342796
2022-02-15,-1.5490536237104653,0.16807975148432175
2022-02-16,-2.0510876844769106,0.022624845617905454
2022-02-17,-0.9666135561284325,0.7481612780651515
2022-02-18,-1.9996504208860413,0.05480332649171605
2022-02-21,-1.759689722635923,0.05597922495821033
2022-02-22,-1.3665990719382426,0.09892597218587838
2022-02-23,-2.017732537733556,0.0474757086008561
2022-02-24,-0.26346891405461426,0.8935349859995497
2022-02-25,-0.9229464961954936,0.28238429095459716
2022-02-28,-0.5357039206093386,0.7973787529781181
2022-03-01,-0.988678062016555,0.21906043561293304
2022-03-02,-0.5072926973173009,1.4253624116963421
2022-03-03,-1.2711435170376846,0.21427871145884278
2022-03-04,-0.7495694918043823,0.4192325384260944
2022-03-07,-0.07646484680851387,1.6894266033682397
2022-03-08,-0.22437687505573187,2.8453616649701785
2022-03-09,-0.5741025511919041,1.135956276868944
2022-03-10,-0.1380035252378309,8.28512005259137
2022-03-11,-0.8931944789431203,0.48322252994984405
2022-03-14,-1.2153142235507404,0.09873839978101916
2022-03-15,-0.8610178038778761,0.672586076619761
2022-03-16,-0.3799894192469908,2.3869026138811926
2022-03-17,-1.1878351172945092,0.3048207788329823
2022-03-18,-1.5254879253338036,0.08356386262338404
2022-03-21,-1.5866001322376864,0.08025575344415342
2022-03-22,-1.4924864311649224,0.07519766588451694
2022-03-23,-1.61182926570221,0.06628087366078904
2022-03-24,-1.501925417780475,0.20503799498322622
2022-03-25,-1.5636736561162277,0.07929323325505713
2022-03-28,-1.2781534990878054,0.27058588640857517
2022-03-29,-0.30935295182071926,2.770430211829655
2022-03-30,-1.2502582693157869,0.167598009746892
2022-03-31,-0.9684952632744277,0.580712452048364
2022-04-01,-1.4064599620396236,0.14813440864368552
2022-04-04,-1.9548728397371866,0.031144015696324058
2022-04-05,-1.8996194576290975,0.04890180794790507
2022-04-06,-1.486109151418311,0.1267148037353874
2022-04-07,-1.4196278440407541,0.11001661586113302
2022-04-08,-1.656565659842245,0.0792349309710205
2022-04-11,-1.5586344489727364,0.06393423452027236
2022-04-12,-1.3640701773471984,0.17563884775363137
2022-04-13,-1.7138412503060723,0.05167024831484274
2022-04-14,-0.4807418461263581,3.2892780366052907
2022-04-15,-2.8034651722070425,0.027566367393780367
2022-04-18,-2.005121884963657,0.021325893762307972
2022-04-19,-1.5497622334076842,0.07047540498139711
2022-04-20,-1.3607922532931596,0.1421950845365559
2022-04-21,-1.1903744556310325,0.25413815612141016
2022-04-22,-1.3613803953780255,0.11178881719695652
2022-04-25,-0.9273643256388856,0.8129585155459141
2022-04-26,-1.3941472030186182,0.12266248659217091
2022-04-27,-0.8759807889088661,0.2761097982990519
2022-04-28,-0.35886948500783605,1.4682852444057681
2022-04-29,-0.8336994948715485,0.2772599779921751
2022-05-02,-1.0773192695187552,0.21188421954729444
2022-05-03,-1.102270057573717,0.2166215538063632
2022-05-04,-0.28677776351247714,4.167929265862841
2022-05-05,-0.701687872491856,0.32201526055720475
2022-05-06,-0.24870728525698793,1.7669991273179246
2022-05-09,-0.898505687080154,0.2587747026981234
2022-05-10,-1.193635444077121,0.14365187612486607
2022-05-11,-1.017136955591503,0.25950741767552593
2022-05-12,-0.5194485931893209,0.9875367263079248
2022-05-13,-1.1824260219015426,0.14075350516752314
2022-05-16,-1.2669138879558353,0.11571074548845382
2022-05-17,-0.8275541317367671,1.0371626630384645
2022-05-18,-1.2377256477280951,0.1510480223847395
2022-05-19,-0.9023667097682049,0.3107734529855977
2022-05-20,-1.3331154409849488,0.10018646654503646
2022-05-23,-0.8910714687087159,0.41036476937996963
2022-05-24,-0.716908869425075,1.421137784898386
2022-05-25,-1.21357428189622,0.13585699625009548
2022-05-26,-1.3685131722397894,0.11357889981582724
2022-05-27,-1.1903338680329603,0.1928730723577856
2022-05-30,-1.639048399838815,0.0553452785960413
2022-05-31,-0.8585032304273374,0.7181951826915298
2022-06-01,-1.162392181904663,0.29508153238942303
2022-06-02,-1.5580563420035116,0.08558267293655455
2022-06-03,-1.649914894644736,0.17418606052201507
2022-06-06,-1.6448933025048973,0.0644411462707117
2022-06-07,-1.532532701918893,0.08818103596441042
2022-06-08,-1.5467651016739958,0.09230822133709096
2022-06-09,-0.27222731658122157,2.840901614987914
2022-06-10,-0.72275783076415,1.917937858927795
2022-06-13,-0.7818102166545201,0.3673178331444106
2022-06-14,-0.9587146962388566,0.19989072018353415
2022-06-15,0.09240827567871794,5.974255661470531
2022-06-16,-0.21905718851251987,0.962781287786016
2022-06-17,-0.6715408748238011,0.3537776275802895
2022-06-20,-1.4687576216964717,0.0684044475549657
2022-06-21,-1.2884672216962245,0.09945318167376124
2022-06-22,-1.0856803395674954,0.30380649108683255
2022-06-23,-0.585597802617269,0.8071024875483928
2022-06-24,-1.0593622014815418,0.48379829727773754
2022-06-27,-1.4648800471228114,0.07609000144193914
2022-06-28,-1.2940408254126388,0.1448742922414473
2022-06-29,-1.181463988521359,0.20633884906228306
2022-06-30,-0.9247780634162356,0.5219053744432379
2022-07-01,-1.0346822674238974,0.17587551274889515
2022-07-04,-1.684537531773262,0.09316783046031825
2022-07-05,-0.7152641028862818,0.6203696624276872
2022-07-06,-0.6904320379308104,0.38050079325615566
2022-07-07,-0.8894727192554757,0.2974284181891476
2022-07-08,-0.4247529704735009,0.9291138750073876
2022-07-11,-1.0029816596209828,0.19311932473194685
2022-07-12,-0.8535072978098691,0.37436501952026197
2022-07-13,0.09534239920654987,16.276553881493363
2022-07-14,-0.33621047295781287,1.9006888834933136
2022-07-15,-0.7614152529339483,1.0986793607230476
2022-07-18,-1.0270260353139569,0.282134294945346
2022-07-19,-0.4767232142631967,0.7743576829681428
2022-07-20,-0.6081531295269385,0.9256521970732752
2022-07-21,-0.02566318041986144,5.59568932670175
2022-07-22,-0.41360112157446005,2.7158771786735136
2022-07-25,-0.9123174096398782,0.5946822414276681
2022-07-26,-0.8583256062769526,0.26408270717922105
2022-07-27,-0.2968752617724277,3.8634192372161356
2022-07-28,-0.40845952490205656,0.8764777253127872
2022-07-29,-0.4947460471570543,0.6757720374603707
2022-08-01,-0.9921198546345253,0.2341410084217125
2022-08-02,-0.7021677837196364,0.4703382720089282
2022-08-03,-0.8738063819672028,0.4392425806944307
2022-08-04,-1.1073962310352943,0.19924430032149426
2022-08-05,-0.6886951190568922,6.059789009823249
2022-08-08,-1.4095600712532368,0.0981281451721044
2022-08-09,-1.6995650569632976,0.08761007405335756
2022-08-10,-0.29917797013651165,14.509172622444467
2022-08-11,-1.237407939287569,0.139049981776241
2022-08-12,-1.3335858253452995,0.3089931066055861
2022-08-15,-1.493469423088768,0.0708082622047931
2022-08-16,-1.2725277254036012,0.1462287723229104
2022-08-17,-1.1479081827064928,0.2675238039922669
2022-08-18,-1.274673268746598,0.13092685371097906
2022-08-19,-1.5219830589841388,0.08024701100757348
2022-08-22,-1.2758586268590828,0.16227328463905813
2022-08-23,-0.630099543322749,1.229018581041518
2022-08-24,-0.8682878867099965,1.1315021738920998
2022-08-25,-0.8318602919172295,0.438363076865907
2022-08-26,-0.1868839256255972,5.946725325538225
2022-08-29,-0.8071168314609225,0.4352059737004426
2022-08-30,-0.638970590005665,0.6915557886057222
2022-08-31,-0.6839452249844207,0.5346140069612221
2022-09-01,-0.7235329197912502,1.394862370614247
2022-09-02,-0.6994035082057655,1.1165146442613267
2022-09-05,-0.9836770724635158,0.3337575945165277
2022-09-06,-0.8086632320586525,0.38397699046546674
2022-09-07,-0.7757379676027331,0.38372757842065863
2022-09-08,-0.3352150862532455,1.7892241706815637
2022-09-09,-0.6257238608981557,0.695175413011101
2022-09-12,-0.5033744835547246,1.0387009258683493
2022-09-13,0.2043306125972821,51.21162677685504
2022-09-14,-0.9219789725692074,0.28944525705755214
2022-09-15,-1.3536861780151788,0.13363254336228073
2022-09-16,-0.7860303927843595,0.5512548342236844
2022-09-19,-1.3436928019068863,0.13011609989670087
2022-09-20,-1.0848300526292962,0.16508899749596653
2022-09-21,-0.006963960808788064,5.2303736926648545
2022-09-22,-0.48736995262832195,0.7724166205572798
2022-09-23,-0.33619519997538444,1.610646963093523
2022-09-26,0.8504574035278203,76.8782836731841
2022-09-27,-0.3011418695692767,1.3355706861078775
2022-09-28,0.1880448349805287,2.431181520766728
2022-09-29,0.06210745448569026,2.5244624767779245
2022-09-30,-0.16244578911124208,1.2745956523745772
2022-10-03,-0.24223376046417075,1.6501122167592273
2022-10-04,-0.5671643593621231,0.5506574666602504
2022-10-05,-0.5818134030441396,1.1257437496925344
2022-10-06,-0.6783557923464953,0.40228368716294877
2022-10-07,-0.49995958159535003,1.0969087275941996
2022-10-10,-0.6154267626317608,0.9995364530355223
2022-10-11,-0.6199880639207289,0.55018968014075
2022-10-12,-0.4466793827782446,1.9015282468726813
2022-10-13,0.5344005011237605,89.02290836039319
2022-10-14,-0.2993103047256805,1.249248192934974
2022-10-17,-0.5804891464814967,0.6180844949049061
2022-10-18,-0.6360778704636998,0.39613666226843186
2022-10-19,-0.8426924017020274,0.29012534492495357
2022-10-20,-0.5845555356287769,0.5516912081660396
2022-10-21,0.119050712757039,3.231465929370777
2022-10-24,-0.088895716154714,2.8992728002556403
2022-10-25,-0.7729784425734926,0.502214480637911
2022-10-26,-0.71068942332483,0.4425407045334412
2022-10-27,-0.4413481163704855,0.8259992780897598
2022-10-28,-0.7692177610434073,0.525360152962497
2022-10-31,-1.0366469727179006,0.21141647350976905
2022-11-01,-0.9088992241439918,0.6552839716125444
2022-11-02,0.09349811106642564,20.522938923260966
2022-11-03,-0.862340792546814,0.2892059607824558
2022-11-04,-0.29341483964565174,1.4993926446068333
2022-11-07,-0.5415547579803506,0.7221646483631919
2022-11-08,-0.9036780772353104,0.4335475901448543
2022-11-09,-0.5948450649683243,1.1511963220947172
2022-11-10,0.8916616450068034,250.18592858785726
2022-11-11,-0.5327186256276574,0.4437721405344221
2022-11-14,-0.5159395293966612,0.5409516942174648
2022-11-15,0.5039910392094907,22.856450691847968
2022-11-16,-0.39880240053152616,0.7275712659043573
2022-11-17,-0.6850634487019273,0.5921412637300825
2022-11-18,-0.9893869676126751,0.17902527765254153
2022-11-21,-1.0662307406309064,0.16494925559652623
2022-11-22,-1.2771233148952523,0.13528223912735024
2022-11-23,-0.7435988740263964,1.0088348618078755
2022-11-24,-1.261707648106207,0.1466727761914672
2022-11-25,-1.2807278380519942,0.11612884294199384
2022-11-28,-0.6960698577569631,0.38377289407211984
2022-11-29,-0.5908789213605501,0.8443371303671929
2022-11-30,-0.3222076284489222,1.7960823121102611
2022-12-01,-0.30177936040889813,1.1258333010891077
2022-12-02,0.04789352965835222,42.80344268498724
2022-12-05,-0.6203187512375087,0.9175217425521683
2022-12-06,-1.033580184944373,0.1839852682291505
2022-12-07,-0.8766793322242739,0.2915085621967761
2022-12-08,-1.3269474241000787,0.12140743228721665
2022-12-09,-1.1477708543948577,0.26945431736919456
2022-12-12,-1.3399542483947784,0.13035153759986484
2022-12-13,-0.2540227528291551,9.637338028643683
2022-12-14,-0.4928113516025123,2.0552137214415396
2022-12-15,-0.32599342270321885,3.583413652513671
2022-12-16,-1.0619609301315047,0.24846951380437834
2022-12-19,-1.1957641456782246,0.20028084588089795
2022-12-20,-0.6670360649134264,0.7883918983661484
2022-12-21,-1.371607087748195,0.09690805315479666
2022-12-22,-1.1856878117572518,0.2907298551898488
2022-12-23,-1.4775470549663432,0.1308792228708287
2022-12-26,-2.542914338792232,0.02474255072070096
2022-12-27,-1.6029142296199044,0.05635988110475779
2022-12-28,-1.7486611296266807,0.04825346812383087
2022-12-29,-1.6024481791297016,0.1140250541228917
2022-12-30,-1.0263678383364427,0.23278381439237408
2023-01-02,-1.4599182527982917,0.15355913816408023
2023-01-03,-0.6770417678050435,0.5075347498205108
2023-01-04,-0.8765773316229277,0.6966558965752173
2023-01-05,-0.9552039829936628,0.3238794670222868
2023-01-06,-0.4345700455566802,2.069877601271226
2023-01-09,-1.2643932041157468,0.10577128899356955
2023-01-10,-1.430888672068298,0.13786565774852763
2023-01-11,-1.4222555961400882,0.1324904087091579
2023-01-12,-0.34476877842438775,2.9943984183572656
2023-01-13,-1.2054092458520738,0.17601126863727823
2023-01-16,-1.783744743413025,0.03383735378178691
2023-01-17,-0.8793761897996284,0.4958230427408125
2023-01-18,-0.7335750357813101,0.41377550987901895
2023-01-19,-1.335576879070832,0.09144290066133873
2023-01-20,-1.547351822404167,0.06091518924776442
2023-01-23,-1.316778484125759,0.13546746173784385
2023-01-24,-1.4499515231835947,0.1615549769867282
2023-01-25,-1.2694825188155088,0.21649274114606018
2023-01-26,-1.4735807915148613,0.1012004601007929
2023-01-27,-1.4789982291407373,0.12172627569856322
2023-01-30,-1.6491616466545718,0.07187736623085493
2023-01-31,-1.4344275471442445,0.159350626287192
2023-02-01,-0.966530029265008,1.8383782996162952
2023-02-02,-0.5092361797966205,1.184081514626116
2023-02-03,-0.20996242703669202,12.132403556234744
2023-02-06,-1.4938075736859713,0.08075268528761646
2023-02-07,-0.7821711488177817,0.6084178519889125
2023-02-08,-1.4067494012203277,0.11157513748536126
2023-02-09,-1.5157975723542876,0.08019644400327224
2023-02-10,-1.4434815758893895,0.1543570125547298
2023-02-13,-1.6816697323342098,0.06194138858793232
2023-02-14,-0.5352515475110267,1.874868835778593
2023-02-15,-1.3106897614805209,0.20209536964882902
2023-02-16,-1.5190448360227413,0.11296192696612008
2023-02-17,-1.3239366083819102,0.16171081744951857
2023-02-20,-2.504897869531943,0.017141593559554826
2023-02-21,-1.2366317306841328,0.5065653306238435
2023-02-22,-1.6396131377141283,0.2255316231839402
2023-02-23,-2.0143689551487016,0.045389830437864
2023-02-24,-1.6174728841165917,0.20142415741427047
2023-02-27,-1.6889145816458602,0.31009045645526534
2023-02-28,-1.2871268600438517,0.41983457595657386
2023-03-01,-1.2720642842943237,0.2886294205838003
2023-03-02,-1.6196234440097852,0.17779164348401744
2023-03-03,-1.8358005754420752,0.10097829020105821
2023-03-06,-1.4304450172041416,0.7484495654800395
2023-03-07,-0.48853890427250174,18.017699071566714
2023-03-08,-2.1413962053174576,0.02392066749188838
2023-03-09,-1.7307175009464628,0.07797900588117554
2023-03-10,-0.9681838980233586,1.2130171679682147
2023-03-14,-1.2135132716016237,0.27618227268310835
2023-03-15,0.007612926385778166,19.396378775359892
2023-03-16,-0.9472802700427795,0.7461337226094111
2023-03-17,-1.5530009376334855,0.10220099785366771
2023-03-20,-1.1254610580569706,0.2505636384743874
2023-03-21,-1.8624741050348936,0.06885514118912457
2023-03-22,-0.6863631829282836,7.5754131473469535
2023-03-23,-1.3543781920623852,0.16589201537255863
2023-03-27,-1.6854037516091196,0.07202112823293792
2023-03-28,-2.194777632691722,0.026095069290562704
2023-03-29,-2.0867484984838884,0.029147674180549813
2023-03-30,-1.3190627588743438,0.944890400900418
2023-03-31,-1.5307626440885478,0.15908163408889392
2023-04-03,-1.822896774017646,0.11108744314564585
2023-04-04,-0.5309501207121478,12.386942450402644
2023-04-05,-1.7865879262093847,0.06080594554131621
2023-04-06,-2.1718247243438378,0.021783174721085683
2023-04-10,-2.0316556097792757,0.05534444685094225
2023-04-11,-1.971321441472201,0.05213519883102114
2023-04-12,-0.8649700245640488,7.103651239886726
2023-04-14,-1.453790776827481,0.5256523539211502
2023-04-18,-2.2798979649462265,0.015278917702586332
2023-04-19,-1.8478075553055198,0.078651678235959
2023-04-20,-1.910400227679947,0.16598000896833398
2023-04-21,-1.358020051341841,0.4404521071106576
2023-04-25,-1.7117795019189699,0.1672481480005873
2023-04-26,-1.5180725444516006,0.2594866572555252
2023-04-27,-1.7138498173936367,0.09404010105182371
2023-05-02,-1.1996369881558466,1.4819800076913767
2023-05-03,-1.5403720440210271,0.2959600351958207
2023-05-05,-1.3081941975174884,0.33944835441003646
2023-05-08,-2.1113398374694654,0.12248939236895624
2023-05-09,-2.089892683416069,0.0666917590113762
2023-05-10,-1.577789782827269,0.5507720699687003
2023-05-12,-2.0013516951326875,0.20120069154914555
2023-05-15,-2.680548113360119,0.011151822895960334
2023-05-16,-2.2459271412753528,0.02137827463135652
2023-05-17,-2.164290898817276,0.05535944076722806
2023-05-18,-2.0667768059992833,0.07653111703811852
2023-05-19,-1.3629360939645758,0.9221226939350501
2023-05-23,-1.7672564178683206,0.15586554766452204
2023-05-24,-1.4158400818034738,0.8693515597430432
2023-05-25,-2.0155783566366368,0.04945397972168601
2023-05-30,-1.725897575800121,0.071248752367069
2023-06-01,-1.7181355287917044,0.18929682865319564
2023-06-02,-1.9297061006210976,0.08839820726918006
2023-06-05,-1.6868278287983618,0.5215173268354771
2023-06-06,-1.8720188132488824,0.14535478834430046
2023-06-07,-2.1453972683581553,0.05081591487901364
2023-06-08,-2.092193855018626,0.14222483517320006
2023-06-09,-2.6532670807917684,0.009597854145899554
2023-06-13,-1.5869097867978537,0.399107834211853
2023-06-14,-1.1748322154764292,2.4741435038538078
2023-06-15,-0.8288856258993583,1.8177371772858715
2023-06-20,-1.8807319246364382,0.13012654837170815
2023-06-21,-2.5819310992448163,0.008750958530544728
2023-06-23,-1.486120701479782,0.8612342129919187
2023-06-26,-2.456452550401797,0.01706600908797937
2023-06-28,-2.140299488876254,0.04048639953539942
2023-06-30,-1.2831730103370018,2.3497945195021823
2023-07-03,-2.272106197411116,0.02786175755627266
2023-07-05,-2.0790965376597765,0.03898735469642828
2023-07-06,-1.5146972185230205,0.226713238940128
2023-07-07,-1.3736898078115136,0.9049880914653877
2023-07-10,-1.8880001463846796,0.33735610427172047
2023-07-12,-1.1368793151531993,1.1237611237721024
2023-07-13,-2.101760307567682,0.026753041213697176
2023-07-18,-1.5518536177942026,0.12028965691757973
2023-07-20,-1.8987006495880825,0.09901497930443712
2023-07-24,-1.246533008756376,1.6835966105371531
2023-07-25,-2.2558870175150005,0.037070754348862686
2023-07-26,-1.5287558857450518,0.40863422990156006
2023-07-27,-0.02785085929209684,41.33959603739568
2023-07-28,-1.1588525825116998,0.2874118264203091
2023-07-31,-1.903906003765071,0.03783937587829562
2023-08-01,-1.8055637082653364,0.054549706219929835
2023-08-02,-1.5162431978739948,0.09175078319794971
2023-08-03,-1.402928314089648,0.14156504486353527
2023-08-04,-1.408155642250623,0.1984220178554989
2023-08-07,-2.212776732077638,0.016416348602014266
2023-08-08,-2.1037211770073143,0.02805564982996391
2023-08-09,-2.044044913475219,0.032736649677655785
2023-08-10,-1.541736126511791,0.13796223233476204
2023-08-11,-1.6890713004408104,0.2567730867465899
2023-08-14,-1.869411063581559,0.05200029718960428
2023-08-15,-1.550993668825775,0.13475852279207173
2023-08-16,-2.003597400102684,0.02492200784665796
2023-08-17,-2.053930324074357,0.02939585903631385
2023-08-18,-2.1116500000055094,0.019329541896070706
2023-08-21,-2.336497768019058,0.013805815977823346
2023-08-22,-2.054830574979361,0.0273227422549614
2023-08-23,-1.0709850571727566,3.561730014444482
2023-08-24,-2.1384469386132365,0.024840759141943777
2023-08-25,-1.119291169987263,0.6762071575247758
2023-08-28,-2.460453719729019,0.009517442833140054
2023-08-29,-1.117364870254034,2.4515225319916407
2023-08-30,-1.6699762601068735,0.1159152742937424
2023-08-31,-1.6505004468945659,0.08786352483992087
2023-09-01,-1.035514670963199,1.4964351188929554
2023-09-04,-2.7470344310298267,0.008193201088565586
2023-09-05,-1.9226182101464184,0.03822733679853496
2023-09-06,-1.6861626505236023,0.49406509639828455
2023-09-07,-2.12975964299778,0.03735999514051607
2023-09-08,-2.297606877386426,0.021038152630967612
2023-09-11,-2.126640103871917,0.023825710229888313
2023-09-12,-2.0246453454504785,0.03265953328197317
2023-09-13,-1.7143974287420574,0.10753735691450723
2023-09-14,-1.1115654714254035,1.1657287287686349
2023-09-15,-1.8854557588218501,0.14626062140948687
2023-09-18,-2.5003679193613215,0.008992564597278626
2023-09-19,-2.393122883583267,0.020010662794999152
2023-09-20,-1.2296633271058397,2.318795503315027
2023-09-21,-1.6543734218515789,0.059008843550888763
2023-09-22,-1.1919162630451516,1.8748229017345803
2023-09-25,-2.2614097759153546,0.02369983984006448
2023-09-26,-2.1275047449061084,0.01786513410771854
2023-09-27,-1.7161463325116137,0.05368617159838021
2023-09-28,-1.2962467285114843,0.21771416414990372
2023-09-29,-1.664261200757871,0.09101327254684383
2023-10-02,-1.6963254897114752,0.07077902253363193
2023-10-03,-1.2620972864371165,0.586252919339105
2023-10-04,-1.5293385161092656,0.10191642956583112
2023-10-05,-1.7504868091938588,0.048982096630036095
2023-10-06,-0.6172517468596801,6.058478575500871
2023-10-09,-1.8242485788557046,0.06006153494728282
2023-10-10,-1.7519966396299946,0.038131043969544115
2023-10-11,-1.623904422624579,0.09338834900081812
2023-10-12,-1.3895234266720182,1.0898714796262516
2023-10-13,-1.843311519672431,0.03891939695593882
2023-10-16,-1.9288791319526302,0.028857231518327617
2023-10-17,-1.4672489948655723,0.45108599101965247
2023-10-18,-1.8088391727589803,0.0572561741699547
2023-10-19,-1.0805861777739287,1.2488257629477304
2023-10-20,-1.7009939351557024,0.07340799145553827
2023-10-23,-1.8205968825844159,0.03674328221454423
2023-10-24,-1.5838598132478348,0.08928801539540719
2023-10-25,-2.1767095127305267,0.020075386251018214
2023-10-26,-1.7864204118838745,0.05027747997931602
2023-10-27,-1.473745704715998,0.1598273732055169
2023-10-30,-1.8942134392316445,0.04921748013660566
2023-10-31,-1.2804991591855364,0.47202970634300784
2023-11-01,-1.574993882656159,0.08700490518454831
2023-11-02,-1.8091637345824214,0.044822593065486256
2023-11-03,-1.2268626042657431,1.572218509204399
2023-11-06,-2.21562745923888,0.016032574773348435
2023-11-07,-2.097578727027236,0.020831896731902937
2023-11-08,-2.128762380138705,0.02398010216789693
2023-11-09,-1.5270787423900871,0.34911885316491487
2023-11-10,-1.912436539045241,0.03411701357644858
2023-11-13,-2.261509445678436,0.014992570736966087
2023-11-14,-0.612724672281664,11.750756828269592
2023-11-15,-1.7896605675892305,0.06104760337736253
2023-11-16,-1.7193972122679593,0.1302885017618905
2023-11-17,-1.7891288144608024,0.05023416802539945
2023-11-20,-1.9193076641855094,0.046392875581231056
2023-11-21,-2.0374337173447867,0.02524676402513301
2023-11-22,-1.6009994415528046,0.101947765099324
2023-11-23,-2.461147389098292,0.040285178561528155
2023-11-24,-2.2610787872757268,0.023131345685163136
2023-11-27,-2.2478747201790643,0.016011937863252074
2023-11-28,-1.7114031668332517,0.0807538371418166
2023-11-29,-1.693111004009836,0.12246746262778238
2023-11-30,-1.3881638954751114,0.11540865242086304
2023-12-01,-1.5225901888522433,0.08673506631226456
2023-12-04,-1.7106213907666925,0.05514343143217529
2023-12-05,-1.5572910915868294,0.3789541950489533
2023-12-06,-1.9593224905931141,0.028291670726182716
2023-12-07,-1.7542701199666073,0.05606028558322604
2023-12-08,-1.1807663440704343,0.8249264585295757
2023-12-11,-2.1036195925179575,0.021727514312936562
2023-12-12,-1.7363515155371427,0.088244875250025
2023-12-13,-0.888983096551001,4.244210825290518
2023-12-14,-1.0722375060094207,0.32961096936092804
2023-12-15,-1.3063151586299089,0.5179588424197422
2023-12-18,-2.255077396092152,0.014964011731298972
2023-12-19,-2.0031615084599825,0.06000674515948354
2023-12-20,-2.087845630357476,0.03130321101972454
2023-12-21,-1.951165842163567,0.048772284052287104
2023-12-22,-1.8506885530554749,0.03611534765457108
2023-12-26,-2.554261753649642,0.015753383948956368
2023-12-27,-2.0286057932480186,0.06381041960236854
2023-12-28,-1.514018965241693,0.25590722898195817
2023-12-29,-1.8421107326428934,0.05604708073402553
2024-01-02,-1.8138621173372058,0.052733058444483165
2024-01-03,-1.660627919254919,0.11086808666696747
2024-01-04,-2.116584570233878,0.032745162038984046
2024-01-05,-0.977305834977685,1.7618493441298684
2024-01-08,-2.2165587921550376,0.015786214317834394
2024-01-09,-1.9650362237732084,0.024939017448192123
2024-01-10,-2.2201324013677746,0.03179658567124424
2024-01-11,-1.326648328452275,0.27248757069308893
2024-01-12,-1.8352694459545722,0.07182024059774585
2024-01-15,-2.6237440438105866,0.007574338646175743
2024-01-16,-1.5934719048734394,0.12685176504072976
2024-01-17,-1.9362482853556624,0.0376264310220709
2024-01-18,-1.9157813362405536,0.04181813069333192
2024-01-19,-2.268230389217509,0.015734440916611192
2024-01-22,-2.219978989595345,0.018301657010795513
2024-01-23,-2.1032285556333585,0.027303935235185612
2024-01-24,-1.6237785731815157,0.130076241800492
2024-01-25,-1.610297931609079,0.18830810191250447
2024-01-26,-1.9101990321556954,0.04602188944943737
2024-01-29,-2.2477349774243267,0.02564594073677935
2024-01-30,-2.2082179559123483,0.02476584313911435
2024-01-31,-1.0328161312773168,1.4668576159372568
2024-02-01,-1.7941069946303618,0.0340365247244315
2024-02-02,-0.7173430471540683,10.17776908620994
2024-02-05,-2.062141680088363,0.04972811117294548
2024-02-06,-2.279385447393915,0.016767044957607526
2024-02-07,-2.3930788084798373,0.01784739324670707
2024-02-08,-2.512110346870262,0.014109731043500169
2024-02-09,-2.289285729457,0.03441572791896632
2024-02-12,-2.5653846413001324,0.009783171056965774
2024-02-13,-0.7899282893598744,10.458935504173374
2024-02-14,-2.45719220889285,0.012969177895693197
2024-02-15,-2.340031101158566,0.048306710008516995
2024-02-16,-2.0544773283701603,0.2398909470875654
2024-02-19,-3.2196369794538553,0.002156775775648822
2024-02-20,-2.3974020576108375,0.012717493952664208
2024-02-21,-2.604987964910066,0.009211602668961646
2024-02-22,-1.7881981963668119,0.20349945727895272
2024-02-23,-2.568057561617725,0.010306874266910675
2024-02-26,-2.7072116001180953,0.008728134777625926
2024-02-27,-2.688470783137677,0.011122517684966938
2024-02-28,-2.6515338129985,0.009338252469682016
2024-02-29,-2.2089943307219984,0.025686845410295263
2024-03-01,-2.328056269577009,0.02290777392739697
2024-03-04,-2.823782591789831,0.006080687434868804
2024-03-05,-2.463617710063996,0.10565161746008511
2024-03-06,-2.785721373977104,0.006479967087224877
2024-03-07,-2.0430974178798147,0.04883630432381714
2024-03-08,-1.9083792624676421,0.12608274906421474
2024-03-11,-2.8545116901411833,0.005790715960201281
2024-03-12,-2.4321731500600348,0.04210675018777941
2024-03-13,-2.9920878515250484,0.00334410444042913
2024-03-14,-2.5371939254670663,0.011710136426632834
2024-03-15,-2.926375976546214,0.004542614478370059
2024-03-18,-3.2277115769781237,0.002277730614100016
2024-03-19,-3.058371393344875,0.0031823300390242675
2024-03-20,-1.6906904894866062,0.3100852991077524
2024-03-21,-2.301341069941998,0.02682166171821927
2024-03-22,-2.7178758284055653,0.006667141764116402
2024-03-25,-2.820727920552754,0.00892884136445594
2024-03-26,-2.828120127834138,0.0051121591425326825
2024-03-27,-3.060299154729955,0.0037331339077775415
2024-03-28,-2.2977856642698087,0.02621252573844607
2024-03-29,-3.0405760083894093,0.011339614045813226
2024-04-01,-2.34295099147472,0.17236564700461587
2024-04-02,-2.376476502029949,0.029589448475639466
2024-04-03,-2.376039156329417,0.05400497834338181
2024-04-04,-2.6873056746417445,0.00590449806069148
2024-04-05,-1.5093302565087579,1.0433062544028986
2024-04-08,-2.7680511096021725,0.006927654764638822
2024-04-09,-2.824478624935878,0.004908496622556918
2024-04-10,-0.5136282686098731,18.78693094047892
2024-04-11,-1.6378589998951005,0.1866101694968271
2024-04-12,-2.0029443453739395,0.042007816210986024
2024-04-15,-1.777920627050907,0.18100024943484327
2024-04-16,-1.6427338559981248,0.05855496324463282
2024-04-17,-1.8703384521512445,0.02983488892781562
2024-04-18,-2.3453564859477214,0.017084543190930147
2024-04-19,-1.8120296764017048,0.0370394773743121
2024-04-22,-2.4098428347858167,0.012878687048689302
2024-04-23,-1.4580636646873089,0.5212748162742504
2024-04-24,-2.3822996670491374,0.016204438838647674
2024-04-25,-1.9507775422487417,0.06477131149967483
2024-04-26,-2.1646785432542064,0.03324277376282627
2024-04-29,-2.1342683570150283,0.026322838627927902
2024-04-30,-1.7252059362732721,0.19241347328832217
2024-05-01,-1.6430019624403696,0.1819799136909268
2024-05-02,-1.8920975688924748,0.04416443869843509
2024-05-03,-1.138564218095997,3.640412745589827
2024-05-06,-3.0732787249775124,0.0023488835955425124
2024-05-07,-2.698911401385176,0.006509841781418145
2024-05-08,-3.0945467708411885,0.0030205787639754665
2024-05-09,-2.491424375670532,0.09499346157606153
2024-05-10,-2.7414722389473622,0.010592834740777416
2024-05-13,-3.006039470251283,0.013212981671948692
2024-05-14,-2.453928960603898,0.0357657493000773
2024-05-15,-1.8762623606545121,0.4529729879118828
2024-05-16,-2.805858472504587,0.0066109215223477645
2024-05-17,-2.8295414010995596,0.006063308983300495
2024-05-20,-3.1610946697351245,0.002151700545927329
2024-05-21,-2.833934297307722,0.011004419104281193
2024-05-22,-2.7113387478920816,0.006821204598001563
2024-05-23,-2.1038930130593063,0.15397215516998608
2024-05-24,-3.125469107706012,0.0025742512577554173
2024-05-27,-2.9599416994507735,0.01083772222667116
2024-05-28,-3.005628799798194,0.004889170879056468
2024-05-29,-2.3259145441417277,0.03379923009067533
2024-05-30,-2.652741481658407,0.015753113305539742
2024-05-31,-2.3404139123499497,0.03166063527735536
2024-06-03,-2.358173473808867,0.0847483065193611
2024-06-04,-2.587196673120069,0.0115365578034612
2024-06-05,-2.4240074131235505,0.1007060616845482
2024-06-06,-2.3941482345615968,0.07299434123931364
2024-06-07,-1.0423788848167495,6.482466978428389
2024-06-10,-2.426808945294164,0.010471676189748272
2024-06-11,-2.2873077911368696,0.02931493314017998
2024-06-12,-1.0091356090877428,4.747396849327193
2024-06-13,-1.9376681988407485,0.16674489633263642
2024-06-14,-1.9451513334283488,0.03547306277816313
2024-06-17,-2.4722386580381475,0.014137915645020403
2024-06-18,-2.240139890368866,0.04990669720517324
2024-06-19,-2.944633022192221,0.006405138288203131
2024-06-20,-2.467495112445968,0.012237301969416527
2024-06-21,-1.88692533063642,0.2254935588406056
2024-06-24,-2.733880046164724,0.006547672643053675
2024-06-25,-2.8508159118335783,0.005379227479543754
2024-06-26,-2.359027240524618,0.01739764173086918
2024-06-27,-2.4738873952444815,0.033959403279076365
2024-06-28,-2.221575369067937,0.030060995144915337
2024-07-01,-2.1154368462414337,0.025357367569220596
2024-07-02,-2.597581269078728,0.011376743067216567
2024-07-03,-2.274933148161246,0.04248766336361786
2024-07-04,-3.325550887608879,0.0022139570264169857
2024-07-05,-2.350686646918031,0.05686838066111198
2024-07-08,-2.461842132930715,0.033470348613199565
2024-07-09,-2.921312409766522,0.005361392150907985
2024-07-10,-3.3768168555545564,0.0020761694200767205
2024-07-11,-1.4330471516067373,1.7645695520661406
2024-07-12,-2.7929757462518676,0.006640310161224373
2024-07-15,-2.6777368608852683,0.006508120579383244
2024-07-16,-2.7382568193210233,0.016037421629244854
2024-07-17,-2.599733116180695,0.01026433252207472
2024-07-18,-2.912722523729348,0.004937423957595506
2024-07-19,-2.907353520044062,0.004838633856292807
2024-07-22,-2.910088741065776,0.0034073946546125874
2024-07-23,-2.860247045537932,0.004968955827105174
2024-07-24,-2.673810396091399,0.017801624403183586
2024-07-25,-2.321814944475933,0.035163218846860855
2024-07-26,-2.9089448858866005,0.006750819810504907
2024-07-29,-2.8431764739581418,0.007445940799353974
2024-07-30,-2.730389899884518,0.012556090961754699
2024-07-31,-2.039110184229418,0.031484125688582734
2024-08-01,-2.00384720149181,0.06676255279806768
2024-08-02,-1.4983089383829458,0.4185507546612283
2024-08-05,-0.8998655526047304,0.387016738020711
2024-08-06,-2.170097443866349,0.01896554288576945
2024-08-07,-2.480295051366712,0.007531892374529042
2024-08-08,-2.1087505646989517,0.06632666068714166
2024-08-09,-3.062041407802222,0.0030584614443845788
2024-08-12,-2.8731257251300226,0.005112363995090746
2024-08-13,-2.476829853227076,0.030452485233628687
2024-08-14,-2.173873080034644,0.053764150038942006
2024-08-15,-1.6890814261199036,1.263465696792356
2024-08-16,-3.069673992857569,0.003335747558522509
2024-08-19,-2.5020638191892295,0.016262719478384133
2024-08-20,-2.5303321571218773,0.011026790076065529
2024-08-21,-1.957998935723658,0.08147850668494284
2024-08-22,-2.02071184490973,0.09725951926808053
2024-08-23,-1.3547471173910821,1.397105178628827
2024-08-26,-2.5169465953712384,0.010477683994562554
2024-08-27,-2.4757738680183823,0.011269577656120845
2024-08-28,-2.001029827457172,0.024063207292605544
2024-08-29,-1.3759463631647346,1.0877427268735247
2024-08-30,-2.060207600070602,0.03075945310849757
2024-09-02,-2.721332613928293,0.006323758549379572
2024-09-03,-2.227797277569928,0.026320256925955153
2024-09-04,-2.0642306817900558,0.10063775350635523
2024-09-05,-2.042132183669528,0.07602447993680869
2024-09-06,-1.2278426505505893,0.5221825252359188
2024-09-09,-2.453005794805785,0.012182555227358241
2024-09-10,-2.78416120204685,0.0074162709917672594
2024-09-11,-1.9906226642917155,0.08397118061175629
2024-09-12,-2.08983484010253,0.03655896572212932
2024-09-13,-2.82168147621258,0.004557936355608379
2024-09-16,-2.6067072569761103,0.011096968540817353
2024-09-17,-2.409235559546771,0.023485674089014676
2024-09-18,-1.0268083428487194,1.2138932378476095
2024-09-19,-1.6665673611739844,0.057101915377047376
2024-09-20,-2.277133667923897,0.015048800433187124
2024-09-23,-1.773391199181602,0.16216354201717975
2024-09-24,-2.359132123709728,0.015276389957378704
2024-09-25,-2.0410582031974256,0.040966139965136456
2024-09-26,-1.4033917215813156,0.19649999644742266
2024-09-27,-1.6160505100393205,0.11398800054394628
2024-09-30,-1.4966811019252464,0.1329214085618936
2024-10-01,-1.8044235342172004,0.06496651951015657
2024-10-02,-2.209504789844712,0.01753659283606487
2024-10-03,-2.3539584078790368,0.01645189051791588
2024-10-04,-1.0894568181453488,5.212201320784961
2024-10-07,-2.221667219185705,0.0191362381849566
2024-10-08,-2.519698515658367,0.009075340784709984
2024-10-09,-2.4984199365115263,0.013166796944417771
2024-10-10,-1.8122356319634259,0.16238290308535613
2024-10-11,-2.2520960555434955,0.13179696411830705
2024-10-14,-2.604694643743843,0.012031185165383085
2024-10-15,-2.64400227029998,0.007837756342694582
2024-10-16,-2.720311205261885,0.0071435489672796535
2024-10-17,-1.7321853433097516,0.23016533850156193
2024-10-18,-2.8229613446451616,0.008011822756805601
2024-10-21,-3.011778659615816,0.0029802213001940913
2024-10-22,-2.6657398857233106,0.010008927813066056
2024-10-23,-2.6056195466028433,0.010873458261600626
2024-10-24,-2.125016438699124,0.1620056163850968
2024-10-25,-2.7456102800887265,0.01027892004594579
2024-10-28,-2.720373097200916,0.004637844775624626
2024-10-29,-2.012805099859698,0.04359561018558429
2024-10-30,-1.7103406279171811,0.2752041358405695
2024-10-31,-2.0826465067577984,0.044451678103425867
2024-11-01,-1.6516742260575479,0.6128291519397376
2024-11-04,-2.147249430782293,0.018858939016472467
2024-11-05,-2.8019927556142585,0.008146152252387778
2024-11-06,0.00038277958098551445,1.6143872674720936
2024-11-07,-0.9959566813635796,0.3961770731868809
2024-11-08,-1.5970236272505132,0.05804915122238563
2024-11-11,-1.6542363915313596,0.0629875114352829
2024-11-12,-1.9254352985072154,0.024944558414107566
2024-11-13,-1.137236367197137,0.3045114735072158
2024-11-14,-1.1801466156600637,0.23732827499854242
2024-11-15,-1.271232211787166,0.30331386148942124
2024-11-18,-1.8983553736495367,0.03511914646777923
2024-11-19,-1.2029781429376845,0.657167777848139
2024-11-20,-1.7419953883383161,0.05422375085372418
2024-11-21,-1.3477545886955575,0.1993400429666777
2024-11-22,0.16558083975573593,34.80784561916267
2024-11-25,-0.9604178339248213,0.26553974003468983
2024-11-26,-0.7217000955645657,0.44972032707098164
2024-11-27,-1.0069721650033203,0.3281940748780277
2024-11-28,-1.8703895126922458,0.0467684895643879
2024-11-29,-1.3879917673138273,0.09451053672251793
2024-12-02,-0.9671654995891018,0.4697592604984341
2024-12-03,-1.5313576452006297,0.07082007135847855
2024-12-04,-1.3772698626590103,0.11035790662134069
2024-12-05,-1.5109064887262018,0.09309587522743552
2024-12-06,-1.0643074651291635,0.9105830044760411
2024-12-09,-1.8037344232043302,0.04588627144820247
2024-12-10,-1.9503449381336204,0.02816896610376922
2024-12-11,-1.4848234754433667,0.12620099041366514
2024-12-12,-1.424564524550315,0.1095311612443164
2024-12-13,-1.7598001742475606,0.09009400434672196
2024-12-16,-1.6207843417623782,0.06741937627798898
2024-12-17,-2.03123912447132,0.052840390464752245
2024-12-18,-0.48268347628916036,6.765787560705375
2024-12-19,-1.1610536501918365,0.14177378142595345
2024-12-20,-1.3180169184372983,0.14540644704825698
2024-12-23,-1.7423166040037166,0.0499526354716933
2024-12-24,-2.1677852294868063,0.018974575994049055
2024-12-26,-2.65428014610052,0.015009600311697338
2024-12-27,-2.1820336421610858,0.022763718297992366
2024-12-30,-1.4076074025871146,0.2544007289964062
2024-12-31,-1.9443111774237407,0.03067975946482293
2025-01-02,-0.828413095454152,1.684909431285879
2025-01-03,-1.9371563206787794,0.030699021720508098
2025-01-06,-0.33299041552701714,6.398946990431203
2025-01-07,-1.2025802815941207,0.47574452076259427
2025-01-08,-1.4130357288291802,0.13979822607372772
2025-01-09,-2.1460356918087347,0.022295759021656626
2025-01-10,-0.09181932449519799,38.0629736914389
2025-01-13,-1.2348859042371805,0.3927109499919197
2025-01-14,-1.2546986546974015,0.1196162508195502
2025-01-15,-0.9952268832645533,1.8846190831111027
2025-01-16,-1.2808761029100695,0.3701286475507239
2025-01-17,-1.462718638247507,0.12344929856920366
2025-01-20,0.16689491547635235,42.00136456253503
2025-01-21,-0.7686433976296073,3.0012712141147926
2025-01-22,-1.5062920169228122,0.24776280590067687
2025-01-23,-1.8365446985883682,0.060518694887272566
2025-01-24,-1.35788035179769,0.11027582425330774
2025-01-27,-1.5475521791672162,0.05945908216542071
2025-01-28,-1.412263292155667,0.13390443650780284
2025-01-29,-1.4752683393177985,0.1513424244605411
2025-01-30,-0.7344268699264961,2.7189700102237486
2025-01-31,-0.8784292877787652,0.6775057958588584
2025-02-03,0.1319691977830217,10.1038337138592
2025-02-04,-1.3286179250731183,0.1553726721691772
2025-02-05,-1.6432505952144711,0.0662037632289306
2025-02-06,-1.87123355569482,0.03782621869355436
2025-02-07,-0.7505146295596858,2.4704430761214957
2025-02-10,-1.816780537296301,0.08780953975452174
2025-02-11,-2.288057448167956,0.03510174205774324
2025-02-12,-0.8306212475663816,2.960403715024165
2025-02-13,-0.9297208810662869,0.7557826824424655
2025-02-14,-1.8754018929752703,0.031049346408479152
2025-02-17,-2.538873461048222,0.007895299143574157
2025-02-18,-2.124033160438198,0.021378037834848963
2025-02-19,-2.156964133785075,0.02248123907861991
2025-02-20,-1.971472587633197,0.024498376234839785
2025-02-21,-1.7597152573526202,0.11862870703471241
2025-02-24,-1.5427883728861065,0.09358941264900747
2025-02-25,-1.855592192809806,0.03905166209690018
2025-02-26,-1.5083345015930814,0.3266851252217801
2025-02-27,-1.5621929907974221,0.1513752687163265
2025-02-28,-1.5436874411415231,0.13808721636562646
2025-03-03,-1.3886930376046136,0.11206906154293224
2025-03-04,-0.8990110085218086,0.28908914312580913
2025-03-05,-0.4526750528190718,0.5671153006599287
2025-03-06,-0.5513043837809499,1.1214838277920736
2025-03-07,-0.6824923412856304,1.2729608473127552
2025-03-10,-0.7871948775091197,0.9094995148958218
2025-03-11,-1.037716837686339,0.2576125021508336
2025-03-12,-1.4854989167821926,0.11073101244077523
2025-03-13,-1.3863510839958142,0.11896890836211067
2025-03-14,-1.2879816021119443,0.1440853638362369
2025-03-17,-1.9849221345502177,0.023251626518967432
2025-03-18,-1.6822847512796149,0.0816745458025779
2025-03-19,-1.2315682330039412,0.41799683468619386
2025-03-20,-1.4867465760055563,0.07622582376330107
2025-03-21,-1.688723394298161,0.05927060639481337
2025-03-24,-1.4119709673731462,0.1045713514501084
2025-03-25,-1.9613470773785875,0.0290440099226858
2025-03-26,-1.833315978714994,0.07798996100835477
2025-03-27,-1.4835820575268315,0.08539070674359599
2025-03-28,-1.6332874823206682,0.07179335054536647
2025-03-31,-1.372167776031122,0.1638418299091935
2025-04-01,-1.5393211718710498,0.15370386094046048
2025-04-02,-0.7142722404721332,2.8470657766322853
2025-04-03,0.28326201438803567,5.189882577456045
2025-04-04,0.10528487720747963,2.0449379726615375
2025-04-07,0.1680380196973864,1.715185341587483
2025-04-08,-0.5222659967930072,0.5255128024798564
2025-04-09,0.5535321828184618,14.54273248393235
2025-04-10,0.0751135089784068,1.554015060300546
2025-04-11,1.0410182394504202,20.892990073604086
2025-04-14,-0.18466967980559484,0.749193560749896
2025-04-15,-0.6269576880974168,0.44557544127958665
2025-04-16,-0.6520205960234797,0.4194349727951231
2025-04-17,-0.9982094597930574,0.2129035292283512
2025-04-18,-2.301494649762613,0.047618352042336054
2025-04-21,-0.5009200340395286,0.8742839551612402
2025-04-22,-0.7267431976696936,0.3344760279048557
2025-04-23,-0.011264083426872972,2.7035109444558967
2025-04-24,-1.1655878340831365,0.12286465032505857
2025-04-25,-1.291519264855281,0.09783415517306823
2025-04-28,-1.1036270998656417,0.17468354529863384
2025-04-29,-1.048400927814454,0.23257175820203477
2025-04-30,-1.1129752346013555,0.1402468655620617
2025-05-01,-1.1229753529631685,0.17470396021969123
2025-05-02,-0.8939080131542209,0.4345005879099526
2025-05-05,-1.4115555088196285,0.07670891711446504
2025-05-06,-1.19791632836503,0.10237175585410187
2025-05-07,-0.8204310581195265,0.39522783787660476
2025-05-08,-0.9592483216933104,0.2655773962985787
2025-05-09,-1.7027094596471193,0.03920119069149293
2025-05-12,-0.3889806460292715,1.8121921247432558
2025-05-13,-1.4740135830839178,0.07569675453366387
2025-05-14,-0.893558227384904,0.2951609436358173
2025-05-15,-1.3026366999486252,0.13393851555983616
2025-05-16,-1.7006651727663389,0.05800700377918176
2025-05-19,-1.3120412359566396,0.12781085092236194
2025-05-20,-1.6256950290285872,0.0635295068025112
2025-05-21,-1.23651993607542,0.1244919970725153
2025-05-22,-1.204312537558865,0.19300283852454728
2025-05-23,-0.7547537120930671,1.3719405951749357
2025-05-26,-1.8840043591037832,0.03664303905660765
2025-05-27,-1.6712694273800934,0.050913990403615564
2025-05-28,-1.5400977051434928,0.0873525129119033
2025-05-29,-0.6701297894005459,1.309549730078439
2025-05-30,-1.3225025058869717,0.14723698816978353
2025-06-02,-1.6400399183416423,0.0760147558230562
2025-06-03,-1.7558781942369492,0.06168938099665844
2025-06-04,-1.5388035717675548,0.2120519960750862
2025-06-05,-1.2544962981915102,0.24184558258588643
2025-06-06,-1.5484426208469628,0.11948832792441962
2025-06-09,-2.0895896767778153,0.020574568336037713
2025-06-10,-1.6150914377220107,0.08795499357315043
2025-06-11,-1.2826544365223904,1.992903479781905
2025-06-12,-1.0681176340337075,0.3545514189924839
2025-06-13,-0.5782606391352639,0.9052567870391102
2025-06-16,-1.6050768031701672,0.05954462976017427
2025-06-17,-1.4642955244673934,0.0952621267055933
2025-06-18,-1.1397118768384595,0.6535299451375575
2025-06-19,-1.7902188150518172,0.036818566630745835
2025-06-20,-1.8729558976728775,0.04086357158188146
2025-06-23,-1.0645736240360977,0.3434038473188059
2025-06-24,-1.376784107282621,0.1190727928044152
2025-06-25,-2.0719004875063076,0.023674637177913058
2025-06-26,-1.3690436912258168,0.07986358631924832
2025-06-27,-1.451751622297999,0.10216602902390655
2025-06-30,-1.6794076334309145,0.04991323752948011
2025-07-01,-1.500444780408242,0.12423280523807355
2025-07-02,-1.5485512928066452,0.18438247210568956
2025-07-03,-0.7489749397394282,7.923118850730741
2025-07-04,-2.4484968232314657,0.011622479082296027
