date,lnRV
2012-01-12,-2.6952055913327064
2012-01-13,-2.2290806580181086
2012-01-16,-2.721354075924971
2012-01-17,-2.368169591692152
2012-01-18,-2.6717325464746247
2012-01-19,-2.292899030131472
2012-01-20,-1.6692301708031925
2012-01-23,-2.653959516344475
2012-01-24,-1.328432468451877
2012-01-25,-0.6441273434744363
2012-01-26,-1.5536681344898857
2012-01-27,-1.1074996669313109
2012-01-30,-2.1492201987673627
2012-01-31,-1.5905919503734036
2012-02-01,-2.089968640632402
2012-02-02,-2.5467185530360417
2012-02-03,-1.4839066360822073
2012-02-06,-2.0961157089431626
2012-02-07,-1.9408329694689461
2012-02-08,-1.6645557529360224
2012-02-09,-1.602012711329228
2012-02-10,-2.0119427922848363
2012-02-13,-1.9036151522481994
2012-02-14,-1.0082098401803752
2012-02-15,-1.1664522515283826
2012-02-16,-1.752731443688893
2012-02-17,-1.6431471297028306
2012-02-20,-1.2187103630177576
2012-02-21,-1.7633791910045833
2012-02-22,-1.480393373610134
2012-02-23,-1.5288546573184485
2012-02-24,-1.081231742619851
2012-02-27,-0.16975134894715294
2012-02-28,-0.5694116061198965
2012-02-29,-0.849760473448752
2012-03-01,-0.8415633803904493
2012-03-02,-1.2078183909595648
2012-03-05,-0.923208074268701
2012-03-06,-1.018315612728458
2012-03-07,-1.006090465153127
2012-03-08,-0.980667796581423
2012-03-09,-0.5303739069570612
2012-03-12,-1.4044291484255227
2012-03-13,-0.6151789743987129
2012-03-14,-1.1796050510115537
2012-03-15,-0.5888158218089575
2012-03-16,-0.6764306760460201
2012-03-19,-1.2020348610012912
2012-03-20,-1.300081284701468
2012-03-21,-1.1743455119165715
2012-03-22,-0.2391845783432811
2012-03-23,-0.9805458945156156
2012-03-26,-0.9733069573282042
2012-03-27,-1.1215642143962532
2012-03-28,-0.89970673742116
2012-03-29,-0.9551216803107143
2012-03-30,-0.6108192324880497
2012-04-02,-0.6022714196215113
2012-04-03,-0.30282846248016415
2012-04-04,-0.8735277647887975
2012-04-05,-1.094305539684012
2012-04-06,0.07873388382930746
2012-04-10,-0.6861687013807252
2012-04-11,-0.9598547364100135
2012-04-12,-1.509265324150102
2012-04-13,-1.5214278505002305
2012-04-16,-1.3306882104510565
2012-04-17,-1.5895335147117835
2012-04-18,-1.464979844302797
2012-04-19,-1.3522130132078034
2012-04-20,-1.8708072813175463
2012-04-23,-1.8195126907300716
2012-04-24,-1.6467574836557226
2012-04-25,-1.0928539164621889
2012-04-26,-1.3945707904631972
2012-04-27,-0.38837260005016166
2012-04-30,-1.7832847432838583
2012-05-01,-1.0912626228377371
2012-05-02,-1.5735263740530852
2012-05-03,-1.895684323987526
2012-05-04,-1.6350339156103766
2012-05-07,-1.5354132461139463
2012-05-08,-2.04330159454381
2012-05-09,-2.004975046370461
2012-05-10,-1.8499230960612958
2012-05-11,-2.0610051736249226
2012-05-14,-1.941993649768553
2012-05-15,-2.010674506378219
2012-05-16,-1.9665857526255
2012-05-17,-0.5600210956697709
2012-05-18,-1.6224172887138764
2012-05-21,-1.908728762866559
2012-05-22,-1.426373015131978
2012-05-23,-1.2896550820013626
2012-05-24,-2.367435484761842
2012-05-25,-2.3675388874461607
2012-05-28,-2.4005108771288985
2012-05-29,-2.1399844839327136
2012-05-30,-1.7391863446301912
2012-05-31,-1.1987368370794884
2012-06-01,-0.2044236140900294
2012-06-05,-1.2417951791216357
2012-06-06,-1.0277516749208093
2012-06-07,-1.1276535700870507
2012-06-08,-1.2979629329818747
2012-06-11,-1.1237759893058517
2012-06-12,-1.3569507115557298
2012-06-13,-1.8342004733534987
2012-06-14,-1.8140628265225511
2012-06-15,-1.1730723318801541
2012-06-18,-1.2109578187721142
2012-06-19,-2.030990887319663
2012-06-20,-0.9914278671830207
2012-06-21,-1.1500405247221983
2012-06-22,-1.618410695216987
2012-06-25,-1.314656454446587
2012-06-26,-1.261097676871358
2012-06-27,-1.729879418208258
2012-06-28,-1.776303680510264
2012-06-29,-0.9260546317247724
2012-07-02,-1.1355057676938929
2012-07-03,-1.7227705175380297
2012-07-04,-2.345102145307896
2012-07-05,-1.2622943338888661
2012-07-06,-1.6510677476833382
2012-07-09,-2.0783712165349995
2012-07-10,-2.055387441981605
2012-07-11,-1.7202194826143178
2012-07-12,-1.2066439907578217
2012-07-13,-1.9500875668666666
2012-07-16,-1.9156380615964637
2012-07-17,-1.8216461870691718
2012-07-18,-2.3190714155397787
2012-07-19,-2.0799416867534672
2012-07-20,-2.402492792654887
2012-07-23,-2.128235296189794
2012-07-24,-2.293126880365705
2012-07-25,-2.5344281407819476
2012-07-26,-2.050897178200611
2012-07-27,-1.4308886624801982
2012-07-30,-2.086924469191908
2012-07-31,-2.5257988663756303
2012-08-01,-1.6519968759087882
2012-08-02,-2.116034329281225
2012-08-03,-1.1504852255732527
2012-08-06,-1.996299646405728
2012-08-07,-2.3042384146124912
2012-08-08,-1.957278299105346
2012-08-09,-1.7066144046012266
2012-08-10,-2.3463405420717107
2012-08-13,-2.5961928984159233
2012-08-14,-1.7705748550978617
2012-08-15,-1.7409340008671785
2012-08-16,-1.7643289976185519
2012-08-17,-2.2982799194509154
2012-08-20,-2.400243067313529
2012-08-21,-2.375814437409643
2012-08-22,-0.9325954970640024
2012-08-23,-2.026243936137179
2012-08-24,-2.09295329706294
2012-08-27,-2.876449904082109
2012-08-28,-2.4789086702261556
2012-08-29,-2.8782804167963603
2012-08-30,-3.000439088538642
2012-08-31,-1.4373667486005701
2012-09-03,-3.0055077013324665
2012-09-04,-2.4691516663812942
2012-09-05,-2.9066455121053068
2012-09-06,-1.9803191755952883
2012-09-07,-1.143871619693039
2012-09-10,-3.0226322427539696
2012-09-11,-2.3582756806093093
2012-09-12,-2.1517264666319753
2012-09-13,-1.3074131276454952
2012-09-14,-1.0863621449442284
2012-09-17,-1.5210327338422687
2012-09-18,-1.973269519264576
2012-09-19,-0.897327146235522
2012-09-20,-1.4364827589335407
2012-09-21,-2.3278484524142087
2012-09-24,-2.236978605188278
2012-09-25,-2.2729729622499866
2012-09-26,-2.2295051074035594
2012-09-27,-2.713970645867823
2012-09-28,-1.9590976895070196
2012-10-01,-1.8195737396410694
2012-10-02,-2.607315942715448
2012-10-03,-2.5798381902136227
2012-10-04,-1.9492561910060289
2012-10-05,-1.5000211225129358
2012-10-08,-1.8793960875742803
2012-10-09,-2.368869440136868
2012-10-10,-2.6570156630613537
2012-10-11,-1.7065856418947838
2012-10-12,-2.299439588866074
2012-10-15,-2.0619513381075665
2012-10-16,-1.9140307559558263
2012-10-17,-1.8783807599897664
2012-10-18,-1.7242448001907789
2012-10-19,-2.3086735132517044
2012-10-22,-1.7564632327049485
2012-10-23,-1.7987386314518925
2012-10-24,-2.3865248271287647
2012-10-25,-1.8796471337315528
2012-10-26,-1.4264995058856593
2012-10-29,-2.0622610573070714
2012-10-30,-0.5346046573867191
2012-10-31,-2.2061924854839527
2012-11-01,-2.2045875663683776
2012-11-02,-1.5970824507724695
2012-11-05,-2.176492809249597
2012-11-06,-2.2850189870757296
2012-11-07,-1.0806436517574673
2012-11-08,-1.6305085691235615
2012-11-09,-1.647158176850297
2012-11-12,-2.6681000823339773
2012-11-13,-1.938707819335223
2012-11-14,-1.7143397346507976
2012-11-15,-0.9955947283839575
2012-11-16,-1.3928101645234654
2012-11-19,-1.4103551734182636
2012-11-20,-1.5954893008952966
2012-11-21,-1.4701281494784049
2012-11-22,-1.3076198888310948
2012-11-23,-1.4657281077965454
2012-11-26,-1.4492003094915276
2012-11-27,-1.3794210452815683
2012-11-28,-1.4515652437396145
2012-11-29,-1.8657418586812617
2012-11-30,-1.4843815262509392
2012-12-03,-1.741892783909566
2012-12-04,-1.934070150672734
2012-12-05,-1.5734830954778272
2012-12-06,-2.0702894792920867
2012-12-07,-1.0312235247846615
2012-12-10,-1.9151961609427846
2012-12-11,-2.3472084408201557
2012-12-12,-1.5601984830212001
2012-12-13,-1.5644489811454922
2012-12-14,-1.2042644690132072
2012-12-17,-0.9527502945332624
2012-12-18,-1.9429247165674082
2012-12-19,-1.7966698776972572
2012-12-20,-1.0808541652585926
2012-12-21,-1.0445027205114552
2012-12-24,-2.3074863010316538
2012-12-25,-2.6485799834269375
2012-12-26,-1.3705667975614932
2012-12-27,-1.206137341451993
2012-12-28,-0.9882049989292004
2012-12-31,-1.1957190537748765
2013-01-02,-1.1063052749477216
2013-01-03,-1.1812605304283783
2013-01-04,-0.48839340404191894
2013-01-07,-1.0077281656738624
2013-01-08,-0.5924698726546297
2013-01-09,-0.9571800624304271
2013-01-10,-1.0020249286175038
2013-01-11,-0.4889867688997894
2013-01-14,-1.2032313024153085
2013-01-15,-0.32717930383239124
2013-01-16,-0.17627191895292674
2013-01-17,-0.15268433122987
2013-01-18,-0.4486465787082715
2013-01-21,-0.8102555245202696
2013-01-22,0.19784156863982869
2013-01-23,-0.7286320714605012
2013-01-24,-0.6628265118525094
2013-01-25,-0.9100557680627593
2013-01-28,-0.8188049331823191
2013-01-29,-0.7689170820847144
2013-01-30,-1.202574826669949
2013-01-31,-1.202531184512745
2013-02-01,-0.5603235869769901
2013-02-04,-0.8300646330830688
2013-02-05,-0.40314942321504105
2013-02-06,-0.6946090764143541
2013-02-07,-0.8776762972086615
2013-02-08,0.0472301560612745
2013-02-11,-0.6006239934903932
2013-02-12,0.13822822825796233
2013-02-13,-0.7676796981485917
2013-02-14,-0.5935267395986884
2013-02-15,-0.21597665343763803
2013-02-18,-1.2597892456480293
2013-02-19,-1.3345161774122674
2013-02-20,-0.7703729001534518
2013-02-21,-0.817940810325141
2013-02-22,-1.0843351849759628
2013-02-25,0.6849795862360449
2013-02-26,0.4317459588794278
2013-02-28,-0.7249322490176141
2013-03-01,-0.7820880646090006
2013-03-04,-1.2686696012577505
2013-03-05,-1.2886890539195242
2013-03-06,-1.5375332979489846
2013-03-07,-1.1800861219735046
2013-03-08,-0.1041424826114469
2013-03-11,-1.6947378349586628
2013-03-12,-0.6632133374267702
2013-03-13,-0.8724757434446171
2013-03-14,-0.9358817890447603
2013-03-15,-0.6679960180379637
2013-03-18,-0.5292714310512174
2013-03-19,-0.8128304189791326
2013-03-20,-0.7620140531329899
2013-03-21,-0.2903615430793751
2013-03-22,-0.7053021986378112
2013-03-25,-0.6854361295649419
2013-03-26,-0.7472927632014165
2013-03-27,-1.1127234243560538
2013-03-28,-1.194461542904348
2013-03-29,-1.8948840994312612
2013-04-01,-0.7943521655296012
2013-04-02,-0.72041727937064
2013-04-03,-1.1228444748748376
2013-04-04,0.462292083231384
2013-04-05,0.4842759498623324
2013-04-08,-0.27683108622406993
2013-04-09,-0.3418808813340301
2013-04-10,-0.7310479695365234
2013-04-11,-0.9022927479042339
2013-04-12,-0.2555143420439161
2013-04-15,0.2965524725613368
2013-04-16,0.39012370026695664
2013-04-17,-0.10970079295181685
2013-04-18,-0.3805696317125198
2013-04-19,-0.6435640957369446
2013-04-22,-1.277435232604025
2013-04-23,0.3634410339081218
2013-04-24,-1.1505173307170347
2013-04-25,-1.0920509742424236
2013-04-26,0.11974527725460272
2013-04-29,-0.7338451180167618
2013-04-30,-0.8963362066662353
2013-05-01,-0.6790258049805294
2013-05-02,-0.4566266254478438
2013-05-03,0.00640112904706532
2013-05-06,-2.208766112224237
2013-05-07,-1.136651549006321
2013-05-08,-1.2952130875660444
2013-05-09,-0.36255286641389595
2013-05-10,-0.4585328849596988
2013-05-13,-1.013717041334901
2013-05-14,-1.1018982496457652
2013-05-15,-0.6833629963509066
2013-05-16,-0.5440776633326944
2013-05-17,-1.1970396483154375
2013-05-20,-0.6558637498583377
2013-05-21,-1.2385922076627598
2013-05-22,-0.420303855730806
2013-05-23,0.6491317929459722
2013-05-24,0.40296922755740516
2013-05-27,-1.1551763187120845
2013-05-28,-0.4755387213801824
2013-05-29,-0.2746641005601024
2013-05-30,-0.005820805625659983
2013-05-31,-0.07157706383881758
2013-06-03,-0.1828733294372099
2013-06-04,-0.4882247945473387
2013-06-05,-0.2712543025531576
2013-06-06,1.1344780145211057
2013-06-07,1.4823198561793363
2013-06-10,-0.021470780076796717
2013-06-11,1.0279778850635015
2013-06-12,0.4494663691870616
2013-06-13,0.770299328382125
2013-06-14,0.6083257299378755
2013-06-17,-0.1704921012680678
2013-06-18,-0.6701148024596373
2013-06-19,0.4578065245346712
2013-06-20,0.3910380169423515
2013-06-21,-0.10912791665804253
2013-06-24,0.05604171523656308
2013-06-25,-0.34401777615975987
2013-06-26,-0.4711820291373828
2013-06-27,-1.0022245883905558
2013-06-28,-0.9863234342014356
2013-07-01,-1.5038698534777015
2013-07-02,-1.2141790155236738
2013-07-03,-0.23363406800724806
2013-07-04,-1.101298779209978
2013-07-05,-0.35166240722269904
2013-07-08,-1.107090562625663
2013-07-09,-1.2171453591234025
2013-07-10,0.4495878088393655
2013-07-11,0.670736220499606
2013-07-12,-0.41899251567364815
2013-07-15,-0.8040438780854626
2013-07-16,-0.7922709166369087
2013-07-17,-0.6565892967620367
2013-07-18,-0.8991984786771962
2013-07-19,-0.6684197933777938
2013-07-22,-0.3923655206583107
2013-07-23,-0.7579095250584625
2013-07-24,-0.9682580421633211
2013-07-25,-0.8379218500046703
2013-07-26,-0.48966295743501526
2013-07-29,-0.7758046255712041
2013-07-30,-1.1566437044424809
2013-07-31,-0.46129028149271745
2013-08-01,-0.8280436906016907
2013-08-02,-0.22619530736833102
2013-08-05,-1.0634133152439131
2013-08-06,-1.003414763024683
2013-08-07,-0.5011288584716683
2013-08-08,-0.42977557052409876
2013-08-09,-0.725131093958068
2013-08-12,-0.8126036898369224
2013-08-13,-0.8009687403947822
2013-08-14,-1.159156707562878
2013-08-15,-0.17680179120167341
2013-08-16,-0.7381261901532818
2013-08-19,-1.033119841215515
2013-08-20,-0.9194462589114214
2013-08-21,-0.5700943301723642
2013-08-22,-0.8810694583145099
2013-08-23,-0.8631692849227114
2013-08-26,-1.4621917784136995
2013-08-27,-0.8111280570376731
2013-08-28,-0.8843010290739722
2013-08-29,-1.047804205594894
2013-08-30,-1.3072830988467254
2013-09-02,-1.3886438961295806
2013-09-03,-0.7628951807401818
2013-09-04,-1.4467151290024496
2013-09-05,-0.9264555283298727
2013-09-06,0.14023782201686083
2013-09-09,-1.156661191863453
2013-09-10,-1.5071160584557532
2013-09-11,-1.0707847630186673
2013-09-12,-1.2198796878990756
2013-09-13,-1.32449303029408
2013-09-16,-1.0066132965598666
2013-09-17,-1.858854369357448
2013-09-18,-0.1794849742274608
2013-09-19,-0.8378187116474896
2013-09-20,-1.4985145429144435
2013-09-23,-1.7763851241141368
2013-09-24,-1.2307585140410235
2013-09-25,-1.5769731158535345
2013-09-26,-0.9598523693368688
2013-09-27,-1.350330002489075
2013-09-30,-0.8744242180412065
2013-10-01,-0.5434923324560806
2013-10-02,-1.1100131303229355
2013-10-03,-0.8833312115452834
2013-10-04,-1.1712611597716458
2013-10-07,-1.5080760475504613
2013-10-08,-1.4259227773695273
2013-10-09,-1.3157937629777121
2013-10-10,-1.5627326247961904
2013-10-11,-1.4600127372602063
2013-10-14,-2.1901869426840044
2013-10-15,-1.2475642777405
2013-10-16,-1.265097499305003
2013-10-17,-1.1568793861171638
2013-10-18,-1.6451599769329381
2013-10-21,-2.149114061884518
2013-10-22,-1.1165848320479044
2013-10-23,-1.3022238441659788
2013-10-24,-1.498071886484354
2013-10-25,-1.6658243137643218
2013-10-28,-2.295875313564069
2013-10-29,-1.963214665558007
2013-10-30,-1.6287869108319881
2013-10-31,-1.7515590336325477
2013-11-01,-1.5059669355020535
2013-11-04,-2.4809375855339963
2013-11-05,-1.7108868967418902
2013-11-06,-2.0993726985518073
2013-11-07,-0.2342768497217027
2013-11-08,-0.6952188345117162
2013-11-11,-2.4357165913012118
2013-11-12,-1.5459065858493402
2013-11-13,-1.5879919258281345
2013-11-14,-1.1683364610166747
2013-11-15,-1.727795998367989
2013-11-18,-1.5756616093094176
2013-11-19,-1.5185280991906296
2013-11-20,-1.082884107506225
2013-11-21,-1.1971374463631923
2013-11-22,-1.6918455848780116
2013-11-25,-1.479528767104924
2013-11-26,-1.5954166627411301
2013-11-27,-1.6935883971590298
2013-11-28,-2.1945729878609637
2013-11-29,-1.8505903075282844
2013-12-02,-1.541939548273163
2013-12-03,-0.8969196826909135
2013-12-04,-0.9088406377218528
2013-12-05,-1.0107630929698126
2013-12-06,-0.8466868216927788
2013-12-09,-1.824009660436343
2013-12-10,-1.5116000277812613
2013-12-11,-1.1840332452576168
2013-12-12,-1.3506021293610615
2013-12-13,-1.202907113610806
2013-12-16,-1.4554115519670578
2013-12-17,-2.1394142802745386
2013-12-18,0.13505286123132137
2013-12-19,-1.451612725272578
2013-12-20,-1.6308539063504754
2013-12-23,-2.6762911157533176
2013-12-24,-2.2832597017368514
2013-12-25,-3.7858851129672475
2013-12-26,-2.5671915845208853
2013-12-27,-2.2665025625746744
2013-12-30,-2.593630533355954
2013-12-31,-2.232968036258819
2014-01-02,-1.6989560082648267
2014-01-03,-1.2457801141024478
2014-01-06,-1.0164222123912139
2014-01-07,-1.5217841438597233
2014-01-08,-1.2745701082017453
2014-01-09,-2.0074159760088786
2014-01-10,-0.7740913695882696
2014-01-13,-1.154706820873055
2014-01-14,-1.395574340564082
2014-01-15,-1.6996979918014623
2014-01-16,-1.6321308483875359
2014-01-17,-2.208361352690722
2014-01-20,-1.9518657621774438
2014-01-21,-1.7616242792847432
2014-01-22,-1.620848481630176
2014-01-23,-0.9301018568951217
2014-01-24,-0.40155913982989544
2014-01-27,-0.5690864243261321
2014-01-28,-0.8674927154419948
2014-01-29,-0.40127951123329286
2014-01-30,-1.0571569859858059
2014-01-31,-0.8537943807894774
2014-02-03,-0.5584130384505552
2014-02-04,-0.8799056338276317
2014-02-05,-0.6726907187892658
2014-02-06,-1.3838803179346275
2014-02-07,0.1677434250562713
2014-02-10,-1.7888598193248229
2014-02-11,-1.4660953806149755
2014-02-12,-1.9214510888415903
2014-02-13,-1.5554062174249006
2014-02-14,-1.223991488147895
2014-02-17,-1.8852825431639078
2014-02-18,-0.9193134619349262
2014-02-19,-1.8405161309840465
2014-02-20,-1.2587356054103311
2014-02-21,-1.9008372660445287
2014-02-24,-2.120335916247221
2014-02-25,-2.1385123221243014
2014-02-26,-2.246858510509173
2014-02-27,-1.5681701503219374
2014-02-28,-1.3873155374022912
2014-03-03,-1.8062983854490817
2014-03-04,-1.8063315892486647
2014-03-05,-2.0107377391384444
2014-03-06,-1.7499868101310807
2014-03-07,-0.7253232074857303
2014-03-10,-1.8783480894846791
2014-03-11,-1.8909754268334376
2014-03-12,-1.8262192864961218
2014-03-13,-1.0789313154209907
2014-03-14,-1.3196399250431212
2014-03-17,-1.7361481643359604
2014-03-18,-1.4604252029330582
2014-03-19,-0.9601312032543324
2014-03-20,-1.989263056345185
2014-03-21,-1.890227949704535
2014-03-24,-1.9097809921303586
2014-03-25,-2.401372680835002
2014-03-26,-2.2071610171371776
2014-03-27,-1.627729316832335
2014-03-28,-1.8896794532484618
2014-03-31,-1.766838698188325
2014-04-01,-2.0964090483742184
2014-04-02,-2.0962393651490876
2014-04-03,-2.328611729478184
2014-04-04,-1.7455099349429823
2014-04-07,-2.049129266366319
2014-04-08,-1.2145489170852124
2014-04-09,-1.4397978158584481
2014-04-10,-1.341160556825239
2014-04-11,-1.5028780342752774
2014-04-14,-2.026281018020473
2014-04-15,-2.0518225246073247
2014-04-16,-2.1092363519574615
2014-04-17,-2.441144026185508
2014-04-18,-3.5883931600919587
2014-04-21,-3.1673598648702446
2014-04-22,-2.8966984491586563
2014-04-23,-2.1975770542826742
2014-04-24,-1.9498264879972877
2014-04-25,-2.4178131465782773
2014-04-28,-2.392245424032423
2014-04-29,-2.9018944838102843
2014-04-30,-1.7359472308543538
2014-05-01,-2.8318400374783845
2014-05-02,-1.1371553321209535
2014-05-05,-2.512731400274988
2014-05-06,-2.313170182923187
2014-05-07,-1.6557632976063397
2014-05-08,-1.973719567918569
2014-05-09,-2.6721528313346656
2014-05-12,-2.760870942068744
2014-05-13,-2.561567624928926
2014-05-14,-2.333733431326248
2014-05-15,-1.6495889312662555
2014-05-16,-2.149625806493674
2014-05-19,-2.269419758648397
2014-05-20,-2.3884096206689116
2014-05-21,-1.6346796063054656
2014-05-22,-2.183876613799793
2014-05-23,-2.8437847503933376
2014-05-26,-3.648245014495074
2014-05-27,-2.7875220014596485
2014-05-28,-2.6442138511018887
2014-05-29,-2.2547021368759204
2014-05-30,-2.6410363404529527
2014-06-02,-2.4710305056604356
2014-06-03,-3.234768004029733
2014-06-04,-2.7345409159576484
2014-06-05,-2.2387719494279725
2014-06-06,-2.1302036514562834
2014-06-09,-3.222477060827921
2014-06-10,-2.842672494055887
2014-06-11,-2.378801712740731
2014-06-12,-2.3362752718786117
2014-06-13,-2.413157961207843
2014-06-16,-2.6802293892473057
2014-06-17,-2.7174289154504487
2014-06-18,-2.3840811144950034
2014-06-19,-2.9289850222859273
2014-06-20,-3.046487498606809
2014-06-23,-3.278015974657227
2014-06-24,-2.9930104220040112
2014-06-25,-2.797189390560498
2014-06-26,-2.6790234337204852
2014-06-27,-2.6842003319704717
2014-06-30,-3.1192731456383274
2014-07-01,-2.9949887759742717
2014-07-02,-2.9797576049599592
2014-07-03,-2.1703587788971057
2014-07-04,-3.682754901983862
2014-07-07,-3.3751820844329385
2014-07-08,-3.0740442671049015
2014-07-09,-2.8942020042672993
2014-07-10,-2.3957330123874647
2014-07-11,-3.0682927553421964
2014-07-14,-3.6007808658131584
2014-07-15,-2.935644957705932
2014-07-16,-3.697902814750437
2014-07-17,-2.7255169900718763
2014-07-18,-2.8017142043321015
2014-07-21,-3.649195957915912
2014-07-22,-2.948950942116299
2014-07-23,-3.3932183677451606
2014-07-24,-3.1822597670527517
2014-07-25,-3.2768339440999164
2014-07-28,-3.643610202553968
2014-07-29,-3.0611960984693827
2014-07-30,-1.9035473794079782
2014-07-31,-2.635811900314249
2014-08-01,-1.7517373089006525
2014-08-04,-3.0583491682756705
2014-08-05,-2.7064659621877936
2014-08-06,-1.612691743435986
2014-08-07,-2.185403668661662
2014-08-08,-1.7351064313857623
2014-08-11,-3.0452584416343047
2014-08-12,-3.013612127726357
2014-08-13,-2.635762692838954
2014-08-14,-2.9170963878127876
2014-08-15,-2.303118583139383
2014-08-18,-3.329792500123123
2014-08-19,-3.052774145367126
2014-08-20,-1.7341930273598134
2014-08-21,-2.5510400335798105
2014-08-22,-1.9290381870675037
2014-08-25,-2.655917716309393
2014-08-26,-2.536884378446187
2014-08-27,-2.6879104401370806
2014-08-28,-2.483523416608512
2014-08-29,-2.696296845334972
2014-09-01,-3.7946919410038795
2014-09-02,-2.209275236666816
2014-09-03,-1.8770581642569992
2014-09-04,-1.7415782988912512
2014-09-05,-1.415139288447278
2014-09-08,-1.891840417021742
2014-09-09,-1.803457213839675
2014-09-10,-1.6169464673652598
2014-09-11,-1.5387783826438461
2014-09-12,-2.230895394745636
2014-09-15,-2.691819192244097
2014-09-16,-1.8704246646321645
2014-09-17,-0.9598593353107014
2014-09-18,-1.444419620113349
2014-09-19,-1.0513519033615037
2014-09-22,-1.7602013272857147
2014-09-23,-1.6974961448482067
2014-09-24,-1.588387958297321
2014-09-25,-1.3283715771620481
2014-09-26,-1.6897059543417745
2014-09-29,-1.6375742188098283
2014-09-30,-1.8450492640618819
2014-10-01,-1.3146770804218029
2014-10-02,-0.6157008118673427
2014-10-03,-0.8998586761910448
2014-10-06,-1.5130914337327617
2014-10-07,-0.8415389127213954
2014-10-08,-0.39736100543036196
2014-10-09,-0.9288064853714246
2014-10-10,-1.3454810213247228
2014-10-13,-1.309924224614887
2014-10-14,-1.207895731248976
2014-10-15,0.055607894890640844
2014-10-16,-0.5117292327477251
2014-10-17,-1.1618024748893019
2014-10-20,-1.6147480102225866
2014-10-21,-1.4704701164367975
2014-10-22,-1.7143338148656808
2014-10-23,-1.5191422596643847
2014-10-24,-1.5092570312437825
2014-10-27,-1.8437142616980007
2014-10-28,-1.5968587660410962
2014-10-29,-1.3697154965384704
2014-10-30,-1.6958632527571216
2014-10-31,0.03542381773692393
2014-11-03,-0.8553718007302952
2014-11-04,-1.082133462023223
2014-11-05,-0.9554972013634422
2014-11-06,-0.3422021974387638
2014-11-07,-0.35803337954932
2014-11-10,-1.2433767344164677
2014-11-11,-0.5195930678462929
2014-11-12,-0.633491613121343
2014-11-13,-1.255392736709355
2014-11-14,-0.7463937846871321
2014-11-17,-0.4949045494823255
2014-11-18,-1.1574359294157985
2014-11-19,-1.3237587907721036
2014-11-20,-0.524103267359726
2014-11-21,-0.6086530609914212
2014-11-24,-1.6196396726897826
2014-11-25,-1.16300214795702
2014-11-26,-1.8894556894875987
2014-11-27,-1.9850195397465658
2014-11-28,-1.9419987674204946
2014-12-01,-0.4562490020230703
2014-12-02,-1.8991601697944716
2014-12-03,-1.8093078458751357
2014-12-04,-1.206252158159249
2014-12-05,-0.6161549046830624
2014-12-08,-1.1080974838397875
2014-12-09,0.12783122104567782
2014-12-10,0.2255506894910913
2014-12-11,-0.06799382210926558
2014-12-12,-0.27385821293157814
2014-12-15,0.08625968113858559
2014-12-16,0.4747046165360197
2014-12-17,0.20723884690833577
2014-12-18,-0.5661324573600792
2014-12-19,-0.9955055218902655
2014-12-22,-1.947352890041587
2014-12-23,-2.1038057562962824
2014-12-24,-2.2929544334948213
2014-12-26,-2.873017957875417
2014-12-29,-2.3291992722805346
2014-12-30,-0.5566581849211683
2014-12-31,-1.4489056558329616
2015-01-02,-1.3183672930399053
2015-01-05,-0.7955009214945788
2015-01-06,-0.19278479485903863
2015-01-07,-0.665926458830596
2015-01-08,-1.387300438440491
2015-01-09,-0.5244353992847955
2015-01-12,-0.8643211663324135
2015-01-13,-0.34379716134002125
2015-01-14,-0.046032937370592664
2015-01-15,0.10702114321293335
2015-01-16,-0.2139379949395468
2015-01-19,-1.026967521452342
2015-01-20,-0.9201583019482198
2015-01-21,-0.15528436779052598
2015-01-22,-0.49946218741792436
2015-01-23,-0.6586777911760787
2015-01-26,-0.9047285784075565
2015-01-27,-0.9114396769129604
2015-01-28,-0.8046454234610559
2015-01-29,-0.880387014474208
2015-01-30,-1.2418041020544908
2015-02-02,-0.9531082333200366
2015-02-03,-1.0622398404789277
2015-02-04,-1.2810253582108324
2015-02-05,-1.6939000722268693
2015-02-06,0.11180802903487148
2015-02-09,-1.6505151484441822
2015-02-10,-1.5937443522826544
2015-02-11,-1.3831641051035584
2015-02-12,0.29148162070287215
2015-02-13,-0.8879310877174723
2015-02-16,-1.930740619605904
2015-02-17,-1.7978790729293186
2015-02-18,-1.1042230967541895
2015-02-19,-1.9501176670810105
2015-02-20,-1.778625732255334
2015-02-23,-2.0675559637169383
2015-02-24,-1.4842069828219597
2015-02-25,-2.2096982264887477
2015-02-26,-2.02010082476253
2015-02-27,-1.9339231142435547
2015-03-02,-2.349678769254492
2015-03-03,-1.736416016023183
2015-03-04,-2.26225623007766
2015-03-05,-2.1194594830135527
2015-03-06,-0.5857077736106086
2015-03-09,-2.0167421777136703
2015-03-10,-0.8099838597958102
2015-03-11,-1.340595989370956
2015-03-12,-1.2785853984654614
2015-03-13,-1.9631170897280068
2015-03-16,-2.432616984745328
2015-03-17,-2.538915779482114
2015-03-18,-0.3506425133084594
2015-03-19,-1.2627307768794982
2015-03-20,-1.5180146803389907
2015-03-23,-1.6679132589542327
2015-03-24,-1.2959303014261803
2015-03-25,-2.06866200258266
2015-03-26,-1.231131697422228
2015-03-27,-1.6451912463171023
2015-03-30,-1.952288848337833
2015-03-31,-1.777918392577255
2015-04-01,-0.999831554081256
2015-04-02,-1.8321495650685873
2015-04-03,-0.36968536366386195
2015-04-06,-2.181513020146978
2015-04-07,-2.0721224012688193
2015-04-08,-1.16043819303713
2015-04-09,-1.8928360132508764
2015-04-10,-1.9680034926712198
2015-04-13,-1.5343089244737713
2015-04-14,-1.1432169643498244
2015-04-15,-1.7831859653985607
2015-04-16,-1.4511514353853983
2015-04-17,-1.6078541501123327
2015-04-20,-1.8740520891214996
2015-04-21,-1.8343422710826531
2015-04-22,-2.009549547915975
2015-04-23,-1.9170113000887468
2015-04-24,-1.6948244230740512
2015-04-27,-2.073062476469636
2015-04-28,-2.197667044991771
2015-04-29,-1.1967952840700466
2015-04-30,-1.022634763711035
2015-05-01,-2.081039511417412
2015-05-04,-2.6060927571419166
2015-05-05,-1.707907237260432
2015-05-06,-1.925443541588164
2015-05-07,-1.6225517018446656
2015-05-08,-1.2739705233739973
2015-05-11,-2.707487102743315
2015-05-12,-2.411331228586674
2015-05-13,-1.996979629681039
2015-05-14,-2.0776825731726722
2015-05-15,-1.7114542040489211
2015-05-18,-2.3639378324511644
2015-05-19,-2.202625383506946
2015-05-20,-1.2621982737384427
2015-05-21,-2.0862647570564175
2015-05-22,-1.0879721585786524
2015-05-25,-2.87905757958186
2015-05-26,-0.8897454822326696
2015-05-27,-1.3236468377222388
2015-05-28,-0.8220682431472168
2015-05-29,-1.4796057117902424
2015-06-01,-1.3308463128522858
2015-06-02,-1.1139549711843826
2015-06-03,-1.2803653862924618
2015-06-04,-1.5493475930796972
2015-06-05,-0.5829507672578979
2015-06-08,-1.2257360176585126
2015-06-09,-1.3969381988910168
2015-06-10,-0.12631826106630117
2015-06-11,-1.156713806925129
2015-06-12,-1.777013887331417
2015-06-15,-2.0113394807439553
2015-06-16,-1.874025730775433
2015-06-17,-1.4362730637654306
2015-06-18,-1.4317672146201685
2015-06-19,-1.9136150248589399
2015-06-22,-1.9340543448722634
2015-06-23,-1.922872678897069
2015-06-24,-1.755624954114865
2015-06-25,-1.874024229628003
2015-06-26,-2.237785739637632
2015-06-29,-0.3403997651814982
2015-06-30,-1.1591035940610985
2015-07-01,-1.9053823752099603
2015-07-02,-1.0245679830646441
2015-07-03,-1.7755405249878715
2015-07-06,-1.187918755686609
2015-07-07,-1.6083467338956392
2015-07-08,-0.7221588756722895
2015-07-09,-1.3174692763544578
2015-07-10,-1.300448748281628
2015-07-13,-1.5312004415210778
2015-07-14,-2.0772970991968602
2015-07-15,-1.8011510081631774
2015-07-16,-2.3822000075215475
2015-07-17,-2.641444248397516
2015-07-20,-3.0168723212462036
2015-07-21,-2.3541641021979816
2015-07-22,-2.1549304056994085
2015-07-23,-2.197776046654268
2015-07-24,-2.2508632518773752
2015-07-27,-1.984774650023884
2015-07-28,-2.1071756887485256
2015-07-29,-1.984799776486627
2015-07-30,-2.2270340932849004
2015-07-31,-1.2900371541002982
2015-08-03,-2.6285410834722116
2015-08-04,-2.161798660775708
2015-08-05,-1.926371205799171
2015-08-06,-2.7136781623710493
2015-08-07,-1.2235979428980917
2015-08-10,-2.4202084250108866
2015-08-11,-1.7827216799316052
2015-08-12,-1.270703858607383
2015-08-13,-1.8508298413562516
2015-08-14,-2.508475261594906
2015-08-17,-2.7839937538056816
2015-08-18,-2.9852082854940027
2015-08-19,-1.982863601481994
2015-08-20,-1.989679337872513
2015-08-21,-0.924307695631608
2015-08-24,1.721135197420876
2015-08-25,0.44770454440259283
2015-08-26,0.1514133805568051
2015-08-27,-0.5115912983595851
2015-08-28,-0.9339545212742646
2015-08-31,-1.3922038553143314
2015-09-01,-0.3583275596434716
2015-09-02,-0.42440225503405515
2015-09-03,-0.9695860278094638
2015-09-04,-0.18740264075328542
2015-09-07,-1.232682961888598
2015-09-08,-1.0857537670294306
2015-09-09,-1.1715340771916882
2015-09-10,-0.2809736460908572
2015-09-11,-1.571117762516767
2015-09-14,-1.5372256360823742
2015-09-15,-1.3005839596988642
2015-09-16,-1.8273077036942418
2015-09-17,-0.829624049224264
2015-09-18,-0.932979111692874
2015-09-21,-1.6670716386843845
2015-09-22,-1.5716691129324474
2015-09-23,-1.2080845286555404
2015-09-24,-1.199458702936631
2015-09-25,-1.066797584981948
2015-09-28,-1.315327610516761
2015-09-29,-1.1224606800232673
2015-09-30,-1.384794536042453
2015-10-01,-1.3886724456683517
2015-10-02,-0.06474534435693376
2015-10-05,-2.0750886151520778
2015-10-06,-2.0662984762451218
2015-10-07,-1.778166467543481
2015-10-08,-2.1793472387148056
2015-10-09,-2.6302143072645285
2015-10-12,-3.4782005276809573
2015-10-13,-2.5531182529122964
2015-10-14,-1.654639572125707
2015-10-15,-0.7912756537344116
2015-10-16,-1.597264142922878
2015-10-19,-2.056269324162779
2015-10-20,-2.3337036290646873
2015-10-21,-2.3740703781017323
2015-10-22,-1.805039722355601
2015-10-23,-1.3261737422947777
2015-10-26,-1.8910840517597054
2015-10-27,-1.7073848366211677
2015-10-28,-1.1141520134289886
2015-10-29,-1.900080563055986
2015-10-30,-0.7402505204759199
2015-11-02,-2.530905965045786
2015-11-03,-2.678570577837832
2015-11-04,-1.6939461069459232
2015-11-05,-1.9060776942125013
2015-11-06,-0.571812494456964
2015-11-09,-1.9275609821842674
2015-11-10,-2.119353990856539
2015-11-11,-2.2609311469147757
2015-11-12,-1.9064908900637685
2015-11-13,-1.995486701547231
2015-11-16,-2.0761621795373735
2015-11-17,-2.343530025123564
2015-11-18,-2.6588242247843863
2015-11-19,-1.7929905000606665
2015-11-20,-2.3802305749720922
2015-11-23,-2.7088774699091758
2015-11-24,-2.26795739705303
2015-11-25,-2.348491029669564
2015-11-26,-3.317570351773302
2015-11-27,-2.806401753766319
2015-11-30,-2.660559093134494
2015-12-01,-1.9115982868248083
2015-12-02,-2.4085663544235714
2015-12-03,-1.2316809562799187
2015-12-04,-0.7423602769497405
2015-12-07,-2.7017668392342
2015-12-08,-2.2692362168624305
2015-12-09,-1.0872558108272585
2015-12-10,-1.4879248875322406
2015-12-11,-1.0487887591221559
2015-12-14,-1.1303786754492113
2015-12-15,-1.5404637763715148
2015-12-16,-0.8246744538487522
2015-12-17,-1.6049885501020482
2015-12-18,0.01611899988777549
2015-12-21,-1.8590262675204645
2015-12-22,-2.0843500643549193
2015-12-23,-2.9935528921149337
2015-12-24,-2.1979489902924665
2015-12-28,-2.3297380743162326
2015-12-29,-2.560290065531897
2015-12-30,-3.102265633684294
2015-12-31,-2.301118562605989
2016-01-04,-0.8634888097977852
2016-01-05,-1.1345613952335964
2016-01-06,-0.590920380541628
2016-01-07,-0.3354152238027266
2016-01-08,-0.4603563033738973
2016-01-11,-0.599399515794125
2016-01-12,-0.9654474031550454
2016-01-13,-0.9925216401916153
2016-01-14,-0.9172868794119577
2016-01-15,-0.57185163932989
2016-01-18,-1.3311880418914965
2016-01-19,-1.0905954193203111
2016-01-20,-0.2787933328893236
2016-01-21,-0.2913366803591612
2016-01-22,-1.0054081967188466
2016-01-25,-1.230581955560901
2016-01-26,-1.3211005471781154
2016-01-27,-1.1365437813128296
2016-01-28,-1.3946368059201426
2016-01-29,1.4542551088306934
2016-02-01,-1.3817925638244313
2016-02-02,-1.1923210522505567
2016-02-03,0.18773873714423472
2016-02-04,-0.29305071640174574
2016-02-05,-0.687013960421887
2016-02-08,-0.4034911818301475
2016-02-09,0.3458917152923838
2016-02-10,0.439578092812385
2016-02-11,0.7900209580828375
2016-02-12,0.21623726254765158
2016-02-15,-0.9467277610680002
2016-02-16,-0.7165549552906959
2016-02-17,-0.4936686713736895
2016-02-18,-0.8645714515286068
2016-02-19,-0.8166631885089026
2016-02-22,-1.0790726093106897
2016-02-23,-0.4287946737662066
2016-02-24,-0.7528478320060259
2016-02-25,-0.6307369124719525
2016-02-26,-1.0098990780049464
2016-02-29,-0.8379437368662734
2016-03-01,-0.6278018427284233
2016-03-02,-0.8293630640432536
2016-03-03,-1.1222415945593032
2016-03-04,-0.6174910388796622
2016-03-07,-1.4617061051501785
2016-03-08,-0.9570711213807693
2016-03-09,-1.1630931143792684
2016-03-10,-0.14412218764253304
2016-03-11,-0.9571237123691719
2016-03-14,-1.7491087046732734
2016-03-15,-1.027133524320113
2016-03-16,-0.5253481467667128
2016-03-17,0.23135395910987347
2016-03-18,-0.7770712608525531
2016-03-21,-1.9165772535158287
2016-03-22,-0.9239797383938698
2016-03-23,-1.443991394906228
2016-03-24,-1.544722767070727
2016-03-25,-2.1214694675731103
2016-03-28,-1.918278807998248
2016-03-29,-0.9638355495066059
2016-03-30,-1.2562294252700197
2016-03-31,-1.3001737165058078
2016-04-01,-0.730413988687741
2016-04-04,-1.4259340237449096
2016-04-05,-0.7124272502984833
2016-04-06,-0.9044158953141572
2016-04-07,-0.47472609316672065
2016-04-08,-0.6269156182236466
2016-04-11,-0.7532780553391103
2016-04-12,-1.1144250318659972
2016-04-13,-1.3456984557036369
2016-04-14,-1.2907532732639357
2016-04-15,-1.294323593501618
2016-04-18,-0.8104841015599512
2016-04-19,-1.1059575148341483
2016-04-20,-1.274429045823825
2016-04-21,-1.3352775711933556
2016-04-22,-0.5540742564821816
2016-04-25,-1.075434907099432
2016-04-26,-1.1944972342343976
2016-04-27,-1.4970117797359819
2016-04-28,1.755466758088271
2016-04-29,-0.46504475659243166
2016-05-02,-0.8155201060306863
2016-05-03,-1.0201538987790082
2016-05-04,-0.27902496502029867
2016-05-05,-1.3432406442035734
2016-05-06,-1.047628491068248
2016-05-09,-0.9194454831166619
2016-05-10,-1.1306620745003917
2016-05-11,-1.0424401316678007
2016-05-12,-1.2065455134594052
2016-05-13,-0.6406745238292333
2016-05-16,-1.5565797488562847
2016-05-17,-1.4348077766551925
2016-05-18,-0.7077923490906236
2016-05-19,-1.1985881725126835
2016-05-20,-1.5938757832745156
2016-05-23,-1.3196124291885458
2016-05-24,-1.8587966347337708
2016-05-25,-1.7220877190408401
2016-05-26,-0.8277902929104993
2016-05-27,-1.4002305621847595
2016-05-30,-1.63507412723523
2016-05-31,-1.3348477326471115
2016-06-01,-0.30727345043784493
2016-06-02,-0.82631012859535
2016-06-03,0.3256069675705721
2016-06-06,-0.6770963781438207
2016-06-07,-1.2041119969778136
2016-06-08,-1.0744396512999481
2016-06-09,-1.0373101717160529
2016-06-10,-0.9480619721115426
2016-06-13,-0.7285294483848246
2016-06-14,-0.8769033010808471
2016-06-15,-1.0787275301743544
2016-06-16,0.2318819867936079
2016-06-17,-1.0330595217755598
2016-06-20,-0.970324569845934
2016-06-21,-0.7898812822580802
2016-06-22,-1.5048228470180909
2016-06-23,-0.20769641065230307
2016-06-24,3.0347441381810802
2016-06-27,-0.17937267614446298
2016-06-28,-0.8066477245086734
2016-06-29,-1.2293443698317037
2016-06-30,-0.8974518582045411
2016-07-01,-1.4760284725514017
2016-07-04,-2.3522586282690154
2016-07-05,-1.3477845125257335
2016-07-06,-0.024504629702937538
2016-07-07,-0.9056435455290551
2016-07-08,0.16379166277170573
2016-07-11,-0.7655272622322469
2016-07-12,-0.032120125523587
2016-07-13,-0.21814863576418697
2016-07-14,-0.16826477091050931
2016-07-15,0.07007917810266572
2016-07-18,-0.3686993801539424
2016-07-19,-0.7336278579846064
2016-07-20,-1.0688846743990856
2016-07-21,0.21529478046808975
2016-07-22,-0.7273788124268048
2016-07-25,-1.2532848785336106
2016-07-26,-0.3960674357832805
2016-07-27,0.4153054774894233
2016-07-28,-0.5680624987657749
2016-07-29,1.5237003538036207
2016-08-01,-0.9207675109112815
2016-08-02,-0.5826694190906778
2016-08-03,-0.7823853677989467
2016-08-04,-1.167365105415669
2016-08-05,-0.9618072802175399
2016-08-08,-1.4152256293511432
2016-08-09,-1.9913952237537031
2016-08-10,-1.0171913455528476
2016-08-11,-1.3774433946026732
2016-08-12,-0.510924788668786
2016-08-15,-1.4615129124773556
2016-08-16,-0.3974995607373668
2016-08-17,-0.5751780054000049
2016-08-18,-0.47341113474935803
2016-08-19,-1.169029938517662
2016-08-22,-1.1691424450468606
2016-08-23,-1.4659756205822605
2016-08-24,-1.6635154884872851
2016-08-25,-2.183324973958804
2016-08-26,-0.5141626560277011
2016-08-29,-1.579332060383854
2016-08-30,-1.4693858110037201
2016-08-31,-1.3544125466856127
2016-09-01,-1.0703045983440205
2016-09-02,-0.6582055655534877
2016-09-05,-1.183241598323691
2016-09-06,-0.4357353476318915
2016-09-07,-0.6779455513495196
2016-09-08,-1.0378578921686763
2016-09-09,-0.6678711436341332
2016-09-12,-0.8788409338153476
2016-09-13,-0.7345292143715292
2016-09-14,-0.6042081963048028
2016-09-15,-0.7822216007656201
2016-09-16,-1.0781389220349729
2016-09-19,-1.6601947484568895
2016-09-20,-1.483276289187036
2016-09-21,0.5045699660446794
2016-09-22,-1.0481669120954806
2016-09-23,-1.2031729507234792
2016-09-26,-1.3455539667720322
2016-09-27,-0.9024607103094009
2016-09-28,-1.284454319467936
2016-09-29,-1.002470038914702
2016-09-30,-0.39343552936943693
2016-10-03,-1.4066145346979553
2016-10-04,-1.205244107664343
2016-10-05,-0.9153060772369883
2016-10-06,-1.4586404787540532
2016-10-07,-0.6398311862965097
2016-10-10,-1.7481401376280086
2016-10-11,-0.9002042747834665
2016-10-12,-1.0675691196685388
2016-10-13,-0.7313967248763386
2016-10-14,-0.9477116873773498
2016-10-17,-1.48608262741682
2016-10-18,-1.6557252034998897
2016-10-19,-1.610763230742501
2016-10-20,-1.687931692049912
2016-10-21,-1.6438451973999266
2016-10-24,-2.185324875305423
2016-10-25,-1.701239241681591
2016-10-26,-1.6146281304737733
2016-10-27,-1.7283819156917775
2016-10-28,-0.9018302902648911
2016-10-31,-1.692579953902044
2016-11-01,-1.1470883964659409
2016-11-02,-0.8727909894000633
2016-11-03,-0.795414015577391
2016-11-04,-1.367750687215938
2016-11-07,-1.0855239166177029
2016-11-08,-1.5728569980446645
2016-11-09,1.7564470167717405
2016-11-10,0.18519265284771164
2016-11-11,-0.3937256918659105
2016-11-14,-0.3547743048643699
2016-11-15,-0.4079361165375371
2016-11-16,-0.6437840169695156
2016-11-17,-0.12040116456747223
2016-11-18,-0.2696778711030868
2016-11-21,-0.5022650503065883
2016-11-22,-0.7079856876126958
2016-11-23,-0.5380397329002442
2016-11-24,-0.7828063952992736
2016-11-25,-0.22062211823446398
2016-11-28,-0.16082098665189606
2016-11-29,-0.30539969210877915
2016-11-30,-0.03663277771478476
2016-12-01,-0.25847055507465644
2016-12-02,-0.4198222942158114
2016-12-05,-0.06478557618116595
2016-12-06,-0.8890411925927008
2016-12-07,-1.245666989972776
2016-12-08,-0.46978065701233557
2016-12-09,-0.8836923442475872
2016-12-12,-0.7192135046855928
2016-12-13,-0.9563281872153437
2016-12-14,-0.15630412514259634
2016-12-15,-0.07902001672099795
2016-12-16,-0.716730638626468
2016-12-19,-0.5116917703024212
2016-12-20,-0.7802886751291365
2016-12-21,-1.0203252187201717
2016-12-22,-1.2052162077213375
2016-12-23,-2.405301059925439
2016-12-26,-1.931992956491907
2016-12-27,-2.3397414408179884
2016-12-28,-1.658321828776487
2016-12-29,-0.8952663442798079
2016-12-30,-0.7292372752336715
2017-01-03,-0.7094660586290337
2017-01-04,-0.6391537342208387
2017-01-05,0.2849550929542029
2017-01-06,-0.2699507528312079
2017-01-09,-0.7261839468145714
2017-01-10,-0.38000346146560665
2017-01-11,0.5534740137587042
2017-01-12,0.08200520909360201
2017-01-13,-0.1362127268334928
2017-01-16,-1.0230321959275728
2017-01-17,-0.17137474762620677
2017-01-18,-0.5339869205585629
2017-01-19,-0.40067511914360676
2017-01-20,-0.2614047174995518
2017-01-23,-0.07599942528925817
2017-01-24,-0.5913973946100393
2017-01-25,-0.5146740868971694
2017-01-26,-0.5509992902430536
2017-01-27,-0.5489668192180135
2017-01-30,-0.8398562311896075
2017-01-31,0.08577630327202779
2017-02-01,-0.3624619317467166
2017-02-02,-0.5680364469234821
2017-02-03,-0.20761219292602712
2017-02-06,-0.9967437927952705
2017-02-07,-1.0865895060663524
2017-02-08,-1.0554178087712889
2017-02-09,-0.74984916665662
2017-02-10,-0.9611710097694387
2017-02-13,-1.3552785587550205
2017-02-14,-0.7459585949967483
2017-02-15,-0.8282203766024638
2017-02-16,-0.8969624556586747
2017-02-17,-1.3624460363751971
2017-02-20,-2.3610259982914257
2017-02-21,-1.8119269829046099
2017-02-22,-1.0603617267598464
2017-02-23,-1.4001196628555852
2017-02-24,-1.563313671566177
2017-02-27,-1.065199700916426
2017-02-28,-0.6266314665126286
2017-03-01,-0.769816683767623
2017-03-02,-1.524176443642638
2017-03-03,-1.2943212171707974
2017-03-06,-1.695986595521835
2017-03-07,-2.1526939918240013
2017-03-08,-1.4755813064063261
2017-03-09,-1.601048826860375
2017-03-10,-1.2092465366715532
2017-03-13,-1.9629398435263399
2017-03-14,-2.0591958455038646
2017-03-15,-0.46389912540587125
2017-03-16,-1.2196587406580819
2017-03-17,-1.8062538306098834
2017-03-20,-1.8685843791462435
2017-03-21,-1.2632895146628869
2017-03-22,-0.6556662231622928
2017-03-23,-0.8634967833685011
2017-03-24,-1.0884028231743772
2017-03-27,-1.1572597923012762
2017-03-28,-1.350010565465993
2017-03-29,-1.3481862062834147
2017-03-30,-0.9110203463369156
2017-03-31,-1.160669016006651
2017-04-03,-1.690216771514307
2017-04-04,-1.4912980325311533
2017-04-05,-1.1731434500920046
2017-04-06,-1.0887838330925108
2017-04-07,-0.22112438666234024
2017-04-10,-1.7051621986144747
2017-04-11,-1.368891858592712
2017-04-12,-0.9760281642440178
2017-04-13,-1.437400973315443
2017-04-14,-2.3785432229918504
2017-04-17,-1.5997250651639032
2017-04-18,-1.2058946714335788
2017-04-19,-1.513630440286742
2017-04-20,-1.1281200563548635
2017-04-21,-1.5517936433851107
2017-04-24,-0.9938556493652657
2017-04-25,-1.2637304313412139
2017-04-26,-0.4808234436519203
2017-04-27,-1.460677908929561
2017-04-28,-1.5223384403896387
2017-05-01,-1.7383539144322293
2017-05-02,-2.186008769551955
2017-05-03,-2.1302306245285125
2017-05-04,-1.7048546960005146
2017-05-05,-1.6588802104806162
2017-05-08,-1.646075850622116
2017-05-09,-1.3638623464028008
2017-05-10,-1.4498028322764471
2017-05-11,-1.528275965096013
2017-05-12,-1.3563731407226813
2017-05-15,-1.659299573602249
2017-05-16,-1.354955000045901
2017-05-17,-0.7962601954641976
2017-05-18,-0.17608184677414837
2017-05-19,-0.8921200691783512
2017-05-22,-1.3273911226310091
2017-05-23,-1.0799930860294882
2017-05-24,-1.094460687994011
2017-05-25,-2.0104605619787734
2017-05-26,-1.6035532500142022
2017-05-29,-2.638310629108845
2017-05-30,-1.5203668657146354
2017-05-31,-1.3336648879002424
2017-06-01,-1.6060065689170082
2017-06-02,-0.9597357360640322
2017-06-05,-2.049800429288222
2017-06-06,-1.3960146000320728
2017-06-07,-1.335902447109651
2017-06-08,-1.192556050961137
2017-06-09,-1.3201569585117825
2017-06-12,-1.8034582487680524
2017-06-13,-2.1965740222736994
2017-06-14,-0.5042298872767734
2017-06-15,-1.0602060823162236
2017-06-16,-1.3345839459514364
2017-06-19,-1.6990614352711726
2017-06-20,-1.7124454046453408
2017-06-21,-1.7392164039179372
2017-06-22,-1.5658666295449464
2017-06-23,-2.46544513069421
2017-06-26,-1.7640945564052448
2017-06-27,-1.5157895662894734
2017-06-28,-1.3970217684955848
2017-06-29,-1.241694815841077
2017-06-30,-1.2431771612785374
2017-07-03,-1.6464794917440853
2017-07-04,-1.9971854932123065
2017-07-05,-1.3888568343891405
2017-07-06,-1.5197650321104044
2017-07-07,-1.1751572618195638
2017-07-10,-2.0954018618643486
2017-07-11,-1.5990209880993895
2017-07-12,-1.0976996542064825
2017-07-13,-1.5467353821528635
2017-07-14,-0.8123210450487647
2017-07-17,-1.9994926578653733
2017-07-18,-1.2679480184999208
2017-07-19,-1.6234419998888954
2017-07-20,-1.2208483588595578
2017-07-21,-1.5358544524877904
2017-07-24,-1.5794748952448228
2017-07-25,-1.4222831053637923
2017-07-26,-1.2967111399770388
2017-07-27,-1.1663127259826638
2017-07-28,-1.1951304463326915
2017-07-31,-1.7762269263227044
2017-08-01,-1.477990898433999
2017-08-02,-1.6110283194558765
2017-08-03,-1.428616355510751
2017-08-04,-0.8221994624688697
2017-08-07,-2.549433537740273
2017-08-08,-1.7639727053466718
2017-08-09,-1.2832106875587241
2017-08-10,-1.4796722669438087
2017-08-11,-1.2722586899489932
2017-08-14,-1.7217805995910422
2017-08-15,-1.3710687159819703
2017-08-16,-1.7910251272545152
2017-08-17,-0.9534305721863612
2017-08-18,-0.9961844414177419
2017-08-21,-1.6429080406444978
2017-08-22,-1.625085979757019
2017-08-23,-1.603524055587737
2017-08-24,-1.826756311907178
2017-08-25,-1.0649616149992391
2017-08-28,-2.1583553785747154
2017-08-29,-0.5569012130409465
2017-08-30,-1.4865612190978421
2017-08-31,-1.7466534222312322
2017-09-01,-0.9815274593363218
2017-09-04,-1.5812508166560144
2017-09-05,-1.3401200634741375
2017-09-06,-1.1564539313804594
2017-09-07,-1.211638717953938
2017-09-08,-0.8110083866867019
2017-09-11,-1.5803116497268805
2017-09-12,-1.5277369010124462
2017-09-13,-1.6314763445435598
2017-09-14,-0.7520904140350494
2017-09-15,-0.7371168481956037
2017-09-18,-1.9346181554263622
2017-09-19,-1.3087716536191007
2017-09-20,-0.6665447406807006
2017-09-21,-1.4250487136651278
2017-09-22,-1.3041395987361442
2017-09-25,-1.0989744388906986
2017-09-26,-1.2546514039588195
2017-09-27,-1.2379929939295489
2017-09-28,-1.2463890063140346
2017-09-29,-1.34379760417189
2017-10-02,-1.7076611433986602
2017-10-03,-1.5199453852191755
2017-10-04,-1.670788176536354
2017-10-05,-2.2781376449172424
2017-10-06,-1.4126930454844968
2017-10-09,-2.4292701922697026
2017-10-10,-2.007428214435753
2017-10-11,-1.9722277761663825
2017-10-12,-2.3019731370058656
2017-10-13,-1.2185287401067728
2017-10-16,-1.7473854692489645
2017-10-17,-2.264853405843079
2017-10-18,-2.3102617533429894
2017-10-19,-1.530862392566967
2017-10-20,-1.5980684555955917
2017-10-23,-1.8359671324657203
2017-10-24,-1.8588413734793698
2017-10-25,-1.5198207934518078
2017-10-26,-1.6160866949993538
2017-10-27,-1.2184346481825357
2017-10-30,-1.8150979461931713
2017-10-31,-1.71495624798085
2017-11-01,-1.6893925498462716
2017-11-02,-1.3219159782614338
2017-11-03,-1.4318057361191174
2017-11-06,-1.4609149882091998
2017-11-07,-2.015294936479004
2017-11-08,-1.8998472657077026
2017-11-09,-1.4143655965030764
2017-11-10,-1.8346011865059504
2017-11-13,-2.333969766695339
2017-11-14,-1.9523724564009486
2017-11-15,-1.2421979984841929
2017-11-16,-1.7357529673519825
2017-11-17,-1.5557550394875024
2017-11-20,-1.6897374573158062
2017-11-21,-1.990707367016133
2017-11-22,-1.6179968026943305
2017-11-23,-2.313310606492284
2017-11-24,-2.273622730875094
2017-11-27,-1.6147021863002478
2017-11-28,-1.3126278347951972
2017-11-29,-1.428522434728533
2017-11-30,-1.5486620363165435
2017-12-01,-0.26706103194944225
2017-12-04,-1.8147040351398396
2017-12-05,-1.6557555542483686
2017-12-06,-1.5244362731761545
2017-12-07,-2.103672633812166
2017-12-08,-2.13500421079402
2017-12-11,-2.2542227554180956
2017-12-12,-1.9700177366635283
2017-12-13,-1.1713121590516051
2017-12-14,-1.7003439022121751
2017-12-15,-1.9380369112240472
2017-12-18,-2.5065474393735423
2017-12-19,-2.5276285512350336
2017-12-20,-2.5657986734509977
2017-12-21,-2.655061868063123
2017-12-22,-3.3921697990923043
2017-12-26,-4.082371942856491
2017-12-27,-2.92757099122483
2017-12-28,-2.731289739630903
2017-12-29,-2.5211144538205295
2018-01-02,-2.2730897138092994
2018-01-03,-2.213915619701274
2018-01-04,-2.5374705413158525
2018-01-05,-2.3455809098481013
2018-01-08,-2.5898124389854775
2018-01-09,-1.664760457762563
2018-01-10,-1.1325980680058492
2018-01-11,-1.5044536317670063
2018-01-12,-1.3240826059134663
2018-01-15,-1.5655008346912425
2018-01-16,-1.6813925831083338
2018-01-17,-1.2535340633652923
2018-01-18,-1.12317488805351
2018-01-19,-1.6476216080017112
2018-01-22,-2.0019699268846267
2018-01-23,-1.264434403310945
2018-01-24,-1.006961434714297
2018-01-25,-0.2256570769951934
2018-01-26,-0.0319097512028785
2018-01-29,-1.4712392889879993
2018-01-30,-1.237886850216713
2018-01-31,-1.0545813158280068
2018-02-01,-1.3586278670509382
2018-02-02,-0.8248392896175181
2018-02-05,-0.6218634555928184
2018-02-06,-0.5272279182698437
2018-02-07,-0.95731384521398
2018-02-08,-0.8902409901935894
2018-02-09,-0.6280605848141061
2018-02-12,-1.879532457675176
2018-02-13,-1.2606262345968737
2018-02-14,-0.5075201073004664
2018-02-15,-0.5239145799604482
2018-02-16,-0.9028592888509763
2018-02-19,-1.860616866820097
2018-02-20,-1.6108526815861333
2018-02-21,-1.0486196473489058
2018-02-22,-1.1278489428015295
2018-02-23,-1.7285835050387897
2018-02-26,-1.4472310565953372
2018-02-27,-1.345777397801694
2018-02-28,-1.3594451832290388
2018-03-01,-1.1303255603766778
2018-03-02,-0.9308646230171607
2018-03-05,-1.5038113428255706
2018-03-06,-1.3786947930571163
2018-03-07,-0.7306081102679036
2018-03-08,-1.9907092654193788
2018-03-09,-1.6132251311082035
2018-03-12,-1.7158332507234797
2018-03-13,-1.1068397121798095
2018-03-14,-1.4437309955698387
2018-03-15,-1.3710675652794002
2018-03-16,-1.4549042165539727
2018-03-19,-1.4044151462866137
2018-03-20,-1.3621914123903613
2018-03-21,-1.6921676201229934
2018-03-22,-1.2386341406204624
2018-03-23,-0.8546243481489235
2018-03-26,-1.6469106335676909
2018-03-27,-1.6849055901486745
2018-03-28,-1.1975798762842969
2018-03-29,-1.821305668014392
2018-03-30,-2.361380788744756
2018-04-02,-2.022479744204422
2018-04-03,-1.4004664871637211
2018-04-04,-1.4519936466789913
2018-04-05,-1.8412524449196617
2018-04-06,-1.2580789103539332
2018-04-09,-1.9458124598076447
2018-04-10,-1.4671995248952812
2018-04-11,-1.7269598757463136
2018-04-12,-2.0201607407820577
2018-04-13,-2.105791735844215
2018-04-16,-2.1731392574490576
2018-04-17,-2.609453149641125
2018-04-18,-2.684988134141167
2018-04-19,-2.4011494751737144
2018-04-20,-2.1013613518276544
2018-04-23,-2.060916664915797
2018-04-24,-1.8011690406203595
2018-04-25,-1.8543587884947654
2018-04-26,-2.0870481669228016
2018-04-27,-1.8876221052551132
2018-04-30,-2.4554085911099173
2018-05-01,-2.3586030816169643
2018-05-02,-1.7796236518934823
2018-05-03,-1.9997757121929451
2018-05-04,-1.6647298993760384
2018-05-07,-2.1830338992014924
2018-05-08,-1.5577233950035785
2018-05-09,-1.7961717458919912
2018-05-10,-1.5179497163885596
2018-05-11,-1.8957313406264003
2018-05-14,-2.499462318879727
2018-05-15,-1.7426933385129033
2018-05-16,-2.1581910370412323
2018-05-17,-2.0455721122424
2018-05-18,-2.230997061514716
2018-05-21,-2.370211363660739
2018-05-22,-2.0370173627527084
2018-05-23,-1.257009147124688
2018-05-24,-1.2632849958302637
2018-05-25,-1.541331159272016
2018-05-28,-1.9550465021747636
2018-05-29,-0.8245551061852018
2018-05-30,-0.958917092419629
2018-05-31,-1.345593983421633
2018-06-01,-1.5801627711417485
2018-06-04,-2.122627650471909
2018-06-05,-1.979224802164288
2018-06-06,-2.083331604110319
2018-06-07,-1.8587090569844602
2018-06-08,-1.6943056392621452
2018-06-11,-2.040712875119583
2018-06-12,-1.8828556338528009
2018-06-13,-1.674311404301583
2018-06-14,-1.7561984009792806
2018-06-15,-1.50703408676327
2018-06-18,-2.438481606212555
2018-06-19,-1.3253985864809408
2018-06-20,-1.927475587975447
2018-06-21,-1.757164030733877
2018-06-22,-2.13713934454693
2018-06-25,-1.1849777464810212
2018-06-26,-1.8388048819778648
2018-06-27,-1.4613879712490225
2018-06-28,-1.9713460511638035
2018-06-29,-1.9110233386488433
2018-07-02,-1.7997716969187325
2018-07-03,-2.010258604548651
2018-07-04,-2.8002963878978133
2018-07-05,-2.2223910323426965
2018-07-06,-2.2566391480043895
2018-07-09,-2.426073458314901
2018-07-10,-2.436055070201617
2018-07-11,-1.682070037687934
2018-07-12,-1.9322956660701307
2018-07-13,-2.2951914127175965
2018-07-16,-2.4070803057702275
2018-07-17,-2.2775598862367796
2018-07-18,-2.413787905767401
2018-07-19,-1.1400981532921912
2018-07-20,-1.4353428778040407
2018-07-23,-1.5846549037546434
2018-07-24,-2.0496828912874783
2018-07-25,-1.7008159243659102
2018-07-26,-1.9361657677840134
2018-07-27,-2.1577800622456405
2018-07-30,-2.548454712392876
2018-07-31,-0.9591237620254782
2018-08-01,-1.8002987316135552
2018-08-02,-2.4884502245331857
2018-08-03,-2.0887974132391136
2018-08-06,-2.7438953178106598
2018-08-07,-2.877829815442605
2018-08-08,-2.323406471747372
2018-08-09,-2.3180918717436083
2018-08-10,-0.89133165995157
2018-08-13,-1.3323661657103754
2018-08-14,-1.8787316419547586
2018-08-15,-1.637377431481324
2018-08-16,-1.666006751070799
2018-08-17,-1.871030017457959
2018-08-20,-2.5003920664520085
2018-08-21,-2.059516405471201
2018-08-22,-2.004889633822475
2018-08-23,-2.2038987258386626
2018-08-24,-2.2407607767080826
2018-08-27,-2.5727004486183835
2018-08-28,-2.5644921345538934
2018-08-29,-2.4732104171613325
2018-08-30,-2.1938394147225906
2018-08-31,-2.132006947854458
2018-09-03,-2.7980481311810244
2018-09-04,-1.8151261773038168
2018-09-05,-2.055651736692789
2018-09-06,-1.533360077263606
2018-09-07,-1.5731549943608834
2018-09-10,-2.5471316725792317
2018-09-11,-2.3541372679700414
2018-09-12,-2.241616051349239
2018-09-13,-2.164045961474579
2018-09-14,-2.19598073089922
2018-09-17,-2.9060595278718653
2018-09-18,-1.743563741655229
2018-09-19,-2.4723197595526147
2018-09-20,-2.4128066918746476
2018-09-21,-2.3501306784960563
2018-09-24,-2.553531828606352
2018-09-25,-2.662828133479967
2018-09-26,-2.1050671771177343
2018-09-27,-2.4171438758276467
2018-09-28,-2.408415632863116
2018-10-01,-2.3999384933416605
2018-10-02,-2.2308565729003815
2018-10-03,-2.2892156639404884
2018-10-04,-1.6708838155007426
2018-10-05,-1.8622811424300172
2018-10-08,-1.9549525866965116
2018-10-09,-1.678206631591914
2018-10-10,-1.7240196035306248
2018-10-11,-1.0853972645186525
2018-10-12,-1.8827585525658634
2018-10-15,-1.9484292826191925
2018-10-16,-2.230674240936005
2018-10-17,-2.196957031462828
2018-10-18,-1.910170579073993
2018-10-19,-2.097108514036741
2018-10-22,-2.32912175683851
2018-10-23,-1.8374946370837284
2018-10-24,-1.8566925638743095
2018-10-25,-1.7085830602124952
2018-10-26,-1.2342171392925005
2018-10-29,-1.7362971155703253
2018-10-30,-2.0270579619811504
2018-10-31,-2.033980048612554
2018-11-01,-2.2001490066014924
2018-11-02,-1.5614377418694625
2018-11-05,-2.886280714848882
2018-11-06,-2.891259270703539
2018-11-07,-0.8946710113196654
2018-11-08,-2.6232777344041
2018-11-09,-2.5568793648611545
2018-11-12,-2.5883205562176084
2018-11-13,-1.984977473356214
2018-11-14,-1.9087189507044022
2018-11-15,-1.7411815847444834
2018-11-16,-1.762296217974274
2018-11-19,-2.0883017320324146
2018-11-20,-2.048732459100346
2018-11-21,-2.3179168628874023
2018-11-22,-3.036790150654127
2018-11-23,-3.108849601034332
2018-11-26,-2.577953862186948
2018-11-27,-2.3934823341399505
2018-11-28,-1.976307163169161
2018-11-29,-2.300376617951674
2018-11-30,-2.746366176300112
2018-12-03,-2.443334791388514
2018-12-04,-1.9632486298116387
2018-12-05,-2.5947533358108896
2018-12-06,-1.4077539882832735
2018-12-07,-1.725439892915122
2018-12-10,-1.7048453848205798
2018-12-11,-1.9966008577659908
2018-12-12,-2.657048574287515
2018-12-13,-2.7459672009566907
2018-12-14,-2.362559228201143
2018-12-17,-2.7523251885486886
2018-12-18,-2.2197444268511393
2018-12-19,-1.2098026392343124
2018-12-20,-1.256517953898565
2018-12-21,-1.5006498321758672
2018-12-24,-1.6370210302004737
2018-12-26,-1.3370823757563097
2018-12-27,-1.0960686666049313
2018-12-28,-1.7853862267523133
2018-12-31,-2.074525246468297
2019-01-02,-1.1909602699492003
2019-01-03,2.5189435228846153
2019-01-04,-0.6468773219392261
2019-01-07,-1.2387390041563424
2019-01-08,-1.3334516784930381
2019-01-09,-1.323632904273594
2019-01-10,-1.4237772453104969
2019-01-11,-1.847268237982846
2019-01-14,-2.1034546988658036
2019-01-15,-1.733481346137542
2019-01-16,-1.7342708925391488
2019-01-17,-1.4534546998840974
2019-01-18,-1.6685654769047609
2019-01-21,-2.8245293463570107
2019-01-22,-2.2796732419715573
2019-01-23,-2.0288971243155154
2019-01-24,-2.111158029143903
2019-01-25,-1.770777773724845
2019-01-28,-2.411855825875706
2019-01-29,-2.5267180122719983
2019-01-30,-1.6460440053437826
2019-01-31,-2.1561731727994355
2019-02-01,-1.9048884025801747
2019-02-04,-2.435967845592259
2019-02-05,-2.594235646227051
2019-02-06,-1.878501202688841
2019-02-07,-2.0310136131038736
2019-02-08,-2.6681172993325326
2019-02-11,-2.482962091449767
2019-02-12,-2.3458431444178958
2019-02-13,-2.617660192498579
2019-02-14,-1.888168714280084
2019-02-15,-2.38287807025541
2019-02-18,-3.4866582981954934
2019-02-19,-2.293001529073541
2019-02-20,-2.446207818564099
2019-02-21,-2.412919915044319
2019-02-22,-2.702576556330611
2019-02-25,-2.643521027713958
2019-02-26,-2.4650486566906915
2019-02-27,-2.396890156253205
2019-02-28,-2.0937552854928145
2019-03-01,-2.233745345129331
2019-03-04,-2.532621001346468
2019-03-05,-2.3816539164733315
2019-03-06,-2.92233257933566
2019-03-07,-2.6399153113583966
2019-03-08,-2.037698992159025
2019-03-11,-2.5611959465167318
2019-03-12,-2.426756855574599
2019-03-13,-2.4945661446442235
2019-03-14,-2.132351674975559
2019-03-15,-2.3688391988884856
2019-03-18,-3.1540881713364626
2019-03-19,-2.639833616035379
2019-03-20,-1.0364330579113965
2019-03-21,-2.2137583771231863
2019-03-22,-1.637411745179672
2019-03-25,-1.7620471760116692
2019-03-26,-1.9946654317698653
2019-03-27,-1.7851660747089542
2019-03-28,-1.6566584718935116
2019-03-29,-1.7707247325060131
2019-04-01,-2.234586628001517
2019-04-02,-2.674514119445871
2019-04-03,-2.4212598316813594
2019-04-04,-3.0771371936586216
2019-04-05,-2.677962889974402
2019-04-08,-2.606166562121201
2019-04-09,-2.819992723136141
2019-04-10,-2.621712799497008
2019-04-11,-2.942212216819096
2019-04-12,-3.039262403690602
2019-04-15,-3.198376402382816
2019-04-16,-3.1561238441913297
2019-04-17,-2.933754431113915
2019-04-18,-3.0387913496044208
2019-04-19,-4.452861920816874
2019-04-22,-4.404536903526393
2019-04-23,-2.8209382729420693
2019-04-24,-2.6246097018995895
2019-04-25,-2.0158743689409877
2019-04-26,-2.386158321985169
2019-04-29,-3.561304440699366
2019-04-30,-2.6959473995867747
2019-05-01,-1.817399641988203
2019-05-02,-3.0785495404776064
2019-05-03,-2.9525874916466415
2019-05-06,-1.680567470704951
2019-05-07,-2.0553921696726682
2019-05-08,-2.003988230222643
2019-05-09,-1.6108235502075323
2019-05-10,-1.715081429353297
2019-05-13,-1.832679941162826
2019-05-14,-2.1505351444910086
2019-05-15,-1.5851754857330203
2019-05-16,-2.284819775216314
2019-05-17,-2.000027106156957
2019-05-20,-2.3188307278347398
2019-05-21,-2.621183365912121
2019-05-22,-2.7998678043566714
2019-05-23,-2.1507242447437425
2019-05-24,-2.25742188438422
2019-05-27,-3.3854039488453216
2019-05-28,-2.2015582175804838
2019-05-29,-1.9106954790513242
2019-05-30,-2.3612530699831478
2019-05-31,-1.6752733453287294
2019-06-03,-1.8948710514181213
2019-06-04,-1.9478021746853873
2019-06-05,-1.4862653152096776
2019-06-06,-1.754929135159662
2019-06-07,-1.6733483181138449
2019-06-10,-2.3428869629744566
2019-06-11,-2.6657307738056017
2019-06-12,-2.3499577527609623
2019-06-13,-2.4580702887960864
2019-06-14,-2.2947972928194718
2019-06-17,-3.0634995824137365
2019-06-18,-1.795775901341614
2019-06-19,-1.953259441097678
2019-06-20,-1.5137880404185358
2019-06-21,-1.8020687174432426
2019-06-24,-2.3997862049324734
2019-06-25,-1.2624458197231407
2019-06-26,-2.1238656563843317
2019-06-27,-2.1514307638619865
2019-06-28,-2.4504603722913307
2019-07-01,-1.9948712155487391
2019-07-02,-2.2469827170963828
2019-07-03,-2.4071735080358394
2019-07-04,-3.8420606470879672
2019-07-05,-2.1296506766998964
2019-07-08,-2.777842708721975
2019-07-09,-2.848707767493633
2019-07-10,-1.9576573207317987
2019-07-11,-1.946629248282385
2019-07-12,-2.3076641032622565
2019-07-15,-2.4758464291387385
2019-07-16,-2.266930815220834
2019-07-17,-2.7838057159439655
2019-07-18,-1.99717264327669
2019-07-19,-1.7549663701029612
2019-07-22,-2.3777606831001266
2019-07-23,-2.534305405799776
2019-07-24,-2.9841804453540184
2019-07-25,-2.590051535881784
2019-07-26,-2.6798474383354813
2019-07-29,-2.8081853525859812
2019-07-30,-2.4039040800377793
2019-07-31,-1.5674919204573887
2019-08-01,-1.047588655960791
2019-08-02,-0.9238681879989042
2019-08-05,-0.5399346034997619
2019-08-06,-0.608174261457622
2019-08-07,-0.6564368782139125
2019-08-08,-1.5751331704414095
2019-08-09,-1.176160016212024
2019-08-12,-1.5551769557528956
2019-08-13,-0.13349285462392865
2019-08-14,-1.086324383654291
2019-08-15,-0.3733669638838704
2019-08-16,-1.9502956659572968
2019-08-19,-2.34446897368155
2019-08-20,-2.3712814072871606
2019-08-21,-2.5999969944097625
2019-08-22,-2.2133755701050024
2019-08-23,-0.8897867462672535
2019-08-26,-0.17334559101307684
2019-08-27,-1.759563999923434
2019-08-28,-2.131654808647676
2019-08-29,-1.8349894311963242
2019-08-30,-2.3635057091411578
2019-09-02,-2.557637231090039
2019-09-03,-1.1454962768871746
2019-09-04,-2.147416310484849
2019-09-05,-1.5511771102820917
2019-09-06,-2.3406442204436892
2019-09-09,-2.4771986561743957
2019-09-10,-2.1077843523898063
2019-09-11,-2.7483913708900385
2019-09-12,-1.515913023403073
2019-09-13,-2.3884438619770463
2019-09-16,-1.7753095624465844
2019-09-17,-2.223894234139671
2019-09-18,-2.6631373944160144
2019-09-19,-2.110094188976854
2019-09-20,-2.4106220857146825
2019-09-23,-2.353506709121972
2019-09-24,-1.3643072923494373
2019-09-25,-2.010468759952142
2019-09-26,-2.2250331903493916
2019-09-27,-1.7654220884380123
2019-09-30,-2.3148795821397705
2019-10-01,-1.5543467094900179
2019-10-02,-2.1642227514617667
2019-10-03,-0.9524581729997693
2019-10-04,-1.6994228556070088
2019-10-07,-2.034416214209818
2019-10-08,-2.0690526783218
2019-10-09,-2.222948057113271
2019-10-10,-1.2591951235310772
2019-10-11,-1.8311442699598701
2019-10-14,-2.387736019323345
2019-10-15,-2.141490089705158
2019-10-16,-2.219100273831578
2019-10-17,-2.2779868229061897
2019-10-18,-2.591051513277162
2019-10-21,-2.7803533390731854
2019-10-22,-3.184783594476089
2019-10-23,-2.645289666573121
2019-10-24,-2.8863899383539526
2019-10-25,-3.199245451714847
2019-10-28,-3.1732823683987146
2019-10-29,-3.210314635973398
2019-10-30,-2.0018963779505885
2019-10-31,-2.1964041167170425
2019-11-01,-2.024915722249424
2019-11-04,-3.271134940091861
2019-11-05,-2.2674889255161164
2019-11-06,-2.744631039787884
2019-11-07,-2.0545701488336365
2019-11-08,-2.2860807491909307
2019-11-11,-3.1357180354020895
2019-11-12,-3.00663983533592
2019-11-13,-2.545507524422223
2019-11-14,-2.273293805049753
2019-11-15,-2.8336695357934683
2019-11-18,-2.5553492290765933
2019-11-19,-2.6363067375540257
2019-11-20,-1.980973008226197
2019-11-21,-2.2072168171837734
2019-11-22,-3.0540527000496933
2019-11-25,-3.397185591641514
2019-11-26,-2.83267077036341
2019-11-27,-3.0933436338003504
2019-11-28,-3.1307062690692917
2019-11-29,-3.2953124130358864
2019-12-02,-2.1360815108870437
2019-12-03,-2.1704932314239707
2019-12-04,-2.1127342075224784
2019-12-05,-2.7763776582255266
2019-12-06,-1.968796839795624
2019-12-09,-3.1049336188719296
2019-12-10,-3.0726729469112195
2019-12-11,-3.0004618407908685
2019-12-12,-2.0030471389322155
2019-12-13,-1.516150296970787
2019-12-16,-3.2772434154004806
2019-12-17,-3.4906323210119425
2019-12-18,-3.281776838839257
2019-12-19,-3.3386626329851485
2019-12-20,-3.094294133592352
2019-12-23,-3.675527668643277
2019-12-24,-4.3008381717169355
2019-12-26,-4.070506621837498
2019-12-27,-3.4577201003910685
2019-12-30,-2.6531097099657637
2019-12-31,-2.88190111398814
2020-01-02,-2.3832058754170515
2020-01-03,-1.7371161911754018
2020-01-06,-2.299361882491667
2020-01-07,-2.6127209356464363
2020-01-08,-1.032446927009226
2020-01-09,-2.6495656122168114
2020-01-10,-2.9901994740134223
2020-01-13,-3.213901651854556
2020-01-14,-2.495515288936802
2020-01-15,-3.1609062289656316
2020-01-16,-2.989580578254045
2020-01-17,-3.0750561304613306
2020-01-20,-4.353869528746379
2020-01-21,-2.5165122019088977
2020-01-22,-3.2119092262002917
2020-01-23,-2.5027498635823715
2020-01-24,-2.6009106666798933
2020-01-27,-2.030803104422856
2020-01-28,-2.3170541581605923
2020-01-29,-2.4518836221563514
2020-01-30,-2.0126306585715947
2020-01-31,-2.1384830870306977
2020-02-03,-2.1313416337512705
2020-02-04,-2.2787550538506074
2020-02-05,-2.057679609819695
2020-02-06,-2.778672214367147
2020-02-07,-2.1976470771633623
2020-02-10,-2.676053771629956
2020-02-11,-3.0905777104203476
2020-02-12,-2.814410530320758
2020-02-13,-2.2122997630114014
2020-02-14,-3.2572749907829137
2020-02-17,-3.7321702818404647
2020-02-18,-2.8972172059833006
2020-02-19,-1.8181141761519384
2020-02-20,-1.2434117833873906
2020-02-21,-1.4543593862034163
2020-02-24,-1.1959383052376895
2020-02-25,-1.3662942622100707
2020-02-26,-1.1186162519572647
2020-02-27,-0.7818549502375638
2020-02-28,-0.13086109891739842
2020-03-02,-0.17805677309567092
2020-03-03,-0.35533910858480866
2020-03-04,-0.8815179428363846
2020-03-05,-0.9111005116370958
2020-03-06,-0.24109202627601195
2020-03-09,1.6749685849811882
2020-03-10,1.091459136624296
2020-03-11,0.34535948418578905
2020-03-12,1.098797956470302
2020-03-13,0.7839315472630627
2020-03-16,1.11583492609265
2020-03-17,0.23961713241719748
2020-03-18,0.061678901286659336
2020-03-19,0.5097796429670313
2020-03-20,0.32727736635083166
2020-03-23,0.5654907000905768
2020-03-24,-0.08325146874465068
2020-03-25,-0.4965918466143125
2020-03-26,-0.06465571319543226
2020-03-27,-0.024351843056218785
2020-03-30,-0.05045560521212679
2020-03-31,0.015601686822004504
2020-04-01,-0.5001125927340518
2020-04-02,-0.7494782760178889
2020-04-03,-1.005200530751363
2020-04-06,-0.9572976743746541
2020-04-07,-1.2238542126369176
2020-04-08,-1.5877971543129044
2020-04-09,-1.6477695138943622
2020-04-10,-2.882645708729363
2020-04-13,-1.8223615707492797
2020-04-14,-2.01482349802157
2020-04-15,-1.4074550200876665
2020-04-16,-1.2346799668339645
2020-04-17,-1.3796984426246521
2020-04-20,-1.9813283103101393
2020-04-21,-1.5934819606087605
2020-04-22,-1.9739726995191564
2020-04-23,-1.1663959812411488
2020-04-24,-2.568404725988304
2020-04-27,-2.0434969045204903
2020-04-28,-1.98798816297767
2020-04-29,-1.946614619131304
2020-04-30,-1.0812671812019812
2020-05-01,-1.6152966348932352
2020-05-04,-2.2669710498707563
2020-05-05,-2.4540290963419826
2020-05-06,-2.0759241688137555
2020-05-07,-1.9088697787166422
2020-05-08,-1.9050147244494464
2020-05-11,-1.7752574662026321
2020-05-12,-2.211401366174946
2020-05-13,-1.879309072976219
2020-05-14,-2.159063219998399
2020-05-15,-1.9796458699962027
2020-05-18,-2.248426706751423
2020-05-19,-2.0189025647178425
2020-05-20,-2.1455106205177015
2020-05-21,-2.417661011702506
2020-05-22,-2.522403551404649
2020-05-25,-3.477147084747415
2020-05-26,-2.3686396159648555
2020-05-27,-2.1104764524090194
2020-05-28,-2.6527085923440232
2020-05-29,-1.726313317010069
2020-06-01,-2.31281731324088
2020-06-02,-1.4430453778265455
2020-06-03,-1.8848582307632267
2020-06-04,-1.6190280300864277
2020-06-05,-1.3535580711036919
2020-06-08,-1.6420084636275916
2020-06-09,-1.1458846061413277
2020-06-10,-1.540361686489094
2020-06-11,-1.5444113723750668
2020-06-12,-1.3633065217877038
2020-06-15,-1.6099549118590113
2020-06-16,-1.5143788732483763
2020-06-17,-2.29417548301205
2020-06-18,-1.9223978826447405
2020-06-19,-2.1517299539637267
2020-06-22,-2.5610080334892253
2020-06-23,-1.605651643037353
2020-06-24,-2.0589866592026245
2020-06-25,-2.2579677327005117
2020-06-26,-2.1936579783507977
2020-06-29,-1.9488434079672081
2020-06-30,-1.929204331058773
2020-07-01,-2.085594456406364
2020-07-02,-2.3009152254839402
2020-07-03,-3.775946178764497
2020-07-06,-2.844263152646125
2020-07-07,-2.6750805497771926
2020-07-08,-2.908774617323379
2020-07-09,-2.5621131794859564
2020-07-10,-2.7694031436932582
2020-07-13,-2.8417081834686284
2020-07-14,-2.9140583950012777
2020-07-15,-2.485069410054358
2020-07-16,-2.588873880348259
2020-07-17,-2.930461061950686
2020-07-20,-2.055809618300316
2020-07-21,-2.383043412524953
2020-07-22,-2.5258267394828273
2020-07-23,-2.824406199216618
2020-07-24,-1.6668963739081886
2020-07-27,-1.4713231650350034
2020-07-28,-1.6848439093384835
2020-07-29,-1.482537366414887
2020-07-30,-1.8185197435299327
2020-07-31,-0.9768348516461371
2020-08-03,-1.1377704140670393
2020-08-04,-1.9116335750282865
2020-08-05,-1.5045223805665633
2020-08-06,-1.893750435103316
2020-08-07,-2.134713478823962
2020-08-10,-2.137519536572393
2020-08-11,-1.842763567194879
2020-08-12,-1.960486819918764
2020-08-13,-2.0961209842744823
2020-08-14,-2.4293324339569393
2020-08-17,-2.271304523887877
2020-08-18,-1.7648506407291176
2020-08-19,-1.363683635827281
2020-08-20,-1.8866410275142564
2020-08-21,-1.949790473114137
2020-08-24,-2.3700440283278748
2020-08-25,-2.0659533610421916
2020-08-26,-2.3261915883764415
2020-08-27,-1.2529329541588186
2020-08-28,-0.6453036344619073
2020-08-31,-1.2523430521906833
2020-09-01,-1.4452208330149827
2020-09-02,-2.2336641735382243
2020-09-03,-2.0532916867096396
2020-09-04,-2.607733607032812
2020-09-07,-3.36766145455449
2020-09-08,-2.4246755986102313
2020-09-09,-2.516383970511214
2020-09-10,-2.7178213536663645
2020-09-11,-3.3021192873589333
2020-09-14,-2.573778780091306
2020-09-15,-2.550026227498442
2020-09-16,-1.7130908378688274
2020-09-17,-1.8076821408748243
2020-09-18,-2.0456596613565856
2020-09-21,-1.410316054557319
2020-09-22,-2.103474549316779
2020-09-23,-2.161766565839849
2020-09-24,-2.212181403104327
2020-09-25,-2.810301942010951
2020-09-28,-2.3304018978505625
2020-09-29,-2.5421992677811267
2020-09-30,-2.2693979211724735
2020-10-01,-2.732208332307183
2020-10-02,-1.6203591920693456
2020-10-05,-2.642331922617199
2020-10-06,-2.653254891504049
2020-10-07,-2.623159343490417
2020-10-08,-3.292249300782658
2020-10-09,-2.816921533199342
2020-10-12,-2.8933620551013304
2020-10-13,-2.928452966932964
2020-10-14,-2.8551477614239884
2020-10-15,-2.803558867690583
2020-10-16,-2.766939483866476
2020-10-19,-3.090405784640022
2020-10-20,-3.004597037471482
2020-10-21,-2.194150641777235
2020-10-22,-2.5393014714894817
2020-10-23,-2.619732589363679
2020-10-26,-2.731002227657538
2020-10-27,-2.8280045995679894
2020-10-28,-2.2203112371214435
2020-10-29,-2.264604297335564
2020-10-30,-1.9294344026666406
2020-11-02,-2.54494990948019
2020-11-03,-2.372302476282972
2020-11-04,-0.456704378897284
2020-11-05,-1.1568100733763733
2020-11-06,-1.3594621406403893
2020-11-09,-0.753798890759154
2020-11-10,-1.3045419994454703
2020-11-11,-2.2178720268208663
2020-11-12,-2.037857197813661
2020-11-13,-2.2432659759425992
2020-11-16,-1.4762014629573295
2020-11-17,-2.3216833060095987
2020-11-18,-2.1963338266875376
2020-11-19,-2.1989494337805136
2020-11-20,-3.004640098344403
2020-11-23,-1.6037020100088388
2020-11-24,-2.0518836531317635
2020-11-25,-2.419782332803247
2020-11-26,-3.4395377285283493
2020-11-27,-2.67387808864112
2020-11-30,-1.813764113355471
2020-12-01,-2.3527093574677598
2020-12-02,-2.176071822979695
2020-12-03,-2.322857030267511
2020-12-04,-1.9034245352666506
2020-12-07,-2.3193760157658008
2020-12-08,-2.7521006662376326
2020-12-09,-2.95699233095727
2020-12-10,-2.614070566772605
2020-12-11,-2.618157592093601
2020-12-14,-1.803296071160602
2020-12-15,-2.5264245140947237
2020-12-16,-1.7536425083033464
2020-12-17,-2.095862518228055
2020-12-18,-2.2334286306722486
2020-12-21,-1.8589563549896961
2020-12-22,-2.4762977770626664
2020-12-23,-2.6488593979153867
2020-12-24,-3.08221402291107
2020-12-28,-2.700122996360425
2020-12-29,-2.678713476531298
2020-12-30,-2.241204202363882
2020-12-31,-2.332713205301012
2021-01-04,-2.267971458498019
2021-01-05,-2.3514550483029915
2021-01-06,-1.7954974925454417
2021-01-07,-1.6353400302551713
2021-01-08,-1.411308376441715
2021-01-11,-2.0767640726095586
2021-01-12,-2.296670764625938
2021-01-13,-2.3470996399118023
2021-01-14,-1.8544261044112358
2021-01-15,-2.258839047687659
2021-01-18,-3.242897543677111
2021-01-19,-2.6539334389956966
2021-01-20,-2.491650020153891
2021-01-21,-2.4794940683956317
2021-01-22,-2.977941717615194
2021-01-25,-2.924880288814109
2021-01-26,-3.498736628503068
2021-01-27,-2.4551287726710296
2021-01-28,-2.3851348430089505
2021-01-29,-2.1800727095747137
2021-02-01,-2.614383151149503
2021-02-02,-2.631009499668809
2021-02-03,-3.0482100362140043
2021-02-04,-2.9310030166925087
2021-02-05,-1.9365956788659018
2021-02-08,-2.541609293106157
2021-02-09,-2.295428500825045
2021-02-10,-2.143132981713311
2021-02-11,-3.227202962820421
2021-02-12,-2.7298298371022574
2021-02-15,-2.7890252350304423
2021-02-16,-2.0196725584000323
2021-02-17,-1.8162444247886222
2021-02-18,-2.428131313658938
2021-02-19,-1.9504989867169973
2021-02-22,-1.9902091063144434
2021-02-23,-2.170882868054606
2021-02-24,-1.8846000618036884
2021-02-25,-1.848077360344239
2021-02-26,-1.4364650906621095
2021-03-01,-2.165121616319473
2021-03-02,-2.5164653912269843
2021-03-03,-2.512500768871916
2021-03-04,-2.535625619258382
2021-03-05,-1.3126314559762535
2021-03-08,-2.4114265127802206
2021-03-09,-1.6238655412696914
2021-03-10,-1.4409856127636886
2021-03-11,-1.8886418715088997
2021-03-12,-1.9073361976996401
2021-03-15,-2.2302602235794224
2021-03-16,-2.4371537006402604
2021-03-17,-2.1668089849403716
2021-03-18,-1.548388735508151
2021-03-19,-2.207393541226149
2021-03-22,-2.4859396004426633
2021-03-23,-2.325865260040576
2021-03-24,-2.5541843551138355
2021-03-25,-2.462792672027471
2021-03-26,-2.422496458785036
2021-03-29,-2.3424609606328017
2021-03-30,-2.44274036846757
2021-03-31,-1.6811444841214647
2021-04-01,-2.3630653492045743
2021-04-02,-2.768744183194281
2021-04-05,-2.55497720086995
2021-04-06,-1.8694767967546755
2021-04-07,-1.9001257629219994
2021-04-08,-2.2265730079481445
2021-04-09,-2.0659606622750655
2021-04-12,-2.224804790026663
2021-04-13,-1.7195703446155939
2021-04-14,-2.175200549496912
2021-04-15,-2.5154620065703663
2021-04-16,-2.4312062773802436
2021-04-19,-1.9671058030650674
2021-04-20,-1.9953647139068587
2021-04-21,-2.037920656717304
2021-04-22,-2.082184999297516
2021-04-23,-2.1330042366036563
2021-04-26,-1.9441739887272194
2021-04-27,-2.2839104129436483
2021-04-28,-1.9413835118189213
2021-04-29,-1.995404529924982
2021-04-30,-2.143492796654837
2021-05-03,-2.0193951664234464
2021-05-04,-2.0567059979250963
2021-05-05,-2.565577550798566
2021-05-06,-2.1897614818845157
2021-05-07,-0.8653115099109097
2021-05-10,-1.9005401670652098
2021-05-11,-2.1369540743793523
2021-05-12,-1.482252661080502
2021-05-13,-2.1922153551231345
2021-05-14,-2.6799493541766783
2021-05-17,-2.4958444374442297
2021-05-18,-2.6397102792123746
2021-05-19,-1.8305430842645078
2021-05-20,-2.4555665654647565
2021-05-21,-2.4269777304238165
2021-05-24,-2.4955944542977364
2021-05-25,-2.249815637775566
2021-05-26,-2.7355936237763947
2021-05-27,-2.3219314782905354
2021-05-28,-2.3435654738223546
2021-05-31,-2.56047887912092
2021-06-01,-2.4768269450937583
2021-06-02,-2.881622683087453
2021-06-03,-2.4899784328975274
2021-06-04,-1.75748268533685
2021-06-07,-2.3374585854379433
2021-06-08,-2.6385584612916158
2021-06-09,-2.470373735761133
2021-06-10,-2.451100181750932
2021-06-11,-2.5076065149024434
2021-06-14,-2.9447336505108157
2021-06-15,-3.027745861916311
2021-06-16,-1.1803676600437363
2021-06-17,-2.061956917891405
2021-06-18,-1.8636511549930999
2021-06-21,-2.0306885351926125
2021-06-22,-2.5602785089539846
2021-06-23,-2.249915389800189
2021-06-24,-2.5626094853835917
2021-06-25,-2.9048701722732315
2021-06-28,-2.8372944260054354
2021-06-29,-2.6906636472910015
2021-06-30,-2.419698058638973
2021-07-01,-2.591870772607242
2021-07-02,-2.3117488051089126
2021-07-05,-3.0403094687690406
2021-07-06,-2.3020681242994394
2021-07-07,-2.2234561546848757
2021-07-08,-1.647547221429925
2021-07-09,-2.2656420034964784
2021-07-12,-2.325499626640146
2021-07-13,-1.9225039879594394
2021-07-14,-2.3916015659460297
2021-07-15,-2.2482517345519635
2021-07-16,-2.472769398277605
2021-07-19,-1.8331766250213217
2021-07-20,-1.8780765844696854
2021-07-21,-2.376180085061482
2021-07-22,-2.4374585752849303
2021-07-23,-2.8540828227948607
2021-07-26,-2.6525704119794646
2021-07-27,-2.3678316802595787
2021-07-28,-2.1786687572699095
2021-07-29,-2.1476421476169425
2021-07-30,-2.704134613000043
2021-08-02,-2.444497044869872
2021-08-03,-2.5919529077204237
2021-08-04,-1.560168097596967
2021-08-05,-2.4956570915422773
2021-08-06,-2.5664329042637237
2021-08-09,-2.607034070131696
2021-08-10,-3.0262464744530253
2021-08-11,-2.6992192425494097
2021-08-12,-2.9788543172805793
2021-08-13,-2.5940809359396866
2021-08-16,-2.206353300026279
2021-08-17,-2.208360638601927
2021-08-18,-2.295351557829024
2021-08-19,-1.9938948741199312
2021-08-20,-2.549612067401812
2021-08-23,-2.328899968639565
2021-08-24,-2.2054863211179985
2021-08-25,-2.5836642566289165
2021-08-26,-2.4228537627373408
2021-08-27,-2.1343813964726417
2021-08-30,-3.3166495309200803
2021-08-31,-2.401821478936678
2021-09-01,-2.3453251579049694
2021-09-02,-3.1956752816793275
2021-09-03,-1.9449003482910634
2021-09-06,-3.548317686963618
2021-09-07,-2.982857836356994
2021-09-08,-2.8838930086918673
2021-09-09,-2.6920864274401968
2021-09-10,-3.024293976070446
2021-09-13,-3.3141404599774553
2021-09-14,-2.6108590443818493
2021-09-15,-2.275816895275236
2021-09-16,-2.29746354870102
2021-09-17,-2.876413827197771
2021-09-20,-2.504849211045955
2021-09-21,-2.368682404851928
2021-09-22,-1.7943104135103298
2021-09-23,-2.774097371507436
2021-09-24,-2.5060913951322306
2021-09-27,-2.1898049008789293
2021-09-28,-1.829792084243518
2021-09-29,-1.9533024534425927
2021-09-30,-1.7792496272120357
2021-10-01,-1.761636298603081
2021-10-04,-1.8930617209281941
2021-10-05,-2.339349873608718
2021-10-06,-2.1461000345647996
2021-10-07,-2.514734776339426
2021-10-08,-1.8059270830027805
2021-10-11,-2.000308641905604
2021-10-12,-1.6929191109675732
2021-10-13,-1.9597444595471625
2021-10-14,-2.3499803366193652
2021-10-15,-1.9502218077761875
2021-10-18,-1.6137886495865177
2021-10-19,-2.0824301118822133
2021-10-20,-2.064423892179193
2021-10-21,-1.6536941006348307
2021-10-22,-1.677722104308324
2021-10-25,-1.956006622965783
2021-10-26,-2.358076203842343
2021-10-27,-1.783189487457756
2021-10-28,-1.8556072485769097
2021-10-29,-1.7829394006959247
2021-11-01,-2.1085388033452346
2021-11-02,-1.8437540021375336
2021-11-03,-1.8782395822770772
2021-11-04,-2.0025379739793476
2021-11-05,-1.6184028351554383
2021-11-08,-2.438982437471137
2021-11-09,-2.0088451331528328
2021-11-10,-1.6968008827301173
2021-11-11,-2.4448735950760114
2021-11-12,-2.2176516479848005
2021-11-15,-2.7205470671769563
2021-11-16,-2.0149429946239845
2021-11-17,-1.8364992303045307
2021-11-18,-1.948684234264368
2021-11-19,-1.1360469664516935
2021-11-22,-1.4870780011520832
2021-11-23,-1.6168864768480358
2021-11-24,-1.8034135834740177
2021-11-25,-3.569236193804719
2021-11-26,-0.1857369334790086
2021-11-29,-0.9504607651098668
2021-11-30,-0.6237979209800275
2021-12-01,-1.125784852261948
2021-12-02,-1.45817262226546
2021-12-03,-1.3653093767747637
2021-12-06,-1.9033614176585898
2021-12-07,-2.1902119281044707
2021-12-08,-1.7632519559739424
2021-12-09,-2.105666023172065
2021-12-10,-1.90939186375153
2021-12-13,-2.535031134108517
2021-12-14,-2.4403515710068797
2021-12-15,-2.169621903076575
2021-12-16,-2.000863003041623
2021-12-17,-1.9265523008733525
2021-12-20,-2.0640931400200326
2021-12-21,-2.816728701639509
2021-12-22,-2.5273333382517764
2021-12-23,-3.0435290305325062
2021-12-24,-3.335812161690907
2021-12-27,-2.9624187506282302
2021-12-28,-2.8819035038218113
2021-12-29,-2.6161431140518014
2021-12-30,-3.02427419533706
2021-12-31,-3.005120127254221
2022-01-03,-2.4934685128981906
2022-01-04,-1.8911822278280626
2022-01-05,-1.9435170105096986
2022-01-06,-2.020903522862439
2022-01-07,-2.3419988386230295
2022-01-10,-2.1466565474668555
2022-01-11,-2.411469772077865
2022-01-12,-1.7590562790520234
2022-01-13,-1.8940727307725564
2022-01-14,-1.5719808778492408
2022-01-17,-2.6368066685948843
2022-01-18,-1.6859599994360621
2022-01-19,-2.2169997963434374
2022-01-20,-2.1355515179395823
2022-01-21,-1.8395103717326542
2022-01-24,-1.771000690330056
2022-01-25,-1.8664867253134474
2022-01-26,-1.9530362726844799
2022-01-27,-1.7800004825539817
2022-01-28,-1.8683299403520182
2022-01-31,-1.9228240143788413
2022-02-01,-2.074242318665978
2022-02-02,-2.668484579436585
2022-02-03,-2.205973397253931
2022-02-04,-1.3900928843620781
2022-02-07,-2.467662114191159
2022-02-08,-2.5273490758077712
2022-02-09,-2.7254411438954413
2022-02-10,-1.3386047146125635
2022-02-11,-1.2716461447396177
2022-02-14,-1.6255886826000534
2022-02-15,-2.0164039243795977
2022-02-16,-2.5553774607136925
2022-02-17,-1.69303589125247
2022-02-18,-2.0177243276279553
2022-02-21,-2.505856672421043
2022-02-22,-2.0382604442026224
2022-02-23,-2.707593591955262
2022-02-24,-1.1521487119006841
2022-02-25,-1.9642754874001713
2022-02-28,-1.5653429751158126
2022-03-01,-1.9498220386165621
2022-03-02,-1.9924241701320438
2022-03-03,-2.6597771697061736
2022-03-04,-1.7727173417982254
2022-03-07,-2.0740224185721314
2022-03-08,-2.237434153648425
2022-03-09,-2.2088486134031613
2022-03-10,-2.27205750839663
2022-03-11,-1.913703402564272
2022-03-14,-1.9505938517846753
2022-03-15,-1.3776698326032402
2022-03-16,-1.622967798936118
2022-03-17,-1.8141841773554472
2022-03-18,-2.1918382077133147
2022-03-21,-2.407464759510873
2022-03-22,-1.2263598214313849
2022-03-23,-1.2410508878221091
2022-03-24,-1.659724486797639
2022-03-25,-0.8581696677779367
2022-03-28,0.02661763993821636
2022-03-29,-0.01205891053988515
2022-03-30,-0.2121250283009963
2022-03-31,-0.6006436109579025
2022-04-01,-0.9772887700333937
2022-04-04,-1.5532909144022569
2022-04-05,-1.4282568826484623
2022-04-06,-1.316278460632172
2022-04-07,-2.0462331154569893
2022-04-08,-1.7820256788052835
2022-04-11,-1.2879465170443294
2022-04-12,-1.0277032596225943
2022-04-13,-1.2689316190061375
2022-04-14,-1.4274622677691189
2022-04-15,-2.0478298401836637
2022-04-18,-1.739734732740186
2022-04-19,-0.937139443447239
2022-04-20,-0.3812412607907014
2022-04-21,-0.8600341403805772
2022-04-22,-0.5662122527620009
2022-04-25,-0.6884112970547337
2022-04-26,-0.879115963289679
2022-04-27,-1.0200232778924954
2022-04-28,0.3407182717107057
2022-04-29,-0.6494241391717566
2022-05-02,-0.987371062053945
2022-05-03,-1.8682806462170556
2022-05-04,-0.40651326196955656
2022-05-05,-0.9027188054914955
2022-05-06,-1.151783504375786
2022-05-09,-1.1485531696508908
2022-05-10,-1.0303189300135562
2022-05-11,-0.6934217811406161
2022-05-12,-0.23854301794485766
2022-05-13,-0.7672869211905198
2022-05-16,-0.9780096965733024
2022-05-17,-1.1387181952650083
2022-05-18,-1.3258385168359719
2022-05-19,-0.5779193430422374
2022-05-20,-0.899900581684258
2022-05-23,-1.1177246728694576
2022-05-24,-0.6696435871309394
2022-05-25,-1.1228307767864614
2022-05-26,-0.9517839322881352
2022-05-27,-1.5109452655198243
2022-05-30,-1.8835378944458274
2022-05-31,-1.131316207177494
2022-06-01,-1.3154091662238072
2022-06-02,-1.7064585113575272
2022-06-03,-1.7821643600787664
2022-06-06,-1.6392969494987264
2022-06-07,-1.0424850904042033
2022-06-08,-0.8474089967619376
2022-06-09,-0.5842416504400277
2022-06-10,-0.3938296870656158
2022-06-13,-0.4985986416300503
2022-06-14,-0.5628197085344915
2022-06-15,-0.16145231874631472
2022-06-16,0.03547924882901202
2022-06-17,0.5183572156773532
2022-06-20,-1.3056346920800532
2022-06-21,-1.1893480996429164
2022-06-22,-0.9565635206371053
2022-06-23,-0.46896037753231756
2022-06-24,-0.9286541759978968
2022-06-27,-1.3997566176673644
2022-06-28,-1.4908970394665149
2022-06-29,-1.319868635402939
2022-06-30,-1.1719451251105726
2022-07-01,-0.7739841494742679
2022-07-04,-1.8122347262905336
2022-07-05,-1.0355907761853191
2022-07-06,-0.5384483808128759
2022-07-07,-1.2964413176180762
2022-07-08,-0.6379086867878624
2022-07-11,-1.2900627525766406
2022-07-12,-1.4141192074157871
2022-07-13,-0.9612940918584781
2022-07-14,-0.7733277725053852
2022-07-15,-1.4801966502426624
2022-07-18,-1.8756835053409138
2022-07-19,-1.4622376752789483
2022-07-20,-1.854806654989637
2022-07-21,-1.184979244776777
2022-07-22,-0.4645361209619138
2022-07-25,-1.3868639025238754
2022-07-26,-1.741185303426662
2022-07-27,-0.8352279515656819
2022-07-28,-0.3802891163369459
2022-07-29,-0.011965696559360603
2022-08-01,-0.3643791159439645
2022-08-02,-0.21243054760552432
2022-08-03,0.008117968427280907
2022-08-04,-0.40055442674659403
2022-08-05,0.11113715137878043
2022-08-08,-0.9470224895465538
2022-08-09,-1.6274961269291357
2022-08-10,0.7522825594341687
2022-08-11,-0.799740718410018
2022-08-12,-0.7590867665713005
2022-08-15,-1.2996924480543042
2022-08-16,-1.1669800713406517
2022-08-17,-0.9048463624223259
2022-08-18,-1.088367177583618
2022-08-19,-1.240403093345282
2022-08-22,-1.1213318363490488
2022-08-23,-0.27077526710597266
2022-08-24,-1.0702615001396376
2022-08-25,-1.249521508042899
2022-08-26,-0.33733685436441296
2022-08-29,-1.1541537086088998
2022-08-30,-1.2438118403363674
2022-08-31,-1.6560128191228312
2022-09-01,-0.9882998556285344
2022-09-02,-1.137881892611276
2022-09-05,-2.2280041003170594
2022-09-06,-1.0689738929161545
2022-09-07,-0.3887156768192998
2022-09-08,-0.43030613727206374
2022-09-09,-0.22993662212868263
2022-09-12,-0.6842375950546675
2022-09-13,0.7287569914191673
2022-09-14,-0.10245492587863521
2022-09-15,-1.0926065245824845
2022-09-16,-1.288729822459754
2022-09-19,-1.746897723736735
2022-09-20,-1.5563489514900404
2022-09-21,-0.4937290289032683
2022-09-22,1.702450962682503
2022-09-23,-0.49764435771426063
2022-09-26,-0.7324457464670161
2022-09-27,-1.536609926928298
2022-09-28,-1.2155527976269227
2022-09-29,-1.6736463290066401
2022-09-30,-1.8231503732999461
2022-10-03,-1.424226962352016
2022-10-04,-1.646228650541519
2022-10-05,-1.417188026454034
2022-10-06,-2.3732950058119275
2022-10-07,-1.956756503687837
2022-10-10,-2.483173768061525
2022-10-11,-2.332454014015633
2022-10-12,-1.599500889410433
2022-10-13,-0.7754086853187651
2022-10-14,-1.6599262729563022
2022-10-17,-2.0347535483358845
2022-10-18,-1.4664444652760855
2022-10-19,-2.9447203232565817
2022-10-20,-2.2296914095406817
2022-10-21,1.5951655580230646
2022-10-24,2.0333870370661318
2022-10-25,-1.0590802398543535
2022-10-26,-0.5534756131631893
2022-10-27,-0.6515139094253467
2022-10-28,-0.5505050589715853
2022-10-31,-1.5937358105508603
2022-11-01,-0.5746834787040992
2022-11-02,0.0754135291016613
2022-11-03,-0.9405282320337031
2022-11-04,-0.9540473331467545
2022-11-07,-0.8512583151144707
2022-11-08,-1.021025354965237
2022-11-09,-0.7296932893252706
2022-11-10,1.1202625578284324
2022-11-11,0.48609586505941066
2022-11-14,0.12130546499982453
2022-11-15,0.7057152415244724
2022-11-16,-0.18586195050541668
2022-11-17,-0.6449118506931145
2022-11-18,-1.026670093544944
2022-11-21,-1.0713122988948973
2022-11-22,-1.3038172442628357
2022-11-23,-0.5220807089817389
2022-11-24,-0.7783903431860943
2022-11-25,-0.8973759245051232
2022-11-28,-0.31336922279042106
2022-11-29,-0.4657358415442065
2022-11-30,-0.018005498238848117
2022-12-01,0.029965537512363336
2022-12-02,0.7971948122834623
2022-12-05,-0.4564439940113175
2022-12-06,-0.49527877447175817
2022-12-07,-0.5383191583230378
2022-12-08,-0.8185759541742307
2022-12-09,-0.34798811213625336
2022-12-12,-1.1886798297375216
2022-12-13,0.483562676085277
2022-12-14,0.1219296661367063
2022-12-15,-0.6071524214688927
2022-12-16,-0.7648119560446215
2022-12-19,-0.7258453023134332
2022-12-20,1.7892428986087079
2022-12-21,-0.29414689841838443
2022-12-22,-0.7954797634564071
2022-12-23,-1.1052865828651106
2022-12-26,-1.519792170023429
2022-12-27,-1.3663823081606012
2022-12-28,-1.0111926962246072
2022-12-29,-1.0100163450932742
2022-12-30,-0.43362751537637617
2023-01-02,-2.2352453346358616
2023-01-03,0.04490158608178623
2023-01-04,-0.22328020980667
2023-01-05,-0.19370924000363693
2023-01-06,0.3261161363271104
2023-01-09,-0.5242985897334349
2023-01-10,-0.6779210627589027
2023-01-11,-1.0781716588331784
2023-01-12,0.40727064295612153
2023-01-13,-0.12991843307685158
2023-01-16,-0.4382170898058648
2023-01-17,-0.40112811076085825
2023-01-18,1.201458593453049
2023-01-19,-0.5968874467682623
2023-01-20,-0.5748123204465078
2023-01-23,-0.6458976918931452
2023-01-24,-0.629835702479254
2023-01-25,-0.8201556694444975
2023-01-26,-0.6941028805579548
2023-01-27,-0.7913804519061136
2023-01-30,-0.8139585055645131
2023-01-31,-1.2438947106142757
2023-02-01,-0.19954136455764526
2023-02-02,-0.6657985289918182
2023-02-03,0.20424183647480118
2023-02-06,-0.5816038834327384
2023-02-07,-0.5454762860989115
2023-02-08,-0.9155364112184696
2023-02-09,-0.8125370157784484
2023-02-10,0.30695476193262966
2023-02-13,-1.092582301624269
2023-02-14,-0.3810044681873812
2023-02-15,-0.996775102364987
2023-02-16,-1.1469615345458357
2023-02-17,-1.1185433160450793
2023-02-20,-1.862819715920708
2023-02-21,-1.2125940142177216
2023-02-22,-1.5312356025053575
2023-02-23,-1.6490284324261073
2023-02-24,-0.8195389478730573
2023-02-27,-1.3554427257983819
2023-02-28,-1.2883426245626055
2023-03-01,-0.9985413060779306
2023-03-02,-1.1872302019409517
2023-03-03,-1.2604014836893571
2023-03-06,-1.370169453873716
2023-03-07,-0.9961244920735393
2023-03-08,-0.9891638332362673
2023-03-09,-1.007554978813173
2023-03-10,0.49541754849122677
2023-03-13,0.7183316791388977
2023-03-14,-0.03651954877678418
2023-03-15,0.4163630596324757
2023-03-16,0.40154737977402827
2023-03-17,-0.4247420587919673
2023-03-20,-0.14655070890691338
2023-03-21,-0.8095463334381436
2023-03-22,0.04526673018341299
2023-03-23,-0.4800369007693281
2023-03-24,-0.6243059737515854
2023-03-27,-1.0472811816477139
2023-03-28,-0.922166265729767
2023-03-29,-0.9921486009327818
2023-03-30,-1.1323657539608325
2023-03-31,-0.5335087989197941
2023-04-03,-0.775331728014698
2023-04-04,-0.6606654752216912
2023-04-05,-0.5796916607074327
2023-04-06,-1.35104190023881
2023-04-07,-0.8417693830261944
2023-04-10,-1.2321441060141065
2023-04-11,-1.515089642674141
2023-04-12,-0.28982528180344247
2023-04-13,-1.28979615489174
2023-04-14,-0.8191131379748531
2023-04-17,-1.339774380947918
2023-04-18,-1.6768070319324684
2023-04-19,-1.663198658939226
2023-04-20,-1.3083563268710503
2023-04-21,-0.921531907957712
2023-04-24,-1.8292565213013545
2023-04-25,-1.2983952701082841
2023-04-26,-0.9087646414909953
2023-04-27,-1.1218706797798463
2023-04-28,-0.08246061241905332
2023-05-01,-1.441263077596397
2023-05-02,-1.041200731493553
2023-05-03,-0.6211965831126725
2023-05-04,-0.6395973905055499
2023-05-05,-0.9368342332217534
2023-05-08,-1.7715115700846125
2023-05-09,-1.735213195140892
2023-05-10,-1.008882430030166
2023-05-11,-0.9013535433105813
2023-05-12,-1.773923240017558
2023-05-15,-1.478468605682227
2023-05-16,-1.570291038101138
2023-05-17,-1.658507938554528
2023-05-18,-1.2160140670061874
2023-05-19,-0.7681149976208625
2023-05-22,-1.0297618903404073
2023-05-23,-1.2484248295498104
2023-05-24,-1.5272732525162602
2023-05-25,-1.3412225003572358
2023-05-26,-1.2131277535376481
2023-05-29,-2.0585531759157316
2023-05-30,-0.8151352984785817
2023-05-31,-0.5474389522363169
2023-06-01,-1.1874397305903897
2023-06-02,-1.261793854980521
2023-06-05,-1.0415000305058495
2023-06-06,-1.7083054771083916
2023-06-07,-1.4653581839869827
2023-06-08,-1.5669120862256252
2023-06-09,-1.7000386926871154
2023-06-12,-1.8406422953321508
2023-06-13,-1.5243139480268515
2023-06-14,-0.9919273172000632
2023-06-15,-0.8774890182008726
2023-06-16,-0.5908787204866813
2023-06-19,-2.0610640453051934
2023-06-20,-1.1703670446563763
2023-06-21,-1.627902322353726
2023-06-22,-1.6060127787181517
2023-06-23,-1.3659356751432616
2023-06-26,-1.5183942508236392
2023-06-27,-1.67906457526027
2023-06-28,-1.6244302389987593
2023-06-29,-1.3675945410516939
2023-06-30,-1.684546987483242
2023-07-03,-1.632436357441867
2023-07-04,-2.7410272743073296
2023-07-05,-2.0581240677614567
2023-07-06,-0.9863181510422421
2023-07-07,-0.8256278156050698
2023-07-10,-1.473860666712314
2023-07-11,-1.2221160924253303
2023-07-12,-0.5221447219365779
2023-07-13,-0.6592887827590864
2023-07-14,-0.6337288417637379
2023-07-17,-1.0211736830151006
2023-07-18,-0.43413307327554435
2023-07-19,-1.2025665385769069
2023-07-20,-1.2683478600452176
2023-07-21,-0.7792953285792252
2023-07-24,-1.104110880479439
2023-07-25,-1.410837178937223
2023-07-26,-1.2427627881979366
2023-07-27,0.14149563551437816
2023-07-28,0.8587590517637069
2023-07-31,-0.9612390605286594
2023-08-01,-1.5397827997829563
2023-08-02,-0.8833798065129697
2023-08-03,-0.9878836921609903
2023-08-04,-1.0976298694081992
2023-08-07,-1.5493829052051156
2023-08-08,-1.4220847646129042
2023-08-09,-1.7588504373407972
2023-08-10,-1.7516416250642024
2023-08-11,-2.124936115146318
2023-08-14,-1.849150068246005
2023-08-15,-1.7507922808724423
2023-08-16,-2.1906494689726266
2023-08-17,-1.7364909226209602
2023-08-18,-1.587630109377318
2023-08-21,-1.8848571741104707
2023-08-22,-1.785744303978315
2023-08-23,-1.33451040628507
2023-08-24,-1.8189652962996552
2023-08-25,-1.1875528919328582
2023-08-28,-2.5340602794407268
2023-08-29,-0.9017730613549215
2023-08-30,-1.43174124001358
2023-08-31,-1.3580932045177114
2023-09-01,-0.864784438637515
2023-09-04,-2.662622620650052
2023-09-05,-2.03398168863592
2023-09-06,-1.400946806607602
2023-09-07,-1.796234766443206
2023-09-08,-1.642008987843767
2023-09-11,-0.8243991277461268
2023-09-12,-2.047682876930588
2023-09-13,-2.1448014099135797
2023-09-14,-1.8111039136462004
2023-09-15,-2.1027059028303574
2023-09-18,-3.061807376800858
2023-09-19,-2.9587017903223884
2023-09-20,-1.7444580416271818
2023-09-21,-1.8612424586597156
2023-09-22,-1.7738980836791556
2023-09-25,-2.670365238287515
2023-09-26,-2.3121437464140824
2023-09-27,-2.5454084800512873
2023-09-28,-2.170516640469279
2023-09-29,-1.8760744424270495
2023-10-02,-2.6867157443645957
2023-10-03,-0.27267586216380435
2023-10-04,-1.7801609573622146
2023-10-05,-1.6042241466432892
2023-10-06,-1.7002928608378383
2023-10-09,-2.5772016928454784
2023-10-10,-1.8329843454047428
2023-10-11,-2.1669858581228603
2023-10-12,-2.2266213200756586
2023-10-13,-2.8059431573646214
2023-10-16,-2.6253722321123254
2023-10-17,-2.431354369827582
2023-10-18,-3.1888509767856656
2023-10-19,-2.772181160792931
2023-10-20,-3.3630670717208107
2023-10-23,-3.48278609337776
2023-10-24,-2.7463854507431593
2023-10-25,-3.67892676657916
2023-10-26,-1.950316037465937
2023-10-27,-2.381374732329042
2023-10-30,-1.5885848121856907
2023-10-31,-0.9770793299645522
2023-11-01,-1.6229519040355822
2023-11-02,-1.7526773417499832
2023-11-03,-1.4620403569333302
2023-11-06,-2.403570025495581
2023-11-07,-2.4175450868442105
2023-11-08,-2.72442898077239
2023-11-09,-2.445930405359553
2023-11-10,-3.1816068254071492
2023-11-13,-2.0561875649331465
2023-11-14,-1.5665607249335438
2023-11-15,-1.5020981603084185
2023-11-16,-2.03531787156501
2023-11-17,-1.170638893752615
2023-11-20,-0.9406109842700435
2023-11-21,-0.9504734985334781
2023-11-22,-1.1876639908000552
2023-11-23,-2.2108843219325203
2023-11-24,-2.306171215075162
2023-11-27,-1.461433776754813
2023-11-28,-1.1757070245221735
2023-11-29,-0.7794461186492572
2023-11-30,-1.0086034246113476
2023-12-01,-0.77831884350844
2023-12-04,-1.191319118624806
2023-12-05,-0.9951735028199198
2023-12-06,-1.791550796680107
2023-12-07,-0.004853234151727496
2023-12-08,0.5710019543587996
2023-12-11,-0.5623421450566499
2023-12-12,-0.9952033087456298
2023-12-13,-0.13817881583601316
2023-12-14,0.15386471665203183
2023-12-15,-0.6611592875987414
2023-12-18,-1.4487223918315102
2023-12-19,-0.007715882716299059
2023-12-20,-1.2315014265270239
2023-12-21,-1.0585575291872562
2023-12-22,-1.205410890174414
2023-12-26,-2.346870235834583
2023-12-27,-1.0914391033496622
2023-12-28,-0.6453839207801083
2023-12-29,-1.1757835212770187
2024-01-02,-1.1880499242408233
2024-01-03,-0.9668025060156017
2024-01-04,-1.1043972725211393
2024-01-05,0.03557138136093038
2024-01-08,-1.2875411353685597
2024-01-09,-0.9993863628606514
2024-01-10,-1.6082007295748124
2024-01-11,-0.7472883051400178
2024-01-12,-0.8728799644192622
2024-01-15,-1.982375858347183
2024-01-16,-1.1038238713587214
2024-01-17,-1.2839044686737788
2024-01-18,-1.6452346933658974
2024-01-19,-1.4866271859452378
2024-01-22,-1.7634902927511413
2024-01-23,-0.9370671996066505
2024-01-24,-0.9533295355617848
2024-01-25,-1.519678113388235
2024-01-26,-1.7400314610586745
2024-01-29,-1.882768534628884
2024-01-30,-1.561034072844051
2024-01-31,-0.34060909910272386
2024-02-01,-0.8222668783905431
2024-02-02,-0.4979080038949574
2024-02-05,-1.5618018532840883
2024-02-06,-1.8321072616515564
2024-02-07,-1.606439567290846
2024-02-08,-1.5500899859692998
2024-02-09,-1.999356856994265
2024-02-12,-2.8370234195739172
2024-02-13,-0.6901756345360714
2024-02-14,-2.1854550514028985
2024-02-15,-1.7728794595848563
2024-02-16,-2.1213345467772102
2024-02-19,-3.3789217187056417
2024-02-20,-2.5150373493296647
2024-02-21,-2.736382774307707
2024-02-22,-2.2656758653755604
2024-02-23,-2.7313421271807794
2024-02-26,-2.6921751755428045
2024-02-27,-2.6907340102934003
2024-02-28,-3.105232338079688
2024-02-29,-1.3286193909034683
2024-03-01,-1.9972724074172443
2024-03-04,-2.4775445101785594
2024-03-05,-2.35367112584657
2024-03-06,-1.553495540918787
2024-03-07,-1.125583084818387
2024-03-08,-1.0545641139175574
2024-03-11,-1.789859208155007
2024-03-12,-1.1450442979410618
2024-03-13,-1.9053990241607073
2024-03-14,-1.6402923835490113
2024-03-15,-2.0249892588742577
2024-03-18,-2.385058815253832
2024-03-19,-1.2279017562247507
2024-03-20,-1.198960163497312
2024-03-21,-1.3432679388250783
2024-03-22,-1.5942735128248329
2024-03-25,-2.278206069594956
2024-03-26,-2.880625625226541
2024-03-27,-1.7519471314468906
2024-03-28,-2.6187798869807053
2024-03-29,-3.1472361125192685
2024-04-01,-3.0484982465977857
2024-04-02,-2.9884687287638885
2024-04-03,-3.059551647310906
2024-04-04,-2.6183359972596207
2024-04-05,-1.8368570520766452
2024-04-08,-3.403146759833035
2024-04-09,-3.4522895568335277
2024-04-10,-1.3106507364343982
2024-04-11,-1.932886008202763
2024-04-12,-2.038275428141259
2024-04-15,-1.4909210112222009
2024-04-16,-1.9336755617162609
2024-04-17,-2.6127589046032704
2024-04-18,-2.1833106266461972
2024-04-19,-1.4759976681732978
2024-04-22,-3.1432294358179362
2024-04-23,-2.9725543069320004
2024-04-24,-3.029863050790353
2024-04-25,-2.657279505745223
2024-04-26,-0.4939562296272042
2024-04-29,1.694739239766236
2024-04-30,-1.600874880205156
2024-05-01,0.9918265638566048
2024-05-02,0.29313399041602717
2024-05-03,0.015294661435037889
2024-05-06,-1.71889318697825
2024-05-07,-1.5876254273850352
2024-05-08,-2.213754212374272
2024-05-09,-2.1063547057489913
2024-05-10,-2.6715764295844324
2024-05-13,-2.460283909473152
2024-05-14,-2.382995861673113
2024-05-15,-1.1285377695326533
2024-05-16,-0.9473911525281624
2024-05-17,-1.8944771936240659
2024-05-20,-2.3141450792150153
2024-05-21,-2.073981396996717
2024-05-22,-2.7662048636014145
2024-05-23,-2.2303458654315285
2024-05-24,-3.1512823572768522
2024-05-27,-2.8843095101630403
2024-05-28,-2.8212766762747696
2024-05-29,-2.828250199003753
2024-05-30,-1.7599165402772543
2024-05-31,-1.7414181508982536
2024-06-03,-1.6942959172478111
2024-06-04,-1.0960620712134725
2024-06-05,-1.137865448654063
2024-06-06,-1.5069111040968923
2024-06-07,-0.37031010637482953
2024-06-10,-2.1855217483578953
2024-06-11,-2.322528941059838
2024-06-12,-0.7927807228384375
2024-06-13,-1.4955450165712636
2024-06-14,-0.48576286169189015
2024-06-17,-2.1149249309485336
2024-06-18,-2.155397275198815
2024-06-19,-3.4860122579656747
2024-06-20,-2.5882519760026246
2024-06-21,-2.0612108128846542
2024-06-24,-1.8713595904673492
2024-06-25,-2.5558896112353033
2024-06-26,-2.46580676534592
2024-06-27,-2.53126310402307
2024-06-28,-1.666903687598609
2024-07-01,-1.9929052666116822
2024-07-02,-2.488845465009893
2024-07-03,-1.742452108603491
2024-07-04,-2.3632315195526954
2024-07-05,-1.306999677855656
2024-07-08,-1.9137468162927245
2024-07-09,-2.3698029694715035
2024-07-10,-3.0723517508549083
2024-07-11,1.055508434822431
2024-07-12,1.1380388168849676
2024-07-15,-1.58448097387469
2024-07-16,-1.754162522634442
2024-07-17,-0.8333272403501301
2024-07-18,-1.007393966025087
2024-07-19,-1.2859459385272285
2024-07-22,-1.2792998592831595
2024-07-23,-1.2387747487282827
2024-07-24,-0.5774485279884174
2024-07-25,0.23353596616986044
2024-07-26,-0.414448068329244
2024-07-29,-0.8148630247661358
2024-07-30,-0.5969676140520375
2024-07-31,0.8571452333646657
2024-08-01,0.10455344988424374
2024-08-02,0.9099068197352987
2024-08-05,1.5342432800541759
2024-08-06,0.9262631842767726
2024-08-07,0.7270854655372325
2024-08-08,0.4021557563480112
2024-08-09,-0.6933432544057055
2024-08-12,-0.9906226749315457
2024-08-13,-1.128186993542004
2024-08-14,-0.6726810229234473
2024-08-15,-0.06660175938262335
2024-08-16,-1.164042713330253
2024-08-19,-0.2449589288483096
2024-08-20,-0.44377499147259625
2024-08-21,-0.23275550146117904
2024-08-22,-0.8615860150485295
2024-08-23,-0.24848231688863495
2024-08-26,-0.7139686425799204
2024-08-27,-1.1557678810444498
2024-08-28,-1.0039638382857687
2024-08-29,-0.8345891518434623
2024-08-30,-1.1958684305446121
2024-09-02,-1.2956665041190583
2024-09-03,-0.8856109881474165
2024-09-04,-0.5581679521625492
2024-09-05,-0.4809727447828771
2024-09-06,0.3643884771846136
2024-09-09,-0.7341063906266978
2024-09-10,-0.9280131748024022
2024-09-11,0.053075348583135416
2024-09-12,-0.370603889181567
2024-09-13,-0.4358964948835984
2024-09-16,-0.6494645399518807
2024-09-17,-0.845852505380485
2024-09-18,0.1448452539809675
2024-09-19,0.013332355445280188
2024-09-20,0.008044773578224723
2024-09-23,-0.8090787829693786
2024-09-24,-0.6885593711061957
2024-09-25,-1.0373064604000812
2024-09-26,-0.5641576443680151
2024-09-27,1.0705554274712838
2024-09-30,-0.44990659490242824
2024-10-01,-0.3758840691523053
2024-10-02,-0.7403665803380793
2024-10-03,-0.5619205879338657
2024-10-04,0.5404522306620668
2024-10-07,-0.8661809887305806
2024-10-08,-1.0165392439990897
2024-10-09,-1.8896963507514977
2024-10-10,-0.8069392859177564
2024-10-11,-1.712719277408674
2024-10-14,-2.3107464039191346
2024-10-15,-1.6104632085571666
2024-10-16,-1.8258021004467588
2024-10-17,-1.4557698008105597
2024-10-18,-2.0692304131188557
2024-10-21,-1.9496515736911995
2024-10-22,-1.718167354738868
2024-10-23,-1.5506121731065532
2024-10-24,-1.1980705155345543
2024-10-25,-1.69545202536939
2024-10-28,-0.9520572719839944
2024-10-29,-1.286584123334912
2024-10-30,-1.2730611677644206
2024-10-31,-0.652082995367496
2024-11-01,-0.6919213554071767
2024-11-04,-1.3071673866816917
2024-11-05,-1.5939975894336584
2024-11-06,-0.18303504156071881
2024-11-07,-0.7128679882402075
2024-11-08,-0.9779240951028056
2024-11-11,-1.8184259436605434
2024-11-12,-1.5800351137348807
2024-11-13,-1.249589743290429
2024-11-14,-1.0825192826204548
2024-11-15,-0.6405681119761794
2024-11-18,-0.4647192078888094
2024-11-19,-0.5016520779840954
2024-11-20,-1.269768285808905
2024-11-21,-0.5601406470450981
2024-11-22,-0.9504447620504436
2024-11-25,-0.9834771263492491
2024-11-26,-0.8332183906314071
2024-11-27,-0.47090503829952457
2024-11-28,-1.5660240999642738
2024-11-29,-0.5095030085550647
2024-12-02,-0.5474265710140322
2024-12-03,-0.5475640167214183
2024-12-04,-0.7379058634788804
2024-12-05,-0.787569568861025
2024-12-06,-0.725488853124668
2024-12-09,-1.5699327539606602
2024-12-10,-1.3967890835362722
2024-12-11,-1.0132593481083056
2024-12-12,-1.2257932027856633
2024-12-13,-1.6210639006227716
2024-12-16,-1.6146264388208529
2024-12-18,-0.8104284816331259
2024-12-19,-0.27018507334720354
2024-12-20,-0.9847607874886348
2024-12-23,-1.7229615618131633
2024-12-24,-2.131683928083585
2024-12-26,-2.4543142655049275
2024-12-27,-1.8229709466618589
2024-12-30,-1.5605144189074684
2024-12-31,-1.5760150649018214
2025-01-02,-0.785325440320055
2025-01-03,-1.7496092344653806
2025-01-06,-0.7716383627575496
2025-01-07,-0.9005504209798416
2025-01-08,-1.7539764364330475
2025-01-09,-2.0014242915251685
2025-01-10,-0.3425430615419618
2025-01-13,-0.9992622935426091
2025-01-14,-0.963552096572544
2025-01-15,-0.8315662536168379
2025-01-16,-0.7424424149170683
2025-01-17,-1.1782860478025643
2025-01-20,-0.7717458535669357
2025-01-21,-0.29087634847494204
2025-01-22,-1.3344155685423686
2025-01-23,-1.71452417962682
2025-01-24,-0.2561491006848269
2025-01-27,-0.41937848123880583
2025-01-28,-0.8849670555131349
2025-01-29,-1.4026689688221559
2025-01-30,-0.8716945957076533
2025-01-31,-1.0635705322001483
2025-02-03,-0.6432606845464675
2025-02-04,-1.179952249037704
2025-02-05,-0.6617715593460178
2025-02-06,-0.9536249345566428
2025-02-07,-0.7816946055739743
2025-02-10,-1.3858868644818887
2025-02-11,-1.8277060961036062
2025-02-12,-0.6273193902678388
2025-02-13,-1.0394833571807742
2025-02-14,-0.9215465114227074
2025-02-17,-1.829107657104465
2025-02-18,-1.7917271567123485
2025-02-19,-1.5575092983177588
2025-02-20,-1.0395249562502122
2025-02-21,-0.7257988994828635
2025-02-24,-1.1146851954141952
2025-02-25,-1.0432418763445908
2025-02-26,-0.9044772385514902
2025-02-27,-0.9070659259471767
2025-02-28,-0.4865876543052882
2025-03-03,-0.6598879110766204
2025-03-04,-0.22579508124762618
2025-03-05,-0.19526388597616584
2025-03-06,-0.5714602777224987
2025-03-07,-0.2673484792482444
2025-03-10,-0.7588428154370385
2025-03-11,-0.47941331948091337
2025-03-12,-0.929720565296326
2025-03-13,-1.277802817524252
2025-03-14,-1.245032946910999
2025-03-17,-1.2908961918117894
2025-03-18,-1.4842359438139043
2025-03-19,-0.9231114788073902
2025-03-20,-1.2978100717092826
2025-03-21,-1.525127552925048
2025-03-24,-1.4360419643714615
2025-03-25,-1.680391469370745
2025-03-26,-1.5448948925510355
2025-03-27,-1.411587098188007
2025-03-28,-1.3111915564800731
2025-03-31,-0.7330121065710834
2025-04-01,-1.0850166232159852
2025-04-02,-0.8528070388030566
2025-04-03,0.2344048308155429
2025-04-04,0.6527414387969449
2025-04-07,0.67752030380946
2025-04-08,-0.26448253188086623
2025-04-09,0.9730096153421136
2025-04-10,-0.04751058000295797
2025-04-11,0.7653345186447168
2025-04-14,0.04774380821934882
2025-04-15,-0.5578698177498734
2025-04-16,-0.4120913688250403
2025-04-17,-0.5234910502005029
2025-04-18,-2.89038362488875
2025-04-21,-0.8196659815391354
2025-04-22,-0.6640529903028769
2025-04-23,0.07463067596631236
2025-04-24,-0.9050588773683809
2025-04-25,-0.8886923856790843
2025-04-28,-1.2263873453874286
2025-04-29,-1.1178692291813377
2025-04-30,-1.117405957016619
2025-05-01,-0.5920739180035701
2025-05-02,-0.5123607677187286
2025-05-05,-1.0197612286381432
2025-05-06,-0.7544750653894913
2025-05-07,-0.40025426332376546
2025-05-08,-0.5771204403491732
2025-05-09,-1.2302951781668208
2025-05-12,-0.09342900148591621
2025-05-13,-1.0132729212668652
2025-05-14,-0.38278027209264137
2025-05-15,-0.7638278388630193
2025-05-16,-1.2348394612153346
2025-05-19,-1.15347602493118
2025-05-20,-1.1557403616548945
2025-05-21,-1.0018129474226005
2025-05-22,-0.5410672937669037
2025-05-23,-1.0065944804281162
2025-05-26,-1.459822979096169
2025-05-27,-1.0069147492602775
2025-05-28,-0.6359059222757437
2025-05-29,-0.5781371796708498
2025-05-30,-0.7940144251190246
2025-06-02,-1.4222312059251794
2025-06-03,-1.2504074158888476
2025-06-04,-0.6174333727107149
2025-06-05,-0.7906189816027299
2025-06-06,-1.0270141678695617
2025-06-09,-1.7118331412116767
2025-06-10,-1.2495142659739906
2025-06-11,-0.5407281111603355
2025-06-12,-0.8548547448457731
2025-06-13,-0.7643028966791969
2025-06-16,-1.2887452489948321
2025-06-17,-1.3032742771497898
2025-06-18,-1.5991390707761
2025-06-19,-1.7463795372042559
2025-06-20,-1.8248392473289525
2025-06-23,-0.9816857179297248
2025-06-24,-0.9592099266830061
2025-06-25,-1.4694483702811478
2025-06-26,-1.0032295084418499
2025-06-27,-1.1575215488462358
2025-06-30,-1.379809432474341
2025-07-01,-1.0659402513730911
2025-07-02,-0.8232624706033957
2025-07-03,-0.08671667474346348
2025-07-04,-2.1497828021504946
2025-07-07,-1.5612786254405393
2025-07-08,-1.4216858313901404
2025-07-09,-1.7869255580849968
2025-07-10,-1.6180032979716932
2025-07-11,-1.6076045048926946
2025-07-14,-1.6424620671669385
2025-07-15,-1.363927579902825
2025-07-16,-0.1515498536610426
2025-07-17,-1.4896384892814785
2025-07-18,-1.8012993358162084
2025-07-21,-1.3135687158327751
2025-07-22,-1.3167733912970567
2025-07-23,-0.5493060660717257
2025-07-24,-1.3233137096566123
2025-07-25,-1.3417099163410253
2025-07-28,-1.6360746319376243
2025-07-29,-1.5484346520632113
2025-07-30,-1.2363984573431022
2025-07-31,-1.1353020269555363
2025-08-01,0.19276287241762238
2025-08-04,-1.0891065692210995
2025-08-05,-1.2797449454674152
2025-08-06,-1.6192773132162435
2025-08-07,-1.1810385996850663
2025-08-08,-1.4869902052702992
2025-08-11,-2.2176072682629795
2025-08-12,-1.066935017746156
2025-08-13,-1.8183224575870445
2025-08-14,-1.047360846780767
2025-08-15,-1.6376970144344798
2025-08-18,-1.802815824014497
2025-08-19,-1.831855274694254
2025-08-20,-1.7449865232001651
2025-08-21,-1.8216579262630646
2025-08-22,-0.39849671870125913
2025-08-25,-2.0187517770992045
2025-08-26,-1.1930417497769188
2025-08-27,-2.032532727182613
2025-08-28,-1.7064694753491572
2025-08-29,-2.0121327177012085
2025-09-01,-2.464465297558846
2025-09-02,-1.1891714769188435
2025-09-03,-1.2105961409673753
2025-09-04,-1.7089282673975656
2025-09-05,-1.1779494504698917
2025-09-08,-1.5242532753348903
2025-09-09,-1.287032685522098
2025-09-10,-1.7091962912622125
2025-09-11,-1.4305558811567591
2025-09-12,-2.0705444329367104
2025-09-15,-2.236587833014845
2025-09-16,-1.8722444032897692
2025-09-17,-0.7636994026881665
2025-09-18,-1.4927370744560062
2025-09-19,-1.2977267105933787
2025-09-22,-2.3073430201797875
2025-09-23,-2.2261725107857595
2025-09-24,-2.44957198616368
2025-09-25,-1.6934518546123487
2025-09-26,-2.423334614986192
2025-09-29,-2.0360191518628086
2025-09-30,-1.7615222672868367
2025-10-01,-1.1263631080563334
2025-10-02,-1.7222511640955223
2025-10-03,-1.9232782620544482
2025-10-06,-1.2752100029369697
2025-10-07,-1.8386016837276422
2025-10-08,-1.4017203896711168
2025-10-09,-0.9825955459270023
2025-10-10,-0.8167526276370244
2025-10-13,-1.628378248258976
2025-10-14,-1.4033222868343145
2025-10-15,-1.578355768094115
2025-10-16,-1.3372650294815855
2025-10-17,-1.1074773677514402
2025-10-20,-1.3977468311069092
2025-10-21,-1.2235567681289792
2025-10-22,-1.854845817478127
2025-10-23,-2.217620977918681
2025-10-24,-1.4018314761723119
2025-10-27,-1.9430025060664036
2025-10-28,-1.472145289318117
2025-10-29,-0.5681262097872833
2025-10-30,-0.4511026516559147
2025-10-31,-1.689812600553078
2025-11-03,-2.6489147764226373
2025-11-04,-1.6526290179292868
2025-11-05,-1.6382629517329974
2025-11-06,-1.798968618594779
2025-11-07,-1.4733855103799538
2025-11-10,-2.252505319366356
2025-11-11,-2.30407202241039
2025-11-12,-2.212252854252937
2025-11-13,-1.8114543926136122
2025-11-14,-1.4283435086661074
2025-11-17,-2.3548893704664793
2025-11-18,-1.7715962243462056
2025-11-19,-1.924995729840732
2025-11-20,-1.306820004962924
2025-11-21,-1.0890620935518682
2025-11-24,-1.9603241770210358
2025-11-25,-1.3873758888051058
2025-11-26,-1.3601114394704799
2025-11-27,-1.922420945790934
2025-11-28,-2.2511533438741953
2025-12-01,-1.3512675769930749
2025-12-02,-2.189725346497665
2025-12-03,-1.8676344506058102
2025-12-04,-1.7248367210454751
2025-12-05,-1.8093084570417768
2025-12-08,-2.1035634130471697
2025-12-09,-1.8086758289267937
2025-12-10,-1.4905792919536245
2025-12-11,-1.458746195652388
2025-12-12,-1.9327041596311523
2025-12-15,-1.711443506820825
2025-12-16,-1.4867245295903513
2025-12-17,-1.9239320250501013
2025-12-18,-2.108257069608683
2025-12-19,-1.073629369823361
2025-12-22,-1.6780282081349684
2025-12-23,-1.628237670361983
2025-12-24,-1.8006945091593698
2025-12-26,-2.0123138979736916
2025-12-29,-1.6581709923811012
2025-12-30,-2.066648325919784
2025-12-31,-2.6949389501956267
2026-01-02,-2.5071167343650793
2026-01-05,-1.8244993041877386
2026-01-06,-1.9111885879101018
2026-01-07,-2.191029365778165
2026-01-08,-2.375319713073928
2026-01-09,-1.6683307684810338
2026-01-12,-2.0024563003587663
2026-01-13,-1.850105244293446
2026-01-14,-1.5666321280851907
2026-01-15,-1.8357851906363536
2026-01-16,-1.9006919569313385
2026-01-19,-1.9263864059633593
2026-01-20,-1.342050642066229
2026-01-21,-1.8318326044047748
2026-01-22,-2.199580002077316
2026-01-23,0.5438325023919903
2026-01-26,-0.1605775365950043
2026-01-27,-0.03618923751582986
2026-01-28,-0.40610512085044115
2026-01-29,-0.9899350641848856
2026-01-30,-0.9148314530119476
2026-02-02,-0.9387438129032493
2026-02-03,-2.0003355400103144
2026-02-04,-2.2618028255865266
2026-02-05,-1.5770960812575454
2026-02-06,-1.888898092791369
2026-02-09,-0.7676813325851397
2026-02-10,-1.1124192652729383
2026-02-11,0.6060825300208421
2026-02-12,-0.5010426562695421
2026-02-13,-0.9351341666404499
2026-02-16,-2.134735565317572
2026-02-17,-1.4886077484361762
2026-02-18,-1.6551747934953338
2026-02-19,-1.6214115486885226
2026-02-20,-1.0756110157002297
2026-02-23,-1.5126150323792618
2026-02-24,-1.1798232730146825
2026-02-25,-1.1944232131584143
2026-02-26,-1.569713859719738
2026-02-27,-1.7114398450632455
2026-03-02,-1.0866756265460302
2026-03-03,-1.2666033688195366
2026-03-04,-1.1848077390918996
2026-03-05,-1.2327872741465657
2026-03-06,-1.2475025578353762
2026-03-09,-1.1459483578045095
2026-03-10,-1.3666415954713678
2026-03-11,-1.9894395397402065
2026-03-12,-2.0619976483665603
2026-03-13,-1.8678345081615455
2026-03-16,-1.8889538297213058
2026-03-17,-2.2362827807702255
2026-03-18,-2.0223267875037765
2026-03-19,-1.1195903733761143
2026-03-20,-1.9891302810700136
2026-03-23,-0.2083961911666627
2026-03-24,-1.2270891447457013
2026-03-25,-1.9652392896177007
2026-03-26,-2.1307284402546327
2026-03-27,-2.117994568475907
2026-03-30,-1.698113096636766
2026-03-31,-1.6110402560462131
2026-04-01,-1.4585512031649897
2026-04-02,-1.6677600917717261
2026-04-03,-2.9436411998745475
2026-04-06,-2.487408298865466
2026-04-07,-2.35002849370502
2026-04-08,-1.203125151143847
2026-04-09,-2.0481309378106656
2026-04-10,-2.815267478649508
2026-04-13,-2.5189094849086358
2026-04-14,-2.135776034992311
2026-04-15,-2.194362968073631
2026-04-16,-2.3022350491669195
2026-04-17,-1.2742310698316375
2026-04-20,-2.094432755164993
2026-04-21,-1.8439897998025556
2026-04-22,-2.6940364693678127
2026-04-23,-2.198728089747832
2026-04-24,-2.634507818734872
2026-04-27,-2.6545162467694308
2026-04-28,-1.8521052028155776
2026-04-29,-2.659432688535914
2026-04-30,0.15519190532828842
2026-05-01,-0.05333898357153202
2026-05-04,-0.2785695571021799
2026-05-05,-2.5017730247635024
2026-05-06,0.2937787152409708
2026-05-07,-1.7513817329501624
2026-05-08,-2.35051045280765
2026-05-11,-2.916911943795823
2026-05-12,-2.0189864192587157
2026-05-13,-2.9990825947373008
2026-05-14,-1.8360420368390393
2026-05-15,-2.678733444586103
2026-05-18,-2.158609864365765
2026-05-19,-2.3943130566611384
2026-05-20,-2.4422793417783306
2026-05-21,-2.65432967238853
2026-05-22,-3.6391400192823196
2026-05-25,-3.6890994274178586
2026-05-26,-3.7357524049703046
2026-05-27,-3.63209657452627
2026-05-28,-3.081253039018805
2026-05-29,-3.535403314093083
2026-06-01,-3.5412517199938214
2026-06-02,-4.249092421624094
2026-06-03,-2.8200538037029927
2026-06-04,-3.3674052209226133
2026-06-05,-2.9696230704324575
2026-06-08,-2.900363648950687
2026-06-09,-3.536757683673336
2026-06-10,-3.830371192326499
2026-06-11,-2.441312378918427
2026-06-12,-2.6920157400668474
2026-06-15,-2.9171875683237922
2026-06-16,-3.1124210690094833
2026-06-17,-2.755131643109709
2026-06-18,-2.136832556961685
2026-06-19,-2.788020501361767
2026-06-22,-1.940055846021282
2026-06-23,-2.87369406671239
2026-06-24,-3.642832950394454
2026-06-25,-3.198778837422037
2026-06-26,-3.2676606575212443
2026-06-29,-4.257438905499752
2026-06-30,-1.9895132998789224
