date,Y_h,fitted,residual,split
2010-02-02,-1.577120259,-1.2102665385410583,-0.3668537204589417,train
2010-02-03,-1.084879149,-1.3033739150592996,0.21849476605929952,train
2010-02-04,-0.21692721,-1.1951928676519104,0.9782656576519103,train
2010-02-05,-0.972207498,-0.9059912573107582,-0.0662162406892417,train
2010-02-08,-0.322871738,-1.0565450565096075,0.7336733185096075,train
2010-02-09,-0.65347524,-0.793238604994217,0.13976336499421693,train
2010-02-10,-0.701888505,-0.784784644353583,0.08289613935358298,train
2010-02-11,-0.435160874,-0.7579835833046793,0.3228227093046793,train
2010-02-12,-1.762726568,-0.7069898652392921,-1.0557367027607079,train
2010-02-15,-0.98142977,-1.1052656479965077,0.12383587799650775,train
2010-02-16,-0.98036583,-0.9778592212556476,-0.002506608744352379,train
2010-02-17,-0.368424304,-0.9972514712946319,0.628827167294632,train
2010-02-18,-0.484478396,-0.8096328289384714,0.32515443293847146,train
2010-02-19,-1.01375338,-0.840833011469992,-0.17292036853000803,train
2010-02-22,-0.674833812,-0.9044863894682994,0.22965257746829937,train
2010-02-23,-0.843120659,-0.7925398561927768,-0.05058080280722321,train
2010-02-24,-0.707664264,-0.8158632325175349,0.10819896851753485,train
2010-02-25,-0.734654039,-0.8106782373356971,0.07602419833569707,train
2010-02-26,-0.278444748,-0.8376021645136906,0.5591574165136906,train
2010-03-01,-0.338129713,-0.6517378492091803,0.3136081362091803,train
2010-03-02,-0.699393825,-0.6273323782684916,-0.07206144673150838,train
2010-03-03,-0.825997235,-0.6943801151809399,-0.1316171198190601,train
2010-03-04,-1.114325569,-0.7290674765013492,-0.38525809249865084,train
2010-03-05,-1.394246478,-0.8287093416522295,-0.5655371363477704,train
2010-03-08,-1.31206656,-1.0032245710188221,-0.308841988981178,train
2010-03-09,-1.351740967,-1.0859910668422308,-0.2657499001577692,train
2010-03-10,-1.185100703,-1.1603569573199264,-0.024743745680073648,train
2010-03-11,-1.216557295,-1.1630705833017554,-0.053486711698244704,train
2010-03-12,-1.483944525,-1.186291197599469,-0.2976533274005311,train
2010-03-15,-1.088378404,-1.2675017088583913,0.17912330485839134,train
2010-03-16,-1.49589479,-1.1586439316411825,-0.3372508583588174,train
2010-03-17,-1.028891705,-1.267193980460712,0.23830227546071203,train
2010-03-18,-1.476758847,-1.140816500974202,-0.335942346025798,train
2010-03-19,-1.241588695,-1.2781956253147273,0.03660693031472739,train
2010-03-22,-1.059019096,-1.208593479244351,0.1495743832443508,train
2010-03-23,-0.620755401,-1.168202242431849,0.547446841431849,train
2010-03-24,-0.689794946,-0.9770618045009516,0.28726685850095157,train
2010-03-25,-0.943785006,-0.9622946480745973,0.018509642074597266,train
2010-03-26,-1.071633271,-0.9749292068775224,-0.09670406412247767,train
2010-03-29,-1.20484333,-0.9938522918985275,-0.21099103810147257,train
2010-03-30,-1.122842432,-1.0445972038556866,-0.07824522814431334,train
2010-03-31,-0.946848347,-1.0807812494144358,0.13393290241443578,train
2010-04-01,-1.735139822,-1.068986338802542,-0.666153483197458,train
2010-04-02,-1.354614585,-1.3435647546907745,-0.011049830309225461,train
2010-04-05,-1.266532416,-1.28409577328872,0.01756335728871994,train
2010-04-06,-1.413401639,-1.2703009745610354,-0.14310066443896452,train
2010-04-07,-1.409387581,-1.3328750264289853,-0.0765125545710148,train
2010-04-08,-0.82193505,-1.3759950507042036,0.5540600007042036,train
2010-04-09,-0.796953041,-1.1439253033475456,0.34697226234754563,train
2010-04-12,-1.12956214,-1.0818079694241078,-0.04775417057589215,train
2010-04-13,-1.191430737,-1.1481470375959169,-0.043283699404083054,train
2010-04-14,-1.348893505,-1.1391950434226144,-0.2096984615773856,train
2010-04-15,-1.034377405,-1.1742968892550087,0.13991948425500866,train
2010-04-16,-1.403449362,-1.113347755299046,-0.29010160670095386,train
2010-04-19,-1.416292293,-1.2626504125027833,-0.1536418804972166,train
2010-04-20,-1.477887055,-1.2917518042981349,-0.1861352507018652,train
2010-04-21,-1.17589535,-1.3357951979700973,0.15989984797009726,train
2010-04-22,-0.395374264,-1.2483164629557861,0.8529421989557862,train
2010-04-23,-1.000955653,-0.9986191371379629,-0.002336515862036981,train
2010-04-26,-0.537571291,-1.11028286923549,0.57271157823549,train
2010-04-27,-0.023539442,-0.9126208560440341,0.8890814140440341,train
2010-04-28,-0.818560362,-0.6422271861308513,-0.17633317586914876,train
2010-04-29,-0.774460286,-0.7960640168936918,0.02160373089369172,train
2010-04-30,-0.950624454,-0.8169143020371392,-0.13371015196286073,train
2010-05-03,-0.909274772,-0.8546604789208668,-0.054614293079133125,train
2010-05-04,-0.307477303,-0.8702770606104508,0.5627997576104509,train
2010-05-05,0.370657764,-0.7404673940794817,1.1111251580794816,train
2010-05-06,0.911444819,-0.44882434742857114,1.360269166428571,train
2010-05-07,0.890209159,-0.1365264215381483,1.0267355805381482,train
2010-05-10,0.223345507,0.05467945704589631,0.1686660499541037,train
2010-05-11,-0.135787183,0.010982281119543053,-0.14676946411954306,train
2010-05-12,-0.452351423,-0.052245532915346754,-0.40010589008465325,train
2010-05-13,-0.009771307,-0.197580290431967,0.187808983431967,train
2010-05-14,0.317312862,-0.16389020665114637,0.48120306865114637,train
2010-05-17,0.326867392,-0.1203038464431644,0.44717123844316436,train
2010-05-18,0.714917389,-0.09352605323049731,0.8084434422304974,train
2010-05-19,0.640593862,0.10208137333388415,0.5385124886661159,train
2010-05-20,0.64063073,0.2082995477996753,0.43233118220032474,train
2010-05-21,-0.092589727,0.2919176078325906,-0.3845073348325906,train
2010-05-24,0.031999247,0.0891877739635461,-0.0571885269635461,train
2010-05-25,-0.06425433,0.09639925845589824,-0.16065358845589822,train
2010-05-26,0.175305337,0.01098157783548809,0.16432375916451192,train
2010-05-27,0.154852869,0.033118471288401743,0.12173439771159826,train
2010-05-28,-0.9804859,-0.015042309053732106,-0.965443590946268,train
2010-05-31,-0.105465403,-0.3725710662712382,0.2671056632712382,train
2010-06-01,-0.104714696,-0.16752204560019268,0.06280734960019269,train
2010-06-02,-0.473161923,-0.16187707110043928,-0.3112848518995607,train
2010-06-03,0.140647625,-0.30608999266355413,0.44673761766355413,train
2010-06-04,-0.204774377,-0.15483480217355866,-0.049939574826441346,train
2010-06-07,-0.34682678,-0.17206902361555293,-0.17475775638444707,train
2010-06-08,-0.63379495,-0.24242513277425073,-0.39136981722574926,train
2010-06-09,-0.151534496,-0.3773109392182527,0.22577644321825271,train
2010-06-10,-0.591522144,-0.23544735316482135,-0.3560747908351787,train
2010-06-11,-0.404616201,-0.4143883159972184,0.009772114997218417,train
2010-06-14,-0.559233777,-0.38748511753451964,-0.17174865946548035,train
2010-06-15,-0.789010934,-0.45043899743445515,-0.33857193656554485,train
2010-06-16,-0.620531255,-0.5322318724453021,-0.08829938255469783,train
2010-06-17,-1.141211513,-0.5456540039918292,-0.5955575090081708,train
2010-06-18,-0.434111043,-0.7423131007076458,0.3082020577076458,train
2010-06-21,-0.643189237,-0.5866457399858103,-0.0565434970141897,train
2010-06-22,-0.755888651,-0.658766065213678,-0.09712258578632205,train
2010-06-23,-0.640350392,-0.6900373940153856,0.04968700201538556,train
2010-06-24,-0.901504062,-0.6714159203171278,-0.23008814168287217,train
2010-06-25,-1.067705119,-0.7210882439764453,-0.34661687502355465,train
2010-06-28,-0.775110793,-0.8335727091708127,0.058461916170812755,train
2010-06-29,-0.52373379,-0.7855877106540619,0.2618539206540619,train
2010-06-30,-0.274048202,-0.6985271198027574,0.42447891780275737,train
2010-07-01,-0.732809244,-0.6062171225301263,-0.12659212146987375,train
2010-07-02,-1.811471965,-0.707759306935732,-1.103712658064268,train
2010-07-05,-0.594632555,-1.051077722294868,0.45644516729486795,train
2010-07-06,-0.86290568,-0.749528791497115,-0.11337688850288496,train
2010-07-07,-0.864773822,-0.8528059887510281,-0.011967833248971882,train
2010-07-08,-1.191208197,-0.9138534111902579,-0.27735478580974204,train
2010-07-09,-1.362676481,-1.0411161956384454,-0.3215602853615547,train
2010-07-12,-0.726406606,-1.053839318018578,0.32743271201857815,train
2010-07-13,-0.788012044,-0.9144758517073028,0.1264638077073028,train
2010-07-14,-0.653634648,-0.9265146471521699,0.27287999915216987,train
2010-07-15,-0.771332062,-0.8755724433401583,0.10424038134015823,train
2010-07-16,-0.838118349,-0.86464285233732,0.026524503337319927,train
2010-07-19,-0.785189829,-0.83429281882677,0.04910298982676997,train
2010-07-20,-0.583923271,-0.8231418377729232,0.2392185667729232,train
2010-07-21,-0.789796467,-0.7573657902556699,-0.03243067674433009,train
2010-07-22,-0.16429308,-0.8211654307926264,0.6568723507926264,train
2010-07-23,-0.651574377,-0.6077449975348238,-0.04382937946517618,train
2010-07-26,-0.644292458,-0.7077598057253882,0.0634673477253882,train
2010-07-27,-1.185930503,-0.6900959363421793,-0.4958345666578208,train
2010-07-28,-1.139270264,-0.8777056816311604,-0.2615645823688397,train
2010-07-29,-0.886784594,-0.902958495142957,0.016173901142957026,train
2010-07-30,-1.118911071,-0.9133729209693728,-0.20553815003062725,train
2010-08-02,-1.238489979,-1.021911486487729,-0.2165784925122709,train
2010-08-03,-1.121847276,-1.111470298863825,-0.010376977136175025,train
2010-08-04,-1.027109598,-1.0699211956001338,0.042811597600133755,train
2010-08-05,-0.949663138,-1.041411387557074,0.09174824955707406,train
2010-08-06,-1.668046118,-1.029572300300606,-0.6384738176993938,train
2010-08-09,-0.387192576,-1.2622634548722882,0.8750708788722882,train
2010-08-10,-0.403778437,-0.8661224394531589,0.46234400245315893,train
2010-08-11,-0.290506541,-0.7928598329052796,0.5023532919052796,train
2010-08-12,-0.512008115,-0.6923335778804923,0.18032546288049234,train
2010-08-13,-0.64039228,-0.7019084245183624,0.0615161445183624,train
2010-08-16,-0.875981173,-0.6370646699704592,-0.23891650302954082,train
2010-08-17,-0.874119624,-0.7403568754457868,-0.13376274855421322,train
2010-08-18,-0.531133302,-0.7840516044950563,0.2529183024950563,train
2010-08-19,-0.7163814,-0.7211370724085653,0.004755672408565337,train
2010-08-20,-1.078479139,-0.7861646334026371,-0.29231450559736283,train
2010-08-23,-0.608614815,-0.9171874320964937,0.30857261709649364,train
2010-08-24,-0.721367469,-0.7841112134131796,0.06274374441317954,train
2010-08-25,-0.529793089,-0.7977932558088208,0.2680001668088208,train
2010-08-26,-0.891832327,-0.7503250476395831,-0.14150727936041696,train
2010-08-27,-1.358172385,-0.8505466222704783,-0.5076257627295218,train
2010-08-30,-1.015801813,-0.9911564660129699,-0.024645346987030026,train
2010-08-31,-0.861094551,-0.9480619620391595,0.0869674110391595,train
2010-09-01,-1.04202433,-0.9210226000281283,-0.12100172997187175,train
2010-09-02,-1.444641493,-1.0100591091907496,-0.4345823838092504,train
2010-09-03,-1.905792114,-1.1618745246634763,-0.7439175893365237,train
2010-09-06,-0.924186929,-1.3333549783145326,0.40916804931453266,train
2010-09-07,-1.083141815,-1.08837237967519,0.005230564675190008,train
2010-09-08,-1.064382569,-1.1408919808920812,0.07650941189208127,train
2010-09-09,-0.955230628,-1.1458453785591738,0.19061475055917376,train
2010-09-10,-1.094603529,-1.0800744239629216,-0.014529105037078383,train
2010-09-13,-0.730742574,-1.0469258825489396,0.3161833085489396,train
2010-09-14,-0.735306189,-0.9437701570778783,0.20846396807787826,train
2010-09-15,-0.788816712,-0.9135488432161392,0.12473213121613913,train
2010-09-16,-0.727203257,-0.8998406760711382,0.17263741907113817,train
2010-09-17,-1.300933685,-0.8622027428255012,-0.4387309421744987,train
2010-09-20,-0.265132877,-1.0278372610919717,0.7627043840919717,train
2010-09-21,-0.745871814,-0.7303820315708434,-0.015489782429156662,train
2010-09-22,-0.750780339,-0.8434065187688797,0.09262617976887977,train
2010-09-23,-0.492210363,-0.8426003657755174,0.35039000277551746,train
2010-09-24,-1.001068775,-0.7560278850689083,-0.24504088993109174,train
2010-09-27,-0.401810639,-0.855712136426259,0.45390149742625896,train
2010-09-28,-0.883157495,-0.7188931733695019,-0.1642643216304981,train
2010-09-29,-0.461493915,-0.8422976020443531,0.38080368704435313,train
2010-09-30,-1.06786956,-0.7078861063092822,-0.35998345369071794,train
2010-10-01,-1.154368974,-0.9095874374494483,-0.2447815365505518,train
2010-10-04,-0.579568939,-0.9458850912967722,0.3663161522967723,train
2010-10-05,-0.894599835,-0.8146808111159951,-0.07991902388400485,train
2010-10-06,-0.713765846,-0.8805134735728908,0.16674762757289074,train
2010-10-07,-0.106136697,-0.8581734436865978,0.7520367466865978,train
2010-10-08,-0.92066613,-0.6118566584854039,-0.30880947151459603,train
2010-10-11,-0.58662776,-0.784533459117778,0.197905699117778,train
2010-10-12,-0.883239911,-0.7007964428122087,-0.18244346818779134,train
2010-10-13,-0.5354542,-0.7688015603286074,0.23334736032860737,train
2010-10-14,-0.05915855,-0.6664047914593381,0.607246241459338,train
2010-10-15,-0.590672629,-0.5400580897310323,-0.05061453926896764,train
2010-10-18,-0.248203118,-0.6350884429499424,0.3868853249499424,train
2010-10-19,-0.383055799,-0.515982551661355,0.132926752661355,train
2010-10-20,-0.086661121,-0.4918905368339457,0.40522941583394567,train
2010-10-21,-0.408712741,-0.37688288186776214,-0.03182985913223785,train
2010-10-22,-0.801516485,-0.483207967137942,-0.31830851786205794,train
2010-10-25,-0.691607697,-0.5978856424617655,-0.09372205453823457,train
2010-10-26,-0.581730495,-0.6148601313679053,0.033129636367905335,train
2010-10-27,-0.99014504,-0.6023284221039754,-0.3878166178960246,train
2010-10-28,-0.846182802,-0.7910543108089334,-0.05512849119106655,train
2010-10-29,-0.908865431,-0.7967046881146778,-0.11216074288532218,train
2010-11-01,-1.141191466,-0.8266522903103836,-0.3145391756896164,train
2010-11-02,-0.339128031,-0.9251709506005377,0.5860429196005377,train
2010-11-03,-0.679448504,-0.7007278299812214,0.021279325981221398,train
2010-11-04,-0.334387208,-0.7548013420599455,0.42041413405994554,train
2010-11-05,-0.313899589,-0.6180594019706731,0.3041598129706731,train
2010-11-08,-0.351554842,-0.5534256743066169,0.20187083230661695,train
2010-11-09,-0.089550431,-0.4917131534158319,0.4021627224158319,train
2010-11-10,-0.491030181,-0.39639103703254874,-0.09463914396745127,train
2010-11-11,0.063136259,-0.47442158970125414,0.5375578487012541,train
2010-11-12,-0.533670948,-0.29378380924375685,-0.23988713875624318,train
2010-11-15,-0.482860227,-0.4578040148675937,-0.025056212132406275,train
2010-11-16,-0.752499664,-0.46241426660752216,-0.29008539739247785,train
2010-11-17,-0.788728384,-0.5907230430726018,-0.1980053409273982,train
2010-11-18,-0.816925192,-0.633027584953894,-0.18389760704610603,train
2010-11-19,-0.768809505,-0.7264059910471918,-0.04240351395280817,train
2010-11-22,-0.151842103,-0.7441423259258984,0.5923002229258983,train
2010-11-23,-0.19300709,-0.5621019115418735,0.3690948215418735,train
2010-11-24,-1.018133742,-0.5133259302696626,-0.5048078117303375,train
2010-11-25,-0.590810052,-0.7367594094630403,0.14594935746304027,train
2010-11-26,-0.358828494,-0.6130079522637015,0.25417945826370153,train
2010-11-29,-0.219755708,-0.5121688659674921,0.2924131579674921,train
2010-11-30,-0.015007194,-0.4781902952320873,0.4631831012320873,train
2010-12-01,-0.29826891,-0.40261797924635545,0.10434906924635545,train
2010-12-02,-0.335224569,-0.39461804241618836,0.05939347341618839,train
2010-12-03,-0.411939093,-0.3796934282674627,-0.03224566473253726,train
2010-12-06,-0.422062207,-0.4001736231737124,-0.02188858382628761,train
2010-12-07,-0.50886443,-0.42238378342951965,-0.08648064657048038,train
2010-12-08,-0.661094531,-0.4913333056247875,-0.16976122537521254,train
2010-12-09,-1.073535401,-0.5650870127779702,-0.5084483882220298,train
2010-12-10,-0.877725869,-0.7437337787407929,-0.1339920902592071,train
2010-12-13,-0.500072824,-0.7441649218269981,0.24409209782699814,train
2010-12-14,-0.526079889,-0.6666985332343136,0.14061864423431358,train
2010-12-15,-1.008817105,-0.6744745910227601,-0.33434251397724,train
2010-12-16,-0.61322951,-0.8287072464909397,0.2154777364909397,train
2010-12-17,-0.886623213,-0.6891896476224249,-0.19743356537757517,train
2010-12-20,-0.91860319,-0.7568661188757649,-0.16173707112423508,train
2010-12-21,-1.194694586,-0.804600566950366,-0.39009401904963403,train
2010-12-22,-0.62658254,-0.9378692863429186,0.31128674634291853,train
2010-12-23,-1.828236918,-0.7708008874015101,-1.05743603059849,train
2010-12-24,-1.378734388,-1.1907847864827281,-0.1879496015172719,train
2010-12-27,-0.72647103,-1.1323391065765052,0.40586807657650514,train
2010-12-28,-1.04498952,-0.9590070313441268,-0.0859824886558731,train
2010-12-29,-1.330840007,-1.0292054275870888,-0.30163457941291116,train
2010-12-30,-0.725719925,-1.1756123725861143,0.44989244758611424,train
2010-12-31,-0.74517907,-0.9352149061019275,0.19003583610192742,train
2011-01-03,-0.616500074,-0.8858405511400413,0.2693404771400414,train
2011-01-04,-0.462896177,-0.8477184141065288,0.3848222371065288,train
2011-01-05,-0.808269294,-0.7571710402838023,-0.051098253716197695,train
2011-01-06,-0.416534603,-0.7958757743565229,0.3793411713565229,train
2011-01-07,-0.667733656,-0.6718541201102796,0.004120464110279554,train
2011-01-10,-0.509027993,-0.7251634943153279,0.21613550131532788,train
2011-01-11,-0.45195132,-0.6708226327550197,0.21887131275501975,train
2011-01-12,-0.353023494,-0.6514267258220442,0.2984032318220442,train
2011-01-13,-0.357378939,-0.5836739115407452,0.2262949725407452,train
2011-01-14,-0.962970798,-0.5773790397153821,-0.3855917582846179,train
2011-01-17,-0.351821205,-0.7500518643414821,0.39823065934148205,train
2011-01-18,-0.420277249,-0.585529240344445,0.16525199134444496,train
2011-01-19,-0.539274051,-0.5939668549438821,0.054692803943882096,train
2011-01-20,-0.511132438,-0.6357850506621121,0.12465261266211214,train
2011-01-21,-0.746964165,-0.6358588299031626,-0.1111053350968374,train
2011-01-24,-0.363557677,-0.6738228829634043,0.3102652059634043,train
2011-01-25,-0.476870067,-0.566685679004066,0.08981561200406596,train
2011-01-26,-0.570851339,-0.5893754975130386,0.01852415851303868,train
2011-01-27,-0.701793611,-0.6132278360932798,-0.08856577490672024,train
2011-01-28,-0.698025921,-0.6587246520663853,-0.03930126893361474,train
2011-01-31,-0.757702405,-0.6463627597348316,-0.11133964526516837,train
2011-02-01,-1.176108223,-0.6977326499574605,-0.4783755730425394,train
2011-02-02,-0.808436152,-0.8681470192331449,0.05971086723314489,train
2011-02-03,-0.875279472,-0.8038751696148045,-0.07140430238519546,train
2011-02-04,-1.069617437,-0.8405940735828962,-0.22902336341710383,train
2011-02-07,-0.759142373,-0.924768974380646,0.165626601380646,train
2011-02-08,-0.976993056,-0.8539373057461176,-0.12305575025388238,train
2011-02-09,-1.073915643,-0.8912065909806002,-0.1827090520193999,train
2011-02-10,-1.188139908,-0.9453834796257756,-0.2427564283742243,train
2011-02-11,-0.967409422,-1.009999245127778,0.042589823127777926,train
2011-02-14,-0.961480286,-0.9540846289012881,-0.0073956570987119274,train
2011-02-15,-0.789630562,-0.9780689920623405,0.1884384300623405,train
2011-02-16,-1.012407913,-0.9174015228103887,-0.09500639018961143,train
2011-02-17,-1.02889274,-0.9724886520228424,-0.05640408797715768,train
2011-02-18,-1.669307698,-0.9682815615892229,-0.701026136410777,train
2011-02-21,-0.521924575,-1.1999871298012206,0.6780625548012206,train
2011-02-22,-1.08796599,-0.8831479913642318,-0.20481799863576822,train
2011-02-23,-0.812565181,-1.0508128740143998,0.23824769301439985,train
2011-02-24,-1.265026891,-0.9708582872608525,-0.29416860373914744,train
2011-02-25,-1.144510727,-1.1102870134422953,-0.034223713557704594,train
2011-02-28,-1.352522819,-1.0387324573099836,-0.3137903616900164,train
2011-03-01,-1.327647423,-1.1731407581767668,-0.15450666482323316,train
2011-03-02,-0.584756635,-1.1963184739280164,0.6115618389280164,train
2011-03-03,-1.556903387,-0.9944955810484293,-0.5624078059515707,train
2011-03-04,-1.578917382,-1.2597063119638465,-0.31921107003615345,train
2011-03-07,-1.42221075,-1.3138154714312624,-0.10839527856873765,train
2011-03-08,-1.310573289,-1.2885590222280272,-0.022014266771972713,train
2011-03-09,-1.204769768,-1.2627384089905855,0.05796864099058552,train
2011-03-10,-1.094385977,-1.2998144016989146,0.20542842469891465,train
2011-03-11,-0.982763749,-1.2315135436457045,0.24874979464570457,train
2011-03-14,-0.528038336,-1.1482092410055245,0.6201709050055244,train
2011-03-15,-0.903108148,-0.9484237846799215,0.045315636679921445,train
2011-03-16,-0.199373831,-1.00006611712182,0.80069228612182,train
2011-03-17,-0.591915403,-0.7289084397939147,0.13699303679391472,train
2011-03-18,-1.200076703,-0.7744620903052505,-0.42561461269474943,train
2011-03-21,-1.724011334,-0.9430522123907128,-0.7809591216092873,train
2011-03-22,-0.973200049,-1.1879447124331588,0.2147446634331588,train
2011-03-23,-1.151204438,-1.0062189247800601,-0.1449855132199398,train
2011-03-24,-1.053127758,-1.1444498359884583,0.09132207798845826,train
2011-03-25,-1.388399885,-1.1633724373723724,-0.2250274476276275,train
2011-03-28,-1.315544118,-1.2678408796570722,-0.04770323834292789,train
2011-03-29,-1.124093799,-1.2128676701165273,0.08877387111652735,train
2011-03-30,-1.218485036,-1.1806160430268182,-0.03786899297318169,train
2011-03-31,-0.79432415,-1.2081234838851862,0.4137993338851862,train
2011-04-01,-1.408865143,-1.0761754629579636,-0.3326896800420365,train
2011-04-04,-1.226162546,-1.234933136407826,0.008770590407825907,train
2011-04-05,-1.519821068,-1.1790512454950794,-0.3407698225049205,train
2011-04-06,-1.144578007,-1.285872930822565,0.14129492382256492,train
2011-04-07,-1.32507221,-1.1856828450827512,-0.13938936491724885,train
2011-04-08,-1.570195819,-1.2786383081440318,-0.29155751085596826,train
2011-04-11,-1.012194367,-1.3566101388883824,0.34441577188838246,train
2011-04-12,-1.173855955,-1.201550673013179,0.02769471801317902,train
2011-04-13,-0.869484845,-1.21035170434015,0.34086685934014993,train
2011-04-14,-1.050312661,-1.1152536468617833,0.06494098586178332,train
2011-04-15,-0.153476647,-1.1348108349830357,0.9813341879830357,train
2011-04-18,-1.068831449,-0.7867439571162103,-0.2820874918837897,train
2011-04-19,-0.875849615,-1.0174572523300602,0.1416076373300602,train
2011-04-20,-0.893060859,-0.9397674145330484,0.046706555533048366,train
2011-04-21,-2.3291013,-0.9370368944167744,-1.3920644055832256,train
2011-04-22,-1.299989294,-1.416301779343565,0.11631248534356509,train
2011-04-25,-0.920087142,-1.2769569734210466,0.35686983142104667,train
2011-04-26,-0.684450938,-1.1702620291793533,0.4858110911793533,train
2011-04-27,-0.906048351,-1.0880832252315369,0.18203487423153686,train
2011-04-28,-1.513820716,-1.1381424796589998,-0.37567823634100006,train
2011-04-29,-0.588600855,-1.2127940912661768,0.6241932362661767,train
2011-05-02,-0.818806989,-0.9171352222457815,0.09832823324578144,train
2011-05-03,-0.75693238,-0.9633711227866075,0.20643874278660757,train
2011-05-04,-0.096054644,-0.94811376948153,0.8520591254815301,train
2011-05-05,0.2184216,-0.7014291120701653,0.9198507120701653,train
2011-05-06,-0.310679604,-0.4456725538173491,0.1349929498173491,train
2011-05-09,-0.396403292,-0.5380306519257141,0.14162735992571407,train
2011-05-10,-0.591335178,-0.5092349788427767,-0.08210019915722333,train
2011-05-11,-0.363861242,-0.5300557008438325,0.1661944588438325,train
2011-05-12,-0.306414841,-0.4931615831098907,0.18674674210989073,train
2011-05-13,-0.653684658,-0.5186956325716583,-0.13498902542834168,train
2011-05-16,-0.335465728,-0.6318031364635259,0.2963374084635259,train
2011-05-17,-0.908597939,-0.5417704631872868,-0.36682747581271313,train
2011-05-18,-0.954754292,-0.7174195736964031,-0.23733471830359687,train
2011-05-19,-0.70698363,-0.7822440772003986,0.0752604472003986,train
2011-05-20,-0.555406304,-0.7580459916988385,0.20263968769883844,train
2011-05-23,-0.730207835,-0.7087501411695645,-0.021457693830435498,train
2011-05-24,-0.495380774,-0.7700847965393904,0.2747040225393904,train
2011-05-25,-0.622130385,-0.6663696300431319,0.044239245043131925,train
2011-05-26,-0.549058565,-0.6626765543468833,0.11361798934688327,train
2011-05-27,-1.82593575,-0.6289280825338492,-1.1970076674661507,train
2011-05-30,-1.015105397,-1.0643722387228163,0.04926684172281637,train
2011-05-31,-0.704782034,-0.8903393049275286,0.1855572709275286,train
2011-06-01,-0.814333223,-0.8364181071273922,0.02208488412739218,train
2011-06-02,-0.809185168,-0.8806064944820055,0.0714213264820055,train
2011-06-03,-1.339723035,-0.9041341365162683,-0.4355888984837317,train
2011-06-06,-1.456871745,-1.0001269545567137,-0.4567447904432862,train
2011-06-07,-1.087932867,-1.0876813681554638,-0.00025149884453612437,train
2011-06-08,-0.936793047,-1.043029994058415,0.10623694705841491,train
2011-06-09,-0.986694475,-1.0239503120071816,0.0372558370071816,train
2011-06-10,-1.130802242,-1.0567813855167703,-0.07402085648322965,train
2011-06-13,-1.333017679,-1.0803881374327071,-0.2526295415672928,train
2011-06-14,-0.792894493,-1.1287213939753262,0.3358269009753262,train
2011-06-15,-0.098189353,-0.9728378857473414,0.8746485327473414,train
2011-06-16,-0.250710739,-0.7250925544724864,0.4743818154724864,train
2011-06-17,-0.742624478,-0.6861545120009492,-0.05646996599905074,train
2011-06-20,-0.818943333,-0.7660919573164727,-0.05285137568352727,train
2011-06-21,-0.736825389,-0.7378584497827021,0.0010330607827020444,train
2011-06-22,-0.408608904,-0.7148638091562425,0.3062549051562425,train
2011-06-23,-0.59761408,-0.6612581660564664,0.06364408605646632,train
2011-06-24,-0.635012585,-0.7401177685079746,0.1051051835079746,train
2011-06-27,-0.665607274,-0.7392469337033667,0.07363965970336672,train
2011-06-28,-0.68760705,-0.7336167762589016,0.04600972625890165,train
2011-06-29,-0.941173643,-0.7219141504249103,-0.2192594925750897,train
2011-06-30,-0.899379557,-0.8316557878591656,-0.06772376914083444,train
2011-07-01,-1.476580824,-0.8517920198655808,-0.6247888041344192,train
2011-07-04,-1.102517571,-1.076176560419475,-0.02634101058052485,train
2011-07-05,-1.098571582,-1.030013782152024,-0.06855779984797583,train
2011-07-06,-0.811723845,-1.0646605106354003,0.2529366656354003,train
2011-07-07,-0.607391923,-0.9765635293434155,0.3691716063434155,train
2011-07-08,-0.580010091,-0.894997406601148,0.314987315601148,train
2011-07-11,0.175610687,-0.8011203617867266,0.9767310487867267,train
2011-07-12,-0.175373405,-0.4877438072770984,0.31237040227709834,train
2011-07-13,-0.123279222,-0.47589763088708675,0.35261840888708673,train
2011-07-14,-0.484638023,-0.3861291946747304,-0.09850882832526958,train
2011-07-15,-0.564829991,-0.458294369352662,-0.10653562164733799,train
2011-07-18,-0.540421252,-0.4812677463763216,-0.05915350562367844,train
2011-07-19,-0.88083105,-0.5451585955689959,-0.335672454431004,train
2011-07-20,-0.276907412,-0.6941916980648783,0.41728428606487833,train
2011-07-21,-1.076274838,-0.5572594450818051,-0.5190153929181949,train
2011-07-22,-0.962644108,-0.8083298249587821,-0.15431428304121786,train
2011-07-25,-0.965414105,-0.8240367519305509,-0.1413773530694491,train
2011-07-26,-0.826393317,-0.8682472168933452,0.0418538998933452,train
2011-07-27,-0.799010418,-0.8318216631895539,0.03281124518955392,train
2011-07-28,-0.409869666,-0.8752530158707243,0.4653833498707243,train
2011-07-29,-0.3736149,-0.7166052580697795,0.34299035806977946,train
2011-08-01,-0.388814291,-0.6469007005354288,0.25808640953542883,train
2011-08-02,-0.27584456,-0.5913543495794051,0.3155097895794051,train
2011-08-03,-0.000923016,-0.4998636318538595,0.4989406158538595,train
2011-08-04,0.215849263,-0.34746199476972417,0.5633112577697241,train
2011-08-05,0.282940181,-0.2227631688351487,0.5057033498351488,train
2011-08-08,0.398581826,-0.13360799136679025,0.5321898173667903,train
2011-08-09,-0.251411858,-0.021568093715914543,-0.22984376428408546,train
2011-08-10,0.124481539,-0.17210505498469428,0.2965865939846943,train
2011-08-11,-0.545757865,-0.0705547273241528,-0.4752031376758472,train
2011-08-12,-0.730426461,-0.30670341728077494,-0.42372304371922503,train
2011-08-15,-0.582587909,-0.4520202758165681,-0.1305676331834319,train
2011-08-16,-0.714310848,-0.5087833609326535,-0.20552748706734647,train
2011-08-17,-0.497826785,-0.5851653747757226,0.08733858977572262,train
2011-08-18,-0.625816762,-0.5904982235321905,-0.035318538467809524,train
2011-08-19,-1.419965958,-0.6259587137325923,-0.7940072442674077,train
2011-08-22,-0.817371426,-0.8936466070381464,0.07627518103814634,train
2011-08-23,-0.966383029,-0.7676716417687135,-0.19871138723128645,train
2011-08-24,-0.840506772,-0.8270130342990303,-0.013493737700969732,train
2011-08-25,-0.834969392,-0.8272386948660267,-0.00773069713397323,train
2011-08-26,-1.242431777,-0.8454547358516311,-0.39697704114836885,train
2011-08-29,-1.085516148,-0.9318172305047496,-0.15369891749525033,train
2011-08-30,-1.105404831,-0.9263745539438908,-0.1790302770561092,train
2011-08-31,-0.771044794,-0.9520743445363085,0.18102955053630843,train
2011-09-01,-0.717884994,-0.8693328633699602,0.15144786936996013,train
2011-09-02,-1.056705285,-0.8504733938143674,-0.20623189118563268,train
2011-09-05,0.109810546,-0.9262380909352204,1.0360486369352204,train
2011-09-06,-0.488252869,-0.5355346456007019,0.047281776600701875,train
2011-09-07,-0.39866539,-0.6304409422129862,0.23177555221298618,train
2011-09-08,0.028877521,-0.582944660129133,0.611822181129133,train
2011-09-09,0.38714475,-0.4075545340591291,0.7946992840591292,train
2011-09-12,0.087912402,-0.18418377910694125,0.2720961811069412,train
2011-09-13,0.097820829,-0.2513060564739513,0.3491268854739513,train
2011-09-14,-0.122964138,-0.18537177479587397,0.062407636795873966,train
2011-09-15,-0.488841173,-0.2078356412486647,-0.28100553175133536,train
2011-09-16,-0.522535271,-0.34156612860021285,-0.18096914239978712,train
2011-09-19,-0.258615645,-0.4345588164032352,0.17594317140323518,train
2011-09-20,-0.070405042,-0.3992848196452874,0.3288797776452874,train
2011-09-21,0.240999954,-0.3549255123948587,0.5959254663948587,train
2011-09-22,0.019306969,-0.2345981580398048,0.2539051270398048,train
2011-09-23,0.053412172,-0.22992014771498293,0.2833323197149829,train
2011-09-26,-0.101070707,-0.15838942566410213,0.05731871866410214,train
2011-09-27,-0.371570108,-0.17289900083725707,-0.19867110716274294,train
2011-09-28,-0.335300359,-0.2564970781403103,-0.07880328085968968,train
2011-09-29,-0.39095514,-0.2931922403723928,-0.0977628996276072,train
2011-09-30,-0.310978338,-0.3369509864902521,0.025972648490252104,train
2011-10-03,0.078324966,-0.346583733016557,0.424908699016557,train
2011-10-04,-0.172452956,-0.22754129337609197,0.05508833737609198,train
2011-10-05,-0.149476613,-0.25971319244217317,0.11023657944217316,train
2011-10-06,-0.295640929,-0.23972855644024627,-0.05591237255975373,train
2011-10-07,-0.641338585,-0.26392994230856537,-0.3774086426914346,train
2011-10-10,-0.675544305,-0.38048438041063526,-0.2950599245893647,train
2011-10-11,-0.491006457,-0.4665219222655655,-0.024484534734434515,train
2011-10-12,-0.584795977,-0.4613310719957425,-0.12346490500425744,train
2011-10-13,-0.445802407,-0.5317283717260854,0.08592596472608544,train
2011-10-14,-0.58503677,-0.5181831936750987,-0.0668535763249013,train
2011-10-17,-0.233708758,-0.5514878286876825,0.3177790706876825,train
2011-10-18,-0.410754387,-0.42307362185952313,0.012319234859523132,train
2011-10-19,0.003340418,-0.4569881364301541,0.46032855443015414,train
2011-10-20,-0.407507967,-0.2997887239769983,-0.10771924302300173,train
2011-10-21,-0.636986914,-0.39875782857588504,-0.23822908542411492,train
2011-10-24,-0.384059675,-0.4683825509962082,0.08432287599620819,train
2011-10-25,-0.469387351,-0.4259115116568448,-0.04347583934315519,train
2011-10-26,-0.36287002,-0.45759910945962723,0.09472908945962721,train
2011-10-27,-0.904314873,-0.4688899475297478,-0.43542492547025224,train
2011-10-28,-0.097711016,-0.6511896619828759,0.5534786459828759,train
2011-10-31,0.240826302,-0.4043597798718941,0.6451860818718941,train
2011-11-01,-0.209859864,-0.2578874656941571,0.048027601694157096,train
2011-11-02,0.297338014,-0.3410829039096967,0.6384209179096967,train
2011-11-03,-0.398028939,-0.15524660912110175,-0.24278232987889828,train
2011-11-04,-0.480854203,-0.2779254361105699,-0.20292876688943007,train
2011-11-07,-0.673924437,-0.33710783644630243,-0.3368166005536976,train
2011-11-08,-0.293387027,-0.4727765810769198,0.17938955407691975,train
2011-11-09,-0.148144594,-0.38518964931526745,0.23704505531526746,train
2011-11-10,-0.531055106,-0.38592735542781986,-0.1451277505721802,train
2011-11-11,-0.584101903,-0.4908696463384101,-0.09323225666158985,train
2011-11-14,-0.492105175,-0.51322943452921,0.021124259529209988,train
2011-11-15,-0.375376126,-0.47468696351417505,0.09931083751417508,train
2011-11-16,-0.310380741,-0.45194018351546406,0.14155944251546404,train
2011-11-17,-0.561640023,-0.4522288983544952,-0.10941112464550484,train
2011-11-18,-0.566298865,-0.5171750192800468,-0.04912384571995321,train
2011-11-21,-0.884302022,-0.5228540700908282,-0.3614479519091718,train
2011-11-22,-0.520216876,-0.6410508234662129,0.1208339474662129,train
2011-11-23,-1.18613358,-0.5656475954429228,-0.6204859845570772,train
2011-11-24,-0.97661094,-0.8160829561612516,-0.16052798383874844,train
2011-11-25,-0.61209823,-0.8098026614322286,0.1977044314322286,train
2011-11-28,-0.562175825,-0.7290765915348514,0.16690076653485142,train
2011-11-29,0.652288742,-0.6833691563821416,1.3356578983821414,train
2011-11-30,-0.593674297,-0.27391321977180927,-0.3197610772281907,train
2011-12-01,-0.914033583,-0.5276973661929328,-0.3863362168070672,train
2011-12-02,-0.96800127,-0.6066395621526062,-0.36136170784739385,train
2011-12-05,-1.339948709,-0.6665331729552246,-0.6734155360447753,train
2011-12-06,-1.324314196,-0.8386486360039769,-0.4856655599960231,train
2011-12-07,-0.641758273,-1.0279463943858484,0.38618812138584846,train
2011-12-08,-0.768797623,-0.8678391407131703,0.09904151771317027,train
2011-12-09,-0.757259187,-0.8900826279047751,0.13282344090477516,train
2011-12-12,-0.45096594,-0.8743484147267089,0.42338247472670887,train
2011-12-13,-0.657522036,-0.71708702266099,0.05956498666098997,train
2011-12-14,-0.937950628,-0.7055639185138856,-0.2323867094861144,train
2011-12-15,-1.315683542,-0.8054522002630324,-0.5102313417369675,train
2011-12-16,-1.582487354,-0.9574656112339297,-0.6250217427660703,train
2011-12-19,-1.436239013,-1.112298695652436,-0.3239403173475639,train
2011-12-20,-0.683932399,-1.1782983952215036,0.49436599622150357,train
2011-12-21,-0.938482482,-1.0010266202096254,0.06254413820962546,train
2011-12-22,-1.748943913,-1.0629141420062238,-0.6860297709937762,train
2011-12-23,-2.558422998,-1.3116230325290137,-1.2467999654709865,train
2011-12-27,-1.364971425,-1.6121398862186773,0.2471684612186773,train
2011-12-28,-0.926345737,-1.3225922850479703,0.3962465480479703,train
2011-12-29,-1.257605256,-1.2430317746109505,-0.014573481389049459,train
2011-12-30,-1.170494486,-1.3600060183508267,0.18951153235082674,train
2012-01-03,-1.157514851,-1.305124934136153,0.1476100831361531,train
2012-01-04,-0.759028562,-1.1778439449954,0.4188153829953999,train
2012-01-05,-0.946217505,-1.0239104769824339,0.07769297198243386,train
2012-01-06,-1.029811876,-1.070560580599011,0.04074870459901114,train
2012-01-09,-1.096584314,-1.066102162209725,-0.030482151790274914,train
2012-01-10,-0.884147309,-1.0728090113476623,0.18866170234766222,train
2012-01-11,-0.938804334,-0.9989110283028482,0.06010669430284821,train
2012-01-12,-0.359119521,-1.0306388337451264,0.6715193127451264,train
2012-01-13,-1.302591851,-0.8322079876029517,-0.4703838633970484,train
2012-01-16,-0.910908523,-1.093879291102607,0.18297076810260693,train
2012-01-17,-0.46862645,-0.9851298797683528,0.5165034297683527,train
2012-01-18,-0.919437019,-0.8349424667458084,-0.08449455225419156,train
2012-01-19,-0.992981644,-0.9372874121745597,-0.05569423182544031,train
2012-01-20,-0.964126681,-1.0075122895953903,0.04338560859539031,train
2012-01-23,-0.754234468,-0.9639362060545901,0.20970173805459003,train
2012-01-24,-0.595929441,-0.8996277813342216,0.3036983403342216,train
2012-01-25,-1.033108494,-0.8696427346165905,-0.16346575938340946,train
2012-01-26,-0.535012621,-0.9775964026762105,0.4425837816762105,train
2012-01-27,-1.170044361,-0.7930780540856971,-0.3769663069143029,train
2012-01-30,-0.900333108,-0.9628998200169931,0.06256671201699315,train
2012-01-31,-0.512560736,-0.9113108476156542,0.3987501116156542,train
2012-02-01,-0.558487802,-0.8021270942552935,0.24363929225529346,train
2012-02-02,-0.615530356,-0.7623533199657209,0.14682296396572092,train
2012-02-03,-0.786790826,-0.7776554091803508,-0.009135416819649245,train
2012-02-06,-0.662394516,-0.7835158108622613,0.12112129486226131,train
2012-02-07,-1.014557222,-0.7283563628006455,-0.28620085919935456,train
2012-02-08,-0.63328526,-0.8596178172354478,0.22633255723544787,train
2012-02-09,-1.144854372,-0.7697838281195251,-0.3750705438804749,train
2012-02-10,-1.179148671,-0.9449522244443564,-0.23419644655564364,train
2012-02-13,-0.943665378,-0.9923217037533895,0.04865632575338941,train
2012-02-14,-0.734242378,-0.968202111017914,0.23395973301791395,train
2012-02-15,-0.672995155,-0.8855389159446175,0.21254376094461758,train
2012-02-16,-1.204952691,-0.8719006509088181,-0.33305204009118183,train
2012-02-17,-1.295872629,-1.0135169763717544,-0.2823556526282456,train
2012-02-20,-0.282466399,-1.0503569384151343,0.7678905394151343,train
2012-02-21,-1.224000957,-0.7372685507449055,-0.4867324062550944,train
2012-02-22,-1.161289951,-1.0122010862892414,-0.14908886471075866,train
2012-02-23,-1.420548107,-1.046972652394706,-0.37357545460529384,train
2012-02-24,-1.143078023,-1.1384021870089698,-0.004675835991030164,train
2012-02-27,-1.188071965,-1.0586275083505454,-0.1294444566494546,train
2012-02-28,-0.927661976,-1.1608146008203393,0.23315262482033927,train
2012-02-29,-1.154832885,-1.0679488726047839,-0.08688401239521615,train
2012-03-01,-1.340269893,-1.1247838758972806,-0.21548601710271953,train
2012-03-02,-1.055523037,-1.1709637127132426,0.11544067571324268,train
2012-03-05,-1.467402489,-1.0997290209449364,-0.3676734680550635,train
2012-03-06,-1.434046575,-1.2341063673681965,-0.19994020763180353,train
2012-03-07,-1.089171168,-1.280243992734588,0.1910728247345881,train
2012-03-08,-1.159266864,-1.1958118559233712,0.03654499192337135,train
2012-03-09,-1.367727364,-1.1974196840261353,-0.17030767997386476,train
2012-03-12,-1.199797481,-1.2846294412918273,0.08483196029182727,train
2012-03-13,-1.141672986,-1.2199314709412037,0.0782584849412038,train
2012-03-14,-1.345240559,-1.1783415630904281,-0.1668989959095719,train
2012-03-15,-1.139605828,-1.255521333818326,0.11591550581832588,train
2012-03-16,-1.568017002,-1.208637007959811,-0.35937999404018894,train
2012-03-19,-1.41594704,-1.3401105691825146,-0.07583647081748546,train
2012-03-20,-1.417277675,-1.325928549741298,-0.09134912525870198,train
2012-03-21,-1.254758707,-1.3532091214832256,0.09845041448322567,train
2012-03-22,-1.173408198,-1.3162957803481161,0.14288758234811616,train
2012-03-23,-1.086117771,-1.2993144280984983,0.21319665709849822,train
2012-03-26,-1.51253448,-1.2326665367631002,-0.2798679432368998,train
2012-03-27,-1.320902302,-1.3452539479917456,0.024351645991745663,train
2012-03-28,-1.32370186,-1.292120813598558,-0.03158104640144188,train
2012-03-29,-1.114807737,-1.300686883411236,0.18587914641123593,train
2012-03-30,-1.619913254,-1.2470157815076952,-0.37289747249230487,train
2012-04-02,-0.947516816,-1.4232743723209622,0.47575755632096217,train
2012-04-03,-1.166903395,-1.2046489021940885,0.037745507194088423,train
2012-04-04,-1.674059126,-1.244325709826946,-0.42973341617305394,train
2012-04-05,-1.683990413,-1.4011955644042704,-0.2827948485957297,train
2012-04-06,-1.513692386,-1.45925558808796,-0.054436797912039925,train
2012-04-09,-1.076518061,-1.4130310062669205,0.33651294526692044,train
2012-04-10,-1.288047394,-1.3189396558138853,0.03089226181388538,train
2012-04-11,-1.429171952,-1.3802347718191386,-0.04893718018086135,train
2012-04-12,-1.625045644,-1.3939140302052024,-0.23113161379479763,train
2012-04-13,-0.968985932,-1.4408331069575548,0.4718471749575548,train
2012-04-16,-1.508589921,-1.2282076717476453,-0.28038224925235467,train
2012-04-17,-1.107139984,-1.4022565405661085,0.29511655656610847,train
2012-04-18,-1.346617921,-1.2838089773329355,-0.06280894366706447,train
2012-04-19,-1.487113959,-1.3329942342104946,-0.15411972478950542,train
2012-04-20,-1.786983256,-1.3547306130988186,-0.4322526429011815,train
2012-04-23,-1.850163482,-1.5087757228449672,-0.3413877591550327,train
2012-04-24,-1.166282288,-1.5631323133821726,0.39685002538217273,train
2012-04-25,-1.636186778,-1.404960197948974,-0.2312265800510258,train
2012-04-26,-1.407054386,-1.5463072172768177,0.13925283127681776,train
2012-04-27,-2.308627935,-1.484668817819021,-0.823959117180979,train
2012-04-30,-1.670781182,-1.7608617906994617,0.09008060869946166,train
2012-05-01,-1.270910698,-1.5967695437984648,0.3258588457984648,train
2012-05-02,-1.864779127,-1.506482220590752,-0.35829690640924805,train
2012-05-03,-1.887845364,-1.6806415246322934,-0.20720383936770648,train
2012-05-04,-1.160441723,-1.7387779967407988,0.5783362737407989,train
2012-05-07,-1.48100544,-1.4513540121736273,-0.029651427826372645,train
2012-05-08,-1.334485849,-1.5086177184183627,0.17413186941836267,train
2012-05-09,-1.656150577,-1.4773224707684158,-0.17882810623158418,train
2012-05-10,-1.652753217,-1.5416348730816574,-0.11111834391834274,train
2012-05-11,-1.631901681,-1.522928288185545,-0.10897339281445495,train
2012-05-14,-1.286586827,-1.5639767314394861,0.2773899044394861,train
2012-05-15,-0.980435076,-1.4591144263613667,0.47867935036136666,train
2012-05-16,-1.057957663,-1.3526436240341542,0.2946859610341541,train
2012-05-17,-0.93752908,-1.3107380504048711,0.3732089704048711,train
2012-05-18,-1.331187498,-1.2133833407208148,-0.11780415727918525,train
2012-05-21,-1.148197889,-1.2799610731814028,0.13176318418140287,train
2012-05-22,-0.867558268,-1.2193624060351616,0.35180413803516153,train
2012-05-23,-0.78035414,-1.1313086931788396,0.3509545531788396,train
2012-05-24,-1.101409522,-1.0728343138267578,-0.028575208173242217,train
2012-05-25,-1.511133474,-1.1646191286693472,-0.34651434533065273,train
2012-05-28,-1.180853571,-1.2785762633778353,0.09772269237783515,train
2012-05-29,-1.020810861,-1.1996779566734648,0.17886709567346482,train
2012-05-30,-0.959464395,-1.161376870641714,0.201912475641714,train
2012-05-31,-0.316477567,-1.1555171169270597,0.8390395499270598,train
2012-06-01,-1.090709133,-0.9173847508439609,-0.17332438215603918,train
2012-06-04,-0.949733111,-1.056120779507335,0.10638766850733505,train
2012-06-05,-0.945993615,-0.9904687963589665,0.04447518135896644,train
2012-06-06,-0.760990458,-0.9802703638727357,0.21927990587273571,train
2012-06-07,-1.092057416,-0.9094409364213232,-0.18261647957867688,train
2012-06-08,-0.882114911,-1.0585963791106354,0.17648146811063548,train
2012-06-11,-0.797797117,-0.9802356600082698,0.18243854300826978,train
2012-06-12,-1.024557181,-0.9364888142574033,-0.08806836674259677,train
2012-06-13,-1.12211389,-0.9917316693398317,-0.13038222066016836,train
2012-06-14,-1.387650332,-1.0470012292096804,-0.34064910279031957,train
2012-06-15,-0.730361863,-1.1428291601391725,0.4124672971391725,train
2012-06-18,-1.1718541,-0.9669903797401568,-0.20486372025984323,train
2012-06-19,-0.595384768,-1.110567330191611,0.5151825621916111,train
2012-06-20,-0.827832666,-0.9239164789752081,0.09608381297520807,train
2012-06-21,-1.295518335,-0.948977434127063,-0.3465409008729369,train
2012-06-22,-1.690143869,-1.0576054075593966,-0.6325384614406033,train
2012-06-25,-1.134192385,-1.2517569319516513,0.1175645469516513,train
2012-06-26,-1.748353976,-1.1148445054507916,-0.6335094705492084,train
2012-06-27,-1.20911663,-1.372451190889016,0.163334560889016,train
2012-06-28,0.026351436,-1.2784802564796494,1.3048316924796493,train
2012-06-29,-1.486050851,-0.8468355419025649,-0.639215309097435,train
2012-07-02,-1.749509601,-1.1974931685513397,-0.5520164324486603,train
2012-07-03,-1.809584702,-1.3337515395006596,-0.4758331624993404,train
2012-07-04,-0.88365074,-1.3617437363598954,0.47809299635989544,train
2012-07-05,-1.501688754,-1.1079609555711052,-0.3937277984288947,train
2012-07-06,-1.445591853,-1.4048626393431447,-0.040729213656855334,train
2012-07-09,-1.646419918,-1.3950700212422151,-0.25134989675778496,train
2012-07-10,-1.381907491,-1.4398493343427825,0.05794184334278252,train
2012-07-11,-1.510930007,-1.3418760277642154,-0.16905397923578458,train
2012-07-12,-1.164908801,-1.4390472883175378,0.27413848731753787,train
2012-07-13,-1.412680768,-1.3259962001360002,-0.0866845678639998,train
2012-07-16,-0.979729386,-1.3857207661036468,0.40599138010364677,train
2012-07-17,-1.195087829,-1.2150850918628997,0.019997262862899712,train
2012-07-18,-1.158427536,-1.2545943721821897,0.09616683618218969,train
2012-07-19,-1.111752241,-1.212838257884354,0.10108601688435392,train
2012-07-20,-1.192568159,-1.2022962366849979,0.009728077684997949,train
2012-07-23,-1.362277586,-1.2052457938491257,-0.15703179215087437,train
2012-07-24,-0.853823609,-1.2823912797890404,0.42856767078904046,train
2012-07-25,-0.588851138,-1.1191859891392268,0.5303348511392268,train
2012-07-26,-0.163926016,-0.9965017403520873,0.8325757243520873,train
2012-07-27,-1.425844121,-0.7888124648215382,-0.6370316561784617,train
2012-07-30,-1.073460542,-1.1165041012669257,0.0430435592669256,train
2012-07-31,-0.893564381,-1.0168501199542597,0.12328573895425965,train
2012-08-01,0.120954117,-0.9707987720174757,1.0917528890174757,train
2012-08-02,-0.737988066,-0.6402678824855715,-0.09772018351442846,train
2012-08-03,-1.03259384,-0.8886448913717322,-0.1439489486282679,train
2012-08-06,-1.735769655,-0.9245753334612119,-0.811194321538788,train
2012-08-07,-1.748578023,-1.1579254659732205,-0.5906525570267795,train
2012-08-08,-1.387242156,-1.2438436159355604,-0.14339854006443953,train
2012-08-09,-1.605777795,-1.2943641448440035,-0.31141365015599654,train
2012-08-10,-1.668298708,-1.430107438085805,-0.23819126991419504,train
2012-08-13,-1.834740157,-1.5059988275296954,-0.32874132947030454,train
2012-08-14,-2.003493293,-1.5625591516293116,-0.4409341413706884,train
2012-08-15,-1.885909401,-1.633319260287126,-0.2525901407128739,train
2012-08-16,-1.63035452,-1.661297594014873,0.030943074014873062,train
2012-08-17,-1.619309568,-1.6068431267348264,-0.0124664412651736,train
2012-08-20,-1.295497776,-1.6046564444558482,0.3091586684558483,train
2012-08-21,-1.243665872,-1.4785899899742978,0.2349241179742978,train
2012-08-22,-1.510582556,-1.3959990360913748,-0.11458351990862514,train
2012-08-23,-1.268146851,-1.4269274674798904,0.1587806164798904,train
2012-08-24,-2.144709935,-1.3394234525598658,-0.805286482440134,train
2012-08-27,-1.761721493,-1.6161762240385242,-0.1455452689614758,train
2012-08-28,-1.876991028,-1.584822757308007,-0.292168270691993,train
2012-08-29,-1.885289128,-1.6763893473965221,-0.2088997806034778,train
2012-08-30,-0.764513343,-1.722096246113526,0.9575829031135261,train
2012-08-31,-2.161381998,-1.404173198474761,-0.757208799525239,train
2012-09-03,-1.630900706,-1.7667205291509838,0.13581982315098373,train
2012-09-04,-1.154851455,-1.6366540323636898,0.4818025773636898,train
2012-09-05,-1.044771747,-1.4562745192271316,0.4115027722271316,train
2012-09-06,-1.227371187,-1.3440676824143192,0.11669649541431926,train
2012-09-07,-1.917851729,-1.4253708045677609,-0.492480924432239,train
2012-09-10,-1.619250355,-1.5746423124577986,-0.0446080425422013,train
2012-09-11,-1.055471356,-1.5018594598201287,0.4463881038201287,train
2012-09-12,-0.797554378,-1.3502799455349461,0.5527255675349462,train
2012-09-13,-1.276613639,-1.2539128658748673,-0.022700773125132745,train
2012-09-14,-1.278794845,-1.3658297850551826,0.08703494005518264,train
2012-09-17,-1.337410516,-1.3002883131986775,-0.0371222028013225,train
2012-09-18,-1.426113834,-1.2849800915948686,-0.14113374240513132,train
2012-09-19,-1.205384171,-1.3386915524096863,0.13330738140968634,train
2012-09-20,-0.744622153,-1.3225342648551204,0.5779121118551204,train
2012-09-21,-1.266479292,-1.15674241641329,-0.10973687558671008,train
2012-09-24,-1.369123959,-1.2784974338597914,-0.09062652514020852,train
2012-09-25,-1.507539559,-1.3072460913604864,-0.2002934676395136,train
2012-09-26,-1.318551297,-1.3411733512563777,0.022622054256377755,train
2012-09-27,-1.354057857,-1.3013931522208684,-0.052664704779131544,train
2012-09-28,-1.269238287,-1.3609198795216144,0.09168159252161434,train
2012-10-01,-1.532265228,-1.3340477950271203,-0.19821743297287964,train
2012-10-02,-1.534521323,-1.4208846369259507,-0.11363668607404942,train
2012-10-03,-1.352481914,-1.4170989452338478,0.06461703123384788,train
2012-10-04,-1.763388035,-1.373417570604718,-0.38997046439528193,train
2012-10-05,-1.883376494,-1.5169984515729138,-0.36637804242708616,train
2012-10-08,-1.385926511,-1.6121424390736003,0.22621592807360025,train
2012-10-09,-1.482589819,-1.4805691698729804,-0.0020206491270196025,train
2012-10-10,-1.396242568,-1.4942484988092035,0.09800593080920361,train
2012-10-11,-1.480799578,-1.4751103376318366,-0.0056892403681634285,train
2012-10-12,-1.785846732,-1.473809689487191,-0.31203704251280895,train
2012-10-15,-1.764056379,-1.54891586462543,-0.21514051437456994,train
2012-10-16,-1.44908403,-1.5841629788567555,0.13507894885675542,train
2012-10-17,-1.695224165,-1.5071188710591215,-0.1881052939408785,train
2012-10-18,-1.772538665,-1.5980561723201627,-0.17448249267983718,train
2012-10-19,-1.84020932,-1.6475746118222072,-0.19263470817779282,train
2012-10-22,-1.894246424,-1.675838620447477,-0.2184078035525232,train
2012-10-23,-1.47058377,-1.7134913903818898,0.24290762038188984,train
2012-10-24,-1.636766023,-1.615780786335724,-0.020985236664275986,train
2012-10-25,-1.515852071,-1.65324774143118,0.13739567043117984,train
2012-10-26,-1.957231278,-1.6003691389047094,-0.35686213909529063,train
2012-10-29,-2.060651548,-1.7244211991460958,-0.33623034885390424,train
2012-10-30,-1.963634298,-1.7724916938098496,-0.19114260419015028,train
2012-10-31,-1.922230926,-1.802585781140333,-0.11964514485966693,train
2012-11-01,-1.388258382,-1.823431019148343,0.43517263714834287,train
2012-11-02,-1.742080817,-1.6814885082991515,-0.06059230870084842,train
2012-11-05,-1.750300884,-1.750858649194821,0.0005577651948209805,train
2012-11-06,-1.098732476,-1.7238257003849586,0.6250932243849587,train
2012-11-07,-1.401765925,-1.478042139231715,0.07627621423171482,train
2012-11-08,-1.660778818,-1.502715172902479,-0.15806364509752102,train
2012-11-09,-1.978050261,-1.5923289357178771,-0.3857213252821228,train
2012-11-12,-1.632204594,-1.6969633423640782,0.06475874836407813,train
2012-11-13,-1.678488786,-1.604416450411795,-0.07407233558820492,train
2012-11-14,-1.82790145,-1.6683091013376745,-0.1595923486623254,train
2012-11-15,-1.671460857,-1.7445935946136804,0.07313273761368033,train
2012-11-16,-1.829745964,-1.7103720821590938,-0.11937388184090625,train
2012-11-19,-1.205911117,-1.7361294772443967,0.5302183602443966,train
2012-11-20,-1.558997018,-1.5401953535140214,-0.01880166448597853,train
2012-11-21,-1.849588772,-1.610968449653233,-0.2386203223467669,train
2012-11-22,-1.687658246,-1.6824175373448698,-0.005240708655130266,train
2012-11-23,-1.979910377,-1.6473302794268503,-0.33258009757314966,train
2012-11-26,-1.577390416,-1.7353599270786548,0.15796951107865476,train
2012-11-27,-1.807476008,-1.6737353966236805,-0.13374061137631954,train
2012-11-28,-1.843838748,-1.7505752420214136,-0.09326350597858646,train
2012-11-29,-1.584067553,-1.7564244187797198,0.17235686577971987,train
2012-11-30,-1.878922429,-1.6801448126904819,-0.19877761630951807,train
2012-12-03,-2.089982094,-1.741223431195086,-0.34875866280491374,train
2012-12-04,-2.262956705,-1.8473411577292589,-0.41561554727074124,train
2012-12-05,-1.661269886,-1.9370101353943947,0.2757402493943948,train
2012-12-06,-1.506891912,-1.7742856555796056,0.26739374357960566,train
2012-12-07,-2.008167363,-1.734414802934836,-0.273752560065164,train
2012-12-10,-1.934358213,-1.8736632591637585,-0.06069495383624157,train
2012-12-11,-2.126371972,-1.844412822703867,-0.28195914929613286,train
2012-12-12,-1.716411094,-1.8795262940486377,0.16311520004863778,train
2012-12-13,-1.486574859,-1.7869337561492917,0.30035889714929165,train
2012-12-14,-1.84608359,-1.727649730339059,-0.11843385966094111,train
2012-12-17,-2.426149597,-1.7992724554044361,-0.6268771415955641,train
2012-12-18,-1.910111027,-1.9928193747189917,0.08270834771899183,train
2012-12-19,-1.39044932,-1.8494165821856803,0.4589672621856802,train
2012-12-20,-1.341230621,-1.6960743519510197,0.35484373095101973,train
2012-12-21,-2.422955972,-1.6683367857949603,-0.7546191862050398,train
2012-12-24,-1.495793167,-1.988523399336612,0.49273023233661206,train
2012-12-27,-1.616622224,-1.6768074777777222,0.0601852537777221,train
2012-12-28,-1.122738273,-1.674617421545257,0.551879148545257,train
2012-12-31,-0.803594228,-1.5259230746553851,0.7223288466553851,train
2013-01-02,-1.126018017,-1.3881735111234605,0.2621554941234605,train
2013-01-03,-1.312933994,-1.3372831995724872,0.02434920557248721,train
2013-01-04,-1.528449853,-1.3622900165030556,-0.16615983649694432,train
2013-01-07,-1.518435653,-1.4021202425586936,-0.11631541044130644,train
2013-01-08,-1.867830757,-1.4302825806715398,-0.4375481763284601,train
2013-01-09,-1.243989424,-1.6090322773926602,0.3650428533926602,train
2013-01-10,-1.151786424,-1.4653518830598034,0.3135654590598034,train
2013-01-11,-1.480296908,-1.4243037232263185,-0.055993184773681426,train
2013-01-14,-0.984242856,-1.4931087606265425,0.5088659046265425,train
2013-01-15,-1.194174107,-1.3136999231651583,0.11952581616515823,train
2013-01-16,-1.352323869,-1.291380303434425,-0.06094356556557501,train
2013-01-17,-1.036492158,-1.3355377670770894,0.29904560907708944,train
2013-01-18,-2.034103833,-1.2439116234828664,-0.7901922095171336,train
2013-01-21,-0.945368661,-1.5375105778554545,0.5921419168554545,train
2013-01-22,-1.241103052,-1.2557817194767718,0.014678667476771823,train
2013-01-23,-1.106986874,-1.3240051646552784,0.21701829065527845,train
2013-01-24,-1.183986866,-1.265822783260831,0.08183591726083117,train
2013-01-25,-1.532729719,-1.2963538930849818,-0.23637582591501816,train
2013-01-28,-1.698360728,-1.3239167047628482,-0.37444402323715176,train
2013-01-29,-1.75158464,-1.436020110294888,-0.31556452970511195,train
2013-01-30,-1.888176653,-1.497782192099308,-0.39039446090069196,train
2013-01-31,-1.020220484,-1.6116616831881703,0.5914411991881703,train
2013-02-01,-1.371703275,-1.3899537506554742,0.01825047565547422,train
2013-02-04,-0.821622215,-1.4622255006105724,0.6406032856105724,train
2013-02-05,-1.252671091,-1.2429595812036203,-0.009711509796379802,train
2013-02-06,-0.928442416,-1.2972577148356703,0.3688152988356703,train
2013-02-07,-1.305762948,-1.1235373396568127,-0.18222560834318724,train
2013-02-08,-1.489602608,-1.2347529264728094,-0.25484968152719056,train
2013-02-11,-1.239800904,-1.2926324111016423,0.052831507101642305,train
2013-02-12,-1.461199748,-1.2723859245707332,-0.1888138234292669,train
2013-02-13,-1.312057442,-1.3448449101196398,0.03278746811963984,train
2013-02-14,-1.124715419,-1.348218878296815,0.22350345929681503,train
2013-02-15,-1.888488577,-1.2855444496558759,-0.6029441273441241,train
2013-02-18,-1.805535187,-1.5122672835998419,-0.2932679034001582,train
2013-02-19,-1.019442953,-1.5533204222932748,0.5338774692932748,train
2013-02-20,-1.095069976,-1.3120198675077415,0.21694989150774147,train
2013-02-21,-1.350025201,-1.3116658571701878,-0.03835934382981221,train
2013-02-22,-0.488953964,-1.3951562793375296,0.9062023153375296,train
2013-02-25,-0.455001443,-1.0510518691606516,0.5960504261606516,train
2013-02-26,-0.970369867,-0.9093071257222898,-0.061062741277710275,train
2013-02-27,-1.291005487,-1.0226100123875879,-0.2683954746124122,train
2013-02-28,-1.079959122,-1.1135394325629986,0.033580310562998594,train
2013-03-01,-1.469762456,-1.0303123364506033,-0.4394501195493967,train
2013-03-04,-1.715459987,-1.2107703073338332,-0.5046896796661668,train
2013-03-05,-2.03909333,-1.3947160903969384,-0.6443772396030616,train
2013-03-06,-1.296035818,-1.5792754221220369,0.28323960412203686,train
2013-03-07,-0.732505516,-1.406132392841989,0.6736268768419891,train
2013-03-08,-1.941257157,-1.2325483997086861,-0.7087087572913138,train
2013-03-11,-1.76066721,-1.5782905566752525,-0.1823766533247475,train
2013-03-12,-1.282686101,-1.5440065341699656,0.26132043316996567,train
2013-03-13,-1.501692225,-1.3563838150077745,-0.1453084099922255,train
2013-03-14,-1.159235268,-1.4310651703866655,0.2718299023866655,train
2013-03-15,-0.692014273,-1.3850662016865014,0.6930519286865015,train
2013-03-18,-0.41975005,-1.1496834632620887,0.7299334132620887,train
2013-03-19,-0.984787693,-0.9517553516770019,-0.03303234132299815,train
2013-03-20,-1.109232441,-1.0501403911020342,-0.059092049897965904,train
2013-03-21,-1.230090423,-1.0359814897997373,-0.1941089332002628,train
2013-03-22,-0.467949459,-1.0739496643064883,0.6060002053064883,train
2013-03-25,-1.246903756,-0.8628887367128935,-0.3840150192871066,train
2013-03-26,-1.470654817,-1.1261267804745134,-0.3445280365254866,train
2013-03-27,-1.409222512,-1.2358665375826667,-0.1733559744173332,train
2013-03-28,-2.189198673,-1.2593990817947476,-0.9297995912052524,train
2013-03-29,-2.100643073,-1.5495779585040992,-0.5510651144959009,train
2013-04-01,-1.692042737,-1.6889717518836944,-0.003070985116305547,train
2013-04-02,-1.94332886,-1.638741650852021,-0.3045872091479791,train
2013-04-03,-0.419855882,-1.748336262369355,1.328480380369355,train
2013-04-04,-0.663770611,-1.2756133799700167,0.6118427689700167,train
2013-04-05,-1.66676626,-1.1774069812514236,-0.4893592787485763,train
2013-04-08,-1.227507295,-1.3824227672181983,0.15491547221819824,train
2013-04-09,-1.609391074,-1.2389231769501317,-0.37046789704986827,train
2013-04-10,-1.795893792,-1.2961255195128558,-0.49976827248714417,train
2013-04-11,-1.455406407,-1.4693794428980365,0.013973035898036557,train
2013-04-12,-1.354617274,-1.462975217514428,0.10835794351442796,train
2013-04-15,-0.962741317,-1.4080847670208452,0.4453434500208452,train
2013-04-16,-0.91550643,-1.2870245876265232,0.3715181576265232,train
2013-04-17,-1.180065361,-1.2135541583248033,0.033488797324803254,train
2013-04-18,-1.30362498,-1.2282207684854063,-0.07540421151459364,train
2013-04-19,-1.817494226,-1.2473101316465178,-0.5701840943534822,train
2013-04-22,-1.051850998,-1.421733516339457,0.3698825183394572,train
2013-04-23,-1.574407698,-1.2438573393730676,-0.3305503586269323,train
2013-04-24,-1.520137134,-1.4429485177111223,-0.07718861628887774,train
2013-04-25,-1.4883502,-1.4645037729256147,-0.023846427074385224,train
2013-04-26,-1.931243722,-1.4742312457285323,-0.4570124762714678,train
2013-04-29,-1.453280516,-1.5970706599313897,0.14379014393138978,train
2013-04-30,-1.32529945,-1.511380409168344,0.1860809591683441,train
2013-05-01,-0.279698144,-1.4489575620488748,1.169259418048875,train
2013-05-02,-0.226782359,-1.0665872477771277,0.8398048887771277,train
2013-05-03,-1.952057122,-0.9177820383418691,-1.034275083658131,train
2013-05-06,-1.926019144,-1.3515489302710648,-0.5744702137289353,train
2013-05-07,-1.68511646,-1.4030264924780285,-0.28208996752197146,train
2013-05-08,-1.412622572,-1.378732584688042,-0.033889987311958025,train
2013-05-09,-0.988076464,-1.4205691848574906,0.4324927208574906,train
2013-05-10,-1.390328439,-1.3824554089150691,-0.007873030084930788,train
2013-05-13,-1.175189306,-1.4225660373114715,0.24737673131147142,train
2013-05-14,-1.204914007,-1.2979045995115055,0.09299059251150554,train
2013-05-15,-1.206387674,-1.2587563697984756,0.052368695798475695,train
2013-05-16,-1.47509857,-1.2425854086258956,-0.2325131613741045,train
2013-05-17,-1.771927062,-1.3586456321468017,-0.4132814298531984,train
2013-05-20,-1.422967011,-1.4720170050046082,0.0490499940046083,train
2013-05-21,-0.630831771,-1.412403634992712,0.7815718639927121,train
2013-05-22,-1.116494675,-1.1554641823288734,0.03896950732887339,train
2013-05-23,-1.237036494,-1.2646625557963702,0.02762606179637017,train
2013-05-24,-2.818087396,-1.2678417592467595,-1.5502456367532407,train
2013-05-27,-1.320616733,-1.759726795598293,0.4391100625982929,train
2013-05-28,-1.087870916,-1.3880719559269459,0.3002010399269459,train
2013-05-29,-1.131792534,-1.3653836420914094,0.23359110809140948,train
2013-05-30,-1.167656474,-1.373867489571745,0.20621101557174515,train
2013-05-31,-0.873347219,-1.3743234274151646,0.5009762084151645,train
2013-06-03,-1.509068975,-1.1290913848723179,-0.37997759012768206,train
2013-06-04,-1.132784155,-1.3135692219548512,0.1807850669548512,train
2013-06-05,-0.511089232,-1.2182721816447915,0.7071829496447914,train
2013-06-06,-0.828535214,-0.9955154853632289,0.1669802713632289,train
2013-06-07,-1.700005826,-1.031007354155831,-0.668998471844169,train
2013-06-10,-1.175580925,-1.3207195301944346,0.14513860519443456,train
2013-06-11,-1.526153072,-1.1655635171488616,-0.3605895548511384,train
2013-06-12,-1.018267848,-1.287986112018121,0.26971826401812105,train
2013-06-13,-2.015889878,-1.2112490244577314,-0.8046408535422684,train
2013-06-14,-1.904184982,-1.5705771206418713,-0.3336078613581288,train
2013-06-17,-1.294041575,-1.5703042770465543,0.27626270204655423,train
2013-06-18,-1.060645367,-1.4325421490212689,0.37189678202126886,train
2013-06-19,-0.680002179,-1.3253254137472914,0.6453232347472914,train
2013-06-20,-1.248891657,-1.1941698452510643,-0.054721811748935645,train
2013-06-21,-1.103652636,-1.2664478282722076,0.1627951922722075,train
2013-06-24,-1.534869695,-1.1568985225283286,-0.37797117247167145,train
2013-06-25,-1.416262722,-1.2863033731368514,-0.12995934886314853,train
2013-06-26,-1.706218953,-1.275551845246122,-0.43066710775387795,train
2013-06-27,-1.537960339,-1.4449803360181497,-0.09298000298185038,train
2013-06-28,-1.953234398,-1.4362941705625947,-0.5169402274374053,train
2013-07-01,-1.675404381,-1.6241996058187143,-0.051204775181285855,train
2013-07-02,-1.193273953,-1.5759623321977332,0.38268837919773313,train
2013-07-03,-0.910130514,-1.442705666242603,0.532575152242603,train
2013-07-04,-1.25365739,-1.293995084103717,0.040337694103717014,train
2013-07-05,-2.192901774,-1.351524163243693,-0.8413776107563071,train
2013-07-08,-1.342302812,-1.6181544826849983,0.2758516706849983,train
2013-07-09,-0.238862267,-1.3881131901706507,1.1492509231706507,train
2013-07-10,0.252123001,-1.017899413412651,1.270022414412651,train
2013-07-11,-1.079912329,-0.7760796892410019,-0.303832639758998,train
2013-07-12,-1.252312611,-1.0755499322947326,-0.1767626787052674,train
2013-07-15,-1.249062918,-1.0320929804408543,-0.21696993755914562,train
2013-07-16,-1.023690223,-1.0142729791657255,-0.009417243834274558,train
2013-07-17,-1.810451551,-1.0234438029635613,-0.7870077480364388,train
2013-07-18,-1.743297819,-1.4102342413572373,-0.3330635776427626,train
2013-07-19,-1.965849017,-1.4632297589144525,-0.5026192580855475,train
2013-07-22,-2.088376004,-1.5971758870333987,-0.4912001169666014,train
2013-07-23,-1.180863696,-1.7138854387837248,0.5330217427837247,train
2013-07-24,-1.373594114,-1.5109920787639153,0.1373979647639152,train
2013-07-25,-1.895285333,-1.5149700688370205,-0.38031526416297945,train
2013-07-26,-2.219390072,-1.6598566440988223,-0.5595334279011777,train
2013-07-29,-2.076989119,-1.7670209244628041,-0.3099681945371957,train
2013-07-30,-0.925030964,-1.7375789749105004,0.8125480109105004,train
2013-07-31,-1.308216544,-1.4253942723762327,0.11717772837623275,train
2013-08-01,-0.945744651,-1.5075052884213693,0.5617606374213693,train
2013-08-02,-1.962936022,-1.329267306173871,-0.6336687158261292,train
2013-08-05,-2.098653647,-1.5616427327298892,-0.5370109142701107,train
2013-08-06,-1.897416231,-1.6055306733696153,-0.2918855576303847,train
2013-08-07,-2.107420942,-1.6443364998752035,-0.4630844421247966,train
2013-08-08,-2.548462841,-1.7775519158142499,-0.7709109251857502,train
2013-08-09,-2.354882182,-2.0579461301472604,-0.2969360518527395,train
2013-08-12,-1.797129796,-2.0762660234123906,0.27913622741239075,train
2013-08-13,-2.480874936,-1.9218428840753443,-0.5590320519246559,train
2013-08-14,-0.605303539,-2.154031970091193,1.548728431091193,train
2013-08-15,-2.007640506,-1.5560072028613094,-0.45163330313869054,train
2013-08-16,-2.347121046,-1.8538497532435807,-0.4932712927564191,train
2013-08-19,-1.710807588,-1.9406642824962779,0.22985669449627788,train
2013-08-20,-1.440194182,-1.779177729925929,0.3389835479259291,train
2013-08-21,-1.393095242,-1.6115300861010637,0.21843484410106373,train
2013-08-22,-1.821142336,-1.6658912987916104,-0.15525103720838973,train
2013-08-23,-2.563822764,-1.7585203278800219,-0.8053024361199783,train
2013-08-26,-1.802670584,-1.970356819141235,0.16768623514123515,train
2013-08-27,-1.867357062,-1.7947513971848177,-0.07260566481518227,train
2013-08-28,-1.62267396,-1.8462088480380223,0.22353488803802235,train
2013-08-29,-2.147686864,-1.8037346995422756,-0.3439521644577246,train
2013-08-30,-2.637505398,-1.973769487929454,-0.663735910070546,train
2013-09-02,-1.88801314,-2.1129788870694037,0.22496574706940375,train
2013-09-03,-2.290007663,-1.9508617712084644,-0.33914589179153554,train
2013-09-04,-1.433916866,-2.0904670273013886,0.6565501613013887,train
2013-09-05,-1.3019181,-1.8596748202013793,0.5577567202013793,train
2013-09-06,-1.969528723,-1.7427473823678383,-0.2267813406321617,train
2013-09-09,-2.221255669,-1.839742737955615,-0.381512931044385,train
2013-09-10,-1.989437154,-1.9277383787171958,-0.06169877528280421,train
2013-09-11,-2.007653593,-1.8400159405069227,-0.16763765249307738,train
2013-09-12,-1.923411332,-1.9000630255182005,-0.02334830648179942,train
2013-09-13,-2.059474416,-1.9315219990070642,-0.1279524169929358,train
2013-09-16,-2.609613237,-1.9884897623046254,-0.6211234746953747,train
2013-09-17,-0.665322908,-2.1635488439963737,1.4982259359963737,train
2013-09-18,-1.628826734,-1.5542233166611847,-0.07460341733881526,train
2013-09-19,-1.895408992,-1.7499190829218159,-0.14548990907818404,train
2013-09-20,-1.721168042,-1.8164222824339111,0.09525424043391117,train
2013-09-23,-2.258827425,-1.7466088764570527,-0.5122185485429476,train
2013-09-24,-2.401343194,-1.8481199346973665,-0.5532232593026334,train
2013-09-25,-2.186956505,-2.0421180866305515,-0.14483841836944844,train
2013-09-26,-2.255572857,-2.046642616559997,-0.20893024044000308,train
2013-09-27,-2.133989374,-2.100888787397345,-0.033100586602655024,train
2013-09-30,-1.808603513,-2.1156121214108197,0.30700860841081967,train
2013-10-01,-1.662128276,-1.9917437579167072,0.3296154819167072,train
2013-10-02,-1.673821935,-1.8771004861335725,0.2032785511335724,train
2013-10-03,-2.17072549,-1.8298470824166984,-0.3408784075833018,train
2013-10-04,-2.42136291,-1.940212976306737,-0.481149933693263,train
2013-10-07,-2.448173911,-2.038021150019039,-0.410152760980961,train
2013-10-08,-1.794488565,-2.116467556538419,0.321978991538419,train
2013-10-09,-2.17918661,-1.9695873965373474,-0.20959921346265253,train
2013-10-10,-2.130304965,-2.1086979288774597,-0.021607036122540446,train
2013-10-11,-2.558289188,-2.094713460177519,-0.463575727822481,train
2013-10-14,-1.762213259,-2.2164335571150673,0.45422029811506737,train
2013-10-15,-1.669950332,-1.9593258942707756,0.28937556227077565,train
2013-10-16,-1.549531997,-1.9212931541958516,0.37176115719585145,train
2013-10-17,-2.467095271,-1.8221863953996413,-0.6449088756003585,train
2013-10-18,-2.595447373,-2.0939427861054973,-0.5015045868945025,train
2013-10-21,-1.347419822,-2.1388264726615764,0.7914066506615764,train
2013-10-22,-2.419334908,-1.793979078125333,-0.6253558298746671,train
2013-10-23,-1.833840763,-2.1292133019401858,0.2953725389401858,train
2013-10-24,-1.99254769,-2.0101477802460583,0.017600090246058242,train
2013-10-25,-2.509943571,-1.9997334318688755,-0.5102101391311245,train
2013-10-28,-1.807352594,-2.119793530171235,0.31244093617123503,train
2013-10-29,-2.001577296,-1.9886361063529248,-0.012941189647075024,train
2013-10-30,-1.579200511,-1.9950651163502318,0.41586460535023173,train
2013-10-31,-1.811796729,-1.8672490374499848,0.05545230844998472,train
2013-11-01,-1.75569615,-1.9080334727937953,0.15233732279379542,train
2013-11-04,-2.031313309,-1.8252702097021878,-0.2060430992978124,train
2013-11-05,-1.789407497,-1.9108975587897232,0.12149006178972321,train
2013-11-06,0.338216174,-1.8260635197561648,2.1642796937561646,train
2013-11-07,-1.079050427,-1.1053891505500304,0.026338723550030307,train
2013-11-08,-2.45857626,-1.3704333418690013,-1.0881429181309987,train
2013-11-11,-1.484409341,-1.770787355222774,0.28637801422277387,train
2013-11-12,-1.457428327,-1.4784766385059567,0.021048311505956763,train
2013-11-13,-1.655430062,-1.429095859127374,-0.22633420287262607,train
2013-11-14,-2.123584792,-1.6610156971623213,-0.4625690948376786,train
2013-11-15,-2.240989421,-1.8757663308856654,-0.36522309011433474,train
2013-11-18,-1.714253294,-1.8913185426311387,0.17706524863113882,train
2013-11-19,-0.676235395,-1.7777480370197307,1.1015126420197308,train
2013-11-20,-1.21125145,-1.4343909036170115,0.22313945361701149,train
2013-11-21,-2.163638226,-1.5203187447876192,-0.643319481212381,train
2013-11-22,-2.162983253,-1.7504077641232012,-0.41257548887679896,train
2013-11-25,-1.806411313,-1.7465847940425556,-0.059826518957444286,train
2013-11-26,-1.978074932,-1.6673321966547028,-0.31074273534529717,train
2013-11-27,-2.313336417,-1.8239276319464526,-0.48940878505354735,train
2013-11-28,-2.227888207,-2.012627248121627,-0.21526095887837293,train
2013-11-29,-1.781819912,-2.000512797814388,0.21869288581438795,train
2013-12-02,-2.331815592,-1.8599403340843441,-0.47187525791565577,train
2013-12-03,-2.002807356,-2.0468186815275766,0.044011325527576695,train
2013-12-04,-1.112845866,-1.9726526171803118,0.8598067511803118,train
2013-12-05,-1.570696244,-1.636834130736122,0.06613788673612198,train
2013-12-06,-2.719244129,-1.683480838786672,-1.0357632902133278,train
2013-12-09,-2.250056002,-2.0803816200779024,-0.1696743819220976,train
2013-12-10,-1.93204226,-1.9726600075508274,0.040617747550827366,train
2013-12-11,-1.820554929,-1.883816842200689,0.06326191320068886,train
2013-12-12,-2.177063463,-1.9264881894820416,-0.2505752735179585,train
2013-12-13,-2.181510006,-2.076520350062409,-0.10498965593759069,train
2013-12-16,-2.162047746,-2.0333105139464935,-0.1287372320535063,train
2013-12-17,-0.745816246,-2.0208610094775183,1.2750447634775184,train
2013-12-18,-1.799379521,-1.553452973572071,-0.24592654742792908,train
2013-12-19,-1.931211585,-1.805908579789338,-0.12530300521066207,train
2013-12-20,-2.70295804,-1.82845033698469,-0.8745077030153099,train
2013-12-23,-2.91464959,-2.0789158389549933,-0.8357337510450065,train
2013-12-24,-0.993882913,-2.208048388026684,1.214165475026684,train
2013-12-27,-1.956323743,-1.7562159244282465,-0.20010781857175353,train
2013-12-30,-1.750179909,-2.004021623545465,0.2538417145454648,train
2013-12-31,-1.266183496,-1.9350964360124074,0.6689129400124074,train
2014-01-02,-1.874602514,-1.6735744231644962,-0.20102809083550377,train
2014-01-03,-1.927716886,-1.7193690558809958,-0.20834783011900426,train
2014-01-06,-1.927971736,-1.8206031925997654,-0.1073685434002345,train
2014-01-07,-1.773647234,-1.8136218284613221,0.03997459446132212,train
2014-01-08,-1.485566778,-1.7761729913604518,0.2906062133604519,train
2014-01-09,-0.663857986,-1.73133067762017,1.06747269162017,train
2014-01-10,-2.286040244,-1.4111074577118354,-0.8749327862881646,train
2014-01-13,-2.335478622,-1.830023448282366,-0.505455173717634,train
2014-01-14,-1.916193786,-1.8807558404266036,-0.03543794557339641,train
2014-01-15,-1.80809802,-1.7929586111672107,-0.015139408832789414,train
2014-01-16,-2.157462149,-1.7968149318351578,-0.36064721716484227,train
2014-01-17,-2.504416624,-2.019592351738409,-0.4848242722615912,train
2014-01-20,-2.221640088,-2.126907996886688,-0.09473209111331204,train
2014-01-21,-2.226884327,-2.048930575543336,-0.17795375145666403,train
2014-01-22,-1.529760847,-2.0952486883162074,0.5654878413162074,train
2014-01-23,-1.434368603,-1.898683189161166,0.46431458616116594,train
2014-01-24,-2.038530655,-1.8030507417320432,-0.23547991326795703,train
2014-01-27,-2.223966009,-1.8978338865022804,-0.32613212249771983,train
2014-01-28,-1.464543081,-1.9351330945516816,0.4705900135516816,train
2014-01-29,-1.750325847,-1.6866325646468936,-0.06369328235310645,train
2014-01-30,-1.641416753,-1.7736636177749752,0.13224686477497527,train
2014-01-31,-1.856479322,-1.76553172415705,-0.09094759784294992,train
2014-02-03,-2.018426346,-1.806783169177477,-0.2116431768225231,train
2014-02-04,-1.99037388,-1.8281992444192419,-0.16217463558075806,train
2014-02-05,-1.088088761,-1.871044486895802,0.782955725895802,train
2014-02-06,-1.634556938,-1.5831850140296608,-0.051371923970339184,train
2014-02-07,-2.799648889,-1.7125147098037532,-1.087134179196247,train
2014-02-10,-1.957291127,-2.0949123841415123,0.1376212571415123,train
2014-02-11,-1.891116027,-1.9006568134007893,0.009540786400789258,train
2014-02-12,-1.725270758,-1.8711936413466401,0.14592288334664016,train
2014-02-13,-2.43386045,-1.8839021587645863,-0.5499582912354137,train
2014-02-14,-2.467270878,-2.1343913595469353,-0.3328795184530646,train
2014-02-17,-2.367957724,-2.118704062367483,-0.24925366163251717,train
2014-02-18,-2.793618191,-2.135303822071176,-0.6583143689288242,train
2014-02-19,-2.250791095,-2.3248247303424154,0.07403363534241558,train
2014-02-20,-2.435891073,-2.243416245750839,-0.19247482724916098,train
2014-02-21,-2.53622568,-2.290421838117738,-0.24580384188226168,train
2014-02-24,-2.435365304,-2.331956557511716,-0.10340874648828402,train
2014-02-25,-2.380304417,-2.3248784114884904,-0.05542600551150967,train
2014-02-26,-2.117018093,-2.2769132545113626,0.15989516151136263,train
2014-02-27,-1.062008841,-2.199954343750842,1.137945502750842,train
2014-02-28,-1.907465302,-1.8139236785116895,-0.09354162348831063,train
2014-03-03,-2.049985897,-1.9605765591227664,-0.0894093378772336,train
2014-03-04,-1.96822608,-1.9634782972300018,-0.00474778276999821,train
2014-03-05,-1.735321279,-1.9066947383726736,0.17137345937267345,train
2014-03-06,-2.032731435,-1.8120630046581852,-0.22066843034181494,train
2014-03-07,-2.70558859,-1.974378663588941,-0.731209926411059,train
2014-03-10,-2.645195524,-2.228158383782996,-0.4170371402170039,train
2014-03-11,-2.506254864,-2.280016974447854,-0.2262378895521464,train
2014-03-12,-1.333171311,-2.2934320679718123,0.9602607569718122,train
2014-03-13,-1.998388999,-1.9669624315060172,-0.03142656749398287,train
2014-03-14,-2.315173865,-2.124995479715483,-0.19017838528451714,train
2014-03-17,-1.877358895,-2.171336510751753,0.2939776157517531,train
2014-03-18,-1.678857115,-1.9885014325986154,0.30964431759861544,train
2014-03-19,-1.980335714,-1.8551771247353583,-0.12515858926464163,train
2014-03-20,-2.195187369,-1.9836845896404216,-0.2115027793595785,train
2014-03-21,-1.38506489,-2.0471573048461886,0.6620924148461886,train
2014-03-24,-1.772685745,-1.756274320847024,-0.01641142415297603,train
2014-03-25,-2.000389928,-1.8325681344294797,-0.1678217935705204,train
2014-03-26,-1.921495759,-1.9114185898786742,-0.010077169121325724,train
2014-03-27,-1.961569198,-1.8813571125116444,-0.08021208548835568,train
2014-03-28,-1.879535932,-1.8647006867314628,-0.01483524526853719,train
2014-03-31,-2.618525953,-1.888366508366254,-0.7301594446337458,train
2014-04-01,-2.61875626,-2.1618316363882206,-0.45692462361177943,train
2014-04-02,-1.450635352,-2.227165198863052,0.7765298468630522,train
2014-04-03,-1.758998894,-1.89576855713945,0.13676966313944994,train
2014-04-04,-3.051393183,-1.9488385814705391,-1.102554601529461,train
2014-04-07,-2.509643584,-2.383159961309013,-0.12648362269098712,train
2014-04-08,-1.974175061,-2.2478847957186305,0.2737097347186306,train
2014-04-09,-2.700476885,-2.0511102232984526,-0.6493666617015474,train
2014-04-10,-2.955694573,-2.3427249135697514,-0.6129696594302487,train
2014-04-11,-2.45804288,-2.5203488942613443,0.06230601426134452,train
2014-04-14,-2.515341092,-2.3576886025593566,-0.15765248944064325,train
2014-04-15,-2.436477546,-2.3776443571755066,-0.05883318882449329,train
2014-04-16,-2.881659331,-2.402994531645296,-0.47866479935470396,train
2014-04-17,-4.309406388,-2.5379180484876476,-1.7714883395123526,train
2014-04-18,-3.679032883,-3.0360615160890956,-0.6429713669109045,train
2014-04-21,-2.92648278,-3.016492107438336,0.09000932743833578,train
2014-04-22,-2.223798885,-2.881642763307602,0.6578438783076019,train
2014-04-23,-2.458694409,-2.7019375650232704,0.2432431560232704,train
2014-04-24,-3.251385898,-2.7265959574650767,-0.5247899405349234,train
2014-04-25,-2.671581721,-2.832557136385338,0.16097541538533822,train
2014-04-28,-2.361580153,-2.6075231901366935,0.24594303713669374,train
2014-04-29,-2.116546024,-2.484751946540933,0.3682059225409331,train
2014-04-30,-3.567327554,-2.418403680548284,-1.1489238734517158,train
2014-05-01,-1.971975666,-2.880947013650081,0.9089713476500809,train
2014-05-02,-3.516248171,-2.3710282228256796,-1.1452199481743204,train
2014-05-05,-2.621886656,-2.843695899759476,0.22180924375947608,train
2014-05-06,-2.841499493,-2.6621306951508283,-0.1793687978491718,train
2014-05-07,-0.987813236,-2.7801150706315614,1.7923018346315613,train
2014-05-08,-2.423798987,-2.077560722191233,-0.34623826480876696,train
2014-05-09,-3.162678244,-2.4700039008910686,-0.6926743431089313,train
2014-05-12,-2.072982393,-2.6199387163673578,0.5469563233673576,train
2014-05-13,-2.616724117,-2.29706126678703,-0.3196628502129699,train
2014-05-14,-2.003216703,-2.4087133516677177,0.4054966486677176,train
2014-05-15,-2.599685599,-2.3499615318324913,-0.2497240671675085,train
2014-05-16,-3.076482996,-2.5116181508122413,-0.5648648451877589,train
2014-05-19,-3.005904127,-2.6204474679602083,-0.38545665903979165,train
2014-05-20,-2.326806361,-2.676023846478347,0.34921748547834675,train
2014-05-21,-2.624835013,-2.470908340200816,-0.15392667279918415,train
2014-05-22,-3.150457124,-2.59714736300376,-0.5533097609962399,train
2014-05-23,-3.428232754,-2.784956758175402,-0.6432759958245984,train
2014-05-26,-2.996468051,-2.8950873814258227,-0.10138066957417724,train
2014-05-27,-2.662768887,-2.7875423989651558,0.12477351196515585,train
2014-05-28,-2.866790912,-2.738405637861411,-0.1283852741385889,train
2014-05-29,-2.766727539,-2.815512494109088,0.04878495510908776,train
2014-05-30,-2.534957972,-2.7628355439227437,0.22787757192274372,train
2014-06-03,-2.695684299,-2.61271773633568,-0.0829665626643199,train
2014-06-04,-0.710268189,-2.631306596147625,1.921038407147625,train
2014-06-05,-1.900917837,-1.941371501278731,0.04045366427873098,train
2014-06-06,-2.879175214,-2.130144471232625,-0.749030742767375,train
2014-06-09,-2.580724063,-2.376392451263472,-0.20433161173652792,train
2014-06-10,-2.745659751,-2.3262162549478758,-0.41944349605212405,train
2014-06-11,-2.361853563,-2.374060945150579,0.01220738215057926,train
2014-06-12,-2.733024439,-2.4266038729087036,-0.3064205660912962,train
2014-06-13,-2.40170959,-2.600511518720775,0.19880192872077496,train
2014-06-16,-2.750770702,-2.47403607822391,-0.27673462377609015,train
2014-06-17,-2.379250758,-2.581995488781512,0.20274473078151223,train
2014-06-18,-2.570466256,-2.4561174134139288,-0.11434884258607125,train
2014-06-19,-2.885732485,-2.5160101243175435,-0.3697223606824567,train
2014-06-20,-2.872294651,-2.604759546001312,-0.2675351049986876,train
2014-06-23,-2.8770503,-2.651249497444531,-0.2258008025554692,train
2014-06-24,-2.781550947,-2.6668913131293968,-0.11465963387060318,train
2014-06-25,-2.265968159,-2.6773099049326206,0.41134174593262074,train
2014-06-26,-3.250789722,-2.51225358419744,-0.7385361378025599,train
2014-06-27,-2.761922735,-2.7859413928143946,0.024018657814394384,train
2014-06-30,-3.216169198,-2.659130806861573,-0.5570383911384269,train
2014-07-01,-3.208930584,-2.803781781794871,-0.40514880220512905,train
2014-07-02,-2.390113937,-2.846617746689504,0.456503809689504,train
2014-07-03,-4.024685587,-2.659570843474034,-1.3651147435259654,train
2014-07-04,-3.418622197,-3.1393468490874508,-0.27927534791254915,train
2014-07-07,-3.611623117,-3.0841519936508925,-0.5274711233491076,train
2014-07-08,-2.948342118,-3.186035562505576,0.23769344450557606,train
2014-07-09,-2.951712124,-3.0029595482947444,0.05124742429474427,train
2014-07-10,-3.321240616,-3.0600558282078767,-0.2611847877921232,train
2014-07-11,-3.205853796,-3.0898139522860673,-0.11603984371393272,train
2014-07-14,-2.411703802,-3.0514667364388695,0.6397629344388696,train
2014-07-15,-3.09601134,-2.7452686382202263,-0.35074270177977374,train
2014-07-16,-3.209953421,-2.931228903117315,-0.2787245178826847,train
2014-07-17,-2.522242025,-2.987674440534254,0.46543241553425396,train
2014-07-18,-3.352201706,-2.749444094499324,-0.6027576115006759,train
2014-07-21,-2.54435592,-2.9712804481486623,0.4269245281486622,train
2014-07-22,-3.210562708,-2.7855205336525453,-0.4250421743474546,train
2014-07-23,-2.806792803,-2.960161159539526,0.15336835653952585,train
2014-07-24,-3.007888851,-2.8247431733848054,-0.18314567761519474,train
2014-07-25,-3.96102009,-2.920771334696195,-1.040248755303805,train
2014-07-28,-3.593356879,-3.225224838792769,-0.368132040207231,train
2014-07-29,-2.160401829,-3.2380741273412568,1.0776722983412568,train
2014-07-30,-2.887662361,-2.7890473575961794,-0.09861500340382046,train
2014-07-31,-2.207435041,-2.967971344308998,0.760536303308998,train
2014-08-01,-3.747697027,-2.7189213888669705,-1.0287756381330295,train
2014-08-04,-3.156586031,-3.0844889319222326,-0.07209709907776718,train
2014-08-05,-2.532919649,-2.8921651797726593,0.3592455307726592,train
2014-08-06,-2.396606121,-2.7670941944392946,0.3704880734392946,train
2014-08-07,-2.432637925,-2.6753648043957226,0.24272687939572268,train
2014-08-08,-3.461746171,-2.699356440637963,-0.7623897303620373,train
2014-08-11,-3.094834082,-2.9259344692384603,-0.16889961276153986,train
2014-08-12,-2.145548513,-2.8294383395933944,0.6838898265933944,train
2014-08-13,-2.461398688,-2.553432907448141,0.09203421944814094,train
2014-08-14,-2.294785618,-2.6359982053724655,0.3412125873724654,train
2014-08-15,-3.271770482,-2.5743465486839985,-0.6974239333160015,train
2014-08-18,-2.386423909,-2.792421076033822,0.40599716703382205,train
2014-08-19,-2.528504534,-2.5120227744976473,-0.016481759502352755,train
2014-08-20,-2.728242158,-2.572844644502206,-0.15539751349779385,train
2014-08-21,-2.280744587,-2.6477303458266332,0.3669857588266332,train
2014-08-22,-2.796219285,-2.5286091993703907,-0.2676100856296091,train
2014-08-25,-2.477811919,-2.608287111105059,0.1304751921050591,train
2014-08-26,-2.374178484,-2.534393643709878,0.16021515970987776,train
2014-08-27,-2.221671349,-2.4777929703196193,0.25612162131961913,train
2014-08-28,-2.465746743,-2.379015063867233,-0.0867316791327668,train
2014-08-29,-3.497791579,-2.4582811303376566,-1.0395104486623432,train
2014-09-01,-3.051140503,-2.778514460029954,-0.272626042970046,train
2014-09-02,-2.184366006,-2.7335795919244594,0.5492135859244596,train
2014-09-03,-0.184240569,-2.4903160332627805,2.3060754642627805,train
2014-09-04,-1.935791781,-1.7871269218953239,-0.1486648591046762,train
2014-09-05,-2.206832207,-2.1527566955318775,-0.05407551146812262,train
2014-09-08,-1.638352833,-2.0958195634516574,0.45746673045165753,train
2014-09-09,-1.582669774,-1.8189598834202,0.23629010942020012,train
2014-09-10,-1.944727383,-1.729095362329876,-0.2156320206701241,train
2014-09-11,-2.012935586,-1.9674192069616665,-0.04551637903833372,train
2014-09-12,-2.2403993,-1.9895597708967605,-0.2508395291032395,train
2014-09-15,-1.897564803,-2.045001040131855,0.14743623713185472,train
2014-09-16,-0.863962702,-1.9822900345287509,1.1183273325287508,train
2014-09-17,-1.520388524,-1.6404776555652316,0.12008913156523171,train
2014-09-18,-1.703997632,-1.7495012273721648,0.04550359537216475,train
2014-09-19,-2.117681279,-1.755948222801729,-0.36173305619827123,train
2014-09-22,-2.18883915,-1.8374087766153107,-0.3514303733846895,train
2014-09-23,-2.042188709,-1.8806209881707785,-0.16156772082922144,train
2014-09-24,-1.518042896,-1.9467055118216612,0.4286626158216611,train
2014-09-25,-2.261780252,-1.80990326615532,-0.45187698584467983,train
2014-09-26,-2.018858764,-2.0395104113607783,0.02065164736077829,train
2014-09-29,-1.398842295,-1.9696566942394558,0.5708143992394559,train
2014-09-30,-1.473649347,-1.7353531487086906,0.26170380170869056,train
2014-10-01,-0.967008055,-1.6783873749733955,0.7113793199733955,train
2014-10-02,-0.887908026,-1.4824937793392603,0.5945857533392603,train
2014-10-03,-1.549214885,-1.321524813330848,-0.22769007166915212,train
2014-10-06,-1.241182176,-1.4518463022256918,0.21066412622569186,train
2014-10-07,-0.629165301,-1.355488410745625,0.7263231097456251,train
2014-10-08,-0.924768516,-1.112469574659455,0.18770105865945508,train
2014-10-09,-1.555550353,-1.171880964633988,-0.38366938836601205,train
2014-10-10,-1.279534635,-1.3854591625325563,0.10592452753255621,train
2014-10-13,-1.499224306,-1.2867059269026389,-0.21251837909736104,train
2014-10-14,-0.168779732,-1.3579636345159156,1.1891839025159157,train
2014-10-15,-0.273847537,-0.9724241259214259,0.6985765889214259,train
2014-10-16,-1.095842088,-0.9194445936506456,-0.17639749434935437,train
2014-10-17,-1.636833985,-1.0769924381938902,-0.5598415468061098,train
2014-10-20,-1.216434608,-1.241665212488194,0.02523060448819403,train
2014-10-21,-1.313431494,-1.1088903104435173,-0.20454118355648276,train
2014-10-22,-1.383671949,-1.2299277206484391,-0.15374422835156087,train
2014-10-23,-2.008333333,-1.341277739768174,-0.6670555932318258,train
2014-10-24,-2.040808789,-1.5760850252322545,-0.4647237637677457,train
2014-10-27,-1.649268889,-1.6271783356105827,-0.022090553389417344,train
2014-10-28,-1.170294073,-1.566549707595441,0.3962556345954411,train
2014-10-29,-1.528691659,-1.428733027326101,-0.09995863167389896,train
2014-10-30,-0.747410346,-1.5298725174048264,0.7824621714048264,train
2014-10-31,-1.283696655,-1.2166791607629313,-0.06701749423706871,train
2014-11-03,-1.844097593,-1.2787445095593957,-0.5653530834406044,train
2014-11-04,-1.500089988,-1.4421352828171172,-0.057954705182882815,train
2014-11-05,-0.503763557,-1.389504861021032,0.8857413040210321,train
2014-11-06,-0.962620477,-1.0463994118722306,0.08377893487223065,train
2014-11-07,-1.65998434,-1.1804603330670487,-0.4795240069329514,train
2014-11-10,-1.664025674,-1.3912738788228374,-0.2727517951771625,train
2014-11-11,-1.193084979,-1.3766797782462898,0.18359479924628985,train
2014-11-12,-1.82872595,-1.2338674100718645,-0.5948585399281354,train
2014-11-13,-0.881298772,-1.5136472565876713,0.6323484845876713,train
2014-11-14,-1.384055814,-1.2858962803377432,-0.09815953366225694,train
2014-11-17,-1.813673745,-1.3933089788728155,-0.42036476612718454,train
2014-11-18,-1.541685112,-1.5184294175316915,-0.02325569446830844,train
2014-11-19,-1.020280891,-1.4843744511371115,0.46409356013711145,train
2014-11-20,-1.184215313,-1.2815807331173457,0.09736542011734572,train
2014-11-21,-1.627435872,-1.3477917158233557,-0.2796441561766443,train
2014-11-24,-1.701020578,-1.4797322582708334,-0.22128831972916663,train
2014-11-25,-1.399778992,-1.483606273642542,0.08382728164254183,train
2014-11-26,-1.981216031,-1.3909322738974916,-0.5902837571025084,train
2014-11-27,-1.691862105,-1.6238359913290266,-0.06802611367097344,train
2014-11-28,-1.417756492,-1.6071245291503282,0.18936803715032813,train
2014-12-01,-2.017187193,-1.5204582932689232,-0.4967288997310766,train
2014-12-02,-1.648455477,-1.707947370172108,0.05949189317210801,train
2014-12-03,-0.387531456,-1.646337568471504,1.258806112471504,train
2014-12-04,-0.773018676,-1.1788183187303065,0.40579964273030655,train
2014-12-05,-1.690472199,-1.1781700757500588,-0.5123021232499412,train
2014-12-08,-1.093222812,-1.4372303979097634,0.3440075859097633,train
2014-12-09,-1.476761099,-1.2090068746019402,-0.26775422439805974,train
2014-12-10,-0.763583482,-1.283320278463393,0.519736796463393,train
2014-12-11,-1.243615886,-1.1368800473162166,-0.10673583868378334,train
2014-12-12,-1.304347593,-1.2967050479915745,-0.007642545008425428,train
2014-12-15,-0.813077413,-1.2696809956595174,0.4566035826595174,train
2014-12-16,-0.472193577,-1.1246744326165599,0.6524808556165599,train
2014-12-17,-1.033274753,-0.9392651972792748,-0.09400955572072511,train
2014-12-18,-1.575370456,-1.0908390549558993,-0.48453140104410064,train
2014-12-19,-2.015655527,-1.2524984923321547,-0.7631570346678451,train
2014-12-22,-2.059682259,-1.4354573287536074,-0.6242249302463927,train
2014-12-23,-2.455770587,-1.5715567616109714,-0.8842138253890286,train
2014-12-24,-2.756670914,-1.8604023958009832,-0.8962685181990167,train
2014-12-26,-1.731123393,-2.1046233551250477,0.37349996212504766,train
2014-12-29,-1.741784206,-1.8759698333160113,0.13418562731601136,train
2014-12-30,-2.160739424,-1.8504482124356239,-0.3102912115643761,train
2014-12-31,-1.474127231,-1.9657675148387819,0.4916402838387819,train
2015-01-02,-0.833562225,-1.7098675834171055,0.8763053584171056,train
2015-01-05,-1.092216526,-1.363947506103243,0.2717309801032428,train
2015-01-06,-0.977396286,-1.3606846802784096,0.38328839427840966,train
2015-01-07,-1.349485874,-1.2683912744133037,-0.08109459958669629,train
2015-01-08,-1.177536591,-1.2887472185248123,0.11121062752481237,train
2015-01-09,-1.379769844,-1.2141910991080151,-0.16557874489198476,train
2015-01-12,-1.232335136,-1.3167828977674396,0.08444776176743951,train
2015-01-13,-0.717922787,-1.2916758705918734,0.5737530835918734,train
2015-01-14,0.826788624,-1.1432700523776793,1.9700586763776793,train
2015-01-15,-0.440912571,-0.5465818118146428,0.10566924081464285,train
2015-01-16,-1.06595347,-0.7736640765065634,-0.2922893934934365,train
2015-01-19,-1.241369675,-0.8976226563498024,-0.34374701865019763,train
2015-01-20,-0.061672982,-0.9490605113900479,0.8873875293900478,train
2015-01-21,0.463830366,-0.5935733815971036,1.0574037475971036,train
2015-01-22,0.631263491,-0.47864879880651,1.10991228980651,train
2015-01-23,-0.196382251,-0.30975717620292387,0.11337492520292386,train
2015-01-26,-0.121703254,-0.40768446656404095,0.28598121256404097,train
2015-01-27,-0.558651764,-0.2601057187433719,-0.29854604525662815,train
2015-01-28,-0.84411892,-0.3874893025269593,-0.4566296174730407,train
2015-01-29,-0.638525145,-0.5681610826185921,-0.07036406238140791,train
2015-01-30,-0.998655116,-0.6247705676969972,-0.3738845483030028,train
2015-02-02,-0.669439254,-0.7733693963455256,0.10393014234552556,train
2015-02-03,-0.730920081,-0.736327923458713,0.0054078424587129525,train
2015-02-04,-0.427970787,-0.7660249990997281,0.3380542120997281,train
2015-02-05,0.021305029,-0.647177578871065,0.668482607871065,train
2015-02-06,-1.190308546,-0.4668075256145353,-0.7235010203854647,train
2015-02-09,-0.815989599,-0.7744231550789542,-0.041566443921045804,train
2015-02-10,-1.131238579,-0.6940463817437397,-0.43719219725626024,train
2015-02-11,-0.745823146,-0.8044234777030345,0.05860033170303447,train
2015-02-12,-1.308049859,-0.7359476366112736,-0.5721022223887264,train
2015-02-13,-1.352688597,-1.0013150523927585,-0.35137354460724146,train
2015-02-16,-1.09362704,-1.0509351873934558,-0.04269185260654429,train
2015-02-17,-0.755629855,-1.0215481221914628,0.26591826719146283,train
2015-02-18,-1.190855079,-0.9018996057741473,-0.2889554732258528,train
2015-02-19,-0.446453532,-1.0474633010986267,0.6010097690986267,train
2015-02-20,-1.257296574,-0.7924077573130404,-0.4648888166869596,train
2015-02-23,-1.237686299,-0.9974061026506534,-0.2402801963493465,train
2015-02-24,-1.653814473,-1.026475720392871,-0.627338752607129,train
2015-02-25,-1.267836592,-1.2260454684334552,-0.04179112356654491,train
2015-02-26,-1.034066711,-1.1528393331599773,0.11877262215997741,train
2015-02-27,-1.87143172,-1.1564366733687992,-0.7149950466312007,train
2015-03-02,-1.681647584,-1.4262461115798934,-0.2554014724201066,train
2015-03-03,-1.188489606,-1.4332577000455755,0.24476809404557542,train
2015-03-04,-0.819491184,-1.2733870887635381,0.45389590476353814,train
2015-03-05,0.044668967,-1.1445357716114635,1.1892047386114635,train
2015-03-06,-1.347192306,-0.8278092674782094,-0.5193830385217906,train
2015-03-09,-0.354754772,-1.1239676593632066,0.7692128873632067,train
2015-03-10,-0.158999475,-0.7658566674204093,0.6068571924204093,train
2015-03-11,0.293456394,-0.611745386875926,0.905201780875926,train
2015-03-12,-0.250967286,-0.3872543003254404,0.13628701432544038,train
2015-03-13,-0.581138465,-0.5361440635060541,-0.044994401493945846,train
2015-03-16,-0.918048808,-0.5425333437054918,-0.3755154642945082,train
2015-03-17,1.762897615,-0.6717386462372179,2.434636261237218,train
2015-03-18,0.504929138,0.1860779731645298,0.31885116483547027,train
2015-03-19,-0.090769037,-0.07949141378863794,-0.011277623211362053,train
2015-03-20,0.144275032,-0.2006676162852771,0.3449426482852771,train
2015-03-23,0.118923928,-0.06207319520335821,0.1809971232033582,train
2015-03-24,-0.691243747,0.034451180660754865,-0.7256949276607549,train
2015-03-25,-0.502014671,-0.3825851737606184,-0.11942949723938157,train
2015-03-26,-0.309916571,-0.4226929539234088,0.1127763829234088,train
2015-03-27,-0.631687083,-0.38219665666320757,-0.24949042633679241,train
2015-03-30,-0.731818856,-0.5248558228734843,-0.20696303312651565,train
2015-03-31,-0.577511895,-0.6247851138827769,0.04727321888277691,train
2015-04-01,-0.538936474,-0.5629633334975443,0.02402685949754435,train
2015-04-02,0.316841521,-0.5446505015625828,0.8614920225625828,train
2015-04-03,-0.871565342,-0.2640219735479929,-0.6075433684520071,train
2015-04-06,-0.639142439,-0.5728441108352169,-0.0662983281647831,train
2015-04-07,-0.456287925,-0.5157601487117287,0.05947222371172872,train
2015-04-08,-0.862986827,-0.45076909390477093,-0.412217733095229,train
2015-04-09,-0.713779329,-0.5843109725584316,-0.1294683564415684,train
2015-04-10,-0.696305115,-0.6503279592956634,-0.04597715570433658,train
2015-04-13,-0.116126684,-0.6406183775771912,0.5244916935771912,train
2015-04-14,-0.213911336,-0.4509018016226932,0.2369904656226932,train
2015-04-15,0.106305984,-0.4478784118430267,0.5541843958430267,train
2015-04-16,-0.258560476,-0.26949572512184744,0.010935249121847457,train
2015-04-17,-0.790451853,-0.3369942584253815,-0.4534575945746185,train
2015-04-20,-0.690223579,-0.48786037947612665,-0.20236319952387333,train
2015-04-21,-0.683477184,-0.5236848884176031,-0.15979229558239694,train
2015-04-22,-0.331821493,-0.5747692170807073,0.24294772408070725,train
2015-04-23,-0.309074809,-0.5358283036827595,0.22675349468275946,train
2015-04-24,-0.800178725,-0.5308849541134366,-0.26929377088656337,train
2015-04-27,-0.74111545,-0.6532062906774572,-0.08790915932254284,train
2015-04-28,0.102690413,-0.6484328361812507,0.7511232491812507,train
2015-04-29,0.41554856,-0.3642672383190233,0.7798157983190233,train
2015-04-30,-0.31034205,-0.20695598584700386,-0.10338606415299612,train
2015-05-01,-0.989776561,-0.3788150717865427,-0.6109614892134573,train
2015-05-04,-0.135778971,-0.564847057000229,0.42906808600022894,train
2015-05-05,-0.269323998,-0.30799840543676815,0.03867440743676814,train
2015-05-06,-0.361487196,-0.36816459356181097,0.0066773975618109604,train
2015-05-07,0.412143559,-0.4595888164325186,0.8717323754325186,train
2015-05-08,-0.680427183,-0.19676913412509048,-0.4836580488749096,train
2015-05-11,-0.757090278,-0.4288849628749496,-0.32820531512505036,train
2015-05-12,-0.299325607,-0.5055960015566876,0.2062703945566876,train
2015-05-13,-0.562848478,-0.39391386335772216,-0.16893461464227788,train
2015-05-14,-0.491396277,-0.48092310099844116,-0.010473176001558837,train
2015-05-15,-0.763914399,-0.5508030025811206,-0.21311139641887944,train
2015-05-18,0.105019672,-0.6336321045936353,0.7386517765936352,train
2015-05-19,-0.18768775,-0.34040143479636087,0.15271368479636088,train
2015-05-20,-0.5061763,-0.39386973796345376,-0.11230656203654626,train
2015-05-21,-0.148127613,-0.4632216725964412,0.3150940595964412,train
2015-05-22,-1.442507582,-0.33930201028337736,-1.1032055717166225,train
2015-05-25,-0.613921778,-0.7259785188693844,0.11205674086938433,train
2015-05-26,-0.337819447,-0.5968129945437387,0.2589935475437387,train
2015-05-27,-0.452874898,-0.5393013958795283,0.08642649787952827,train
2015-05-28,-0.711359788,-0.5588824404809296,-0.15247734751907038,train
2015-05-29,-0.513216999,-0.6823468904594165,0.1691298914594166,train
2015-06-01,-0.105650372,-0.5583635297719267,0.4527131577719267,train
2015-06-02,0.192776997,-0.41078837259268264,0.6035653695926826,train
2015-06-03,-0.185718211,-0.27672916686815,0.09101095586815003,train
2015-06-04,0.406929224,-0.34349303178147617,0.7504222557814761,train
2015-06-05,-0.226266411,-0.08949938135013422,-0.13676702964986578,train
2015-06-08,-0.337997203,-0.21368537500123835,-0.12431182799876167,train
2015-06-09,-0.087450116,-0.2703642260288396,0.1829141100288396,train
2015-06-10,-0.568627164,-0.22967769584749642,-0.3389494681525036,train
2015-06-11,-0.28372288,-0.3790144371451853,0.09529155714518528,train
2015-06-12,-0.636953726,-0.37453638108261,-0.26241734491739,train
2015-06-15,-0.940767383,-0.4985363096910326,-0.4422310733089674,train
2015-06-16,-0.852006698,-0.6326067710188923,-0.21939992698110766,train
2015-06-17,-0.272082615,-0.6833281928075567,0.4112455778075567,train
2015-06-18,-0.962475271,-0.5203232579987023,-0.4421520130012977,train
2015-06-19,-0.711471291,-0.758025622979142,0.04655433197914205,train
2015-06-22,-0.751030413,-0.7068027922399471,-0.04422762076005282,train
2015-06-23,-0.897874034,-0.7052491816605257,-0.19262485233947424,train
2015-06-24,-1.020075822,-0.7389062162833417,-0.28116960571665817,train
2015-06-25,-0.949754198,-0.8423160707900155,-0.10743812720998458,train
2015-06-26,0.60223191,-0.8308882610078963,1.4331201710078962,train
2015-06-29,-0.337229717,-0.3237594680240752,-0.013470248975924803,train
2015-06-30,-0.603287122,-0.5072302946263703,-0.09605682737362975,train
2015-07-01,-0.37038547,-0.5448269200219176,0.17444145002191758,train
2015-07-02,-1.358710878,-0.431244169816165,-0.9274667081838349,train
2015-07-03,-0.342630858,-0.7240089791697528,0.38137812116975284,train
2015-07-06,-0.516282164,-0.5691315063272226,0.052849342327222604,train
2015-07-07,-0.503918502,-0.6376396717957695,0.13372116979576953,train
2015-07-08,-0.696257709,-0.6284507093870972,-0.06780699961290271,train
2015-07-09,-0.271544734,-0.7089492021852811,0.4374044681852811,train
2015-07-10,-0.064353696,-0.5076424058360707,0.44328870983607066,train
2015-07-13,-0.95015377,-0.4264047730983505,-0.5237489969016496,train
2015-07-14,-0.895003105,-0.6871636851442253,-0.2078394198557747,train
2015-07-15,-0.661370116,-0.713086620590486,0.051716504590486045,train
2015-07-16,-1.422122667,-0.65057940998791,-0.77154325701209,train
2015-07-17,-1.499219395,-0.9468662413409138,-0.5523531536590861,train
2015-07-20,-1.022416924,-1.1122704367503897,0.08985351275038966,train
2015-07-21,-1.047705993,-1.0049231571674861,-0.042782835832513744,train
2015-07-22,-0.716638663,-1.0288798722486963,0.31224120924869625,train
2015-07-23,-0.896937243,-0.9539879007531065,0.05705065775310647,train
2015-07-24,-0.796497918,-0.948507747426917,0.152009829426917,train
2015-07-27,-1.500746118,-0.8565368795211433,-0.6442092384788566,train
2015-07-28,-0.887235833,-1.0764888285510503,0.18925299555105035,train
2015-07-29,-1.156739663,-0.9301946167325905,-0.22654504626740946,train
2015-07-30,0.045542013,-1.0449165417504267,1.0904585547504266,train
2015-07-31,-1.425431699,-0.6608920160693478,-0.7645396829306522,train
2015-08-03,-1.319122573,-1.0848323926707015,-0.2342901803292985,train
2015-08-04,-1.0135688,-1.0419274679364436,0.028358667936443593,train
2015-08-05,-1.498080649,-0.9874788145789675,-0.5106018344210326,train
2015-08-06,-0.21427382,-1.146517551235966,0.9322437312359659,train
2015-08-07,-1.120662183,-0.8586299595689135,-0.26203222343108656,train
2015-08-10,-0.660625694,-1.0529959179307087,0.39237022393070864,train
2015-08-11,-0.731629611,-0.8852998176082503,0.15367020660825026,train
2015-08-12,-0.810225503,-0.8834379286469197,0.07321242564691977,train
2015-08-13,-1.235634632,-0.836839865450846,-0.398794766549154,train
2015-08-14,-1.224144958,-1.037917258618907,-0.18622769938109296,train
2015-08-17,-1.604080757,-1.0509176386540302,-0.5531631183459698,train
2015-08-18,-0.845123022,-1.232076219568421,0.38695319756842095,train
2015-08-19,-0.925855703,-1.0528857112756267,0.12703000827562672,train
2015-08-20,-0.89004552,-1.0820129601620803,0.19196744016208023,train
2015-08-21,0.879319466,-1.0395310327528158,1.9188504987528159,train
2015-08-24,0.256048691,-0.40073739621116583,0.6567860872111658,train
2015-08-25,0.088474917,-0.3650998082030061,0.45357472520300607,train
2015-08-26,-0.430665089,-0.3089247159675021,-0.1217403730324979,train
2015-08-27,-0.571540546,-0.3760997651010891,-0.19544078089891093,train
2015-08-28,-0.840080257,-0.37692529308823963,-0.46315496391176036,train
2015-08-31,-0.370695918,-0.5980180034358081,0.22732208543580812,train
2015-09-01,-0.851586011,-0.547918769219122,-0.303667241780878,train
2015-09-02,-0.456058511,-0.744807218239337,0.28874870723933704,train
2015-09-03,-0.459501031,-0.6425868278750042,0.1830857968750042,train
2015-09-04,-1.502096049,-0.6269492895223311,-0.8751467594776688,train
2015-09-07,-1.186091891,-0.9394296668393731,-0.2466622241606269,train
2015-09-08,-1.278258555,-0.9498436341275083,-0.3284149208724918,train
2015-09-09,-0.801550776,-1.0134268992200537,0.21187612322005367,train
2015-09-10,-0.996174905,-0.9324008909561156,-0.0637740140438845,train
2015-09-11,-1.435065024,-1.032035050316221,-0.403029973683779,train
2015-09-14,-1.500035431,-1.138217105400182,-0.36181832559981797,train
2015-09-15,-1.145122174,-1.1859360624941728,0.04081388849417289,train
2015-09-16,-0.287073726,-1.0872947462085913,0.8002210202085913,train
2015-09-17,-0.780338004,-0.8186184059470847,0.03828040194708471,train
2015-09-18,-1.18952719,-0.9165188535695821,-0.2730083364304179,train
2015-09-21,-1.234081316,-0.9950104540892302,-0.23907086191076976,train
2015-09-22,-0.557069748,-0.9847452371170333,0.42767548911703335,train
2015-09-23,-0.888773798,-0.782820449780512,-0.10595334821948799,train
2015-09-24,-0.679737892,-0.9310885919450631,0.2513506999450631,train
2015-09-25,-1.083940128,-0.8798154257280183,-0.20412470227198176,train
2015-09-28,-0.881556233,-0.9743750848379698,0.09281885183796978,train
2015-09-29,-1.218244705,-0.8962706683233619,-0.32197403667663815,train
2015-09-30,-1.535153185,-1.04290698108115,-0.49224620391885,train
2015-10-01,0.369252549,-1.1919853226120802,1.5612378716120803,train
2015-10-02,-1.087684698,-0.622876195205717,-0.4648085027942829,train
2015-10-05,-1.410197894,-0.9806668068199813,-0.42953108718001864,train
2015-10-06,-1.293490293,-1.1178101676650183,-0.17568012533498178,train
2015-10-07,-1.033541915,-1.094452792110466,0.060910877110466055,train
2015-10-08,-1.136168878,-0.9835842060327895,-0.1525846719672106,train
2015-10-09,-1.99126037,-1.1467574861617793,-0.8445028838382207,train
2015-10-12,-1.48937757,-1.449526626718621,-0.03985094328137895,train
2015-10-13,-1.276846735,-1.3415145144443121,0.06466777944431223,train
2015-10-14,-0.731674704,-1.2871035992737534,0.5554288952737534,train
2015-10-15,-1.090038448,-1.1194695831376191,0.02943113513761908,train
2015-10-16,-1.628304086,-1.2008032468939673,-0.42750083910603265,train
2015-10-19,-1.874154749,-1.3111847095169824,-0.5629700394830175,train
2015-10-20,-1.76715929,-1.418061755682743,-0.3490975343172569,train
2015-10-21,-0.356757352,-1.4442265636550347,1.0874692116550346,train
2015-10-22,-0.480559283,-1.06042697215784,0.57986768915784,train
2015-10-23,-1.546172342,-1.0326880232036584,-0.5134843187963416,train
2015-10-26,-1.414190289,-1.2886157230648436,-0.12557456593515637,train
2015-10-27,0.021463348,-1.2220869821385862,1.2435503301385862,train
2015-10-28,-0.946489032,-0.6982243760296313,-0.24826465597036873,train
2015-10-29,-0.921160658,-0.9866859306610793,0.06552527266107933,train
2015-10-30,-1.422125459,-1.0183344514118098,-0.4037910075881903,train
2015-11-02,-1.405568381,-1.1260995094850605,-0.2794688715149394,train
2015-11-03,-1.121769265,-1.1406749184638127,0.018905653463812788,train
2015-11-04,-1.276970178,-1.1791026562963578,-0.09786752170364221,train
2015-11-05,0.189683859,-1.2457325055228385,1.4354163645228386,train
2015-11-06,-1.226147461,-0.7733350444242766,-0.45281241657572346,train
2015-11-09,-1.194238938,-1.097868345658724,-0.0963705923412761,train
2015-11-10,-1.329484131,-1.0711670368042836,-0.25831709419571647,train
2015-11-11,-0.338346232,-1.1158101327015284,0.7774639007015284,train
2015-11-12,-0.838700015,-0.7774688559035836,-0.06123115909641641,train
2015-11-13,-1.13059262,-0.9887363235981719,-0.14185629640182817,train
2015-11-16,-1.37995035,-1.0544317286403553,-0.3255186213596448,train
2015-11-17,-1.486762386,-1.134866389379154,-0.35189599662084614,train
2015-11-18,-0.985220376,-1.17365187175029,0.18843149575028995,train
2015-11-19,-1.335856574,-1.1034497428790238,-0.23240683112097615,train
2015-11-20,-1.346182342,-1.229355121346266,-0.11682722065373419,train
2015-11-23,-1.408882688,-1.262686627581675,-0.146196060418325,train
2015-11-24,-1.102558607,-1.290590995995979,0.18803238899597896,train
2015-11-25,-2.434105417,-1.1763097836847487,-1.2577956333152513,train
2015-11-26,-1.860103849,-1.6425892887595626,-0.21751456024043736,train
2015-11-27,-1.834558873,-1.5737691805557414,-0.26078969244425854,train
2015-11-30,-1.636843393,-1.6227381176308722,-0.014105275369127757,train
2015-12-01,-1.197477281,-1.6041775711554591,0.40670029015545905,train
2015-12-02,1.276498403,-1.5048406333280286,2.7813390363280286,train
2015-12-03,-0.089331193,-0.535171379544707,0.4458401865447069,train
2015-12-04,-1.431833336,-0.6878267926899642,-0.7440065433100358,train
2015-12-07,-1.444384967,-0.9750736059570813,-0.4693113610429187,train
2015-12-08,-1.123526184,-0.9780174003801658,-0.1455087836198341,train
2015-12-09,-1.225364852,-0.8928177208511205,-0.33254713114887946,train
2015-12-10,-0.786895256,-1.1503773101826045,0.3634820541826045,train
2015-12-11,-1.232899666,-1.1038442220186104,-0.12905544398138957,train
2015-12-14,-1.228966948,-1.2024110571234816,-0.02655589087651844,train
2015-12-15,-0.133826324,-1.1856845372938976,1.0518582132938976,train
2015-12-16,-0.842730424,-0.8192511828632058,-0.023479241136794227,train
2015-12-17,-0.96786786,-0.9483677140563476,-0.019500145943652458,train
2015-12-18,-1.477391202,-0.9896499677649148,-0.4877412342350852,train
2015-12-21,-1.711283967,-1.1403567567488149,-0.5709272102511851,train
2015-12-22,-1.47203284,-1.245592757142114,-0.22644008285788608,train
2015-12-23,-1.707259807,-1.3138761535995043,-0.39338365340049575,train
2015-12-24,-1.8874232,-1.4541450397990927,-0.43327816020090726,train
2015-12-28,-1.497335603,-1.5915905093646314,0.09425490636463141,train
2015-12-29,-1.777926416,-1.4893681125397318,-0.2885583034602681,train
2015-12-30,-1.308814021,-1.5621831971828564,0.25336917618285626,train
2015-12-31,-0.726931675,-1.4283931626237154,0.7014614876237154,train
2016-01-04,-1.290558356,-1.1872735121147162,-0.1032848438852838,train
2016-01-05,-0.895981419,-1.2683836883083068,0.3724022693083069,train
2016-01-06,-0.56014894,-1.141207750891481,0.581058810891481,train
2016-01-07,-0.199731082,-0.9522650729522194,0.7525339909522194,train
2016-01-08,-0.596360179,-0.7489405928923252,0.15258041389232513,train
2016-01-11,-1.137583743,-0.8229767136323909,-0.3146070293676091,train
2016-01-12,-1.027592381,-0.9391239539693437,-0.08846842703065638,train
2016-01-13,-0.691323201,-0.9227437024634271,0.23142050146342708,train
2016-01-14,-0.50852598,-0.8529932661068371,0.3444672861068371,train
2016-01-15,-1.668560897,-0.8298318744355142,-0.8387290225644859,train
2016-01-18,-1.184474878,-1.2134752996528246,0.02900042165282457,train
2016-01-19,-0.931065982,-1.1128229239047798,0.18175694190477976,train
2016-01-20,0.031082725,-1.0438355005589317,1.0749182255589318,train
2016-01-21,-1.081679803,-0.734240332611937,-0.3474394703880631,train
2016-01-22,-1.834827727,-1.0509773856692037,-0.7838503413307962,train
2016-01-25,-1.557743282,-1.24900487049515,-0.30873841150484993,train
2016-01-26,-1.097003093,-1.217991343476478,0.12098825047647788,train
2016-01-27,-1.3606377,-1.115911033548795,-0.2447266664512051,train
2016-01-28,-0.685605519,-1.3030514390760897,0.6174459200760897,train
2016-01-29,-1.616321862,-1.0949359172389586,-0.5213859447610414,train
2016-02-01,-1.670995469,-1.2967867633362233,-0.3742087056637766,train
2016-02-02,-0.373504186,-1.3244271059816652,0.9509229199816652,train
2016-02-03,-0.400330414,-0.9410857616528239,0.5407553476528238,train
2016-02-04,-0.5954299,-0.8485038020773625,0.2530739020773626,train
2016-02-05,-0.709448549,-0.8837799100562451,0.17433136105624514,train
2016-02-08,-0.407303814,-0.8284875114004514,0.4211836974004514,train
2016-02-09,-0.61355316,-0.6405078981478287,0.026954738147828672,train
2016-02-10,-0.247173562,-0.7126495994883881,0.4654760374883881,train
2016-02-11,-0.786015104,-0.6005358611100617,-0.18547924288993822,train
2016-02-12,-1.389632657,-0.7452783280847332,-0.6443543289152668,train
2016-02-15,-1.428903482,-0.9614007244359224,-0.46750275756407755,train
2016-02-16,-1.22939712,-1.075916373041596,-0.15348074695840408,train
2016-02-17,-1.170724986,-1.080406811563134,-0.09031817443686596,train
2016-02-18,-1.182100541,-1.1520461118660537,-0.030054429133946403,train
2016-02-19,-1.413789611,-1.1943644866194876,-0.21942512438051232,train
2016-02-22,-1.299295597,-1.2681197777933513,-0.03117581920664869,train
2016-02-23,-1.077558292,-1.2308896461373227,0.15333135413732268,train
2016-02-24,-1.29810161,-1.1551531310270482,-0.14294847897295182,train
2016-02-25,-1.04408968,-1.2172336669739585,0.1731439869739586,train
2016-02-26,-1.415148451,-1.1427015149542494,-0.27244693604575065,train
2016-02-29,-1.067529338,-1.232702586847119,0.16517324884711915,train
2016-03-01,-1.595305971,-1.1316703904887988,-0.46363558051120113,train
2016-03-02,-1.25012105,-1.3065883986628748,0.05646734866287484,train
2016-03-03,-0.174008512,-1.2144795843905136,1.0404710723905137,train
2016-03-04,-1.647940054,-0.8724484430043515,-0.7754916109956485,train
2016-03-07,-1.350152074,-1.2623530303038053,-0.08779904369619462,train
2016-03-08,-1.44283202,-1.2252245457510513,-0.21760747424894866,train
2016-03-09,1.210894515,-1.241341772742492,2.452236287742492,train
2016-03-10,-0.69582309,-0.3562618262659564,-0.33956126373404355,train
2016-03-11,-1.383726134,-0.8644702710264136,-0.5192558629735864,train
2016-03-14,-1.562840963,-1.0178077852925205,-0.5450331777074795,train
2016-03-15,-0.421787189,-1.0891624051786848,0.6673752161786848,train
2016-03-16,-0.825131247,-0.709081804638745,-0.11604944236125492,train
2016-03-17,-1.527111777,-0.9889293012174096,-0.5381824757825904,train
2016-03-18,-1.669180216,-1.238404042497298,-0.43077617350270203,train
2016-03-21,-1.08563643,-1.304576708980081,0.21894027898008095,train
2016-03-22,-1.769538586,-1.1187302801445136,-0.6508083058554863,train
2016-03-23,-1.531233097,-1.4125282959011325,-0.11870480109886761,train
2016-03-24,-2.96090571,-1.4233997859011018,-1.5375059240988982,train
2016-03-25,-2.306391023,-1.9213045083236793,-0.38508651467632093,train
2016-03-28,-0.665439812,-1.834093384191858,1.168653572191858,train
2016-03-29,-1.323564248,-1.3960497743339713,0.0724855263339712,train
2016-03-30,-1.426659036,-1.511917909378277,0.08525887337827709,train
2016-03-31,-0.840313873,-1.530913900230801,0.6906000272308009,train
2016-04-01,-1.808618652,-1.184346105856678,-0.6242725461433221,train
2016-04-04,-1.378048063,-1.3771198792416701,-0.0009281837583299257,train
2016-04-05,-1.129736869,-1.3529403624896756,0.2232034934896756,train
2016-04-06,-0.839798911,-1.2695121964724847,0.42971328547248466,train
2016-04-07,-1.506048021,-1.1395950214962427,-0.3664529995037573,train
2016-04-08,-1.599422083,-1.3625149173494888,-0.2369071656505113,train
2016-04-11,-1.195912435,-1.3961798247682695,0.2002673897682694,train
2016-04-12,-1.339306894,-1.287605426143645,-0.05170146785635499,train
2016-04-13,-1.471635491,-1.3411164969888238,-0.13051899401117617,train
2016-04-14,-1.588990299,-1.4307327686518958,-0.1582575303481042,train
2016-04-15,-1.651824251,-1.4794172401464198,-0.17240701085358023,train
2016-04-18,-1.831159499,-1.508428191108839,-0.3227313078911609,train
2016-04-19,-1.625972676,-1.6139836540311976,-0.01198902196880236,train
2016-04-20,-0.563452062,-1.5908074422209129,1.027355380220913,train
2016-04-21,-1.570485078,-1.244982317719159,-0.3255027602808409,train
2016-04-22,-1.767598132,-1.4833906436165973,-0.2842074883834027,train
2016-04-25,-1.588382097,-1.5441652342577918,-0.04421686274220815,train
2016-04-26,-1.379802292,-1.4634891579533382,0.0836868659533383,train
2016-04-27,-1.15460482,-1.3802969088524368,0.22569208885243675,train
2016-04-28,-1.142593068,-1.386436085734994,0.24384301773499395,train
2016-04-29,-1.349708592,-1.3417703801241816,-0.007938211875818446,train
2016-05-02,-1.226616886,-1.3518937847159276,0.12527689871592762,train
2016-05-03,-0.876619139,-1.292840482759675,0.4162213437596749,train
2016-05-04,-1.592769357,-1.1516561447266564,-0.44111321227334366,train
2016-05-05,-1.248510976,-1.367067502962569,0.11855652696256902,train
2016-05-06,-1.606244978,-1.2953837748842143,-0.3108612031157858,train
2016-05-09,-1.59694351,-1.4136810989067108,-0.18326241109328922,train
2016-05-10,-2.169249878,-1.4468814555212939,-0.7223684224787061,train
2016-05-11,-2.069821733,-1.7110367007721154,-0.3587850322278845,train
2016-05-12,-1.38273539,-1.7410208747631186,0.3582854847631187,train
2016-05-13,-2.060250165,-1.5886607668774602,-0.47158939812253964,train
2016-05-16,-2.185038519,-1.8003282808919145,-0.38471023810808536,train
2016-05-17,-1.170588633,-1.8915586937883795,0.7209700607883796,train
2016-05-18,-1.631192915,-1.5493305053463864,-0.08186240965361358,train
2016-05-19,-2.224617586,-1.6171744794286185,-0.6074431065713815,train
2016-05-20,-2.059196206,-1.8447978888570535,-0.21439831714294666,train
2016-05-23,-1.827771053,-1.8212147838345312,-0.006556269165468809,train
2016-05-24,-2.219307907,-1.7351064410658217,-0.48420146593417845,train
2016-05-25,-1.918432023,-1.9317904080030233,0.013358385003023221,train
2016-05-26,-1.92724707,-1.8897156823262553,-0.03753138767374464,train
2016-05-27,-2.79350366,-1.870148003966699,-0.9233556560333009,train
2016-05-30,-1.650280486,-2.1647587984964747,0.5144783124964747,train
2016-05-31,-1.409905021,-1.8787177267321127,0.46881270573211276,train
2016-06-01,-1.075292132,-1.7462493974348714,0.6709572654348714,train
2016-06-02,0.116357019,-1.5856611375969076,1.7020181565969077,train
2016-06-03,-1.616104392,-1.0980169154871533,-0.5180874765128467,train
2016-06-06,-1.977596408,-1.405598451948892,-0.5719979560511079,train
2016-06-07,-2.142815003,-1.530976154312386,-0.6118388486876138,train
2016-06-08,-1.423872132,-1.6447559143637385,0.2208837823637384,train
2016-06-09,-1.624294722,-1.5023078828028056,-0.12198683919719433,train
2016-06-10,-1.704087262,-1.7064973831932975,0.002410121193297421,train
2016-06-13,-1.648873286,-1.729890385140914,0.08101709914091404,train
2016-06-14,-1.225438508,-1.6889316971951482,0.46349318919514815,train
2016-06-15,-0.438510063,-1.492610783937287,1.054100720937287,train
2016-06-16,-0.99883969,-1.1925604919747053,0.19372080197470531,train
2016-06-17,-1.366300845,-1.2673290043668972,-0.09897184063310283,train
2016-06-20,-1.196502524,-1.321433752675906,0.12493122867590589,train
2016-06-21,-1.301675294,-1.2272849231454852,-0.07439037085451483,train
2016-06-22,-0.374334407,-1.2514181214552185,0.8770837144552185,train
2016-06-23,1.933044599,-1.0064669764912533,2.9395115754912533,train
2016-06-24,-0.172265737,-0.1332777472216274,-0.03898798977837259,train
2016-06-27,-0.816624711,-0.5097194720230832,-0.3069052389769168,train
2016-06-28,-0.736718673,-0.6173071514378237,-0.11941152156217638,train
2016-06-29,-0.08773229,-0.5230932007388464,0.43536091073884636,train
2016-06-30,-0.964591765,-0.3232368139391076,-0.6413549510608925,train
2016-07-01,-1.877215272,-0.7988896726371328,-1.078325599362867,train
2016-07-04,-1.046241299,-1.1858129334271266,0.1395716344271265,train
2016-07-05,-0.947205074,-1.0199141219437196,0.07270904794371957,train
2016-07-06,-1.242779749,-1.008367128869979,-0.23441262013002118,train
2016-07-07,-0.29401585,-1.1789085280163545,0.8848926780163544,train
2016-07-08,-1.899281981,-0.8680841226012979,-1.031197858398702,train
2016-07-11,-1.386734224,-1.2615641220323592,-0.12517010196764078,train
2016-07-12,-1.772147426,-1.167320846422391,-0.6048265795776091,train
2016-07-13,-1.075910418,-1.337531107271615,0.26162068927161486,train
2016-07-14,-1.31922048,-1.1482382246296425,-0.1709822553703575,train
2016-07-15,-1.97805413,-1.303165676470357,-0.6748884535296431,train
2016-07-18,-1.892313067,-1.4858086570127447,-0.40650440998725523,train
2016-07-19,-1.48829088,-1.5219529420949356,0.033662062094935497,train
2016-07-20,-1.267023584,-1.399668797348955,0.13264521334895507,train
2016-07-21,-1.559369009,-1.3649760706964684,-0.19439293830353166,train
2016-07-22,-2.310063637,-1.4604660877377345,-0.8495975492622654,train
2016-07-25,-2.214050057,-1.6930890152597913,-0.5209610417402089,train
2016-07-26,-1.286253537,-1.7451542758529945,0.45890073885299465,train
2016-07-27,-1.725349486,-1.5152775024723906,-0.21007198352760947,train
2016-07-28,-1.468366287,-1.6734732541866761,0.2051069671866761,train
2016-07-29,-2.336767563,-1.6111573857651877,-0.7256101772348122,train
2016-08-01,-2.251632434,-1.8471206464318852,-0.40451178756811457,train
2016-08-02,-2.241196327,-1.844172270020863,-0.397024056979137,train
2016-08-03,-2.210291999,-1.9344581218033856,-0.27583387719661423,train
2016-08-04,-1.023401153,-1.9848287493970647,0.9614275963970647,train
2016-08-05,-2.539260367,-1.6586940111818982,-0.8805663558181016,train
2016-08-08,-2.416676867,-2.0564015771542543,-0.36027528984574575,train
2016-08-09,-2.018623419,-2.065414596520669,0.04679117752066908,train
2016-08-10,-2.176096157,-1.9502381334874057,-0.2258580235125942,train
2016-08-11,-1.442398619,-1.9935576580468455,0.5511590390468455,train
2016-08-12,-2.577462881,-1.8524004072252198,-0.7250624737747804,train
2016-08-15,-1.218705186,-2.1454405698111567,0.9267353838111567,train
2016-08-16,-1.516432696,-1.7059827409206645,0.1895500449206644,train
2016-08-17,-1.474708198,-1.7258704166153853,0.25116221861538524,train
2016-08-18,-1.866465881,-1.6460342944379511,-0.22043158656204898,train
2016-08-19,-2.095034085,-1.7838657267917273,-0.3111683582082727,train
2016-08-22,-2.234218088,-1.803019606789536,-0.4311984812104639,train
2016-08-23,-1.971730979,-1.9383306547854402,-0.03340032421455974,train
2016-08-24,-2.576810648,-1.9138337767211269,-0.6629768712788731,train
2016-08-25,-0.918691632,-2.165893271233394,1.247201639233394,train
2016-08-26,-2.231099495,-1.6747660045568136,-0.5563334904431865,train
2016-08-29,-2.200698776,-2.008716544112792,-0.19198223188720798,train
2016-08-30,-1.984726468,-2.0062728557432363,0.02154638774323625,train
2016-08-31,-1.544551327,-1.9516764628131524,0.40712513581315246,train
2016-09-01,-0.450625719,-1.7420349584527477,1.2914092394527477,train
2016-09-02,-2.526863316,-1.4157555122742325,-1.1111078037257676,train
2016-09-05,-1.112538002,-1.9462812693714118,0.8337432673714118,train
2016-09-06,-1.998250192,-1.5057365796508022,-0.49251361234919777,train
2016-09-07,-1.279544178,-1.7142029492892066,0.4346587712892065,train
2016-09-08,-1.538096517,-1.5042208835528303,-0.033875633447169706,train
2016-09-09,-1.567281181,-1.6623425742481115,0.09506139324811147,train
2016-09-12,-1.635746855,-1.57346540617361,-0.062281448826390085,train
2016-09-13,-1.799931692,-1.6407155673470417,-0.1592161246529582,train
2016-09-14,-1.826094499,-1.6532908913394473,-0.1728036076605528,train
2016-09-15,-1.787578023,-1.717050463395184,-0.07052755960481605,train
2016-09-16,-2.475875623,-1.7339470446839234,-0.7419285783160765,train
2016-09-19,-2.166099671,-1.9949941595416942,-0.17110551145830577,train
2016-09-20,-1.164400751,-1.9730599942598137,0.8086592432598136,train
2016-09-21,-1.92548636,-1.6627748373211968,-0.26271152267880327,train
2016-09-22,-2.042270965,-1.8517760561994696,-0.19049490880053055,train
2016-09-23,-2.213978076,-1.9043358435079378,-0.30964223249206224,train
2016-09-26,-2.157325525,-1.9173310036015812,-0.23999452139841893,train
2016-09-27,-2.146916207,-1.916395765644468,-0.23052044135553196,train
2016-09-28,-1.928063173,-2.0043638625991425,0.07630068959914249,train
2016-09-29,-1.274663579,-1.9489714426034719,0.6743078636034718,train
2016-09-30,-2.479760731,-1.7126109460815442,-0.7671497849184556,train
2016-10-03,-1.008945694,-2.0374924242328163,1.0285467302328164,train
2016-10-04,-1.900078037,-1.5828726151531853,-0.3172054218468148,train
2016-10-05,-1.912633178,-1.7674892373779634,-0.14514394062203673,train
2016-10-06,-1.076428439,-1.7778029404126992,0.7013745014126991,train
2016-10-07,-2.460977928,-1.548109382239638,-0.9128685457603622,train
2016-10-10,-1.746964034,-1.8923851642215,0.14542113022149983,train
2016-10-11,-1.363358635,-1.7915141179994527,0.4281554829994527,train
2016-10-12,-1.376484007,-1.6470664769978485,0.2705824699978485,train
2016-10-13,-1.626092286,-1.5975251205309977,-0.028567165469002287,train
2016-10-14,-2.298341705,-1.7068149935804289,-0.591526711419571,train
2016-10-17,-1.914470689,-1.858587819940779,-0.05588286905922102,train
2016-10-18,-1.951696109,-1.7831903282507269,-0.16850578074927314,train
2016-10-19,-0.68951489,-1.8411545303823433,1.1516396403823435,train
2016-10-20,-2.065906412,-1.45745470142808,-0.6084517105719198,train
2016-10-21,-2.35907053,-1.839371406495581,-0.5196991235044188,train
2016-10-24,-2.077138887,-1.920288012872351,-0.15685087412764886,train
2016-10-25,-1.915003374,-1.8679640972219782,-0.04703927677802189,train
2016-10-26,-1.777086126,-1.8222783370263915,0.04519221102639159,train
2016-10-27,-1.476456339,-1.8861092905073134,0.4096529515073133,train
2016-10-28,-1.9763622,-1.7516320836726709,-0.2247301163273292,train
2016-10-31,-2.209407838,-1.8368422242968592,-0.372565613703141,train
2016-11-01,-1.594304248,-1.9154153242322716,0.32111107623227153,train
2016-11-02,-1.582769348,-1.7279260850651088,0.1451567370651088,train
2016-11-03,-1.933638943,-1.7133355794793763,-0.22030336352062374,train
2016-11-04,-1.899688652,-1.8406499496455517,-0.0590387023544483,train
2016-11-07,-2.197714656,-1.8252080271239293,-0.3725066288760708,train
2016-11-08,1.067252044,-1.9080599489913235,2.9753119929913234,train
2016-11-09,-0.859085398,-0.8364202657717937,-0.02266513222820621,train
2016-11-10,-1.050961388,-1.222913249715746,0.17195186171574606,train
2016-11-11,-0.728136207,-1.1835680821817678,0.45543187518176775,train
2016-11-14,-1.083223806,-0.9898460475010008,-0.0933777584989991,train
2016-11-15,-0.985935216,-0.9656942092584254,-0.020241006741574585,train
2016-11-16,-0.88369623,-1.1189510180500535,0.2352547880500535,train
2016-11-17,-0.776475569,-1.0853961290313232,0.3089205600313232,train
2016-11-18,-1.089722381,-1.0212456848457339,-0.06847669615426621,train
2016-11-21,-1.307350478,-1.1346152270444905,-0.17273525095550957,train
2016-11-22,-1.121640098,-1.1995512120937142,0.0779111140937141,train
2016-11-23,-1.257407828,-1.1539916731914763,-0.10341615480852373,train
2016-11-24,-1.159401655,-1.2124779782864445,0.05307632328644463,train
2016-11-25,-1.00102467,-1.2162728923688637,0.21524822236886365,train
2016-11-28,-1.089358605,-1.1614496543753277,0.07209104937532773,train
2016-11-29,-0.56706273,-1.1582037760752042,0.5911410460752042,train
2016-11-30,-0.970426793,-0.965575654018678,-0.004851138981322056,train
2016-12-01,-1.273343289,-1.022418596586228,-0.250924692413772,train
2016-12-02,0.111174257,-1.1024002415448912,1.2135744985448913,train
2016-12-05,-1.206384548,-0.6473403215661313,-0.5590442264338686,train
2016-12-06,-1.744127251,-0.9673086171791005,-0.7768186338208996,train
2016-12-07,0.028721368,-1.2044847423670988,1.2332061103670988,train
2016-12-08,-1.289679078,-0.6606957540124687,-0.6289833239875313,train
2016-12-09,-1.232637889,-1.005145401222395,-0.227492487777605,train
2016-12-12,-1.272815756,-1.1204936774961578,-0.15232207850384216,train
2016-12-13,-0.383921563,-1.1387602511909714,0.7548386881909713,train
2016-12-14,-0.154596253,-0.794606694784707,0.640010441784707,train
2016-12-15,-0.749937736,-0.7463504997228834,-0.0035872362771166566,train
2016-12-16,-1.144910719,-0.8368151627833853,-0.3080955562166148,train
2016-12-19,-1.442370864,-0.9265385499207828,-0.5158323140792171,train
2016-12-20,-1.44724516,-1.0211457906529353,-0.4260993693470647,train
2016-12-21,-1.294876753,-1.1251263073625193,-0.16975044563748076,train
2016-12-22,-2.092516549,-1.1943949455002039,-0.8981216034997961,train
2016-12-23,-2.455776905,-1.5217884111677504,-0.9339884938322496,train
2016-12-27,-1.784043349,-1.7441981810645801,-0.03984516793541992,train
2016-12-28,-1.356701833,-1.6211687067655935,0.2644668737655935,train
2016-12-29,0.202667531,-1.5138044606623322,1.716471991662332,train
2016-12-30,-0.64731456,-0.985214268769556,0.337899708769556,train
2017-01-03,-0.960062889,-1.056174047107545,0.09611115810754489,train
2017-01-04,-0.353900549,-0.9921836151735772,0.6382830661735772,train
2017-01-05,-0.877282557,-0.7032774304622003,-0.17400512653779976,train
2017-01-06,-1.125596873,-0.7953963398771777,-0.3302005331228224,train
2017-01-09,-1.108695041,-0.9778133384350061,-0.13088170256499398,train
2017-01-10,-0.110264632,-1.0097312035729673,0.8994665715729673,train
2017-01-11,-0.741665025,-0.6919701647684355,-0.04969486023156444,train
2017-01-12,-0.832083458,-0.8739813511260865,0.041897893126086494,train
2017-01-13,-1.414803988,-0.8871629555712139,-0.5276410324287861,train
2017-01-16,-0.86745774,-1.0558208888521972,0.18836314885219718,train
2017-01-17,-1.353108965,-0.9069600715816992,-0.4461488934183009,train
2017-01-18,-0.714525915,-1.152492521874965,0.43796660687496514,train
2017-01-19,-1.161851161,-0.9959330708147096,-0.16591809018529036,train
2017-01-20,-1.191814506,-1.1344224162557794,-0.05739208974422061,train
2017-01-23,-1.70189599,-1.118156695470384,-0.5837392945296158,train
2017-01-24,-1.434750391,-1.3212820146677684,-0.1134683763322315,train
2017-01-25,-1.368888882,-1.2661243413940926,-0.10276454060590745,train
2017-01-26,-1.423887226,-1.3032506918330458,-0.12063653416695419,train
2017-01-27,-1.316045565,-1.3296010046076412,0.013555439607641162,train
2017-01-30,-0.941953655,-1.3101036956735839,0.3681500406735839,train
2017-01-31,-1.034717634,-1.1448816170406413,0.11016398304064134,train
2017-02-01,-1.487328095,-1.1434898487665166,-0.34383824623348347,train
2017-02-02,-1.040516886,-1.2725723861443274,0.2320555001443274,train
2017-02-03,-1.704339092,-1.1302832028585104,-0.5740558891414898,train
2017-02-06,-1.614066887,-1.3408544254410675,-0.2732124615589324,train
2017-02-07,-1.568174638,-1.38968977927776,-0.17848485872223985,train
2017-02-08,-1.56296534,-1.4330964631509597,-0.12986887684904036,train
2017-02-09,-1.799053531,-1.4438341842300129,-0.3552193467699871,train
2017-02-10,-2.097452681,-1.5896188535103204,-0.5078338274896796,train
2017-02-13,-1.429089401,-1.7127727520340188,0.28368335103401887,train
2017-02-14,-1.324973392,-1.5412651242770705,0.21629173227707055,train
2017-02-15,-1.483774187,-1.4926120033543548,0.008837816354354766,train
2017-02-16,-1.969855997,-1.5301780048949105,-0.4396779921050895,train
2017-02-17,-2.24690302,-1.6697491671148463,-0.5771538528851536,train
2017-02-20,-1.673461378,-1.7670270182571257,0.09356564025712566,train
2017-02-21,-0.792752211,-1.6573637732525626,0.8646115622525625,train
2017-02-22,-1.567010848,-1.3915982310360224,-0.17541261696397759,train
2017-02-23,-1.442231115,-1.5841627414379011,0.14193162643790114,train
2017-02-24,-1.81281861,-1.5051429551472926,-0.30767565485270754,train
2017-02-27,-1.46436312,-1.5587749408663867,0.09441182086638666,train
2017-02-28,-1.254842296,-1.4559252338442918,0.20108293784429176,train
2017-03-01,-1.994067691,-1.447827419540598,-0.5462402714594019,train
2017-03-02,-1.37707986,-1.6768926156972195,0.29981275569721944,train
2017-03-03,-1.687318689,-1.5261144392416282,-0.1612042497583719,train
2017-03-06,-2.35104969,-1.591268636172765,-0.7597810538272349,train
2017-03-07,-2.08753179,-1.8477418034803375,-0.23978998651966243,train
2017-03-08,-1.139893914,-1.8659718280002218,0.7260779140002218,train
2017-03-09,-1.209098866,-1.5533360915674277,0.34423722556742775,train
2017-03-10,-2.008031794,-1.5504451773127503,-0.45758661668724954,train
2017-03-13,-2.255797794,-1.7773625556905857,-0.47843523830941415,train
2017-03-14,-0.832386088,-1.8330997039855934,1.0007136159855934,train
2017-03-15,-1.541256001,-1.3600635062017516,-0.1811924947982484,train
2017-03-16,-1.680808508,-1.5691811419879782,-0.11162736601202172,train
2017-03-17,-2.233715934,-1.6505176414534117,-0.5831982925465884,train
2017-03-20,-1.577345321,-1.8127255837103022,0.23538026271030232,train
2017-03-21,-1.874591148,-1.5874073050681128,-0.28718384293188715,train
2017-03-22,-2.06302648,-1.7518089884078605,-0.3112174915921395,train
2017-03-23,-2.014235869,-1.8499316103958572,-0.164304258604143,train
2017-03-24,-2.011206577,-1.8825316227704862,-0.12867495422951358,train
2017-03-27,-1.925255244,-1.865951156321185,-0.0593040876788149,train
2017-03-28,-1.402678994,-1.8829013883335295,0.48022239433352953,train
2017-03-29,-1.692902652,-1.7087947472157214,0.015892095215721547,train
2017-03-30,-1.872484457,-1.7466902773245712,-0.12579417967542894,train
2017-03-31,-2.17113745,-1.7834516448350468,-0.387685805164953,train
2017-04-03,-2.334224727,-1.8721181716821338,-0.46210655531786626,train
2017-04-04,-1.806947933,-1.95984099139223,0.15289305839222989,train
2017-04-05,-1.571312393,-1.8718825697992996,0.30057017679929965,train
2017-04-06,-1.548930435,-1.7953705611715995,0.2464401261715996,train
2017-04-07,-2.454840821,-1.754013620067545,-0.700827200932455,train
2017-04-10,-2.303900638,-2.0127175311029397,-0.2911831068970603,train
2017-04-11,-1.616346968,-1.9855222974492346,0.3691753294492346,train
2017-04-12,-2.096506908,-1.7980887754164159,-0.29841813258358396,train
2017-04-13,-2.791766122,-1.960734055380217,-0.8310320666197828,train
2017-04-14,-2.197025649,-2.2649993948207463,0.06797374582074633,train
2017-04-17,-1.69736278,-2.105071938290208,0.40770915829020793,train
2017-04-18,-2.282740779,-1.9286106504519434,-0.3541301285480567,train
2017-04-19,-1.730630567,-2.1319787918029993,0.40134822480299936,train
2017-04-20,-1.755914148,-1.9667754829400443,0.21086133494004433,train
2017-04-21,-0.798144919,-1.875212079126972,1.0770671601269721,train
2017-04-24,-1.727485894,-1.5008457515356057,-0.22664014246439423,train
2017-04-25,-1.412227979,-1.7241273002533666,0.3118993212533665,train
2017-04-26,-1.011511534,-1.5607664938939856,0.5492549598939855,train
2017-04-27,-1.368292414,-1.3874921475243285,0.019199733524328577,train
2017-04-28,-2.543172296,-1.436906116067333,-1.1062661799326667,train
2017-05-01,-2.187426015,-1.8911859233800175,-0.2962400916199823,train
2017-05-02,-2.282215369,-1.8518082747961429,-0.43040709420385737,train
2017-05-03,-1.6082002,-1.9567511055996945,0.3485509055996945,train
2017-05-04,-1.873888565,-1.8421594363271003,-0.031729128672899565,train
2017-05-05,-1.444866897,-1.9538458816623163,0.5089789846623163,train
2017-05-08,-1.716247144,-1.7470786096724962,0.030831465672496172,train
2017-05-09,-1.92956137,-1.770372505234634,-0.1591888647653661,train
2017-05-10,-2.138349076,-1.7831646775094492,-0.3551843984905507,train
2017-05-11,-1.919151767,-1.880907937971814,-0.038243829028185905,train
2017-05-12,-2.274620688,-1.8356806255855278,-0.43894006241447237,train
2017-05-15,-1.734202709,-2.000334127932672,0.266131418932672,train
2017-05-16,-1.637810254,-1.8604381986629452,0.22262794466294533,train
2017-05-17,-1.305265088,-1.8040070243634396,0.49874193636343955,train
2017-05-18,-1.920914456,-1.6422251056218857,-0.27868935037811426,train
2017-05-19,-1.325955692,-1.7865726678545317,0.46061697585453176,train
2017-05-22,-1.190767082,-1.5507634674722728,0.35999638547227275,train
2017-05-23,-1.279545089,-1.4615218540329673,0.18197676503296734,train
2017-05-24,-1.920143506,-1.4548092442897098,-0.46533426171029024,train
2017-05-25,-1.766548253,-1.668238942805063,-0.09830931019493705,train
2017-05-26,-2.642944299,-1.6207890352565202,-1.0221552637434796,train
2017-05-29,-1.105591096,-1.9719574990742135,0.8663664030742135,train
2017-05-30,-1.598273896,-1.5912680885922192,-0.007005807407780784,train
2017-05-31,-2.020905231,-1.7291515417320757,-0.2917536892679242,train
2017-06-01,-1.216082562,-1.838396435224189,0.6223138732241891,train
2017-06-02,-2.272259372,-1.5819158582175277,-0.6903435137824725,train
2017-06-05,-2.166885798,-1.8088053123274948,-0.3580804856725053,train
2017-06-06,-1.077432634,-1.8853665952815246,0.8079339612815246,train
2017-06-07,-1.539972349,-1.5707789515459565,0.030806602545956574,train
2017-06-08,-1.51618197,-1.6354120440206452,0.11923007402064512,train
2017-06-09,-2.367655022,-1.653092852254856,-0.7145621697451441,train
2017-06-12,-2.338463944,-1.869339722183703,-0.469124221816297,train
2017-06-13,-0.753443506,-1.8828500340213048,1.1294065280213048,train
2017-06-14,-1.727702098,-1.4547492241836002,-0.27295287381639977,train
2017-06-15,-2.301651001,-1.706555691129089,-0.5950953098709113,train
2017-06-16,-2.449820395,-1.9249568622389575,-0.5248635327610427,train
2017-06-19,-2.285754902,-1.9807362700961422,-0.3050186319038577,train
2017-06-20,-2.566700597,-1.940337774946404,-0.6263628220535962,train
2017-06-21,-2.558416518,-2.190135261538156,-0.36828125646184384,train
2017-06-22,-2.506851721,-2.2803323361963876,-0.22651938480361222,train
2017-06-23,-1.816815416,-2.3004010707608478,0.4835856547608477,train
2017-06-26,-1.180512039,-2.07436457143605,0.8938525324360502,train
2017-06-27,-0.151228578,-1.812064592766967,1.660836014766967,train
2017-06-28,-1.50743606,-1.3125473573358737,-0.1948887026641264,train
2017-06-29,-1.797323331,-1.5454871009267117,-0.25183623007328837,train
2017-06-30,-2.20542751,-1.5514094696404266,-0.6540180403595732,train
2017-07-03,-2.381712066,-1.6877635472563979,-0.6939485187436021,train
2017-07-04,-2.04438126,-1.8546272744660044,-0.1897539855339958,train
2017-07-05,-1.98379246,-1.9470727108793193,-0.03671974912068077,train
2017-07-06,-1.563417063,-1.9748066016984096,0.41138953869840966,train
2017-07-07,-2.600445227,-1.8572047174816202,-0.7432405095183796,train
2017-07-10,-2.038707096,-2.155034888811456,0.11632779281145611,train
2017-07-11,-1.41684588,-1.9936704181926084,0.5768245381926085,train
2017-07-12,-1.661760741,-1.7753012114810136,0.11354047048101368,train
2017-07-13,-1.62044878,-1.796893328537818,0.17644454853781788,train
2017-07-14,-2.452152085,-1.8017162369958424,-0.6504358480041574,train
2017-07-17,-1.445987147,-1.9959404683652193,0.5499533213652192,train
2017-07-18,-2.31935617,-1.6893807415407405,-0.6299754284592594,train
2017-07-19,-1.156972349,-1.9820469998671877,0.8250746508671878,train
2017-07-20,-1.762388338,-1.6430993892733867,-0.11928894872661333,train
2017-07-21,-2.220261351,-1.7931966015191547,-0.4270647494808453,train
2017-07-24,-1.521277837,-1.8781061699514854,0.3568283329514854,train
2017-07-25,-0.915138507,-1.7061764502679497,0.7910379432679497,train
2017-07-26,-1.263833292,-1.419881094190401,0.15604780219040104,train
2017-07-27,-1.522700663,-1.5146290098472162,-0.008071653152783798,train
2017-07-28,-1.434249866,-1.569580796847129,0.13533093084712888,train
2017-07-31,-1.60077659,-1.4743876508702303,-0.12638893912976967,train
2017-08-01,-1.372449011,-1.51970613191027,0.14725712091027,train
2017-08-02,-1.565393711,-1.4982195158698413,-0.06717419513015876,train
2017-08-03,-0.880792377,-1.5637890218373007,0.6829966448373007,train
2017-08-04,-2.044883966,-1.3266658838945236,-0.7182180821054764,train
2017-08-07,-1.699400971,-1.6642226549470218,-0.035178316052978165,train
2017-08-08,-1.129163958,-1.591753587506802,0.46258962950680216,train
2017-08-09,-1.369622324,-1.4158698498768494,0.04624752587684933,train
2017-08-10,-1.135834823,-1.4482172075749569,0.31238238457495693,train
2017-08-11,-1.869670675,-1.412623747130415,-0.457046927869585,train
2017-08-14,-1.299545235,-1.5751613254074113,0.2756160904074112,train
2017-08-15,-0.986234652,-1.3972898856434433,0.4110552336434432,train
2017-08-16,-1.123532276,-1.2926182655659562,0.16908598956595622,train
2017-08-17,-1.329377927,-1.2992450426830664,-0.030132884316933506,train
2017-08-18,-2.098649961,-1.3559767226242827,-0.7426732383757173,train
2017-08-21,-1.922831061,-1.5726420222581874,-0.3501890387418125,train
2017-08-22,-1.930661929,-1.5900650874918285,-0.3405968415081715,train
2017-08-23,-2.514937561,-1.6766382277594933,-0.8382993332405067,train
2017-08-24,-0.771012086,-1.9574846331496365,1.1864725471496365,train
2017-08-25,-2.252355015,-1.4843707346784014,-0.7679842803215986,train
2017-08-28,-0.981592973,-1.8658758044217612,0.8842828314217611,train
2017-08-29,-1.405189431,-1.4666648582011232,0.06147542720112331,train
2017-08-30,-1.248568839,-1.5193908324408563,0.2708219934408562,train
2017-08-31,-0.487293492,-1.36007006772765,0.87277657572765,train
2017-09-01,-1.8897393,-1.1408537235387497,-0.7488855764612503,train
2017-09-04,-1.349897731,-1.4481032751448462,0.09820554414484617,train
2017-09-05,-1.823397703,-1.3575887303943956,-0.4658089726056043,train
2017-09-06,-0.690383481,-1.508001506112464,0.8176180251124641,train
2017-09-07,-0.992080031,-1.1724601293959553,0.18038009839595537,train
2017-09-08,-1.938147547,-1.2905094910089017,-0.6476380559910984,train
2017-09-11,-1.932628999,-1.5288464594479838,-0.40378253955201626,train
2017-09-12,-1.685080778,-1.59041485424532,-0.09466592375467986,train
2017-09-13,-1.031774522,-1.5159730255028587,0.48419850350285865,train
2017-09-14,-1.396265404,-1.3876159905336485,-0.008649413466351508,train
2017-09-15,-1.79019549,-1.5173849359292833,-0.27281055407071664,train
2017-09-18,-1.568158765,-1.6056783930055267,0.03751962800552677,train
2017-09-19,-0.433797336,-1.5209571377028182,1.0871598017028181,train
2017-09-20,-1.602113744,-1.113467067725448,-0.48864667627455205,train
2017-09-21,-1.753122587,-1.444127165721385,-0.308995421278615,train
2017-09-22,-1.752833008,-1.51171840861915,-0.24111459938085011,train
2017-09-25,-1.260660939,-1.499859723103762,0.23919878410376194,train
2017-09-26,-1.679378679,-1.358177604091034,-0.321201074908966,train
2017-09-27,-1.770466218,-1.5685350250502132,-0.20193119294978668,train
2017-09-28,-1.728172996,-1.6147168643530612,-0.11345613164693891,train
2017-09-29,-1.889997564,-1.605743359615897,-0.284254204384103,train
2017-10-02,-2.070634474,-1.6644356931623294,-0.40619878083767036,train
2017-10-03,-1.854052348,-1.8005125065450598,-0.053539841454940174,train
2017-10-04,-2.318869829,-1.7642593119116166,-0.5546105170883835,train
2017-10-05,-1.49514383,-1.9376799106952203,0.4425360806952203,train
2017-10-06,-2.522599712,-1.7142275153747915,-0.8083721966252084,train
2017-10-09,-1.969752014,-2.0402727892911163,0.07052077529111633,train
2017-10-10,-1.872057803,-1.9085341447949498,0.03647634179494985,train
2017-10-11,-2.303172108,-1.8859819118058903,-0.4171901961941098,train
2017-10-12,-1.070952702,-1.9922938563515182,0.9213411543515182,train
2017-10-13,-2.162212033,-1.6496543965985992,-0.5125576364014006,train
2017-10-16,-2.353879944,-1.8910304696854343,-0.4628494743145657,train
2017-10-17,-2.201844396,-1.983324470725428,-0.21851992527457176,train
2017-10-18,-1.601091286,-1.9819098518822962,0.38081856588229623,train
2017-10-19,-1.801830631,-1.7724168673600318,-0.029413763639968282,train
2017-10-20,-2.128249457,-1.9036244893624188,-0.2246249676375811,train
2017-10-23,-2.203643057,-1.984744154271209,-0.21889890272879087,train
2017-10-24,-1.942549497,-1.993824521628659,0.05127502462865907,train
2017-10-25,-0.813642751,-1.9089537459831145,1.0953109949831146,train
2017-10-26,-1.349441207,-1.5592059460731433,0.2097647390731434,train
2017-10-27,-2.006232244,-1.6424445022828662,-0.3637877417171338,train
2017-10-30,-1.936547305,-1.79169645153033,-0.14485085346966997,train
2017-10-31,-1.870253749,-1.7523582061935574,-0.11789554280644254,train
2017-11-01,-1.582231643,-1.729467246806592,0.14723560380659184,train
2017-11-02,-1.661039635,-1.7263308064239213,0.06529117142392127,train
2017-11-03,-2.104239408,-1.7721712380045171,-0.33206816999548305,train
2017-11-06,-1.983489742,-1.885584039276507,-0.09790570272349286,train
2017-11-07,-2.250505308,-1.8662243322461656,-0.3842809757538346,train
2017-11-08,-1.982128917,-1.9628724215866087,-0.01925649541339136,train
2017-11-09,-2.224100373,-1.93563109587151,-0.28846927712849024,train
2017-11-10,-2.619688608,-2.0500663693609997,-0.5696222386390004,train
2017-11-13,-1.880120037,-2.196646954038686,0.3165269170386862,train
2017-11-14,-1.546126953,-2.0179120711931167,0.47178511819311675,train
2017-11-15,-1.801587645,-1.865310196084061,0.06372255108406111,train
2017-11-16,-1.837420766,-1.9039579780739389,0.06653721207393892,train
2017-11-17,-1.317550003,-1.8726363955098417,0.5550863925098417,train
2017-11-20,-1.877684153,-1.623336268622689,-0.2543478843773108,train
2017-11-21,-1.838920776,-1.7587104013373578,-0.08021037466264214,train
2017-11-22,-2.216154989,-1.7734622723357596,-0.4426927166642405,train
2017-11-23,-2.01072855,-1.9029266244132041,-0.10780192558679591,train
2017-11-24,-1.95984017,-1.8703635899302458,-0.08947658006975434,train
2017-11-27,-1.600104896,-1.9303671855228703,0.3302622895228704,train
2017-11-28,-1.7491118,-1.8207264373519654,0.07161463735196527,train
2017-11-29,-1.413912776,-1.8454201468945188,0.43150737089451874,train
2017-11-30,-1.147540483,-1.6844445064599967,0.5369040234599967,train
2017-12-01,-1.96376673,-1.5321775440735317,-0.4315891859264682,train
2017-12-04,-1.920310746,-1.733096143591387,-0.18721460240861298,train
2017-12-05,-1.996301092,-1.7552532949093198,-0.24104779709068014,train
2017-12-06,-2.136362345,-1.795352667059737,-0.34100967794026316,train
2017-12-07,-1.952963354,-1.89792066701306,-0.05504268698694004,train
2017-12-08,-2.341125925,-1.9254657396155102,-0.4156601853844899,train
2017-12-11,-2.161216098,-2.0578782853070674,-0.10333781269293274,train
2017-12-12,-1.563090009,-2.0363127779408656,0.4732227689408657,train
2017-12-13,-1.245683577,-1.8405759528846346,0.5948923758846345,train
2017-12-14,-2.072695423,-1.674435605939455,-0.3982598170605449,train
2017-12-15,-2.059779061,-1.890303381752503,-0.16947567924749696,train
2017-12-18,-1.985180914,-1.8638420032492338,-0.1213389107507663,train
2017-12-19,-2.114157671,-1.8311305835919265,-0.2830270874080736,train
2017-12-20,-2.175229609,-1.9221124406580565,-0.25311716834194353,train
2017-12-21,-1.921934724,-2.026516689024292,0.10458196502429185,train
2017-12-22,-2.406655977,-1.9524539130185343,-0.45420206398146545,train
2017-12-26,-2.456915992,-2.1034258614964756,-0.3534901305035243,train
2017-12-27,-2.69734804,-2.1642657979105353,-0.5330822420894648,train
2017-12-28,-2.428677267,-2.284408047564456,-0.14426921943554394,train
2017-12-29,-2.126978171,-2.252377249282535,0.12539907828253494,train
2018-01-02,-2.062605701,-2.202980447033707,0.14037474603370725,train
2018-01-03,-1.898908994,-2.162565670928598,0.26365667692859796,train
2018-01-04,-1.833804458,-2.0794709780738643,0.24566652007386436,train
2018-01-05,-2.115069666,-1.9820639579630281,-0.13300570803697198,train
2018-01-08,-2.021663252,-2.022692490657146,0.0010292386571459922,train
2018-01-09,-1.28737546,-1.9906986329681744,0.7033231729681744,train
2018-01-10,-0.90171752,-1.732651166298975,0.8309336462989749,train
2018-01-11,-0.818377991,-1.5356344768212236,0.7172564858212236,train
2018-01-12,-1.221612294,-1.4045185806585818,0.18290628665858177,train
2018-01-15,-0.979373639,-1.4081833119919978,0.4288096729919978,train
2018-01-16,-0.831197391,-1.2465798509189352,0.4153824599189352,train
2018-01-17,-1.084492693,-1.1639732960094464,0.07948060300944637,train
2018-01-18,-1.335710411,-1.23113954655912,-0.10457086444088004,train
2018-01-19,-1.957804602,-1.3318069366849197,-0.6259976653150803,train
2018-01-22,-1.605059363,-1.549668346984514,-0.055391016015486016,train
2018-01-23,-1.109496921,-1.5174407064324646,0.40794378543246457,train
2018-01-24,0.086376469,-1.4124648125357846,1.4988412815357846,train
2018-01-25,-0.841809856,-0.9939076222873393,0.1520977662873393,train
2018-01-26,-1.354394946,-1.1542255429943937,-0.20016940300560626,train
2018-01-29,-1.037012515,-1.2094032880242729,0.17239077302427286,train
2018-01-30,-1.252520079,-1.062087757599767,-0.19043232140023303,train
2018-01-31,-1.223416215,-1.1144139567369424,-0.10900225826305765,train
2018-02-01,-1.013342255,-1.219388007065478,0.20604575206547793,train
2018-02-02,-1.134722358,-1.1733516335365932,0.03862927553659312,train
2018-02-05,-0.917937634,-1.1737870310349752,0.2558493970349752,train
2018-02-06,-1.365589559,-1.100559659169618,-0.26502989983038194,train
2018-02-07,-0.894546633,-1.2106101737072033,0.3160635407072032,train
2018-02-08,-1.247118323,-1.0543869893526585,-0.19273133364734152,train
2018-02-09,-1.59123337,-1.160524942101407,-0.4307084278985931,train
2018-02-12,-1.504466015,-1.293307323192068,-0.211158691807932,train
2018-02-13,-0.38643903,-1.3344720605512501,0.9480330305512501,train
2018-02-14,-1.242014286,-0.9652761028400259,-0.2767381831599742,train
2018-02-15,-1.329367193,-1.2063207176140267,-0.12304647538597324,train
2018-02-16,-1.708015775,-1.2404236127371946,-0.4675921622628054,train
2018-02-19,-1.512580654,-1.3491945023711902,-0.16338615162880976,train
2018-02-20,-1.313806676,-1.3048553255946373,-0.008951350405362657,train
2018-02-21,-1.400377506,-1.3362646023804783,-0.06411290361952182,train
2018-02-22,-1.729811687,-1.3695920081096502,-0.3602196788903498,train
2018-02-23,-1.772689542,-1.4928719811515547,-0.2798175608484452,train
2018-02-26,-1.224738967,-1.5294847463738659,0.30474577937386593,train
2018-02-27,-1.659882887,-1.3750460020515578,-0.28483688494844217,train
2018-02-28,-1.18443111,-1.515269095609323,0.3308379856093231,train
2018-03-01,-1.452996955,-1.3823925776396124,-0.0706043773603875,train
2018-03-02,-1.144820951,-1.4234502832635805,0.27862933226358044,train
2018-03-05,-1.470494341,-1.2900403357027104,-0.1804540052972896,train
2018-03-06,-1.557546809,-1.3962467430546137,-0.16130006594538626,train
2018-03-07,-0.945795942,-1.4122858144985055,0.4664898724985056,train
2018-03-08,-1.676637486,-1.2431998175155647,-0.4334376684844352,train
2018-03-09,-2.176177781,-1.4432423872165696,-0.7329353937834302,train
2018-03-12,-1.568970203,-1.6733513809648097,0.10438117796480983,train
2018-03-13,-1.683642466,-1.539922841862026,-0.1437196241379739,train
2018-03-14,-1.967352088,-1.5802511647334163,-0.38710092326658363,train
2018-03-15,-1.865916156,-1.7485862211310272,-0.1173299348689727,train
2018-03-16,-1.824747917,-1.7579253701051587,-0.06682254689484135,train
2018-03-19,-1.860987797,-1.721687770625567,-0.13930002637443284,train
2018-03-20,-1.681531637,-1.7633694631309451,0.08183782613094515,train
2018-03-21,-1.410957269,-1.719705466436381,0.3087481974363808,train
2018-03-22,-1.685670179,-1.601739899241366,-0.08393027975863387,train
2018-03-23,-1.948200706,-1.6551288387844219,-0.2930718672155781,train
2018-03-26,-1.876748264,-1.7357553615799899,-0.14099290242001006,train
2018-03-27,-1.695403664,-1.7216321705564321,0.026228506556432052,train
2018-03-28,-1.936279668,-1.6784462955067267,-0.2578333724932733,train
2018-03-29,-2.916935983,-1.7930293673577913,-1.1239066156422088,train
2018-03-30,-2.356906215,-2.157226030786838,-0.19968018421316192,train
2018-04-02,-1.879836081,-2.0732849219636673,0.1934488409636672,train
2018-04-03,-1.837270795,-1.963441145010342,0.12617035001034194,train
2018-04-04,-1.984679767,-1.973949468822593,-0.010730298177407116,train
2018-04-05,-1.556765863,-2.019528572904009,0.4627627099040088,train
2018-04-06,-1.970033438,-1.7900407194780423,-0.17999271852195764,train
2018-04-09,-1.320938078,-1.864663877417331,0.543725799417331,train
2018-04-10,-2.136185688,-1.6526182992470293,-0.48356738875297056,train
2018-04-11,-2.012330539,-1.8761421129706033,-0.13618842602939685,train
2018-04-12,-2.31941795,-1.853750000247821,-0.46566794975217896,train
2018-04-13,-2.268018915,-2.0055134004291957,-0.2625055145708042,train
2018-04-16,-2.193999772,-2.0241440802788375,-0.16985569172116266,train
2018-04-17,-2.011497341,-2.0911233271456187,0.07962598614561855,train
2018-04-18,-1.919034454,-2.0376506549002507,0.11861620090025071,train
2018-04-19,-1.828978956,-2.007358327392699,0.1783793713926991,train
2018-04-20,-1.807030253,-1.9416793018854754,0.13464904888547546,train
2018-04-23,-1.794800347,-1.8978389764788053,0.10303862947880527,train
2018-04-24,-1.896482209,-1.8589543491881155,-0.037527859811884445,train
2018-04-25,-1.18456037,-1.8721573135245686,0.6875969435245686,train
2018-04-26,-1.640324344,-1.6249928138450902,-0.015331530154909734,train
2018-04-27,-1.740821307,-1.7165046587439017,-0.02431664825609836,train
2018-04-30,-1.737520461,-1.7323943190753561,-0.005126141924643779,train
2018-05-01,-0.685042572,-1.7134060672542226,1.0283634952542227,train
2018-05-02,-1.25169571,-1.3292475871196374,0.07755187711963751,train
2018-05-03,-1.153445859,-1.4649818465647377,0.31153598756473766,train
2018-05-04,-1.960542477,-1.3885941891310567,-0.5719482878689433,train
2018-05-07,-1.373104278,-1.602963366536723,0.2298590885367231,train
2018-05-08,-1.651435109,-1.425719963583386,-0.22571514541661397,train
2018-05-09,-1.116315342,-1.5791045998187552,0.46278925781875513,train
2018-05-10,-1.818446585,-1.4355251248540921,-0.3829214601459079,train
2018-05-11,-1.958217388,-1.6628545938848909,-0.29536279411510913,train
2018-05-14,-1.443883532,-1.6956781043663018,0.25179457236630176,train
2018-05-15,-1.235407332,-1.5689574861126592,0.3335501541126591,train
2018-05-16,-1.285913345,-1.4688338935450012,0.18292054854500117,train
2018-05-17,-1.787757117,-1.4868555112076778,-0.30090160579232217,train
2018-05-18,-1.702416161,-1.6023081782424637,-0.10010798275753618,train
2018-05-21,-1.636697188,-1.555617381996269,-0.08107980600373099,train
2018-05-22,-0.825150344,-1.5556422707182183,0.7304919267182183,train
2018-05-23,-1.606154459,-1.311504741804397,-0.29464971719560307,train
2018-05-24,-1.425236694,-1.5271513409566233,0.10191464695662322,train
2018-05-25,-1.632881502,-1.44475949893345,-0.18812200306655003,train
2018-05-28,-0.866357412,-1.4931433964636573,0.6267859844636573,train
2018-05-29,-0.886822003,-1.228612867070915,0.3417908640709151,train
2018-05-30,-0.697341117,-1.2299572528485645,0.5326161358485645,train
2018-05-31,-1.122581437,-1.0884839254532157,-0.03409751154678431,train
2018-06-01,-1.72488881,-1.1674213435999543,-0.5574674664000456,train
2018-06-04,-1.391905102,-1.3260620856014915,-0.06584301639850842,train
2018-06-05,-1.199105161,-1.2974296270989591,0.09832446609895906,train
2018-06-06,-1.589273263,-1.2717816412127734,-0.31749162178722656,train
2018-06-07,-1.64568685,-1.4509828783342336,-0.19470397166576636,train
2018-06-08,-1.72223787,-1.513151673942151,-0.20908619605784895,train
2018-06-11,-1.431212658,-1.5379338352207648,0.1067211772207648,train
2018-06-12,-1.193898372,-1.4673426160895544,0.27344424408955437,train
2018-06-13,-0.641283199,-1.4014205663840438,0.7601373673840438,train
2018-06-14,-0.869363852,-1.171521498348881,0.3021576463488811,train
2018-06-15,-1.862679717,-1.1501950991890528,-0.7124846178109472,train
2018-06-18,-1.133013845,-1.4085510642831895,0.2755372192831895,train
2018-06-19,-1.493057636,-1.1981068502887182,-0.29495078571128186,train
2018-06-20,-1.007211402,-1.31027973601477,0.30306833401476996,train
2018-06-21,-1.233615227,-1.2205515696714029,-0.013063657328597156,train
2018-06-22,-1.413378971,-1.313363907796442,-0.10001506320355791,train
2018-06-25,-1.662466663,-1.312720930869641,-0.349745732130359,train
2018-06-26,-1.35784073,-1.4244898449498322,0.06664911494983228,train
2018-06-27,-1.077758699,-1.3356162574721173,0.2578575584721172,train
2018-06-28,-0.710358267,-1.2770942984241476,0.5667360314241475,train
2018-06-29,-1.4507815,-1.1380974999569609,-0.3126840000430391,train
2018-07-02,-1.763195075,-1.3279481117432927,-0.4352469632567073,train
2018-07-03,-1.978579629,-1.4194754088874224,-0.5591042201125775,train
2018-07-04,-1.866737022,-1.5318058092398692,-0.3349312127601307,train
2018-07-05,-1.662419798,-1.5834640295256344,-0.07895576847436558,train
2018-07-06,-1.812804048,-1.6279159697435304,-0.1848880782564697,train
2018-07-09,-1.857558513,-1.7002125946554925,-0.15734591834450762,train
2018-07-10,-1.343120858,-1.722069621764474,0.37894876376447395,train
2018-07-11,-1.775340752,-1.5350469410117071,-0.24029381098829283,train
2018-07-12,-1.748953101,-1.6342954633710394,-0.11465763762896053,train
2018-07-13,-2.141668069,-1.6420504454690332,-0.49961762353096684,train
2018-07-16,-1.796529849,-1.7834986223114875,-0.01303122668851242,train
2018-07-17,-1.909475337,-1.704892854734096,-0.20458248226590392,train
2018-07-18,-1.002340482,-1.7852598323707116,0.7829193503707117,train
2018-07-19,-1.446113386,-1.4936671988052614,0.0475538128052615,train
2018-07-20,-1.848037892,-1.5717614311481451,-0.27627646085185487,train
2018-07-23,-1.743689866,-1.6503277332422552,-0.09336213275774474,train
2018-07-24,-1.580904289,-1.6258699416728124,0.044965652672812384,train
2018-07-25,-1.615033381,-1.5579669732324457,-0.05706640776755423,train
2018-07-26,-2.270668585,-1.622652380963721,-0.6480162040362791,train
2018-07-27,-2.448355889,-1.8670598447704527,-0.5812960442295474,train
2018-07-30,-1.82477747,-1.9806045680613074,0.15582709806130746,train
2018-07-31,-2.133354372,-1.8502656119837768,-0.2830887600162231,train
2018-08-01,-1.980452906,-1.9833454615194084,0.0028925555194083685,train
2018-08-02,-1.764240221,-1.9829164025995416,0.2186761815995415,train
2018-08-03,-2.250045644,-1.8814488895568489,-0.3685967544431512,train
2018-08-06,-2.472545287,-1.9840731203925,-0.48847216660750004,train
2018-08-07,-2.074692659,-2.106699670737986,0.03200701173798581,train
2018-08-08,-2.175865423,-2.0083731354919108,-0.1674922875080891,train
2018-08-09,-0.601659365,-2.054365307000746,1.452705942000746,train
2018-08-10,-1.190830415,-1.5593686968669207,0.3685382818669207,train
2018-08-13,-1.484098761,-1.596226741960888,0.11212798096088794,train
2018-08-14,-1.339544739,-1.5719577580233413,0.23241301902334133,train
2018-08-15,-1.321679895,-1.4600450409647725,0.13836514596477256,train
2018-08-16,-1.613471963,-1.3711124584966914,-0.24235950450330868,train
2018-08-17,-1.984143317,-1.5322073265465601,-0.4519359904534399,train
2018-08-20,-1.215826672,-1.7058963205321676,0.4900696485321676,train
2018-08-21,-1.497400798,-1.4935664072967136,-0.0038343907032862834,train
2018-08-22,-1.402720686,-1.5721739623076214,0.1694532763076213,train
2018-08-23,-1.290836332,-1.5532117235956868,0.2623753915956868,train
2018-08-24,-1.908407546,-1.4931163415244466,-0.41529120447555345,train
2018-08-27,-1.807615815,-1.6378650680466724,-0.16975074695332748,train
2018-08-28,-1.819071998,-1.6636090053472814,-0.15546299265271868,train
2018-08-29,-1.53815188,-1.689421740235587,0.15126986023558708,train
2018-08-30,-1.354042424,-1.6313005816806414,0.27725815768064144,train
2018-08-31,-1.998918412,-1.5843801173696004,-0.4145382946303997,train
2018-09-03,-1.74687186,-1.7481635155320208,0.001291655532020819,train
2018-09-04,-1.242036392,-1.6816791698264633,0.4396427778264633,train
2018-09-05,-1.646479735,-1.4955407669168497,-0.15093896808315033,train
2018-09-06,-1.390062393,-1.5939184044418835,0.20385601144188348,train
2018-09-07,-2.055530564,-1.528104104086725,-0.5274264599132752,train
2018-09-10,-1.83364258,-1.6921748483832935,-0.14146773161670656,train
2018-09-11,-1.577979421,-1.6602972826017581,0.08231786160175814,train
2018-09-12,-1.473144746,-1.634254332989178,0.1611095869891781,train
2018-09-13,-1.804938624,-1.5927875198630757,-0.2121511041369244,train
2018-09-14,-2.294953561,-1.7162876575066002,-0.5786659034933996,train
2018-09-17,-1.610667247,-1.8670773463508423,0.25641009935084225,train
2018-09-18,-1.734384105,-1.6816608177506986,-0.05272328724930131,train
2018-09-19,-1.523313963,-1.7232519690718835,0.1999380060718834,train
2018-09-20,-1.932398294,-1.680487550135321,-0.25191074386467904,train
2018-09-21,-1.438915947,-1.7955181329999816,0.3566021859999817,train
2018-09-24,-1.863626712,-1.5975503804832785,-0.2660763315167216,train
2018-09-25,-1.493833498,-1.7295176393066525,0.23568414130665238,train
2018-09-26,-1.267022932,-1.6136442205655253,0.3466212885655253,train
2018-09-27,-1.890891973,-1.529334846304784,-0.361557126695216,train
2018-09-28,-1.918114996,-1.6763659279429874,-0.24174906805701246,train
2018-10-01,-1.759824204,-1.7316348106290178,-0.028189393370982252,train
2018-10-02,-1.247632556,-1.6883198005914766,0.4406872445914767,train
2018-10-03,-1.499901165,-1.5339853536624517,0.034084188662451664,train
2018-10-04,-1.519931708,-1.6136509839257624,0.09371927592576235,train
2018-10-05,-2.001530692,-1.5869962653097072,-0.4145344266902926,train
2018-10-08,-1.674754334,-1.7145055402367815,0.03975120623678152,train
2018-10-09,-1.894753559,-1.6310729251018654,-0.26368063389813456,train
2018-10-10,-1.24548892,-1.7424463015088496,0.4969573815088495,train
2018-10-11,-1.806247355,-1.556146661568328,-0.25010069343167207,train
2018-10-12,-2.075476447,-1.7201925718443714,-0.3552838751556284,train
2018-10-15,-1.940792118,-1.7984204369447556,-0.14237168105524445,train
2018-10-16,-1.830367592,-1.7922423297497694,-0.03812526225023061,train
2018-10-17,-1.772457643,-1.7546161184830598,-0.01784152451694032,train
2018-10-18,-1.45468138,-1.7914646596090205,0.33678327960902044,train
2018-10-19,-1.836924519,-1.679251907008657,-0.1576726119913432,train
2018-10-22,-1.691259946,-1.7524546360273838,0.06119469002738387,train
2018-10-23,-1.702132781,-1.69156508942786,-0.010567691572139992,train
2018-10-24,-1.725008902,-1.6851245053739312,-0.039884396626068686,train
2018-10-25,-1.610594505,-1.6847029907254654,0.07410848572546547,train
2018-10-26,-1.402416402,-1.672950225715554,0.2705338237155539,train
2018-10-29,-2.011228053,-1.5839209048858645,-0.4273071481141355,train
2018-10-30,-1.722414697,-1.7614817007929318,0.03906700379293171,train
2018-10-31,-1.820398674,-1.6917423617521887,-0.12865631224781127,train
2018-11-01,-1.418084111,-1.7248518764973495,0.3067677654973495,train
2018-11-02,-2.176739808,-1.6120040379310527,-0.5647357700689475,train
2018-11-05,-2.106289227,-1.8739523554495157,-0.23233687155048433,train
2018-11-06,-0.720266046,-1.8722401222902458,1.1519740762902457,train
2018-11-07,-1.585866357,-1.4315563555696333,-0.15431000143036666,train
2018-11-08,-1.862731885,-1.61704221970335,-0.24568966529665004,train
2018-11-09,-1.470521923,-1.724669170853244,0.25414724785324405,train
2018-11-12,-1.4097014,-1.5670642840625661,0.15736288406256604,train
2018-11-13,-0.894557583,-1.4833097123009455,0.5887521293009456,train
2018-11-14,-0.867128134,-1.3626912718054434,0.49556313780544337,train
2018-11-15,-1.480081485,-1.2775239679271126,-0.20255751707288727,train
2018-11-16,-1.81044358,-1.3855916374611001,-0.4248519425388999,train
2018-11-19,-1.805243954,-1.497112687499438,-0.308131266500562,train
2018-11-20,-1.388414442,-1.5364781609829592,0.14806371898295922,train
2018-11-21,-2.088276772,-1.4772298463968907,-0.6110469256031092,train
2018-11-22,-1.69357052,-1.7635419479071528,0.06997142790715283,train
2018-11-23,-2.009301735,-1.6883369113374336,-0.3209648236625666,train
2018-11-26,-1.622616505,-1.7859031990501029,0.16328669405010277,train
2018-11-27,-0.770803001,-1.6760069249754412,0.9052039239754412,train
2018-11-28,-1.62380548,-1.40671430266727,-0.21709117733272998,train
2018-11-29,-2.071322486,-1.5645240407457917,-0.5067984452542085,train
2018-11-30,-1.458057737,-1.7111442627583693,0.2530865257583692,train
2018-12-03,-1.695278772,-1.508359351480068,-0.18691942051993204,train
2018-12-04,-1.90756696,-1.5752195510297957,-0.3323474089702043,train
2018-12-05,-1.511216246,-1.7291004177010483,0.21788417170104823,train
2018-12-06,-0.92281014,-1.6167706325926459,0.6939604925926459,train
2018-12-07,-1.418861754,-1.3705728170795368,-0.0482889369204631,train
2018-12-10,-1.719367747,-1.4844595036967299,-0.2349082433032701,train
2018-12-11,-1.440927921,-1.557440670786306,0.1165127497863061,train
2018-12-12,-1.449077798,-1.446717206392984,-0.0023605916070159605,train
2018-12-13,-1.787997431,-1.443327733069192,-0.34466969793080793,train
2018-12-14,-2.152059234,-1.6150986140588972,-0.536960619941103,train
2018-12-17,-2.01135285,-1.7849122798653185,-0.22644057013468166,train
2018-12-18,-1.108655194,-1.7840123009719608,0.6753571069719608,train
2018-12-19,-1.232210938,-1.5282524340880077,0.2960414960880078,train
2018-12-20,-1.233438954,-1.5315575491733227,0.29811859517332273,train
2018-12-21,-1.711272947,-1.4785788485616707,-0.23269409843832944,train
2018-12-24,-1.887706989,-1.5484364969190658,-0.3392704920809342,train
2018-12-26,-1.152133201,-1.581504674475409,0.42937147347540905,train
2018-12-27,-1.439936318,-1.399212627213615,-0.04072369078638505,train
2018-12-28,-1.829892385,-1.4857898552765958,-0.34410252972340416,train
2018-12-31,-1.386113261,-1.6466506744867004,0.26053741348670045,train
2019-01-02,-0.939698494,-1.507035044927623,0.567336550927623,train
2019-01-03,-1.180885797,-1.29909776639298,0.11821196939297995,train
2019-01-04,-1.935203049,-1.3567804454601589,-0.5784226035398412,train
2019-01-07,-1.755685528,-1.5869615610707517,-0.1687239669292484,train
2019-01-08,-1.343294478,-1.5352086823209006,0.19191420432090056,train
2019-01-09,-1.574037757,-1.4301690239373732,-0.1438687330626267,train
2019-01-10,-1.503665715,-1.5517965913555694,0.04813087635556945,train
2019-01-11,-1.941153411,-1.5658137054453691,-0.3753397055546308,train
2019-01-14,-1.399646377,-1.6740500262394056,0.2744036492394055,train
2019-01-15,-2.025741908,-1.5101904743578447,-0.5155514336421554,train
2019-01-16,-2.179775344,-1.7306047943185332,-0.44917054968146664,train
2019-01-17,-2.407182124,-1.8282845544595263,-0.5788975695404739,train
2019-01-18,-2.957765889,-1.9698264532757914,-0.9879394357242086,train
2019-01-21,-2.568482285,-2.207188648278821,-0.36129363672117876,train
2019-01-22,-2.45233998,-2.2381705823166005,-0.2141693976833996,train
2019-01-23,-1.438467501,-2.2632168980518976,0.8247493970518975,train
2019-01-24,-1.894413551,-1.952552299329104,0.05813874832910404,train
2019-01-25,-2.297972726,-2.016558417711858,-0.28141430828814196,train
2019-01-28,-2.417543327,-2.0567616118556495,-0.36078171514435065,train
2019-01-29,-1.050593902,-2.0852955249834695,1.0347016229834696,train
2019-01-30,-1.931739928,-1.6217613745802884,-0.3099785534197117,train
2019-01-31,-1.808237362,-1.8807668601641727,0.07252949816417265,train
2019-02-01,-2.574226381,-1.8476400347807735,-0.7265863462192264,train
2019-02-04,-2.709261906,-2.07547091844168,-0.6337909875583199,train
2019-02-05,-2.923514201,-2.1517693168960372,-0.7717448841039629,train
2019-02-06,-2.482358402,-2.388315744774099,-0.09404265722590122,train
2019-02-07,-2.853705539,-2.341313968448701,-0.5123915705512987,train
2019-02-08,-2.228814627,-2.544386868212294,0.31557224121229366,train
2019-02-11,-2.225316383,-2.3690461145536323,0.14372973155363233,train
2019-02-12,-1.984135474,-2.331061409684893,0.34692593568489327,train
2019-02-13,-1.450081029,-2.18612148349989,0.73604045449989,train
2019-02-14,-2.155768075,-1.9621536993172726,-0.19361437568272755,train
2019-02-15,-2.522341525,-2.0684463752621625,-0.4538951497378374,train
2019-02-18,-1.958702863,-2.1876872860602194,0.22898442306021938,train
2019-02-19,-2.109541458,-2.022378765318784,-0.08716269268121568,train
2019-02-20,-1.948863681,-2.061083688640253,0.11222000764025286,train
2019-02-21,-2.284425982,-2.062059346502546,-0.22236663549745428,train
2019-02-22,-2.523618153,-2.152934290090038,-0.37068386290996225,train
2019-02-25,-2.28859036,-2.2224424921530526,-0.0661478678469476,train
2019-02-26,-2.176444318,-2.20087798972485,0.02443367172484967,train
2019-02-27,-2.019681572,-2.1787920568569175,0.15911048485691737,train
2019-02-28,-2.453198909,-2.1433206488041114,-0.3098782601958887,train
2019-03-01,-2.689173182,-2.2786283221852854,-0.4105448598147148,train
2019-03-04,-2.101442847,-2.359068010082425,0.2576251630824249,train
2019-03-05,-2.715916326,-2.203445433278377,-0.5124708927216228,train
2019-03-06,-1.832109176,-2.4030191373707277,0.5709099613707278,train
2019-03-07,-2.209073803,-2.163351123360629,-0.045722679639371044,train
2019-03-08,-2.507047751,-2.2235505855237028,-0.2834971654762972,train
2019-03-11,-1.828930114,-2.2785742598426726,0.44964414584267254,train
2019-03-12,-2.212198789,-2.0788856511291494,-0.13331313787085053,train
2019-03-13,-2.450034986,-2.1240677484410937,-0.3259672375589062,train
2019-03-14,-2.434699985,-2.2412224946657093,-0.19347749033429062,train
2019-03-15,-2.781775371,-2.2634350335833027,-0.5183403374166975,train
2019-03-18,-2.696060712,-2.387026084367373,-0.3090346276326268,train
2019-03-19,-1.053934905,-2.452954538328258,1.399019633328258,train
2019-03-20,-1.999149082,-1.934087285174809,-0.06506179682519098,train
2019-03-21,-0.960547174,-2.120015189558255,1.1594680155582548,train
2019-03-22,-2.339296122,-1.720462383212648,-0.6188337387873519,train
2019-03-25,-2.505323448,-2.01530249245713,-0.49002095554287006,train
2019-03-26,-1.925240781,-2.039917986113143,0.11467720511314305,train
2019-03-27,-1.750260526,-1.9748639597574855,0.2246034337574856,train
2019-03-28,-1.927754599,-1.9037386636607525,-0.024015935339247507,train
2019-03-29,-2.41414871,-2.0336995003651843,-0.38044920963481577,train
2019-04-01,-2.343784164,-2.1619959909495075,-0.18178817305049266,train
2019-04-02,-2.434385667,-2.1288461129712566,-0.30553955402874333,train
2019-04-03,-2.778692377,-2.195225531823954,-0.5834668451760461,train
2019-04-04,-2.567573736,-2.3811187939214546,-0.1864549420785453,train
2019-04-05,-2.718933504,-2.3882178349689447,-0.3307156690310551,train
2019-04-08,-2.527867609,-2.46266081254851,-0.06520679645148997,train
2019-04-09,-2.319316945,-2.437289283490916,0.1179723384909157,train
2019-04-10,-2.629213386,-2.3743588358873327,-0.25485455011266733,train
2019-04-11,-2.329898652,-2.443748656988367,0.11385000498836728,train
2019-04-12,-2.97538179,-2.350906931248423,-0.6244748587515772,train
2019-04-15,-2.335095531,-2.5358009479623513,0.20070541696235145,train
2019-04-16,-2.560846589,-2.362724680618877,-0.1981219083811232,train
2019-04-17,-1.868475426,-2.4370987708006453,0.5686233448006452,train
2019-04-18,-4.070282847,-2.19071831641192,-1.8795645305880795,train
2019-04-19,-3.818991795,-2.915283421046168,-0.9037083739538319,train
2019-04-22,-2.465673723,-2.9531432661331345,0.4874695431331344,train
2019-04-23,-2.047238589,-2.6560881168982666,0.6088495278982666,train
2019-04-24,-2.180975406,-2.5044484475319235,0.3234730415319236,train
2019-04-25,-2.247075781,-2.5621563897108497,0.31508060871084975,train
2019-04-26,-2.732551512,-2.4119816227916036,-0.3205698892083966,train
2019-04-29,-2.500253712,-2.4384491825467194,-0.06180452945328074,train
2019-04-30,-1.440665415,-2.3920180942289786,0.9513526792289786,train
2019-05-01,-2.631080076,-2.070030373749562,-0.5610497022504379,train
2019-05-02,-2.189702861,-2.4014563025963125,0.2117534415963127,train
2019-05-03,-2.461596069,-2.287251157149245,-0.17434491185075496,train
2019-05-06,-2.27787855,-2.324008366404227,0.046129816404226975,train
2019-05-07,-2.243051382,-2.255959320470422,0.012907938470422042,train
2019-05-08,-2.008174651,-2.317024127465138,0.30884947646513794,train
2019-05-09,-2.584123632,-2.196900446460893,-0.38722318553910684,train
2019-05-10,-2.599316094,-2.3750555859155815,-0.22426050808441866,train
2019-05-13,-2.468814104,-2.391195238621833,-0.07761886537816665,train
2019-05-14,-1.991086024,-2.379071029147836,0.38798500514783596,train
2019-05-15,-2.685916417,-2.229950771536203,-0.45596564546379703,train
2019-05-16,-2.910651635,-2.4640019202124437,-0.4466497147875561,train
2019-05-17,-3.11691651,-2.5522639388628363,-0.5646525711371635,train
2019-05-20,-2.288854746,-2.663657929457051,0.3748031834570509,train
2019-05-21,-3.128279502,-2.4282463302591193,-0.7000331717408805,train
2019-05-22,-2.088392853,-2.728463274496611,0.6400704214966106,train
2019-05-23,-2.384460613,-2.418561572292483,0.034100959292483246,train
2019-05-24,-2.607344044,-2.4445318803179497,-0.16281216368205031,train
2019-05-28,-2.715995863,-2.4554116876914356,-0.26058417530856426,train
2019-05-29,-2.896434754,-2.526401182351261,-0.37003357164873885,train
2019-05-30,-2.048785449,-2.550038558885513,0.5012531098855129,train
2019-05-31,-2.287823652,-2.337477467205204,0.049653815205203955,train
2019-06-03,-1.664091107,-2.395244745100737,0.7311536381007371,train
2019-06-04,-1.701363956,-2.146881558553906,0.4455176025539058,train
2019-06-05,-1.3006524,-2.0561441441010198,0.7554917441010198,train
2019-06-06,-1.60264027,-1.7986293955351866,0.19598912553518666,train
2019-06-07,-2.550825307,-1.8224250565001872,-0.728400250499813,train
2019-06-10,-2.32350016,-2.0783879499751743,-0.24511221002482575,train
2019-06-11,-2.227394019,-2.088467829648182,-0.13892618935181833,train
2019-06-12,-2.739686318,-2.1103822829373615,-0.6293040350626384,train
2019-06-13,-2.032235449,-2.3690307819010625,0.33679533290106267,train
2019-06-14,-2.535958795,-2.234009097715064,-0.30194969728493604,train
2019-06-17,-1.60418657,-2.3597704662783903,0.7555838962783903,train
2019-06-18,-1.920628841,-2.0568687672579484,0.13623992625794834,train
2019-06-19,-1.938467338,-2.0936731242888453,0.1552057862888454,train
2019-06-20,-1.702201347,-2.010582464574876,0.3083811175748763,train
2019-06-21,-2.416674347,-1.916636179045651,-0.5000381679543489,train
2019-06-24,-1.516766019,-2.069686426703401,0.5529204077034009,train
2019-06-25,-2.156727714,-1.8387931109603453,-0.3179346030396548,train
2019-06-26,-2.510359174,-2.0122505706888814,-0.4981086033111186,train
2019-06-27,-2.518890665,-2.149475323436781,-0.36941534156321865,train
2019-06-28,-2.169813566,-2.225344191445224,0.05553062544522369,train
2019-07-01,-2.196206084,-2.110464236255819,-0.08574184774418114,train
2019-07-02,-2.283484269,-2.1816224254337406,-0.10186184356625949,train
2019-07-03,-3.594499528,-2.214365555023388,-1.380133972976612,train
2019-07-04,-2.199411495,-2.651709787083794,0.4522982920837939,train
2019-07-05,-3.00041593,-2.29175523104274,-0.7086606989572601,train
2019-07-08,-2.992203298,-2.5802868397144287,-0.41191645828557144,train
2019-07-09,-1.823760197,-2.667510852836253,0.8437506558362533,train
2019-07-10,-2.050971078,-2.3356793479656863,0.28470826996568643,train
2019-07-11,-2.754055128,-2.2438003658283314,-0.5102547621716687,train
2019-07-12,-2.823561001,-2.470305358885762,-0.35325564211423766,train
2019-07-15,-2.602974592,-2.471493479004444,-0.13148111299555598,train
2019-07-16,-2.938577671,-2.388439482985011,-0.5501381880149889,train
2019-07-17,-2.143831379,-2.5772780460223643,0.43344666702236445,train
2019-07-18,-1.831220837,-2.400579546081926,0.5693587090819259,train
2019-07-19,-2.937556148,-2.2385477196882526,-0.6990084283117475,train
2019-07-22,-2.83500551,-2.5262441957720565,-0.3087613142279433,train
2019-07-23,-2.512264921,-2.5355100507036354,0.02324512970363557,train
2019-07-24,-1.688536146,-2.4192440898728425,0.7307079438728425,train
2019-07-25,-2.522738854,-2.1805710846124042,-0.34216776938759574,train
2019-07-26,-2.911539128,-2.44960358578383,-0.4619355422161697,train
2019-07-29,-2.576361291,-2.5451087366973226,-0.03125255430267737,train
2019-07-30,-1.414204294,-2.4410305075739878,1.0268262135739878,train
2019-07-31,-1.759715855,-2.0510237205774375,0.2913078655774375,train
2019-08-01,-1.997046787,-2.136016227299227,0.1389694402992272,train
2019-08-02,-1.783674537,-2.1410969652895,0.3574224282895,train
2019-08-05,-1.704722987,-1.9650927681235584,0.26036978112355835,train
2019-08-06,-1.765741405,-1.859622356419779,0.09388095141977892,train
2019-08-07,-1.723357972,-1.8935341644583645,0.17017619245836446,train
2019-08-08,-2.198578125,-1.8661128333303887,-0.33246529166961136,train
2019-08-09,-2.407210893,-2.003289746179667,-0.40392114682033275,train
2019-08-12,-1.790718738,-2.115374506121219,0.32465576812121877,train
2019-08-13,-2.089853745,-1.9645312797161356,-0.12532246528386448,train
2019-08-14,-1.887895366,-2.0586500236346437,0.1707546576346437,train
2019-08-15,-2.116656698,-2.0175612243958154,-0.09909547360418447,train
2019-08-16,-2.802331287,-2.056016936293739,-0.7463143507062608,train
2019-08-19,-2.690804345,-2.264932829318875,-0.42587151568112525,train
2019-08-20,-2.801624004,-2.3311990896436177,-0.4704249143563821,train
2019-08-21,-2.142149441,-2.4225874267596055,0.28043798575960555,train
2019-08-22,-1.632684483,-2.280003817089975,0.647319334089975,train
2019-08-23,-1.972890623,-2.102809035272737,0.12991841227273682,train
2019-08-26,-2.748943907,-2.110615220783141,-0.6383286862168593,train
2019-08-27,-2.751228606,-2.305216135479312,-0.44601247052068826,train
2019-08-28,-2.284144559,-2.2993294103206745,0.015184851320674486,train
2019-08-29,-2.071406643,-2.1969651267912536,0.12555848379125356,train
2019-08-30,-2.571023181,-2.1937565755662236,-0.37726660543377655,train
2019-09-02,-1.511428291,-2.3784558577811694,0.8670275667811693,train
2019-09-03,-2.150610091,-2.003099962306147,-0.14751012869385294,train
2019-09-04,-2.268734954,-2.105027638335928,-0.16370731566407226,train
2019-09-05,-2.434522626,-2.138168863011467,-0.2963537629885331,train
2019-09-06,-2.125765615,-2.2191305465449225,0.09336493154492231,train
2019-09-09,-2.64857743,-2.107813969098191,-0.5407634609018088,train
2019-09-10,-2.771785623,-2.3442907100146404,-0.4274949129853596,train
2019-09-11,-0.666092133,-2.4356928864039515,1.7696007534039515,train
2019-09-12,-1.922940256,-1.7677024064215434,-0.15523784957845654,train
2019-09-13,-2.262337293,-2.0207043275018663,-0.2416329654981335,train
2019-09-16,-2.120293407,-2.119154515960963,-0.0011388910390373042,train
2019-09-17,-1.824684053,-2.035877576268755,0.21119352326875518,train
2019-09-18,-2.344578542,-1.8659894789452816,-0.47858906305471827,train
2019-09-19,-2.290160229,-2.1434321934280547,-0.14672803557194536,train
2019-09-20,-2.058843257,-2.158917044812342,0.10007378781234211,train
2019-09-23,-2.42593199,-2.083422878859166,-0.34250911114083404,train
2019-09-24,-2.635042632,-2.2088307633136166,-0.4262118686863836,train
2019-09-25,-2.13808521,-2.3417453536165604,0.2036601436165606,train
2019-09-26,-2.255411164,-2.1963017867338617,-0.059109377266138186,train
2019-09-27,-2.089165805,-2.2158904083224584,0.1267246033224585,train
2019-09-30,-1.745453827,-2.176583840120838,0.4311300131208382,train
2019-10-01,-2.450791407,-2.0270316425149266,-0.42375976448507346,train
2019-10-02,-1.389103022,-2.1782919650570847,0.7891889430570846,train
2019-10-03,-2.055713157,-1.8518375490791157,-0.20387560792088433,train
2019-10-04,-2.651106039,-1.9926192588109979,-0.6584867801890022,train
2019-10-07,-2.57064765,-2.1923174812880735,-0.3783301687119267,train
2019-10-08,-2.525462654,-2.2512008058064024,-0.27426184819359767,train
2019-10-09,-2.351143994,-2.2516348359752367,-0.09950915802476334,train
2019-10-10,-1.869836227,-2.2959341053855087,0.4260978783855087,train
2019-10-11,-2.862274381,-2.1529982160703467,-0.7092761649296535,train
2019-10-14,-1.560167652,-2.4353876816211706,0.8752200296211705,train
2019-10-15,-1.785776524,-2.0241396478093474,0.23836312380934732,train
2019-10-16,-1.684260676,-2.004420769995892,0.32016009399589196,train
2019-10-17,-2.448446889,-1.9132068243075278,-0.5352400646924722,train
2019-10-18,-2.587342312,-2.1577021533271905,-0.4296401586728096,train
2019-10-21,-2.11902273,-2.1681964260170696,0.049173696017069446,train
2019-10-22,-2.813525514,-2.105630911497401,-0.7078946025025994,train
2019-10-23,-1.789336484,-2.3765656333859617,0.5872291493859618,train
2019-10-24,-3.032471074,-2.1329660549764906,-0.8995050190235094,train
2019-10-25,-3.23728437,-2.4907351222884273,-0.7465492477115725,train
2019-10-28,-2.802729331,-2.612461871377972,-0.19026745962202796,train
2019-10-29,-1.796397899,-2.5774712592689184,0.7810733602689184,train
2019-10-30,-2.228226638,-2.2375347070938387,0.009308069093838522,train
2019-10-31,-2.274332948,-2.3875274143417817,0.11319446634178165,train
2019-11-01,-2.614871698,-2.326176030588212,-0.28869566741178776,train
2019-11-04,-2.220061493,-2.363589149914972,0.14352765691497194,train
2019-11-05,-3.148042183,-2.216188925651143,-0.9318532573488567,train
2019-11-06,-2.543741704,-2.570616689425824,0.026874985425824338,train
2019-11-07,-3.039738884,-2.4542715102730472,-0.5854673737269529,train
2019-11-08,-3.401315621,-2.6504190192852706,-0.7508966017147296,train
2019-11-11,-3.002565895,-2.822026655248473,-0.18053923975152708,train
2019-11-12,-2.936961814,-2.811227171136033,-0.12573464286396696,train
2019-11-13,-2.964207928,-2.776622856280087,-0.187585071719913,train
2019-11-14,-3.210816689,-2.837605579904456,-0.3732111090955441,train
2019-11-15,-3.127975019,-2.928400527807039,-0.1995744911929611,train
2019-11-18,-3.296580936,-2.898791860720217,-0.3977890752797828,train
2019-11-19,-2.86990197,-2.9759605756883705,0.10605860568837056,train
2019-11-20,-3.018377629,-2.870142492344682,-0.1482351366553183,train
2019-11-21,-2.441970243,-2.920716662800184,0.47874641980018406,train
2019-11-22,-3.136770234,-2.7064586334881287,-0.43031160051187145,train
2019-11-25,-3.292502579,-2.889150669575837,-0.4033519094241633,train
2019-11-26,-3.102909237,-2.929078527025487,-0.1738307099745131,train
2019-11-27,-3.710945095,-2.9036685411281535,-0.8072765538718465,train
2019-11-28,-2.584591514,-3.124295715340466,0.539704201340466,train
2019-11-29,-2.43394727,-2.8751495680539945,0.44120229805399447,train
2019-12-02,-2.816737538,-2.775772645758348,-0.040964892241651896,train
2019-12-03,-2.551953534,-2.8295379469579056,0.2775844129579057,train
2019-12-04,-2.924040643,-2.7138937526824423,-0.21014689031755784,train
2019-12-05,-2.230445435,-2.737904992600815,0.5074595576008152,train
2019-12-06,-3.513262562,-2.5280682147551943,-0.9851943472448057,train
2019-12-09,-3.110774437,-2.94769677639459,-0.16307766060540985,train
2019-12-10,-2.322165118,-2.878980020267927,0.5568149022679272,train
2019-12-11,-2.198723418,-2.656087070326033,0.4573636523260327,train
2019-12-12,-1.230886745,-2.5501498366784165,1.3192630916784165,train
2019-12-13,-2.636863621,-2.205692187351399,-0.431171433648601,train
2019-12-16,-2.623196202,-2.4588914191857656,-0.16430478281423433,train
2019-12-17,-2.760548282,-2.4038394312374245,-0.3567088507625753,train
2019-12-18,-2.546335278,-2.4736566241783544,-0.07267865382164551,train
2019-12-19,-2.889940761,-2.4462647363486565,-0.4436760246513436,train
2019-12-20,-3.2341767,-2.683478712463486,-0.5506979875365139,train
2019-12-23,-3.367333948,-2.8242195360320705,-0.5431144119679296,train
2019-12-24,-3.605784151,-2.9355707035427576,-0.6702134474572423,train
2019-12-26,-2.454402715,-3.0766819404382106,0.6222792254382106,train
2019-12-27,-2.475794727,-2.7819553681878126,0.30616064118781283,train
2019-12-30,-2.883684959,-2.741738628159819,-0.14194633084018093,train
2019-12-31,-2.285358478,-2.7982543910749134,0.5128959130749133,train
2020-01-02,-2.591088081,-2.5503849420562634,-0.04070313894373667,train
2020-01-03,-2.714420559,-2.531276046212777,-0.18314451278722332,train
2020-01-06,-2.381722522,-2.584020955238998,0.20229843323899788,train
2020-01-07,-2.121200495,-2.4933634921502437,0.3721629971502436,train
2020-01-08,-2.636971048,-2.3509972520285642,-0.2859737959714357,train
2020-01-09,-2.306509559,-2.512237005960308,0.20572744696030787,train
2020-01-10,-2.946771764,-2.3930900617218036,-0.5536817022781966,train
2020-01-13,-2.973942902,-2.566966449200579,-0.4069764527994213,train
2020-01-14,-2.75112402,-2.635700968898074,-0.11542305110192563,train
2020-01-15,-2.631628874,-2.6467086354350284,0.015079761435028427,train
2020-01-16,-3.127692303,-2.6327405523627556,-0.4949517506372443,train
2020-01-17,-3.422710864,-2.8338364290930778,-0.5888744349069222,train
2020-01-20,-2.964783953,-2.957812865911923,-0.0069710870880768105,train
2020-01-21,-2.906935372,-2.8490076182849142,-0.05792775371508574,train
2020-01-22,-1.940047675,-2.853515616412034,0.9134679414120341,train
2020-01-23,-3.05552337,-2.5461825994152014,-0.5093407705847985,train
2020-01-24,-2.850398541,-2.8059140788651113,-0.04448446213488877,train
2020-01-27,-3.170301534,-2.6976850883836256,-0.4726164456163744,train
2020-01-28,-2.821968535,-2.789022694955535,-0.03294584004446488,train
2020-01-29,-2.965013594,-2.7013169998089968,-0.26369659419100344,train
2020-01-30,-2.617743255,-2.8364113431025015,0.21866808810250138,train
2020-01-31,-2.788127234,-2.709232757577958,-0.07889447642204228,train
2020-02-03,-2.979556476,-2.7499209458859855,-0.2296355301140145,train
2020-02-04,-2.911476755,-2.782475639328174,-0.1290011156718256,train
2020-02-05,-2.51676686,-2.7765705225514186,0.2598036625514184,train
2020-02-06,-2.292602821,-2.641378260612669,0.34877543961266877,train
2020-02-07,-2.999909095,-2.559068490458488,-0.4408406045415121,train
2020-02-10,-2.779545388,-2.7529112624465943,-0.026634125553405497,train
2020-02-11,-2.529453752,-2.6864455505128557,0.1569917985128555,train
2020-02-12,-2.526507644,-2.5861840678408567,0.059676423840856696,train
2020-02-13,-2.577221423,-2.5815002862082554,0.0042788632082553235,train
2020-02-14,-3.562633252,-2.6182798770403606,-0.9443533749596393,train
2020-02-17,-2.235247176,-2.9178779671299098,0.6826307911299097,train
2020-02-18,-2.691557932,-2.538132410726047,-0.15342552127395281,train
2020-02-19,-2.193265318,-2.6550273234870794,0.46176200548707946,train
2020-02-20,-1.741327603,-2.4957200306803893,0.7543924276803893,train
2020-02-21,-1.821612719,-2.296511772451555,0.4748990534515549,train
2020-02-24,-2.019482526,-2.152591936404349,0.13310941040434887,train
2020-02-25,-1.61902418,-2.1688293361301967,0.5498051561301966,train
2020-02-26,-1.498005514,-1.9592784097150697,0.4612728957150698,train
2020-02-27,-0.732779908,-1.847246251366823,1.1144663433668232,train
2020-02-28,-0.636033896,-1.546523175626516,0.910489279626516,train
2020-03-02,-0.326000138,-1.3875594097150123,1.0615592717150124,train
2020-03-03,-1.163235159,-1.1304390711611594,-0.03279608783884069,train
2020-03-04,-1.314058667,-1.2717633073169958,-0.04229535968300424,train
2020-03-05,-0.644665351,-1.2727739356268395,0.6281085846268395,train
2020-03-06,0.735730197,-1.078787581796099,1.814517778796099,train
2020-03-09,-0.222378255,-0.583573424116248,0.36119516911624805,train
2020-03-10,-0.669724037,-0.7818804969495577,0.1121564599495577,train
2020-03-11,0.868998649,-0.8181912119166723,1.6871898609166722,train
2020-03-12,0.26945485,-0.20509737490558694,0.47455222490558696,train
2020-03-13,0.450902975,-0.2337911146968896,0.6846940896968896,train
2020-03-16,-0.228433978,-0.18414697591564633,-0.04428700208435368,train
2020-03-17,0.06973866,-0.3225422903183147,0.3922809503183147,train
2020-03-18,1.032072218,-0.14239159278249267,1.1744638107824925,train
2020-03-19,0.532670823,0.13996561710705496,0.39270520589294505,train
2020-03-20,0.577731391,0.07946135828565987,0.49827003271434017,train
2020-03-23,0.334185744,0.13232884042156257,0.20185690357843744,train
2020-03-24,-0.412867516,0.1487043807795938,-0.5615718967795937,train
2020-03-25,-0.10832901,-0.060566288013226,-0.047762721986774004,train
2020-03-26,-0.319826441,-0.07252035329881457,-0.24730608770118545,train
2020-03-27,-0.523899818,-0.18853287361131849,-0.3353669443886815,train
2020-03-30,-0.14745551,-0.3294792525260792,0.18202374252607917,train
2020-03-31,-0.825141088,-0.2773192316358306,-0.5478218563641694,train
2020-04-01,-0.439845812,-0.4807879276818066,0.04094211568180661,train
2020-04-02,-0.883016644,-0.420161212932693,-0.46285543106730703,train
2020-04-03,-1.112980276,-0.5761216689396651,-0.536858607060335,train
2020-04-06,-1.154493515,-0.6840541507779834,-0.4704393642220166,train
2020-04-07,-0.901482843,-0.7932762535836166,-0.10820658941638339,train
2020-04-08,-0.966149524,-0.7573607915236205,-0.20878873247637952,train
2020-04-09,-2.555999837,-0.8299892146715822,-1.7260106223284177,train
2020-04-10,-1.629654106,-1.388714814000699,-0.24093929199930098,train
2020-04-13,-1.480605515,-1.24114478157228,-0.2394607334277199,train
2020-04-14,-1.327761294,-1.2547075200631692,-0.07305377393683088,train
2020-04-15,-1.034018303,-1.2769862512536736,0.24296794825367352,train
2020-04-16,-1.183314033,-1.2214100225048232,0.03809598950482318,train
2020-04-17,-1.559440852,-1.1433175737655394,-0.4161232782344606,train
2020-04-20,-1.107672173,-1.2555562788257428,0.14788410582574274,train
2020-04-21,-1.7479137,-1.1300616318618901,-0.6178520681381099,train
2020-04-22,-0.775703624,-1.3485609017810427,0.5728572777810427,train
2020-04-23,-1.077763002,-1.1027183540346148,0.024955352034614853,train
2020-04-24,-1.564801981,-1.1728316529217404,-0.3919703280782596,train
2020-04-27,-1.435288993,-1.3064046060993058,-0.12888438690069415,train
2020-04-28,-1.464665337,-1.3178850542434235,-0.1467802827565765,train
2020-04-29,-0.654314395,-1.3088688711821677,0.6545544761821677,train
2020-04-30,-1.485254669,-1.108129169660705,-0.37712549933929496,train
2020-05-01,-1.646785302,-1.353165620589432,-0.29361968141056805,train
2020-05-04,-1.08985471,-1.4128234638767383,0.3229687538767383,train
2020-05-05,-1.553530699,-1.2489459927572502,-0.3045847062427498,train
2020-05-06,-1.531505407,-1.3735824468981148,-0.15792296010188522,train
2020-05-07,-1.727694984,-1.4539897225001752,-0.27370526149982477,train
2020-05-08,-1.738585142,-1.5327588230205555,-0.20582631897944448,train
2020-05-11,-1.602734768,-1.55234442160481,-0.05039034639519002,train
2020-05-12,-1.507525691,-1.5569653920741193,0.049439701074119435,train
2020-05-13,-1.643736806,-1.5284457040549058,-0.11529110194509418,train
2020-05-14,-1.705964766,-1.5734383433630281,-0.13252642263697179,train
2020-05-15,-1.105200359,-1.5905154022295829,0.48531504322958297,train
2020-05-18,-1.663157233,-1.3878268816118577,-0.2753303513881422,train
2020-05-19,-1.926254563,-1.53293110588486,-0.39332345711514005,train
2020-05-20,-1.592088785,-1.6391852158580167,0.047096430858016625,train
2020-05-21,-2.143141712,-1.5592622110431007,-0.5838795009568991,train
2020-05-22,-2.684661245,-1.7368269473258582,-0.9478342976741418,train
2020-05-25,-1.767821008,-2.034863101559476,0.26704209355947595,train
2020-05-26,-0.761360506,-1.831526472801111,1.070165966801111,train
2020-05-27,-1.53170312,-1.4722431799182438,-0.059459940081756146,train
2020-05-28,-1.023257222,-1.6530292871776986,0.6297720651776986,train
2020-05-29,-1.597518478,-1.4217087451938406,-0.1758097328061594,train
2020-06-01,-1.372559297,-1.4690471545358186,0.09648785753581857,train
2020-06-02,-1.270218188,-1.3769244024647054,0.1067062144647053,train
2020-06-03,-0.678988966,-1.3955249339255404,0.7165359679255404,train
2020-06-04,-0.793404257,-1.169470655027646,0.37606639802764597,train
2020-06-05,-1.447328077,-1.167327596933884,-0.280000480066116,train
2020-06-08,-1.340702502,-1.3097788725445827,-0.03092362945541738,train
2020-06-09,-0.819559122,-1.2769389530437394,0.45737983104373936,train
2020-06-10,-0.787169335,-1.0996026369413485,0.31243330194134855,train
2020-06-11,-0.851838561,-1.0929751767347855,0.2411366157347855,train
2020-06-12,-1.151601289,-1.1068178081025226,-0.04478348089747741,train
2020-06-15,-1.069224024,-1.1460670366995394,0.07684301269953941,train
2020-06-16,-1.147026982,-1.0940480400190649,-0.052978941980935224,train
2020-06-17,-1.331710786,-1.1436846010364408,-0.18802618496355916,train
2020-06-18,-1.177239379,-1.235157293615063,0.057917914615063015,train
2020-06-19,-1.835012858,-1.2200871736546897,-0.6149256843453104,train
2020-06-22,-1.463564533,-1.4445724652639682,-0.018992067736031792,train
2020-06-23,-1.490295976,-1.3844658506484335,-0.10583012535156655,train
2020-06-24,-1.741852155,-1.40979855588913,-0.33205359911086996,train
2020-06-25,-1.998996237,-1.5081921871287263,-0.4908040498712738,train
2020-06-26,-1.861563377,-1.6600021266984974,-0.20156125030150251,train
2020-06-29,-1.510665487,-1.6330026034598415,0.12233711645984147,train
2020-06-30,-1.940165606,-1.5582717101612382,-0.3818938958387619,train
2020-07-01,-1.476029547,-1.7071968090606724,0.2311672620606724,train
2020-07-02,-2.308424191,-1.5719241747975445,-0.7365000162024553,train
2020-07-03,-1.784201821,-1.8123134673261316,0.028111646326131723,train
2020-07-06,-1.707369717,-1.6910415017783444,-0.016328215221655507,train
2020-07-07,-1.831813295,-1.7008221992888926,-0.13099109571110734,train
2020-07-08,-1.285077962,-1.7248800537569706,0.4398020917569707,train
2020-07-09,-2.038617467,-1.5749620741514212,-0.4636553928485787,train
2020-07-10,-1.795880573,-1.7444721141263027,-0.05140845887369738,train
2020-07-13,-1.956043841,-1.698157627421025,-0.257886213578975,train
2020-07-14,-1.748562843,-1.7718709042809204,0.023308061280920445,train
2020-07-15,-1.59729281,-1.7207175359716245,0.12342472597162457,train
2020-07-16,-1.999339261,-1.719122631002537,-0.2802166299974631,train
2020-07-17,-1.249433034,-1.8215027234647265,0.5720696894647266,train
2020-07-20,-1.12104452,-1.589341970316024,0.468297450316024,train
2020-07-21,-1.195950764,-1.480168090834857,0.2842173268348569,train
2020-07-22,-1.543599246,-1.4398172671954805,-0.10378197880451956,train
2020-07-23,-1.575001245,-1.5193432218040575,-0.055658023195942485,train
2020-07-24,-1.130174444,-1.48835204531078,0.35817760131078,train
2020-07-27,-1.385521334,-1.3635569802617593,-0.021964353738240794,train
2020-07-28,-1.281570052,-1.4429043662824905,0.16133431428249057,train
2020-07-29,-1.246165821,-1.4195298138201478,0.1733639928201478,train
2020-07-30,-0.847071524,-1.3804593897807957,0.5333878657807958,train
2020-07-31,-1.299544821,-1.2047993012256124,-0.09474551977438761,train
2020-08-03,-1.409843905,-1.3274975373841613,-0.08234636761583869,train
2020-08-04,-1.289018394,-1.346496458941715,0.057478064941715035,train
2020-08-05,-1.045206533,-1.3127157357640316,0.26750920276403156,train
2020-08-06,-1.115608508,-1.2281363260795861,0.11252781807958612,train
2020-08-07,-1.856927214,-1.2622413324466886,-0.5946858815533114,train
2020-08-10,-1.23254205,-1.4986936235349435,0.26615157353494356,train
2020-08-11,-1.3540171,-1.3231755459589039,-0.03084155404109623,train
2020-08-12,-1.531114776,-1.35362932614471,-0.1774854498552898,train
2020-08-13,-1.717615862,-1.4368030382209032,-0.2808128237790968,train
2020-08-14,-1.810613304,-1.5373364026634175,-0.27327690133658256,train
2020-08-17,-1.43275033,-1.557731484767796,0.12498115476779614,train
2020-08-18,-1.115896209,-1.4792563448857314,0.36336013588573146,train
2020-08-19,-1.230514504,-1.3794123272728651,0.14889782327286505,train
2020-08-20,-1.302624049,-1.3802236429338834,0.07759959393388338,train
2020-08-21,-1.922402284,-1.3601360668924403,-0.5622662171075596,train
2020-08-24,-1.747276436,-1.5237908095621995,-0.22348562643780046,train
2020-08-25,-1.869770665,-1.5127896881740286,-0.3569809768259715,train
2020-08-26,-0.626162514,-1.6204544207157325,0.9942919067157325,train
2020-08-27,-1.17060676,-1.2567323433131223,0.08612558331312226,train
2020-08-28,-1.667251412,-1.3742400754628505,-0.2930113365371494,train
2020-08-31,-0.865532298,-1.4745972564533658,0.6090649584533658,train
2020-09-01,-1.278094145,-1.199880390407356,-0.07821375459264401,train
2020-09-02,-1.34275322,-1.2438762283709768,-0.0988769916290233,train
2020-09-03,-1.253553961,-1.3253572832623268,0.07180332226232689,train
2020-09-04,-2.551977444,-1.311223807416881,-1.2407536365831189,train
2020-09-07,-1.37984896,-1.7223679703637766,0.34251901036377674,train
2020-09-08,-1.61043364,-1.4910664028538179,-0.11936723714618225,train
2020-09-09,-0.989553039,-1.5747715181035116,0.5852184791035115,train
2020-09-10,-1.898034254,-1.389877668573024,-0.5081565854269758,train
2020-09-11,-2.254079497,-1.6743487441163656,-0.5797307528836346,train
2020-09-14,-1.91172363,-1.7401933810464107,-0.17153024895358926,train
2020-09-15,-1.095615078,-1.7094105954995644,0.6137955174995644,train
2020-09-16,-1.438979874,-1.4573607962162298,0.01838092221622989,train
2020-09-17,-2.054804628,-1.581849871435459,-0.4729547565645409,train
2020-09-18,-1.426793709,-1.7548475033488748,0.3280537943488748,train
2020-09-21,-1.366602162,-1.5289317280874921,0.16232956608749216,train
2020-09-22,-1.470481185,-1.4644412642791016,-0.0060399207208983174,train
2020-09-23,-1.402465892,-1.519374620477438,0.11690872847743816,train
2020-09-24,-1.854251792,-1.495851632259499,-0.3584001597405009,train
2020-09-25,-1.848021809,-1.5857311329267996,-0.26229067607320045,train
2020-09-28,-1.664395966,-1.6367427017718548,-0.02765326422814529,train
2020-09-29,-1.436290316,-1.6256473452026796,0.1893570292026796,train
2020-09-30,-1.564592465,-1.5650632495495131,0.00047078454951310356,train
2020-10-01,-1.7430666,-1.6186403834921426,-0.12442621650785735,train
2020-10-02,-2.317782872,-1.6563129812845903,-0.6614698907154097,train
2020-10-05,-1.534713912,-1.848927160384644,0.31421324838464404,train
2020-10-06,-2.082495074,-1.651518262980109,-0.43097681101989105,train
2020-10-07,-2.32248947,-1.838306045130655,-0.48418342486934485,train
2020-10-08,-2.175768273,-1.9768314968248812,-0.19893677617511885,train
2020-10-09,-2.3924786,-1.9879449763632766,-0.4045336236367234,train
2020-10-12,-2.053666437,-2.0623396441896533,0.008673207189653365,train
2020-10-13,-2.231524993,-2.030787798539328,-0.20073719446067173,train
2020-10-14,-2.089933024,-2.087198472884013,-0.0027345511159868607,train
2020-10-15,-2.245079342,-2.0334424512686677,-0.21163689073133218,train
2020-10-16,-2.175516518,-2.089758446096191,-0.08575807190380891,train
2020-10-19,-2.173665275,-2.060874505250587,-0.11279076974941304,train
2020-10-20,-2.049993341,-2.072887684542361,0.022894343542361195,train
2020-10-21,-2.14059387,-2.033043886517717,-0.10754998348228284,train
2020-10-22,-2.073381146,-2.0679988406201115,-0.005382305379888486,train
2020-10-23,-2.222202559,-2.042432866040669,-0.17976969295933065,train
2020-10-26,-2.074467854,-2.091525577761531,0.01705772376153103,train
2020-10-27,-1.890885867,-2.0491545086399423,0.15826864163994236,train
2020-10-28,-1.590914531,-1.9906508913111263,0.39973636031112636,train
2020-10-29,-1.857339849,-1.8665438044559055,0.009203955455905577,train
2020-10-30,-2.355917835,-1.9151456499730977,-0.4407721850269024,train
2020-11-02,-2.034054577,-2.056178190869042,0.022123613869041936,train
2020-11-03,-0.113604433,-1.97815023250004,1.86454579950004,train
2020-11-04,-1.042870422,-1.3267098969738687,0.28383947497386863,train
2020-11-05,-1.037179344,-1.493956479833528,0.4567771358335282,train
2020-11-06,-0.838258171,-1.4048948316639627,0.5666366606639627,train
2020-11-09,-1.201471514,-1.1996727235838853,-0.0017987904161147483,train
2020-11-10,-1.822158153,-1.1989919670725913,-0.6231661859274087,train
2020-11-11,-1.92021912,-1.5010383437181196,-0.41918077628188044,train
2020-11-12,-2.328359949,-1.6047856049758669,-0.7235743440241333,train
2020-11-13,-1.962541485,-1.8241464921003314,-0.1383949928996686,train
2020-11-16,-2.32218347,-1.839315522385824,-0.4828679476141762,train
2020-11-17,-2.411433981,-2.030935371509783,-0.3804986094902172,train
2020-11-18,-2.252419708,-2.1097963047866912,-0.1426234032133089,train
2020-11-19,-2.568748828,-2.1032956053494027,-0.4654532226505972,train
2020-11-20,-1.704170864,-2.207426540741399,0.5032556767413991,train
2020-11-23,-1.693445035,-1.9706076088967397,0.2771625738967396,train
2020-11-24,-1.700881389,-1.905398630504437,0.20451724150443695,train
2020-11-25,-2.441828469,-1.8354071539774557,-0.6064213150225441,train
2020-11-26,-2.654778489,-2.035311359911204,-0.6194671290887959,train
2020-11-27,-1.723382842,-2.1028844313533845,0.3795015893533846,train
2020-12-01,-1.529443632,-1.882014502543012,0.35257087054301195,train
2020-12-02,-1.787405967,-1.8165190734772603,0.029113106477260287,train
2020-12-03,-1.770906726,-1.8804336015807088,0.10952687558070884,train
2020-12-04,-1.780362096,-1.8111857288323607,0.03082363283236078,train
2020-12-07,-2.079078782,-1.7503071905088783,-0.32877159149112156,train
2020-12-08,-2.003055432,-1.8665707711430644,-0.13648466085693567,train
2020-12-09,-1.438686559,-1.9028695606993236,0.4641830016993236,train
2020-12-10,-1.896617018,-1.741190399724148,-0.1554266182758519,train
2020-12-11,-1.881176167,-1.870648975322431,-0.010527191677569103,train
2020-12-14,-1.752366427,-1.8769550461555915,0.1245886191555916,train
2020-12-15,-1.058872342,-1.8137412825502741,0.7548689405502742,train
2020-12-16,-1.938528915,-1.5452064320486694,-0.39332248295133065,train
2020-12-17,-2.208964266,-1.8030916761331985,-0.40587258986680164,train
2020-12-18,-1.094953793,-1.8959794538053139,0.8010256608053139,train
2020-12-21,-1.722920178,-1.5404450918169204,-0.18247508618307973,train
2020-12-22,-1.600904079,-1.6830241495970601,0.08212007059706017,train
2020-12-23,-2.440943753,-1.6935263350591223,-0.7474174179408777,train
2020-12-24,-1.727670523,-1.9504179480888775,0.22274742508887746,train
2020-12-28,-1.882356513,-1.7344027650390275,-0.1479537479609725,train
2020-12-29,-1.660436575,-1.8468433973760936,0.18640682237609352,train
2020-12-30,-1.609303512,-1.7791113805570986,0.1698078685570985,train
2020-12-31,-1.643923088,-1.7561847226681873,0.11226163466818728,train
2021-01-04,-2.094367619,-1.6895109171192104,-0.40485670188078937,train
2021-01-05,-1.093256604,-1.8381637112309748,0.7449071072309748,train
2021-01-06,-1.631010373,-1.5163151845044376,-0.11469518849556248,train
2021-01-07,-0.928449999,-1.6414402572402962,0.7129902582402962,train
2021-01-08,-1.516006966,-1.399773453627442,-0.11623351237255797,train
2021-01-11,-1.665941667,-1.5231040044933455,-0.14283766250665453,train
2021-01-12,-1.591717895,-1.515651055861945,-0.07606683913805501,train
2021-01-13,-1.561525626,-1.5458271091655624,-0.01569851683443768,train
2021-01-14,-1.937199037,-1.5284438460178222,-0.40875519098217783,train
2021-01-15,-2.595506176,-1.7132765300720645,-0.8822296459279357,train
2021-01-18,-2.181727197,-1.9812808942336773,-0.20044630276632258,train
2021-01-19,-1.793652718,-1.941948026460461,0.14829530846046102,train
2021-01-20,-1.865520164,-1.8657768885760513,0.0002567245760511927,train
2021-01-21,-2.082197046,-1.9075990426425662,-0.17459800335743392,train
2021-01-22,-2.152311091,-1.9839903996940997,-0.16832069130590033,train
2021-01-25,-2.151330405,-1.9643197580609106,-0.1870106469390893,train
2021-01-26,-1.54963226,-1.9672608600857497,0.41762860008574965,train
2021-01-27,-1.658726851,-1.7900656671750537,0.13133881617505372,train
2021-01-28,-1.688594684,-1.796327328098641,0.10773264409864103,train
2021-01-29,-1.873854587,-1.7647882242202637,-0.10906636277973636,train
2021-02-01,-1.742585838,-1.7857902408679363,0.04320440286793614,train
2021-02-02,-2.137925384,-1.7176394200322513,-0.42028596396774853,train
2021-02-03,-2.156532399,-1.8728720766374685,-0.2836603223625316,train
2021-02-04,-2.052412207,-1.9243317989907633,-0.1280804080092368,train
2021-02-05,-2.185209872,-1.9435841512614163,-0.2416257207385839,train
2021-02-08,-2.281266514,-2.0105435526845015,-0.27072296131549844,train
2021-02-09,-2.392656012,-2.098519907382835,-0.2941361046171651,train
2021-02-10,-2.676914936,-2.1585787763632784,-0.5183361596367217,train
2021-02-11,-2.475602132,-2.286407121846988,-0.189195010153012,train
2021-02-12,-3.004328349,-2.286975614656333,-0.7173527343436672,train
2021-02-15,-2.105659814,-2.506123334425128,0.4004635204251281,train
2021-02-16,-2.063679956,-2.2753989512784,0.2117189952784,train
2021-02-17,-2.47595933,-2.2288961469882436,-0.24706318301175623,train
2021-02-18,-2.342916142,-2.3126115761589356,-0.030304565841064335,train
2021-02-19,-2.016160272,-2.274249911006703,0.2580896390067031,train
2021-02-22,-2.387359064,-2.105356054061639,-0.2820030099383608,train
2021-02-23,-1.742028095,-2.2242016516192207,0.4821735566192207,train
2021-02-24,-1.369734466,-2.034534391299307,0.6647999252993071,train
2021-02-25,-1.103358956,-1.833532831794122,0.7301738757941221,train
2021-02-26,-1.90402473,-1.6492718569935387,-0.2547528730064612,train
2021-03-01,-1.780883733,-1.8341644913648238,0.05328075836482382,train
2021-03-02,-1.781880997,-1.749129695072023,-0.03275130192797704,train
2021-03-03,-1.67080786,-1.7520733360391418,0.0812654760391418,train
2021-03-04,-1.318582626,-1.7525702001354218,0.43398757413542177,train
2021-03-05,-2.090333188,-1.678903177625594,-0.41143001037440574,train
2021-03-08,-1.961918907,-1.8812009725630823,-0.08071793443691777,train
2021-03-09,-1.748562279,-1.86615560159456,0.11759332259456001,train
2021-03-10,-1.521396397,-1.8069575826059632,0.2855611856059632,train
2021-03-11,-2.018756177,-1.7301123205469497,-0.28864385645305046,train
2021-03-12,-2.033090358,-1.9108309981129432,-0.12225935988705672,train
2021-03-15,-2.167197906,-1.9019319942634771,-0.26526591173652303,train
2021-03-16,-1.656173613,-1.9499296512182624,0.29375603821826246,train
2021-03-17,-1.790839622,-1.8036721682592325,0.012832546259232469,train
2021-03-18,-2.431956355,-1.8577025933327505,-0.5742537616672496,train
2021-03-19,-2.129866368,-2.05441321361539,-0.07545315438460998,train
2021-03-22,-2.080342481,-1.98695407515932,-0.0933884058406802,train
2021-03-23,-2.069949015,-1.9640947602946919,-0.10585425470530829,train
2021-03-24,-2.000627421,-2.000669073592529,4.165259252930653e-05,train
2021-03-25,-2.417206018,-1.9992848141988553,-0.4179212038011446,train
2021-03-26,-2.191737757,-2.105510663615486,-0.08622709338451395,train
2021-03-29,-2.396260223,-2.065983189841443,-0.33027703315855694,train
2021-03-30,-2.126218414,-2.1586829556186435,0.03246454161864376,train
2021-03-31,-2.137740041,-2.10136640251192,-0.03637363848807995,train
2021-04-01,-2.706989006,-2.120785340281537,-0.5862036657184633,train
2021-04-02,-2.505181687,-2.294798362988968,-0.210383324011032,train
2021-04-05,-2.291662216,-2.2844994871326523,-0.007162728867347923,train
2021-04-06,-1.983427165,-2.2340105135587,0.2505833485587001,train
2021-04-07,-2.265970148,-2.1453981440267715,-0.12057200397322854,train
2021-04-08,-2.359360566,-2.228624953857287,-0.130735612142713,train
2021-04-09,-2.354630497,-2.2254231101994346,-0.12920738680056543,train
2021-04-12,-2.115541517,-2.219370725492359,0.1038292084923591,train
2021-04-13,-2.451695661,-2.1465173248988205,-0.3051783361011795,train
2021-04-14,-2.160434473,-2.275522582078895,0.11508810907889488,train
2021-04-15,-2.400620142,-2.195552126198223,-0.20506801580177703,train
2021-04-16,-1.91234372,-2.2653018066783366,0.3529580866783366,train
2021-04-19,-2.215943137,-2.108003280787667,-0.10793985621233304,train
2021-04-20,-2.247027098,-2.188034640482224,-0.0589924575177756,train
2021-04-21,-2.041695572,-2.177754067777091,0.13605849577709073,train
2021-04-22,-2.509736939,-2.1168831100897494,-0.3928538289102508,train
2021-04-23,-2.14303111,-2.244445330271379,0.10141422027137903,train
2021-04-26,-2.469223427,-2.1792240476617497,-0.2899993793382505,train
2021-04-27,-1.828801367,-2.2818357260861735,0.4530343590861734,train
2021-04-28,-2.368306011,-2.084883039646451,-0.283422971353549,train
2021-04-29,-1.92604553,-2.2447681377773727,0.3187226077773728,train
2021-04-30,-2.280691134,-2.081879255653552,-0.1988118783464481,train
2021-05-03,-1.969381177,-2.181574331135385,0.21219315413538475,train
2021-05-04,-2.760605226,-2.052129961329656,-0.7084752646703438,train
2021-05-05,-2.395664205,-2.33196579628475,-0.06369840871525012,train
2021-05-06,-0.870454041,-2.247837077047895,1.377383036047895,train
2021-05-07,-1.893354716,-1.770528435460186,-0.12282628053981393,train
2021-05-10,-2.071158052,-1.9765535971465562,-0.09460445485344371,train
2021-05-11,-1.008978584,-2.0256577284614745,1.0166791444614744,train
2021-05-12,-1.901764411,-1.5924767645836195,-0.3092876464163805,train
2021-05-13,-2.556341283,-1.7590156313253367,-0.7973256516746634,train
2021-05-14,-2.506022795,-2.0744709955040337,-0.4315517994959661,train
2021-05-17,-2.492605088,-2.123122654491981,-0.3694824335080189,train
2021-05-18,-1.817110549,-2.1600995788120354,0.3429890298120355,train
2021-05-19,-2.367425676,-2.0717010410687227,-0.2957246349312772,train
2021-05-20,-1.883980466,-2.2490788208551002,0.36509835485510034,train
2021-05-21,-2.185323672,-2.066255974189981,-0.11906769781001891,train
2021-05-24,-2.143154876,-2.110498040221323,-0.03265683577867717,train
2021-05-25,-2.208459536,-2.0638479398283094,-0.1446115961716905,train
2021-05-26,-2.064277474,-2.1166768218981575,0.0523993478981577,train
2021-05-27,-2.1123649,-2.049369812860127,-0.06299508713987301,train
2021-05-28,-2.456022027,-2.085277134038564,-0.3707448929614361,train
2021-06-01,-2.405531451,-2.1941006124047187,-0.21143083859528122,train
2021-06-02,-2.174636103,-2.211588331571549,0.03695222857154912,train
2021-06-03,-1.589505687,-2.1517297637302666,0.5622240767302666,train
2021-06-04,-2.557861743,-1.9626361857541594,-0.5952255572458407,train
2021-06-07,-2.720693486,-2.234858493810049,-0.4858349921899512,train
2021-06-08,-2.903969626,-2.3022019802787583,-0.6017676457212415,train
2021-06-09,-1.962381685,-2.4148464809663706,0.45246479596637057,train
2021-06-10,-2.553342852,-2.169301729702891,-0.3840411222971092,train
2021-06-11,-2.670960726,-2.40640588885461,-0.2645548371453903,train
2021-06-14,-2.670527152,-2.463356202070265,-0.20717094992973495,train
2021-06-15,-0.867223285,-2.4669718225967316,1.5997485375967315,train
2021-06-16,-1.477730083,-1.82520186866941,0.34747178566941006,train
2021-06-17,-1.597642207,-1.9157967496031425,0.31815454260314247,train
2021-06-18,-1.867450421,-1.8459889267576979,-0.021461494242302148,train
2021-06-21,-2.05441726,-1.8367159015444137,-0.21770135845558647,train
2021-06-22,-2.298190309,-1.8209783063545466,-0.4772120026454536,train
2021-06-23,-2.330315045,-2.0172555956531077,-0.3130594493468921,train
2021-06-24,-2.499413441,-2.10587199103698,-0.3935414499630201,train
2021-06-25,-2.160094386,-2.2343253136628087,0.07423092766280881,train
2021-06-28,-2.428364214,-2.1793755095574903,-0.24898870444250987,train
2021-06-29,-2.051390542,-2.282678923864494,0.23128838186449396,train
2021-06-30,-2.198393218,-2.168353892988593,-0.030039325011407048,train
2021-07-01,-1.724960938,-2.188642594933441,0.463681656933441,train
2021-07-02,-2.825677053,-1.9952688409692367,-0.8304082120307634,train
2021-07-05,-2.099809041,-2.329123726450555,0.229314685450555,train
2021-07-06,-1.959683242,-2.129478909060823,0.16979566706082272,train
2021-07-07,-1.978787615,-2.0807076146263412,0.10191999962634113,train
2021-07-08,-2.502984624,-2.05678385231435,-0.4462007716856502,train
2021-07-09,-2.369101387,-2.250905753551053,-0.11819563344894712,train
2021-07-12,-1.646301372,-2.1806596154743128,0.5343582434743128,train
2021-07-13,-2.39551441,-1.9546686931459616,-0.4408457168540385,train
2021-07-14,-2.449987879,-2.1724710720279328,-0.27751680697206726,train
2021-07-15,-2.528215438,-2.227001863905651,-0.3012135740943491,train
2021-07-16,-2.256080582,-2.266290452049068,0.010209870049068037,train
2021-07-19,-2.091851537,-2.1987903690243007,0.10693883202430055,train
2021-07-20,-2.521489775,-2.206110546099821,-0.3153792289001789,train
2021-07-21,-1.675668489,-2.3283379999803087,0.6526695109803087,train
2021-07-22,-2.523787054,-2.048669047132041,-0.47511800686795924,train
2021-07-23,-2.377574685,-2.254782965038574,-0.1227917199614259,train
2021-07-26,-2.256843248,-2.231419582127477,-0.02542366587252287,train
2021-07-27,-1.822948759,-2.2150714734626673,0.39212271446266733,train
2021-07-28,-2.556707723,-2.042018305027217,-0.5146894179727832,train
2021-07-29,-2.474231226,-2.301919247671773,-0.17231197832822698,train
2021-07-30,-2.257823947,-2.2820778050793873,0.024253858079387403,train
2021-08-02,-2.678624812,-2.2195177144891574,-0.45910709751084244,train
2021-08-03,-2.057725597,-2.370402480273322,0.31267688327332177,train
2021-08-04,-2.396759088,-2.234469518780317,-0.16228956921968285,train
2021-08-05,-2.455004588,-2.3044053493846848,-0.1505992386153152,train
2021-08-06,-2.612397311,-2.3220346856062846,-0.2903626253937155,train
2021-08-09,-2.818090366,-2.399798178678972,-0.4182921873210277,train
2021-08-10,-2.364537038,-2.4656998979170286,0.10116285991702867,train
2021-08-11,-2.84732131,-2.385059951131823,-0.46226135886817676,train
2021-08-12,-2.935965989,-2.5562339344434415,-0.37973205455655856,train
2021-08-13,-2.913195665,-2.6281960786967447,-0.2849995863032553,train
2021-08-16,-2.376350013,-2.6557498542620204,0.2793998412620202,train
2021-08-17,-1.83594997,-2.483833833192571,0.6478838631925712,train
2021-08-18,-2.353824342,-2.300057887855555,-0.0537664541444447,train
2021-08-19,-2.628883192,-2.3816170686535862,-0.24726612334641374,train
2021-08-20,-2.408529065,-2.4204061634956613,0.011877098495661098,train
2021-08-23,-2.538695726,-2.328438877666294,-0.21025684833370573,train
2021-08-24,-2.355956086,-2.3750217380996377,0.01906565209963773,train
2021-08-25,-2.470440317,-2.3791867327539893,-0.09125358424601071,train
2021-08-26,-1.838879546,-2.41991005430993,0.5810305083099301,train
2021-08-27,-3.038700876,-2.1946406544624635,-0.8440602215375366,train
2021-08-30,-2.43706543,-2.5472031986089116,0.11013776860891156,train
2021-08-31,-2.524027123,-2.392585560061264,-0.1314415629387362,train
2021-09-01,-2.956785315,-2.432046799702809,-0.5247385152971908,train
2021-09-02,-1.712117658,-2.584445190849374,0.8723275328493743,train
2021-09-03,-3.442043341,-2.2694058931082672,-1.172637447891733,train
2021-09-06,-2.433385248,-2.7345620051187733,0.30117675711877334,train
2021-09-07,-2.651612182,-2.4912917661732603,-0.16032041582673973,train
2021-09-08,-2.075454201,-2.556094515514573,0.48064031451457323,train
2021-09-09,-2.768544349,-2.3273854173065085,-0.4411589316934914,train
2021-09-10,-2.76517357,-2.596822326261365,-0.16835124373863497,train
2021-09-13,-2.13486365,-2.532154502835721,0.3972908528357211,train
2021-09-14,-2.422179562,-2.3439895843043788,-0.07818997769562142,train
2021-09-15,-2.456094069,-2.386422719718774,-0.0696713492812262,train
2021-09-16,-2.597922182,-2.430858885031147,-0.1670632969688528,train
2021-09-17,-2.734014862,-2.4574253661685663,-0.27658949583143366,train
2021-09-20,-2.434934633,-2.4914195942435065,0.056484961243506326,train
2021-09-21,-1.354132666,-2.4452543089779732,1.0911216429779733,train
2021-09-22,-2.353520275,-2.0743546511763262,-0.27916562382367394,train
2021-09-23,-2.579934283,-2.3032549792921326,-0.2766793037078674,train
2021-09-24,-2.52482314,-2.358502343686105,-0.16632079631389507,train
2021-09-27,-2.156414811,-2.3263769006640356,0.1699620896640357,train
2021-09-28,-2.107145537,-2.2152913387042874,0.10814580170428734,train
2021-09-29,-1.99265287,-2.2633178407276415,0.2706649707276416,train
2021-09-30,-2.146838129,-2.1973549408874806,0.050516811887480806,train
2021-10-01,-2.505716815,-2.19005313137491,-0.3156636836250901,train
2021-10-04,-2.455663387,-2.2697046852950287,-0.1859587017049713,train
2021-10-05,-2.228596599,-2.2936078999804668,0.06501130098046692,train
2021-10-06,-2.720602547,-2.2370334232330817,-0.4835691237669182,train
2021-10-07,-2.489997094,-2.4262595818329036,-0.06373751216709644,train
2021-10-08,-2.87204237,-2.4009305851537652,-0.4711117848462347,train
2021-10-11,-2.65531703,-2.5356185319763567,-0.1196984980236433,train
2021-10-12,-2.317236544,-2.5008085776691944,0.1835720336691944,train
2021-10-13,-2.756891995,-2.4228220136835765,-0.3340699813164236,train
2021-10-14,-2.725047544,-2.5387681472094217,-0.18627939679057848,train
2021-10-15,-2.494282971,-2.5562737941427938,0.061990823142793694,train
2021-10-18,-2.460065901,-2.466028199617429,0.005962298617428807,train
2021-10-19,-2.748343598,-2.4381296741775187,-0.31021392382248125,train
2021-10-20,-2.67885808,-2.547748599680487,-0.13110948031951297,train
2021-10-21,-2.566580332,-2.52643217152814,-0.040148160471860095,train
2021-10-22,-2.537863631,-2.4979033014158976,-0.03996032958410245,train
2021-10-25,-2.674860149,-2.4970585330823525,-0.17780161591764765,train
2021-10-26,-2.344505784,-2.5510362347663005,0.2065304507663006,train
2021-10-27,-1.565447389,-2.4320190656488396,0.8665716766488396,train
2021-10-28,-1.785369097,-2.13455742089174,0.34918832389174015,train
2021-10-29,-2.332424165,-2.1112961167904105,-0.22112804820958942,train
2021-11-01,-2.477657072,-2.2275194734098163,-0.2501375985901837,train
2021-11-02,-1.820605984,-2.2477293245807424,0.4271233405807424,train
2021-11-03,-2.399502232,-2.033431483697494,-0.3660707483025063,train
2021-11-04,-1.987000828,-2.2496879940773877,0.26268716607738773,train
2021-11-05,-2.280130288,-2.166556233718989,-0.11357405428101108,train
2021-11-08,-2.105195713,-2.2274165144348617,0.12222080143486158,train
2021-11-09,-1.531467993,-2.146482603393093,0.6150146103930931,train
2021-11-10,-2.14075125,-1.966919706752285,-0.1738315432477151,train
2021-11-11,-2.350799448,-2.0838370230046053,-0.2669624249953948,train
2021-11-12,-1.836496859,-2.168582205538676,0.33208534653867616,train
2021-11-15,-1.690438143,-1.9935304152837947,0.30309227228379476,train
2021-11-16,-1.444916321,-1.9085213800872598,0.4636050590872598,train
2021-11-17,-2.054339501,-1.8299485077190896,-0.22439099328091028,train
2021-11-18,-1.260117842,-1.9641173416349336,0.7039994996349335,train
2021-11-19,-1.357107112,-1.6553334645649334,0.29822635256493335,train
2021-11-22,-2.093760565,-1.619659641934657,-0.47410092306534324,train
2021-11-23,-1.549683889,-1.8292630865326864,0.27957919753268645,train
2021-11-24,-2.798704426,-1.6973187600747148,-1.1013856659252852,train
2021-11-25,-1.264802746,-2.0684340370173917,0.8036312910173917,train
2021-11-26,-1.996631098,-1.6880212051227785,-0.3086098928772214,train
2021-11-29,-0.893192043,-1.9282961353992998,1.0351040923992998,train
2021-11-30,-1.394222841,-1.5413925988439439,0.14716975784394393,train
2021-12-01,-2.161235649,-1.637249815049717,-0.523985833950283,train
2021-12-02,-1.461307013,-1.7590524416619546,0.2977454286619545,train
2021-12-03,-2.229203163,-1.6050021972792545,-0.6242009657207457,train
2021-12-06,-1.953205172,-1.809540300802865,-0.1436648711971351,train
2021-12-07,-1.997079577,-1.8413637082291343,-0.15571586877086574,train
2021-12-08,-2.219148837,-1.90490868590589,-0.3142401510941102,train
2021-12-09,-1.306870984,-1.9649705433214737,0.6580995593214738,train
2021-12-10,-2.095010233,-1.7286530870665755,-0.3663571459334245,train
2021-12-13,-2.342912521,-1.9053051214842234,-0.43760739951577676,train
2021-12-14,-1.525420716,-2.0011161274403637,0.47569541144036376,train
2021-12-15,-1.525915128,-1.7571544147456613,0.2312392867456612,train
2021-12-16,-2.000807692,-1.6909958441116792,-0.3098118478883207,train
2021-12-17,-2.050905987,-1.8758714868360349,-0.17503450016396527,train
2021-12-20,-2.281242483,-1.8837856638364945,-0.3974568191635057,train
2021-12-21,-1.945025023,-1.944609530979856,-0.0004154920201440149,train
2021-12-22,-2.189455387,-1.909156604093885,-0.2802987829061152,train
2021-12-23,-2.489846347,-2.0307334064203317,-0.4591129405796681,train
2021-12-24,-2.309271196,-2.1587552757166586,-0.1505159202833415,train
2021-12-27,-2.351896276,-2.1340006160960403,-0.21789565990395987,train
2021-12-28,-2.098977946,-2.162687510257321,0.06370956425732066,train
2021-12-29,-1.734032658,-2.1172698973073016,0.3832372393073016,train
2021-12-30,-1.583237644,-1.996271165548424,0.413033521548424,train
2021-12-31,-1.730754857,-1.8777201111812172,0.1469652541812172,train
2022-01-03,-1.996776384,-1.8547059567356405,-0.14207042726435937,train
2022-01-04,-1.845318794,-1.8915221042407526,0.04620331024075264,train
2022-01-05,-1.678831734,-1.827297637005194,0.14846590300519402,train
2022-01-06,-2.025760665,-1.7791116432455758,-0.24664902175442416,train
2022-01-07,-2.017467115,-1.904061025789643,-0.113406089210357,train
2022-01-10,-2.205350788,-1.926534639606012,-0.27881614839398816,train
2022-01-11,-1.945182696,-2.0009435016748975,0.055760805674897496,train
2022-01-12,-1.867309719,-1.9459993916292064,0.07868967262920634,train
2022-01-13,-1.987144796,-1.9396059325304138,-0.047538863469586135,train
2022-01-14,-2.336967971,-1.9698842254101034,-0.36708374558989654,train
2022-01-17,-1.846998174,-2.0926215307975875,0.2456233567975874,train
2022-01-18,-2.279690446,-1.9397195568945738,-0.3399708891054263,train
2022-01-19,-2.118995471,-2.077439950970289,-0.041555520029710635,train
2022-01-20,-2.29052494,-2.0604165430720904,-0.23010839692790963,train
2022-01-21,-2.003222088,-2.1336766700182777,0.13045458201827786,train
2022-01-24,-2.320276548,-2.0314733081682492,-0.2888032398317506,train
2022-01-25,-1.920040534,-2.1499327301408577,0.22989219614085776,train
2022-01-26,-1.601225677,-2.0159326650587133,0.4147069880587133,train
2022-01-27,-1.607412967,-1.882872477470245,0.2754595104702451,train
2022-01-28,-1.791338413,-1.815457523960922,0.024119110960922008,train
2022-01-31,-1.679720655,-1.8406278901205024,0.16090723512050253,train
2022-02-01,-2.146532798,-1.7552413539047866,-0.3912914440952133,train
2022-02-02,-0.711373173,-1.8931638496894845,1.1817906766894843,train
2022-02-03,-1.086497185,-1.4510577652472125,0.3645605802472125,train
2022-02-04,-1.741258691,-1.4845838705798484,-0.25667482042015166,train
2022-02-07,-1.902199364,-1.6381480112222444,-0.2640513527777555,train
2022-02-08,-2.159995122,-1.6962182432552924,-0.46377687874470785,train
2022-02-09,-0.659638966,-1.761053227809625,1.1014142618096248,train
2022-02-10,-1.041201072,-1.3783801895163834,0.3371791175163834,train
2022-02-11,-1.261431777,-1.456112728872823,0.19468095187282297,train
2022-02-14,-1.549053624,-1.457860543118143,-0.09119308088185685,train
2022-02-15,-2.051087684,-1.4894371670946611,-0.561650516905339,train
2022-02-16,-0.966613556,-1.596982114885492,0.6303685588854919,train
2022-02-17,-1.999650421,-1.3549980546834255,-0.6446523663165744,train
2022-02-18,-1.759689723,-1.6896534221700925,-0.07003630082990742,train
2022-02-21,-1.366599072,-1.6743438020418808,0.30774473004188074,train
2022-02-22,-2.017732538,-1.5527123362728517,-0.46502020172714853,train
2022-02-23,-0.263468914,-1.7064365026756725,1.4429675886756725,train
2022-02-24,-0.922946496,-1.1965031427274253,0.2735566467274253,train
2022-02-25,-0.535703921,-1.2441500146627231,0.7084460936627232,train
2022-02-28,-0.988678062,-1.025500501279565,0.03682243927956508,train
2022-03-01,-0.507292697,-1.0925872147763278,0.5852945177763278,train
2022-03-02,-1.271143517,-0.8222570731670398,-0.4488864438329603,train
2022-03-03,-0.749569492,-1.095320510086903,0.345751018086903,train
2022-03-04,-0.076464847,-0.9384589021809775,0.8619940551809775,train
2022-03-07,-0.224376875,-0.7268606536571556,0.5024837786571555,train
2022-03-08,-0.574102551,-0.6819516045618387,0.10784905356183871,train
2022-03-09,-0.138003525,-0.7595809000969116,0.6215773750969116,train
2022-03-10,-0.893194479,-0.530004630979176,-0.363189848020824,train
2022-03-11,-1.215314224,-0.7112506057105368,-0.5040636182894633,train
2022-03-14,-0.861017804,-0.900750005927504,0.03973220192750393,train
2022-03-15,-0.379989419,-0.872756232037504,0.49276681303750397,train
2022-03-16,-1.187835117,-0.7293451618888904,-0.4584899551111097,train
2022-03-17,-1.525487925,-1.017432114989726,-0.5080558100102739,train
2022-03-18,-1.586600132,-1.1517549853850064,-0.4348451466149936,train
2022-03-21,-1.492486431,-1.2077584780113244,-0.2847279529886755,train
2022-03-22,-1.611829266,-1.2383188893149573,-0.3735103766850427,train
2022-03-23,-1.501925418,-1.3800033632169486,-0.12192205478305129,train
2022-03-24,-1.563673656,-1.384251627896825,-0.17942202810317487,train
2022-03-25,-1.278153499,-1.3977074978209187,0.11955399882091866,train
2022-03-28,-0.309352952,-1.3113869174226087,1.0020339654226087,train
2022-03-29,-1.250258269,-0.96153937442113,-0.2887188945788699,train
2022-03-30,-0.968495263,-1.1620920815681473,0.19359681856814726,train
2022-03-31,-1.406459962,-1.0444589612017512,-0.3620010007982488,train
2022-04-01,-1.95487284,-1.145022384689007,-0.8098504553109929,train
2022-04-04,-1.899619458,-1.3473807115878313,-0.5522387464121687,train
2022-04-05,-1.486109151,-1.4945543478635652,0.008445196863565263,train
2022-04-06,-1.419627844,-1.4323758686275783,0.01274802462757818,train
2022-04-07,-1.65656566,-1.4713818062362782,-0.18518385376372182,train
2022-04-08,-1.558634449,-1.5634636999446851,0.004829250944685226,train
2022-04-11,-1.364070177,-1.518540913104431,0.15447073610443085,train
2022-04-12,-1.71384125,-1.4270483269694472,-0.2867929230305528,train
2022-04-13,-0.480741846,-1.5378277238341826,1.0570858778341827,train
2022-04-14,-2.803465172,-1.1496520094104874,-1.6538131625895127,train
2022-04-15,-2.005121885,-1.8416386369047928,-0.1634832480952071,train
2022-04-18,-1.549762233,-1.6999968785637756,0.15023464556377553,train
2022-04-19,-1.360792253,-1.6079707020564675,0.24717844905646746,train
2022-04-20,-1.190374456,-1.527199864319713,0.3368254083197131,train
2022-04-21,-1.361380395,-1.5489083149960141,0.18752791999601404,train
2022-04-22,-0.927364326,-1.453182818731101,0.5258184927311009,train
2022-04-25,-1.394147203,-1.2422367499823808,-0.15191045301761918,train
2022-04-26,-0.875980789,-1.3382246143559735,0.4622438253559735,train
2022-04-27,-0.358869485,-1.1640660683138178,0.8051965833138177,train
2022-04-28,-0.833699495,-0.9628402605760563,0.12914076557605636,train
2022-04-29,-1.07731927,-1.023460917817387,-0.053858352182613034,train
2022-05-02,-1.102270058,-1.097213550289268,-0.005056507710732072,train
2022-05-03,-0.286777764,-1.072748936258181,0.785971172258181,train
2022-05-04,-0.701687872,-0.8035312185392703,0.1018433465392703,train
2022-05-05,-0.248707285,-0.9221823324627664,0.6734750474627664,train
2022-05-06,-0.898505687,-0.7452781717182304,-0.1532275152817696,train
2022-05-09,-1.193635444,-0.8793078358526845,-0.31432760814731564,train
2022-05-10,-1.017136956,-0.9537672240488111,-0.063369731951189,train
2022-05-11,-0.519448593,-0.9733291288559689,0.4538805358559689,train
2022-05-12,-1.182426022,-0.8274156656542813,-0.35501035634571876,train
2022-05-13,-1.266913888,-1.0679888732115241,-0.1989250147884758,train
2022-05-16,-0.827554132,-1.1311619647065894,0.3036078327065893,train
2022-05-17,-1.237725648,-0.9698413612848422,-0.26788428671515785,train
2022-05-18,-0.90236671,-1.0806794686930103,0.17831275869301033,train
2022-05-19,-1.333115441,-1.0285448629300111,-0.3045705780699888,train
2022-05-20,-0.891071469,-1.1459016388180245,0.25483016981802453,train
2022-05-23,-0.716908869,-1.0013170274723722,0.2844081584723722,train
2022-05-24,-1.213574282,-0.9420896158163494,-0.2714846661836505,train
2022-05-25,-1.368513172,-1.0624674280987296,-0.3060457439012705,train
2022-05-26,-1.190333868,-1.1428271826242007,-0.047506685375799274,train
2022-05-27,-1.6390484,-1.0901037120604724,-0.5489446879395277,train
2022-05-30,-0.85850323,-1.2816084798396112,0.4231052498396113,train
2022-05-31,-1.162392182,-1.1072437090978642,-0.05514847290213587,train
2022-06-01,-1.558056342,-1.1765293034729902,-0.38152703852700975,train
2022-06-02,-1.649914895,-1.2943324993951455,-0.3555823956048545,train
2022-06-03,-1.644893303,-1.3740537004201556,-0.2708396025798443,train
2022-06-06,-1.532532702,-1.3836783828200327,-0.14885431917996716,train
2022-06-07,-1.546765102,-1.4333448811328515,-0.11342022086714842,train
2022-06-08,-0.272227317,-1.4795944191197865,1.2073671021197865,train
2022-06-09,-0.722757831,-1.0432734272770317,0.32051559627703163,train
2022-06-10,-0.781810217,-1.0622220196126542,0.2804118026126542,train
2022-06-13,-0.958714696,-0.9990108744591895,0.040296178459189425,train
2022-06-14,0.092408276,-0.9857601911274336,1.0781684671274336,train
2022-06-15,-0.219057189,-0.5655504996856664,0.34649331068566636,train
2022-06-16,-0.671540875,-0.6289081305849304,-0.04263274441506959,train
2022-06-17,-1.468757622,-0.7268392494590955,-0.7419183725409045,train
2022-06-20,-1.288467222,-0.9887333581872682,-0.2997338638127318,train
2022-06-21,-1.08568034,-0.9755395462154046,-0.11014079378459529,train
2022-06-22,-0.585597803,-1.0384528878948636,0.4528550848948636,train
2022-06-23,-1.059362201,-0.9507907967603061,-0.1085714042396938,train
2022-06-24,-1.464880047,-1.0991745626693512,-0.36570548433064887,train
2022-06-27,-1.294040825,-1.1974363161383086,-0.09660450886169136,train
2022-06-28,-1.181463989,-1.1579806461101056,-0.0234833428898944,train
2022-06-29,-0.924778063,-1.1348115061114772,0.2100334431114772,train
2022-06-30,-1.034682267,-1.1053232345524504,0.07064096755245042,train
2022-07-01,-1.684537532,-1.128078334801546,-0.556459197198454,train
2022-07-04,-0.715264103,-1.3062509929074357,0.5909868899074358,train
2022-07-05,-0.690432038,-1.009002999387411,0.31857096138741103,train
2022-07-06,-0.889472719,-0.9469416484368284,0.05746892943682835,train
2022-07-07,-0.42475297,-0.9845335737544131,0.5597806037544131,train
2022-07-08,-1.00298166,-0.8037440483159283,-0.19923761168407184,train
2022-07-11,-0.853507298,-0.8874461135640922,0.03393881556409217,train
2022-07-12,0.095342399,-0.8657665970917068,0.9611089960917067,train
2022-07-13,-0.336210473,-0.5548055864940078,0.2185951134940078,train
2022-07-14,-0.761415253,-0.6003872522680669,-0.16102800073193313,train
2022-07-15,-1.027026035,-0.7433249279294231,-0.28370110707057694,train
2022-07-18,-0.476723214,-0.8182837556924047,0.34156054169240474,train
2022-07-19,-0.60815313,-0.6487033246498344,0.04055019464983434,train
2022-07-20,-0.02566318,-0.7363756690462914,0.7107124890462914,train
2022-07-21,-0.413601122,-0.5535614465423655,0.1399603245423655,train
2022-07-22,-0.91231741,-0.6072184143239965,-0.3050989956760035,train
2022-07-25,-0.858325606,-0.7201081985360152,-0.1382174074639848,train
2022-07-26,-0.296875262,-0.7404198763150258,0.44354461431502584,train
2022-07-27,-0.408459525,-0.563634159955016,0.155174634955016,train
2022-07-28,-0.494746047,-0.6164284004278229,0.12168235342782285,train
2022-07-29,-0.992119855,-0.6372463181079835,-0.3548735368920165,train
2022-08-01,-0.702167784,-0.7650764971105173,0.06290871311051727,train
2022-08-02,-0.873806382,-0.6771587322908563,-0.19664764970914372,train
2022-08-03,-1.107396231,-0.7632770112221354,-0.34411921977786464,train
2022-08-04,-0.688695119,-0.8887717510549831,0.20007663205498305,train
2022-08-05,-1.409560071,-0.8060502387322447,-0.6035098322677553,train
2022-08-08,-1.699565057,-1.0239994606528855,-0.6755655963471145,train
2022-08-09,-0.29917797,-1.200459185234367,0.9012812152343669,train
2022-08-10,-1.237407939,-0.8023855556463775,-0.4350223833536224,train
2022-08-11,-1.333585825,-1.0444132470625123,-0.28917257793748763,train
2022-08-12,-1.493469423,-1.1431284403187547,-0.35034098268124536,train
2022-08-15,-1.272527725,-1.202027191400661,-0.07050053359933894,train
2022-08-16,-1.147908183,-1.1147203947500186,-0.033187788249981365,train
2022-08-17,-1.274673269,-1.1650011661436914,-0.10967210285630857,train
2022-08-18,-1.521983059,-1.2076729743718544,-0.3143100846281457,train
2022-08-19,-1.275858627,-1.2946709109873784,0.01881228398737833,train
2022-08-22,-0.630099543,-1.2288477445879304,0.5987482015879304,train
2022-08-23,-0.868287887,-1.0160771405775089,0.14778925357750883,train
2022-08-24,-0.831860292,-1.0468975113227386,0.21503721932273856,train
2022-08-25,-0.186883926,-0.9966547026903634,0.8097707766903633,train
2022-08-26,-0.807116831,-0.7160803796453094,-0.09103645135469063,train
2022-08-29,-0.63897059,-0.8260616564510365,0.18709106645103646,train
2022-08-30,-0.683945225,-0.7880026595663694,0.1040574345663694,train
2022-08-31,-0.72353292,-0.778315067501006,0.05478214750100596,train
2022-09-01,-0.699403508,-0.7779969579306767,0.07859344993067674,train
2022-09-02,-0.983677072,-0.8179619075417663,-0.16571516445823364,train
2022-09-05,-0.808663232,-0.901434188772607,0.09277095677260694,train
2022-09-06,-0.775737968,-0.8764173809023478,0.10067941290234772,train
2022-09-07,-0.335215086,-0.8701193488040437,0.5349042628040437,train
2022-09-08,-0.625723861,-0.7131219046422037,0.08739804364220372,train
2022-09-09,-0.503374484,-0.7797296287514377,0.27635514475143774,train
2022-09-12,0.204330613,-0.6976073694985294,0.9019379824985294,train
2022-09-13,-0.921978973,-0.4163243897910267,-0.5056545832089733,train
2022-09-14,-1.353686178,-0.6946931352462675,-0.6589930427537325,train
2022-09-15,-0.786030393,-0.8941865659031655,0.10815617290316548,train
2022-09-16,-1.343692802,-0.7685671916194734,-0.5751256103805267,train
2022-09-19,-1.084830053,-0.9816628359056192,-0.1031672170943807,train
2022-09-20,-0.006963961,-1.034523690386253,1.0275597293862528,train
2022-09-21,-0.487369953,-0.6762251346911861,0.18885518169118604,train
2022-09-22,-0.3361952,-0.7096756023056836,0.3734804023056836,train
2022-09-23,0.850457404,-0.6256546317827814,1.4761120357827813,train
2022-09-26,-0.30114187,-0.11768932568148677,-0.1834525443185132,train
2022-09-27,0.188044835,-0.32312411639712135,0.5111689513971214,train
2022-09-28,0.062107454,-0.17642622804482108,0.2385336820448211,train
2022-09-29,-0.162445789,-0.14796900729843737,-0.014476781701562635,train
2022-09-30,-0.24223376,-0.1801478575661442,-0.06208590243385578,train
2022-10-03,-0.567164359,-0.2957344172725317,-0.27142994172746826,train
2022-10-04,-0.581813403,-0.3972177421720161,-0.18459566082798384,train
2022-10-05,-0.678355792,-0.46796877315331875,-0.2103870188466812,train
2022-10-06,-0.499959582,-0.5586521777473796,0.05869259574737962,train
2022-10-07,-0.615426763,-0.5441147033843717,-0.07131205961562825,train
2022-10-10,-0.619988064,-0.6096673392599512,-0.010320724740048748,train
2022-10-11,-0.446679383,-0.6156157804778934,0.16893639747789346,train
2022-10-12,0.534400501,-0.5607278879442076,1.0951283889442076,train
2022-10-13,-0.299310305,-0.20826329554121378,-0.09104700945878622,train
2022-10-14,-0.580489146,-0.38340506400185087,-0.19708408199814914,train
2022-10-17,-0.63607787,-0.4393747238768815,-0.19670314612311857,train
2022-10-18,-0.842692402,-0.45261069222160033,-0.3900817097783996,train
2022-10-19,-0.584555536,-0.5336947561685297,-0.050860779831470304,train
2022-10-20,0.119050713,-0.5702096961784128,0.6892604091784128,train
2022-10-21,-0.088895716,-0.3606262826922056,0.2717305666922056,train
2022-10-24,-0.772978443,-0.3605864274408792,-0.41239201555912075,train
2022-10-25,-0.710689423,-0.5426817100868984,-0.16800771291310168,train
2022-10-26,-0.441348116,-0.5324460957622643,0.0910979797622643,train
2022-10-27,-0.769217761,-0.45584889424476105,-0.313368866755239,train
2022-10-28,-1.036646973,-0.6278042312092291,-0.40884274179077096,train
2022-10-31,-0.908899224,-0.7922935035755965,-0.11660572042440354,train
2022-11-01,0.093498111,-0.782342172600716,0.875840283600716,train
2022-11-02,-0.862340793,-0.46269064121804787,-0.3996501517819521,train
2022-11-03,-0.29341484,-0.7350536097512461,0.4416387697512461,train
2022-11-04,-0.541554758,-0.5507609597986518,0.009206201798651836,train
2022-11-07,-0.903678077,-0.5629211084547985,-0.34075696854520154,train
2022-11-08,-0.594845065,-0.6539696175585747,0.05912455255857474,train
2022-11-09,0.891661645,-0.6434650124085897,1.5351266574085898,train
2022-11-10,-0.532718626,-0.10615532535166258,-0.42656330064833736,train
2022-11-11,-0.515939529,-0.4720718385606181,-0.04386769043938188,train
2022-11-14,0.503991039,-0.47710993258421963,0.9811009715842196,train
2022-11-15,-0.398802401,-0.0920048519978502,-0.3067975490021498,train
2022-11-16,-0.685063449,-0.2890075954693652,-0.3960558535306348,train
2022-11-17,-0.989386968,-0.5050817468086723,-0.4843052211913277,train
2022-11-18,-1.066230741,-0.6223830363187932,-0.4438477046812068,train
2022-11-21,-1.277123315,-0.6973134751192932,-0.5798098398807069,train
2022-11-22,-0.743598874,-0.9289612728844954,0.18536239888449535,train
2022-11-23,-1.261707648,-0.8398046564261312,-0.4219029915738688,train
2022-11-24,-1.280727838,-1.0234356018231325,-0.2572922361768675,train
2022-11-25,-0.696069858,-1.061330229625394,0.36526037162539393,train
2022-11-28,-0.590878921,-0.8890036534386795,0.29812473243867954,train
2022-11-29,-0.322207628,-0.7979156647482839,0.4757080367482839,train
2022-11-30,-0.30177936,-0.6862805824742633,0.38450122247426327,train
2022-12-01,0.04789353,-0.585452396644556,0.6333459266445559,train
2022-12-02,-0.620318751,-0.3782306174657003,-0.2420881335342997,train
2022-12-05,-1.033580185,-0.5293220740482523,-0.5042581109517477,train
2022-12-06,-0.876679332,-0.6780096676428312,-0.19866966435716882,train
2022-12-07,-1.326947424,-0.6954892438518765,-0.6314581801481236,train
2022-12-08,-1.147770854,-0.9038035443238208,-0.2439673096761792,train
2022-12-09,-1.339954248,-0.9779413976515694,-0.36201285034843056,train
2022-12-12,-0.254022753,-1.115465294896028,0.861442541896028,train
2022-12-13,-0.492811352,-0.7786279263263047,0.28581657432630475,train
2022-12-14,-0.325993423,-0.8001238863724618,0.4741304633724618,train
2022-12-15,-1.06196093,-0.6759340377359718,-0.3860268922640281,train
2022-12-16,-1.195764146,-0.8522667960420595,-0.34349734995794046,train
2022-12-19,-0.667036065,-0.876619985149379,0.209583920149379,train
2022-12-20,-1.371607088,-0.7843042743115045,-0.5873028136884955,train
2022-12-21,-1.185687812,-1.0389048721207885,-0.14678293987921154,train
2022-12-22,-1.477547055,-1.073140111188856,-0.40440694381114395,train
2022-12-23,-2.542914339,-1.1900272607143214,-1.3528870782856788,train
2022-12-26,-1.60291423,-1.5856488827997552,-0.017265347200244863,train
2022-12-27,-1.74866113,-1.450044125742116,-0.29861700425788396,train
2022-12-28,-1.602448179,-1.5316672127105067,-0.07078096628949337,train
2022-12-29,-1.026367838,-1.5462880489157282,0.5199202109157282,train
2022-12-30,-1.459918253,-1.373392052546258,-0.08652620045374215,train
2023-01-02,-0.677041768,-1.3896045818064722,0.7125628138064721,train
2023-01-03,-0.876577332,-1.123023511392499,0.2464461793924989,train
2023-01-04,-0.955203983,-1.0927100644405945,0.1375060814405945,train
2023-01-05,-0.434570046,-1.050568385656645,0.6159983396566451,train
2023-01-06,-1.264393204,-0.8654288838130206,-0.39896432018697947,train
2023-01-09,-1.430888672,-1.046222071409289,-0.3846666005907111,train
2023-01-10,-1.422255596,-1.1594916952034846,-0.26276390079651546,train
2023-01-11,-0.344768778,-1.2090698705878984,0.8643010925878984,train
2023-01-12,-1.205409246,-0.8940258417678935,-0.31138340423210664,train
2023-01-13,-1.783744743,-1.1805785980834802,-0.6031661449165198,train
2023-01-16,-0.87937619,-1.3839422874659946,0.5045660974659946,train
2023-01-17,-0.733575036,-1.1130511725718106,0.3794761365718107,train
2023-01-18,-1.335576879,-1.008868932645345,-0.32670794635465494,train
2023-01-19,-1.547351822,-1.2531712634799737,-0.29418055852002634,train
2023-01-20,-1.316778484,-1.3378499581882621,0.02107147418826205,train
2023-01-23,-1.449951523,-1.2403660357239952,-0.2095854872760048,train
2023-01-24,-1.269482519,-1.3251810355813252,0.055698516581325075,train
2023-01-25,-1.473580792,-1.3177156821346476,-0.1558651098653523,train
2023-01-26,-1.478998229,-1.3782494241985774,-0.10074880480142268,train
2023-01-27,-1.649161647,-1.3702531355693648,-0.2789085114306351,train
2023-01-30,-1.434427547,-1.4426229600833569,0.008195413083356806,train
2023-01-31,-0.966530029,-1.393963476828482,0.42743344782848214,train
2023-02-01,-0.50923618,-1.2478210650937083,0.7385848850937082,train
2023-02-02,-0.209962427,-1.0462607475675434,0.8362983205675434,train
2023-02-03,-1.493807574,-0.8489384767741346,-0.6448690972258655,train
2023-02-06,-0.782171149,-1.1492678912296324,0.3670967422296324,train
2023-02-07,-1.406749401,-0.9211625938665113,-0.48558680713348856,train
2023-02-08,-1.515797572,-1.1139426440896179,-0.40185492791038224,train
2023-02-09,-1.443481576,-1.2347345552887479,-0.20874702071125206,train
2023-02-10,-1.681669732,-1.3323049510678038,-0.34936478093219625,train
2023-02-13,-0.535251548,-1.4216735697688163,0.8864220217688163,train
2023-02-14,-1.310689761,-1.1155567606409136,-0.19513300035908632,train
2023-02-15,-1.519044836,-1.288038386983151,-0.23100644901684886,train
2023-02-16,-1.323936608,-1.345450537366018,0.021513929366018036,train
2023-02-17,-2.50489787,-1.2938261485952838,-1.2110717214047164,train
2023-02-20,-1.236631731,-1.6673063118616622,0.4306745808616623,train
2023-02-21,-1.639613138,-1.424001197865001,-0.21561194013499918,train
2023-02-22,-2.014368955,-1.5550794260330618,-0.4592895289669383,train
2023-02-23,-1.617472884,-1.697479867062321,0.0800069830623209,train
2023-02-24,-1.688914582,-1.633083288171156,-0.05583129382884411,train
2023-02-27,-1.28712686,-1.5767212034567861,0.28959434345678603,train
2023-02-28,-1.272064284,-1.4826513535309,0.2105870695309,train
2023-03-01,-1.619623444,-1.4407250523521764,-0.1788983916478235,train
2023-03-02,-1.835800575,-1.4896529407701626,-0.3461476342298373,train
2023-03-03,-1.430445017,-1.5714580466604586,0.1410130296604586,train
2023-03-06,-0.488538904,-1.4599330337046859,0.9713941297046859,train
2023-03-07,-2.141396205,-1.1620584546818857,-0.9793377503181142,train
2023-03-08,-1.730717501,-1.6476779635578618,-0.08303953744213821,train
2023-03-09,-0.968183898,-1.5695462127421285,0.6013623147421284,train
2023-03-10,-1.213513272,-1.3005862166347828,0.08707294463478288,train
2023-03-14,0.007612926,-1.3361386559698039,1.3437515819698038,train
2023-03-15,-0.94728027,-0.9803444208821506,0.033064150882150534,train
2023-03-16,-1.553000938,-1.0910153437240553,-0.46198559427594477,train
2023-03-17,-1.125461058,-1.2313288063966636,0.10586774839666369,train
2023-03-20,-1.862474105,-1.1410678069603586,-0.7214062980396414,train
2023-03-21,-0.686363183,-1.3825107154579004,0.6961475324579004,train
2023-03-22,-1.354378192,-1.1571246765222478,-0.19725351547775216,train
2023-03-23,-1.685403752,-1.343171393881839,-0.342232358118161,train
2023-03-27,-2.194777633,-1.4400304065084324,-0.7547472264915678,train
2023-03-28,-2.086748498,-1.6681114808317759,-0.4186370171682241,train
2023-03-29,-1.319062759,-1.6637697035150136,0.3447069445150137,train
2023-03-30,-1.530762644,-1.534654467529494,0.0038918235294940207,train
2023-03-31,-1.822896774,-1.6002729064599224,-0.22262386754007757,train
2023-04-03,-0.530950121,-1.6891968172045493,1.1582466962045492,train
2023-04-04,-1.786587926,-1.2154934615422401,-0.5710944644577598,train
2023-04-05,-2.171824724,-1.4915122801753227,-0.6803124438246773,train
2023-04-06,-2.03165561,-1.667190971016726,-0.36446463898327397,train
2023-04-10,-1.971321441,-1.686615278842505,-0.2847061621574949,train
2023-04-11,-0.864970025,-1.7020798021797403,0.8371097771797403,train
2023-04-12,-1.453790777,-1.453027216457699,-0.0007635605423010894,train
2023-04-14,-2.279897965,-1.5607258506356576,-0.7191721143643424,train
2023-04-18,-1.847807555,-1.7838564845646907,-0.06395107043530923,train
2023-04-19,-1.910400228,-1.6697100313626523,-0.2406901966373478,train
2023-04-20,-1.358020051,-1.700026883875315,0.34200683287531497,train
2023-04-21,-1.711779502,-1.61746221781593,-0.09431728418407004,train
2023-04-25,-1.518072544,-1.728309395932372,0.21023685193237207,train
2023-04-26,-1.713849817,-1.6151217051560964,-0.09872811184390362,train
2023-04-27,-1.199636988,-1.6481457414230922,0.44850875342309227,train
2023-05-02,-1.540372044,-1.4639074493107516,-0.07646459468924838,train
2023-05-03,-1.308194198,-1.5648821984450063,0.2566880004450063,train
2023-05-05,-2.111339837,-1.4673627991023657,-0.6439770378976344,train
2023-05-08,-2.089892683,-1.7148807186832191,-0.37501196431678085,train
2023-05-09,-1.577789783,-1.7447331635446919,0.16694338054469182,train
2023-05-10,-2.001351695,-1.6595138507301241,-0.34183784426987573,train
2023-05-12,-2.680548113,-1.8094392829296475,-0.8711088300703524,train
2023-05-15,-2.245927141,-2.10986867326429,-0.13605846773570995,train
2023-05-16,-2.164290899,-2.0365223236997605,-0.12776857530023955,train
2023-05-17,-2.066776806,-2.0279205354031173,-0.03885627059688268,train
2023-05-18,-1.362936094,-2.0487961231654865,0.6858600291654866,train
2023-05-19,-1.767256418,-1.8127671343234997,0.04551071632349957,train
2023-05-23,-1.415840082,-1.8228720845891413,0.4070320025891412,train
2023-05-24,-2.015578357,-1.6671150131351649,-0.348463343864835,train
2023-05-25,-1.725897576,-1.8037129383692765,0.07781536236927655,train
2023-05-30,-1.718135529,-1.696262000923914,-0.021873528076086002,train
2023-06-01,-1.929706101,-1.7260195363633264,-0.20368656463667367,train
2023-06-02,-1.686827829,-1.7922465384912936,0.1054187094912935,train
2023-06-05,-1.872018813,-1.7626013429761767,-0.1094174700238233,train
2023-06-06,-2.145397268,-1.7955544223419861,-0.3498428456580138,train
2023-06-07,-2.092193855,-1.9071958256832584,-0.1849980293167417,train
2023-06-08,-2.653267081,-1.9333158186115442,-0.7199512623884559,train
2023-06-09,-1.586909787,-2.1514761214192513,0.5645663344192513,train
2023-06-13,-1.174832215,-1.8861146624034033,0.7112824474034034,train
2023-06-14,-0.828885626,-1.7206598580646375,0.8917742320646375,train
2023-06-15,-1.880731925,-1.5009735400978732,-0.3797583849021269,train
2023-06-20,-2.581931099,-1.7321057541670082,-0.849825344832992,train
2023-06-21,-1.486120701,-1.9051389863478998,0.41901828534789987,train
2023-06-23,-2.45645255,-1.6264816014679861,-0.8299709485320137,train
2023-06-26,-2.140299489,-1.9767203909168223,-0.16357909808317794,train
2023-06-28,-1.28317301,-2.0214831681099583,0.7383101581099583,train
2023-06-30,-2.272106197,-1.7500556344121847,-0.5220505625878151,train
2023-07-03,-2.079096538,-1.9614225228536197,-0.1176740151463802,train
2023-07-05,-1.514697219,-1.977952199863752,0.46325498086375183,train
2023-07-06,-1.373689808,-1.7517979919996227,0.37810818399962276,train
2023-07-07,-1.888000146,-1.6461025286041466,-0.24189761739585336,train
2023-07-10,-1.136879315,-1.8247178618981907,0.6878385468981907,train
2023-07-12,-2.101760308,-1.5319702208126045,-0.5697900871873953,train
2023-07-13,-1.551853618,-1.7704221519060082,0.21856853390600817,train
2023-07-18,-1.89870065,-1.637444000069821,-0.26125664993017916,train
2023-07-20,-1.246533009,-1.7720448806489029,0.5255118716489029,train
2023-07-24,-2.255887018,-1.5486366729401437,-0.7072503450598564,train
2023-07-25,-1.528755886,-1.896788665534738,0.368032779534738,train
2023-07-26,-0.027850859,-1.6623886673883776,1.6345378083883777,train
2023-07-27,-1.158852583,-1.1308587223850453,-0.02799386061495479,train
2023-07-28,-1.903906004,-1.3294994422398427,-0.5744065617601573,train
2023-07-31,-1.805563708,-1.5778663342054,-0.22769737379459998,train
2023-08-01,-1.516243198,-1.522970804277346,0.006727606277346032,train
2023-08-02,-1.402928314,-1.4482176913607439,0.0452893773607439,train
2023-08-03,-1.408155642,-1.5359977116755599,0.12784206967555978,train
2023-08-04,-2.212776732,-1.5595944640091983,-0.6531822679908017,train
2023-08-07,-2.103721177,-1.7792655623946922,-0.3244556146053079,train
2023-08-08,-2.044044913,-1.780360629210766,-0.2636842837892339,train
2023-08-09,-1.541736127,-1.8233969255377158,0.28166079853771575,train
2023-08-10,-1.6890713,-1.7074810534063283,0.018409753406328333,train
2023-08-11,-1.869411064,-1.7648065300423417,-0.10460453395765823,train
2023-08-14,-1.550993669,-1.7801284062154537,0.22913473721545374,train
2023-08-15,-2.0035974,-1.6540352693580176,-0.34956213064198227,train
2023-08-16,-2.053930324,-1.7604344448433134,-0.2934958791566866,train
2023-08-17,-2.11165,-1.8301918838910707,-0.28145811610892935,train
2023-08-18,-2.336497768,-1.883494796325837,-0.45300297167416304,train
2023-08-21,-2.054830575,-1.9896018722531656,-0.06522870274683434,train
2023-08-22,-1.070985057,-1.970399027404951,0.8994139704049511,train
2023-08-23,-2.138446939,-1.6450129039722916,-0.49343403502770844,train
2023-08-24,-1.11929117,-1.908434076536699,0.789142906536699,train
2023-08-25,-2.46045372,-1.5664427798420788,-0.894010940157921,train
2023-08-28,-1.11736487,-1.927205224516872,0.809840354516872,train
2023-08-29,-1.66997626,-1.5163929614795246,-0.15358329852047548,train
2023-08-30,-1.650500447,-1.7025208560025695,0.052020409002569545,train
2023-08-31,-1.035514671,-1.6507557452343493,0.6152410742343493,train
2023-09-01,-2.747034431,-1.4897478728573141,-1.2572865581426858,train
2023-09-04,-1.92261821,-1.9428742741456624,0.02025606414566239,train
2023-09-05,-1.686162651,-1.8250271497807846,0.13886449878078455,train
2023-09-06,-2.129759643,-1.763894731736837,-0.3658649112631629,train
2023-09-07,-2.297606877,-1.9154915813025635,-0.38211529569743674,train
2023-09-08,-2.126640104,-2.0760396775997854,-0.05060042640021445,train
2023-09-11,-2.024645345,-1.983576707562564,-0.04106863743743605,train
2023-09-12,-1.714397429,-1.9721868729303575,0.25778944393035763,train
2023-09-13,-1.111565471,-1.8984737860349417,0.7869083150349416,train
2023-09-14,-1.885455759,-1.6539236866112512,-0.23153207238874884,train
2023-09-15,-2.500367919,-1.8005025489515885,-0.6998653700484114,train
2023-09-18,-2.393122884,-1.9880891463323662,-0.4050337376676336,train
2023-09-19,-1.229663327,-1.9996303873134906,0.7699670603134907,train
2023-09-20,-1.654373422,-1.6625287702302867,0.00815534823028674,train
2023-09-21,-1.191916263,-1.8108398457962385,0.6189235827962385,train
2023-09-22,-2.261409776,-1.6363765450580097,-0.6250332309419901,train
2023-09-25,-2.127504745,-1.8728202812528219,-0.2546844637471781,train
2023-09-26,-1.716146333,-1.8268928471020422,0.11074651410204228,train
2023-09-27,-1.296246729,-1.7650482359436652,0.4688015069436653,train
2023-09-28,-1.664261201,-1.6326560515406294,-0.03160514945937054,train
2023-09-29,-1.69632549,-1.765077537745321,0.06875204774532095,train
2023-10-02,-1.262097286,-1.720729728474137,0.45863244247413704,train
2023-10-03,-1.529338516,-1.5382243881055202,0.008885872105520276,train
2023-10-04,-1.750486809,-1.5718650158846006,-0.1786217931153995,train
2023-10-05,-0.617251747,-1.6654497278809166,1.0481979808809165,train
2023-10-06,-1.824248579,-1.2837327144654078,-0.5405158645345922,train
2023-10-09,-1.75199664,-1.5827131592802433,-0.16928348071975674,train
2023-10-10,-1.623904423,-1.604945899272211,-0.018958523727788945,train
2023-10-11,-1.389523427,-1.5774378035129581,0.18791437651295806,train
2023-10-12,-1.84331152,-1.4805393703640115,-0.3627721496359886,train
2023-10-13,-1.928879132,-1.7051759698587157,-0.22370316214128438,train
2023-10-16,-1.467248995,-1.7444126708373182,0.27716367583731816,train
2023-10-17,-1.808839173,-1.6022917533515642,-0.20654741964843581,train
2023-10-18,-1.080586178,-1.694139770537204,0.6135535925372042,train
2023-10-19,-1.700993935,-1.4758609056311465,-0.2251330293688536,train
2023-10-20,-1.820596883,-1.6170401560567524,-0.20355672694324767,train
2023-10-23,-1.583859813,-1.6375588540179113,0.05369904101791145,train
2023-10-24,-2.176709513,-1.5957202850285297,-0.5809892279714703,train
2023-10-25,-1.786420412,-1.7716595325593831,-0.01476087944061688,train
2023-10-26,-1.473745705,-1.7396865419404908,0.26594083694049075,train
2023-10-27,-1.894213439,-1.6406719007510522,-0.2535415382489479,train
2023-10-30,-1.280499159,-1.7552108854785136,0.47471172647851345,train
2023-10-31,-1.574993883,-1.5751415927643073,0.0001477097643072245,train
2023-11-01,-1.809163735,-1.5887060412020408,-0.2204576937979592,train
2023-11-02,-1.226862604,-1.653132748653324,0.42627014465332413,train
2023-11-03,-2.215627459,-1.4867618663868571,-0.7288655926131427,train
2023-11-06,-2.097578727,-1.7596386716489723,-0.3379400553510279,train
2023-11-07,-2.12876238,-1.8233862971771582,-0.3053760828228418,train
2023-11-08,-1.527078742,-1.8857213350875184,0.35864259308751834,train
2023-11-09,-1.912436539,-1.7122585274770976,-0.20017801152290238,train
2023-11-10,-2.261509446,-1.871896858453938,-0.3896125875460619,train
2023-11-13,-0.612724672,-1.9696670414715336,1.3569423694715335,train
2023-11-14,-1.789660568,-1.421413350485695,-0.368247217514305,train
2023-11-15,-1.719397212,-1.6715334890589382,-0.04786372294106189,train
2023-11-16,-1.789128814,-1.6752670982241387,-0.11386171577586124,train
2023-11-17,-1.919307664,-1.6803603621286949,-0.23894730187130508,train
2023-11-20,-2.037433717,-1.6890012845560487,-0.34843243244395117,train
2023-11-21,-1.600999442,-1.8536163137666175,0.2526168717666175,train
2023-11-22,-2.461147389,-1.7286620503499606,-0.7324853386500396,train
2023-11-23,-2.261078787,-2.0141870848140213,-0.2468917021859789,train
2023-11-24,-2.24787472,-2.010868722341655,-0.23700599765834518,train
2023-11-27,-1.711403167,-2.0432880675892675,0.33188490058926745,train
2023-11-28,-1.693111004,-1.8864743097121734,0.19336330571217353,train
2023-11-29,-1.388163895,-1.8884472417189202,0.5002833467189203,train
2023-11-30,-1.522590189,-1.7164426484081332,0.19385245940813323,train
2023-12-01,-1.710621391,-1.6795228724075433,-0.031098518592456825,train
2023-12-04,-1.557291092,-1.6737159716309535,0.11642487963095349,train
2023-12-05,-1.959322491,-1.6260928218414197,-0.3332296691585803,train
2023-12-06,-1.75427012,-1.7447914527995394,-0.009478667200460533,train
2023-12-07,-1.180766344,-1.7257631888307277,0.5449968448307276,train
2023-12-08,-2.103619593,-1.5456360358602925,-0.5579835571397074,train
2023-12-11,-1.736351516,-1.810527740465563,0.07417622446556305,train
2023-12-12,-0.888983097,-1.7368946397158984,0.8479115427158984,train
2023-12-13,-1.072237506,-1.4184775026494607,0.3462399966494607,train
2023-12-14,-1.306315159,-1.4041419891378633,0.09782683013786331,train
2023-12-15,-2.255077396,-1.466868647532099,-0.788208748467901,train
2023-12-18,-2.003161508,-1.7150810889543404,-0.2880804190456594,train
2023-12-19,-2.08784563,-1.6816207000752321,-0.4062249299247678,train
2023-12-20,-1.951165842,-1.8153500460042988,-0.13581579599570115,train
2023-12-21,-1.850688553,-1.8632782062340856,0.012589653234085674,train
2023-12-22,-2.554261754,-1.89246247488727,-0.6617992791127301,train
2023-12-26,-2.028605793,-2.090593533397465,0.06198774039746491,train
2023-12-27,-1.514018965,-1.963946808312477,0.4499278433124769,train
2023-12-28,-1.842110733,-1.7787513161533197,-0.06335941684668023,train
2023-12-29,-1.813862117,-1.8489749466472016,0.03511282964720164,train
2024-01-02,-1.660627919,-1.840069831183499,0.17944191218349914,test
2024-01-03,-2.11658457,-1.7230491070146874,-0.3935354629853127,test
2024-01-04,-0.977305835,-1.84741964246663,0.87011380746663,test
2024-01-05,-2.216558792,-1.5153758374358777,-0.7011829545641222,test
2024-01-08,-1.965036224,-1.8555730814826927,-0.10946314251730738,test
2024-01-09,-2.220132401,-1.8091786712296765,-0.4109537297703234,test
2024-01-10,-1.326648328,-1.92768271237799,0.60103438437799,test
2024-01-11,-1.835269446,-1.6408161266952694,-0.19445331930473064,test
2024-01-12,-2.623744044,-1.8400730204285725,-0.7836710235714275,test
2024-01-15,-1.593471905,-2.0773426931994026,0.48387078819940266,test
2024-01-16,-1.936248285,-1.8025732782996249,-0.13367500670037513,test
2024-01-17,-1.915781336,-1.868067482970337,-0.04771385302966302,test
2024-01-18,-2.268230389,-1.9245911083933556,-0.3436392806066446,test
2024-01-19,-2.21997899,-2.0498098488397325,-0.1701691411602675,test
2024-01-22,-2.103228556,-2.0030081881838373,-0.10022036781616261,test
2024-01-23,-1.623778573,-2.0225010347488235,0.3987224617488234,test
2024-01-24,-1.610297932,-1.874504602618871,0.26420667061887104,test
2024-01-25,-1.910199032,-1.840223401591164,-0.06997563040883592,test
2024-01-26,-2.247734977,-1.8720531718590103,-0.3756818051409896,test
2024-01-29,-2.208217956,-1.9582395385016529,-0.24997841749834704,test
2024-01-30,-1.032816131,-1.9660701131998048,0.9332539821998049,test
2024-01-31,-1.794106995,-1.619459803250924,-0.17464719174907595,test
2024-02-01,-0.717343047,-1.8195150645032554,1.1021720175032554,test
2024-02-02,-2.06214168,-1.4391896698366904,-0.6229520101633095,test
2024-02-05,-2.279385447,-1.744902831375146,-0.5344826156248541,test
2024-02-06,-2.393078808,-1.8179975534213257,-0.5750812545786741,test
2024-02-07,-2.512110347,-1.9738068719750435,-0.5383034750249567,test
2024-02-08,-2.289285729,-2.0752016285402846,-0.21408410045971538,test
2024-02-09,-2.565384641,-2.168560415248974,-0.39682422575102594,test
2024-02-12,-0.789928289,-2.295315733827068,1.5053874448270679,test
2024-02-13,-2.457192209,-1.7181763790947921,-0.7390158299052079,test
2024-02-14,-2.340031101,-2.1234816340148877,-0.21654946698511246,test
2024-02-15,-2.054477328,-2.0874293419048717,0.03295201390487179,test
2024-02-16,-3.219636979,-1.9981710493986409,-1.2214659296013592,test
2024-02-19,-2.397402058,-2.3535991317018476,-0.0438029262981523,test
2024-02-20,-2.604987965,-2.3066942238404957,-0.29829374115950413,test
2024-02-21,-1.788198196,-2.374588794341073,0.5863905983410731,test
2024-02-22,-2.568057562,-2.123295282699642,-0.44476227930035783,test
2024-02-23,-2.7072116,-2.369009199734216,-0.33820240026578396,test
2024-02-26,-2.688470783,-2.366792447748465,-0.3216783352515349,test
2024-02-27,-2.651533813,-2.3978477052950726,-0.2536861077049273,test
2024-02-28,-2.208994331,-2.397694878494677,0.18870054749467702,test
2024-02-29,-2.32805627,-2.3303657788033494,0.002309508803349569,test
2024-03-01,-2.823782592,-2.3508183684836936,-0.4729642235163065,test
2024-03-04,-2.46361771,-2.492170173642778,0.028552463642778303,test
2024-03-05,-2.785721374,-2.4036458382038726,-0.3820755357961274,test
2024-03-06,-2.043097418,-2.5015219994597624,0.4584245814597625,test
2024-03-07,-1.908379262,-2.3048311780389548,0.3964519160389548,test
2024-03-08,-2.85451169,-2.2280920484090174,-0.6264196415909824,test
2024-03-11,-2.43217315,-2.462333425810577,0.03016027581057701,test
2024-03-12,-2.992087852,-2.359348870479227,-0.6327389815207729,test
2024-03-13,-2.537193925,-2.517919800952882,-0.019274124047118146,test
2024-03-14,-2.926375977,-2.4734884319008428,-0.4528875450991574,test
2024-03-15,-3.227711577,-2.6669387011518797,-0.5607728758481203,test
2024-03-18,-3.058371393,-2.7838403251695034,-0.2745310678304964,test
2024-03-19,-1.690690489,-2.812294178746132,1.1216036897461321,test
2024-03-20,-2.30134107,-2.34548648327665,0.044145413276650114,test
2024-03-21,-2.717875828,-2.469428100795268,-0.24844772720473207,test
2024-03-22,-2.820727921,-2.5514873901416557,-0.2692405308583443,test
2024-03-25,-2.828120128,-2.549641629008445,-0.27847849899155497,test
2024-03-26,-3.060299155,-2.532839862788781,-0.5274592922112191,test
2024-03-27,-2.297785664,-2.7199533630018333,0.42216769900183326,test
2024-03-28,-3.040576008,-2.531893236486954,-0.5086827715130458,test
2024-03-29,-2.342950991,-2.744875886333966,0.40192489533396625,test
2024-04-01,-2.376476502,-2.534040874678151,0.15756437267815082,test
2024-04-02,-2.376039156,-2.5006249113794405,0.1245857553794405,test
2024-04-03,-2.687305675,-2.4319872660478286,-0.2553184089521716,test
2024-04-04,-1.509330257,-2.5455530472971093,1.0362227902971093,test
2024-04-05,-2.76805111,-2.105765356430565,-0.6622857535694351,test
2024-04-08,-2.824478625,-2.4560748262382472,-0.36840379876175255,test
2024-04-09,-0.513628269,-2.521317318251704,2.007689049251704,test
2024-04-10,-1.637859,-1.766533425182573,0.1286744251825731,test
2024-04-11,-2.002944345,-1.930751508073278,-0.07219283692672196,test
2024-04-12,-1.777920627,-2.053718591438851,0.2757979644388511,test
2024-04-15,-1.642733856,-1.8991937858786332,0.2564599298786332,test
2024-04-16,-1.870338452,-1.7427408503891846,-0.12759760161081535,test
2024-04-17,-2.345356486,-1.908894836390629,-0.43646164960937095,test
2024-04-18,-1.812029676,-2.081219804782547,0.2691901287825471,test
2024-04-19,-2.409842835,-1.936461931321527,-0.4733809036784731,test
2024-04-22,-1.458063665,-2.1402644464414524,0.6822007814414524,test
2024-04-23,-2.382299667,-1.8803373602318114,-0.5019623067681884,test
2024-04-24,-1.950777542,-2.145555294505723,0.19477775250572282,test
2024-04-25,-2.164678543,-1.9954537889636423,-0.16922475403635762,test
2024-04-26,-2.134268357,-2.0699525872155933,-0.06431576978440656,test
2024-04-29,-1.725205936,-2.035218633463661,0.310012697463661,test
2024-04-30,-1.643001962,-1.9472943466897592,0.30429238468975917,test
2024-05-01,-1.892097569,-1.851112201228886,-0.040985367771113834,test
2024-05-02,-1.138564218,-1.9003045593869063,0.7617403413869064,test
2024-05-03,-3.073278725,-1.6100519207872672,-1.463226804212733,test
2024-05-06,-2.698911401,-2.167116164437039,-0.531795236562961,test
2024-05-07,-3.094546771,-2.180588505319147,-0.9139582656808529,test
2024-05-08,-2.491424376,-2.414362449648973,-0.07706192635102704,test
2024-05-09,-2.741472239,-2.321360439326005,-0.4201117996739949,test
2024-05-10,-3.00603947,-2.5549255865269007,-0.45111388347309944,test
2024-05-13,-2.453928961,-2.6272536024067787,0.17332464140677883,test
2024-05-14,-1.876262361,-2.476543000068264,0.600280639068264,test
2024-05-15,-2.805858473,-2.225302467270885,-0.5805560057291146,test
2024-05-16,-2.829541401,-2.490907665622114,-0.3386337353778863,test
2024-05-17,-3.16109467,-2.5152617086187803,-0.6458329613812199,test
2024-05-20,-2.833934297,-2.618357920649217,-0.21557637635078297,test
2024-05-21,-2.711338748,-2.5861350932873495,-0.1252036547126507,test
2024-05-22,-2.103893013,-2.637603092655427,0.5337100796554268,test
2024-05-23,-3.125469108,-2.4331965060622673,-0.6922726019377325,test
2024-05-24,-2.959941699,-2.714630278445357,-0.24531142055464272,test
2024-05-27,-3.0056288,-2.667100970404711,-0.3385278295952894,test
2024-05-28,-2.325914544,-2.7032380266955953,0.3773234826955951,test
2024-05-29,-2.652741482,-2.505932234994333,-0.14680924700566722,test
2024-05-30,-2.340413912,-2.645740442370073,0.3053265303700732,test
2024-05-31,-2.358173474,-2.505175817198133,0.1470023431981331,test
2024-06-03,-2.587196673,-2.4585583548852794,-0.12863831811472037,test
2024-06-04,-2.424007413,-2.4905447570329393,0.06653734403293932,test
2024-06-05,-2.394148235,-2.4533215417489744,0.059173306748974586,test
2024-06-06,-1.042378885,-2.418758891390871,1.3763800063908709,test
2024-06-07,-2.426808945,-1.950384692177928,-0.4764242528220719,test
2024-06-10,-2.287307791,-2.289170249100918,0.0018624581009181185,test
2024-06-11,-1.009135609,-2.2227557664317845,1.2136201574317844,test
2024-06-12,-1.937668199,-1.7618247121277477,-0.17584348687225226,test
2024-06-13,-1.945151333,-1.937145519286386,-0.008005813713614085,test
2024-06-14,-2.472238658,-2.0236710488436924,-0.4485676091563078,test
2024-06-17,-2.24013989,-2.1510792899279787,-0.08906060007202132,test
2024-06-18,-2.944633022,-2.084417168523696,-0.860215853476304,test
2024-06-19,-2.467495112,-2.4315980138670494,-0.0358970981329505,test
2024-06-20,-1.886925331,-2.362080099651137,0.4751547686511368,test
2024-06-21,-2.733880046,-2.207980469355305,-0.525899576644695,test
2024-06-24,-2.850815912,-2.4429748817440373,-0.4078410302559625,test
2024-06-25,-2.359027241,-2.5249180308071555,0.16589078980715533,test
2024-06-26,-2.473887395,-2.3455625455368816,-0.12832484946311862,test
2024-06-27,-2.221575369,-2.367992846535623,0.14641747753562306,test
2024-06-28,-2.115436846,-2.3372743897229507,0.2218375437229505,test
2024-07-01,-2.597581269,-2.248349204665895,-0.3492320643341049,test
2024-07-02,-2.274933148,-2.3436075925396747,0.06867444453967453,test
2024-07-03,-3.325550888,-2.2572453305706497,-1.0683055574293503,test
2024-07-04,-2.350686647,-2.5973073366897026,0.24662068968970274,test
2024-07-05,-2.461842133,-2.373956110509071,-0.08788602249092925,test
2024-07-08,-2.92131241,-2.433661276212467,-0.4876511337875331,test
2024-07-09,-3.376816856,-2.594823438590741,-0.7819934174092591,test
2024-07-10,-1.433047152,-2.817279628631338,1.384232476631338,test
2024-07-11,-2.792975746,-2.1642367144673957,-0.6287390315326045,test
2024-07-12,-2.677736861,-2.5520477236446477,-0.12568913735535236,test
2024-07-15,-2.738256819,-2.552475452717691,-0.1857813662823089,test
2024-07-16,-2.599733116,-2.558661573470071,-0.04107154252992906,test
2024-07-17,-2.912722524,-2.454440064091855,-0.458282459908145,test
2024-07-18,-2.90735352,-2.674720684050638,-0.2326328359493619,test
2024-07-19,-2.910088741,-2.6836612997569746,-0.22642744124302538,test
2024-07-22,-2.860247046,-2.7107603482281704,-0.14948669777182966,test
2024-07-23,-2.673810396,-2.7207329826314757,0.04692258663147575,test
2024-07-24,-2.321814944,-2.6821098583938463,0.3602949143938461,test
2024-07-25,-2.908944886,-2.5366811914263927,-0.3722636945736073,test
2024-07-26,-2.843176474,-2.6840968284036597,-0.15907964559634014,test
2024-07-29,-2.7303899,-2.6660768646902606,-0.06431303530973942,test
2024-07-30,-2.039110184,-2.632411002950297,0.5933008189502971,test
2024-07-31,-2.003847201,-2.406212195112791,0.4023649941127907,test
2024-08-01,-1.498308938,-2.3616741542157413,0.8633652162157412,test
2024-08-02,-0.899865553,-2.1003514699958754,1.2004859169958753,test
2024-08-05,-2.170097444,-1.749137674690017,-0.42095976930998313,test
2024-08-06,-2.480295051,-2.000679778854641,-0.47961527214535904,test
2024-08-07,-2.108750565,-2.116555230605406,0.007804665605406047,test
2024-08-08,-3.062041408,-2.0280520910439854,-1.0339893169560144,test
2024-08-09,-2.873125725,-2.399442784920285,-0.4736829400797151,test
2024-08-12,-2.476829853,-2.5532450186104385,0.0764151656104386,test
2024-08-13,-2.17387308,-2.4829753894653894,0.3091023094653895,test
2024-08-14,-1.689081426,-2.376082185012802,0.6870007590128022,test
2024-08-15,-3.069673993,-2.2089552439135582,-0.8607187490864416,test
2024-08-16,-2.502063819,-2.5469745082680557,0.04491068926805575,test
2024-08-19,-2.530332157,-2.3714074687619036,-0.15892468823809658,test
2024-08-20,-1.957998936,-2.3790728727485613,0.4210739367485612,test
2024-08-21,-2.020711845,-2.2108982183318338,0.19018637333183364,test
2024-08-22,-1.354747117,-2.2476765656048814,0.8929294486048813,test
2024-08-23,-2.516946595,-1.9135321460050068,-0.6034144489949931,test
2024-08-26,-2.475773868,-2.19668065093882,-0.2790932170611802,test
2024-08-27,-2.001029827,-2.176973880699039,0.17594405369903887,test
2024-08-28,-1.375946363,-2.0575620635792307,0.6816157005792307,test
2024-08-29,-2.0602076,-1.8324116875284704,-0.22779591247152964,test
2024-08-30,-2.721332614,-2.0629012368012454,-0.6584313771987547,test
2024-09-02,-2.227797278,-2.248812134691252,0.021014856691251804,test
2024-09-03,-2.064230682,-2.1149548730476626,0.05072419104766279,test
2024-09-04,-2.042132184,-2.0941799105762744,0.05204772657627421,test
2024-09-05,-1.227842651,-2.1494337254143057,0.9215910744143057,test
2024-09-06,-2.453005795,-1.8624212834077158,-0.5905845115922843,test
2024-09-09,-2.784161202,-2.13600275095028,-0.6481584510497198,test
2024-09-10,-1.990622664,-2.264401848503791,0.27377918450379113,test
2024-09-11,-2.08983484,-2.0569955643427686,-0.032839275657231326,test
2024-09-12,-2.821681476,-2.0810824158782912,-0.740599060121709,test
2024-09-13,-2.606707257,-2.4124927247872687,-0.19421453221273133,test
2024-09-16,-2.40923556,-2.385075130684118,-0.024160429315882137,test
2024-09-17,-1.026808343,-2.2954824962712994,1.2686741532712995,test
2024-09-18,-1.666567361,-1.857113500978738,0.19054613997873804,test
2024-09-19,-2.277133668,-1.9622513183958783,-0.31488234960412154,test
2024-09-20,-1.773391199,-2.0619879534023147,0.2885967544023147,test
2024-09-23,-2.359132124,-1.8605722043024755,-0.49855991969752433,test
2024-09-24,-2.041058203,-2.0078028125748464,-0.033255390425153575,test
2024-09-25,-1.403391722,-2.0204228955177768,0.6170311735177767,test
2024-09-26,-1.61605051,-1.8308163729952107,0.21476586299521072,test
2024-09-27,-1.496681102,-1.8162920766743813,0.3196109746743814,test
2024-09-30,-1.804423534,-1.7631489635883701,-0.04127457041162996,test
2024-10-01,-2.20950479,-1.7828066838330323,-0.4266981061669677,test
2024-10-02,-2.353958408,-1.8903578538072834,-0.4636005541927166,test
2024-10-03,-1.089456818,-2.0149101612400075,0.9254533432400076,test
2024-10-04,-2.221667219,-1.6510438893552237,-0.5706233296447762,test
2024-10-07,-2.519698516,-1.9928585660426779,-0.5268399499573222,test
2024-10-08,-2.498419937,-2.145193144044329,-0.35322679295567116,test
2024-10-09,-1.812235632,-2.1674428724219137,0.35520724042191376,test
2024-10-10,-2.252096056,-1.9413486687069978,-0.3107473872930022,test
2024-10-11,-2.604694644,-2.1581809994133607,-0.4465136445866391,test
2024-10-14,-2.64400227,-2.2842640563706653,-0.3597382136293348,test
2024-10-15,-2.720311205,-2.303345960809478,-0.41696524419052183,test
2024-10-16,-1.732185343,-2.34358559389245,0.6114002508924499,test
2024-10-17,-2.822961345,-2.091001876876035,-0.7319594681239652,test
2024-10-18,-3.01177866,-2.4261465254605143,-0.5856321345394857,test
2024-10-21,-2.665739886,-2.5241181803115946,-0.14162170568840526,test
2024-10-22,-2.605619547,-2.4471193899321726,-0.15850015706782727,test
2024-10-23,-2.125016439,-2.431064203381105,0.30604776438110504,test
2024-10-24,-2.74561028,-2.349413031604156,-0.39619724839584425,test
2024-10-25,-2.720373097,-2.499224238344308,-0.22114885865569178,test
2024-10-28,-2.0128051,-2.48041286082423,0.46760776082422995,test
2024-10-29,-1.710340628,-2.2537595672433666,0.5434189392433666,test
2024-10-30,-2.082646507,-2.100038208307092,0.01739170130709189,test
2024-10-31,-1.651674226,-2.1887122428542964,0.5370380168542965,test
2024-11-01,-2.147249431,-1.977176165385016,-0.17007326561498415,test
2024-11-04,-2.801992756,-2.040850544103523,-0.7611422118964772,test
2024-11-05,0.00038278,-2.2904774776185537,2.2908602576185535,test
2024-11-06,-0.995956681,-1.4328341718878224,0.43687749088782235,test
2024-11-07,-1.597023627,-1.5548590369235198,-0.04216459007648021,test
2024-11-08,-1.654236392,-1.6845644591921338,0.030328067192133767,test
2024-11-11,-1.925435299,-1.6507479950468165,-0.27468730395318364,test
2024-11-12,-1.137236367,-1.6309023019883813,0.4936659349883812,test
2024-11-13,-1.180146616,-1.5310647851973984,0.3509181691973984,test
2024-11-14,-1.271232212,-1.5425533196702736,0.27132110767027373,test
2024-11-15,-1.898355374,-1.518357338016608,-0.3799980359833921,test
2024-11-18,-1.202978143,-1.6937687527846252,0.4907906097846253,test
2024-11-19,-1.741995388,-1.4415816771760799,-0.3004137108239202,test
2024-11-20,-1.347754589,-1.6136752827781278,0.26592069377812777,test
2024-11-21,0.16558084,-1.520030261355752,1.685611101355752,test
2024-11-22,-0.960417834,-0.9920292782047495,0.031611444204749484,test
2024-11-25,-0.721700096,-1.1630056700366431,0.44130557403664317,test
2024-11-26,-1.006972165,-1.0387224030306017,0.03175023803060162,test
2024-11-27,-1.870389513,-1.0203003020699937,-0.8500892109300062,test
2024-11-28,-1.387991767,-1.2751067141151189,-0.11288505288488104,test
2024-11-29,-0.9671655,-1.3000303482971631,0.3328648482971631,test
2024-12-02,-1.531357645,-1.1872349037559353,-0.3441227412440646,test
2024-12-03,-1.377269863,-1.396984245296176,0.01971438229617606,test
2024-12-04,-1.510906489,-1.3859539225244446,-0.1249525664755553,test
2024-12-05,-1.064307465,-1.3705857026197854,0.30627823761978545,test
2024-12-06,-1.803734423,-1.244636253193361,-0.5590981698066391,test
2024-12-09,-1.950344938,-1.5091762695191746,-0.44116866848082537,test
2024-12-10,-1.484823475,-1.5872794710611218,0.10245599606112177,test
2024-12-11,-1.424564525,-1.4834271434627877,0.05886261846278762,test
2024-12-12,-1.759800174,-1.4554331012833677,-0.3043670727166323,test
2024-12-13,-1.620784342,-1.6075781042350168,-0.013206237764983308,test
2024-12-16,-2.031239124,-1.561918957527888,-0.46932016647211183,test
2024-12-17,-0.482683476,-1.676493348323386,1.1938098723233859,test
2024-12-18,-1.16105365,-1.195237411763745,0.034183761763745046,test
2024-12-19,-1.318016918,-1.3334908515759052,0.015473933575905097,test
2024-12-20,-1.742316604,-1.325538986928166,-0.41677761707183403,test
2024-12-23,-2.167785229,-1.4432380643277791,-0.724547164672221,test
2024-12-24,-2.654280146,-1.5837649830256122,-1.0705151629743879,test
2024-12-26,-2.182033642,-1.9212942113615337,-0.2607394306384663,test
2024-12-27,-1.407607403,-1.918566891752827,0.5109594887528268,test
2024-12-30,-1.944311177,-1.7449369986103238,-0.19937417838967608,test
2024-12-31,-0.828413095,-1.8936680857479975,1.0652549907479973,test
2025-01-02,-1.937156321,-1.49448390000634,-0.4426724209936601,test
2025-01-03,-0.332990416,-1.7051338110367489,1.372143395036749,test
2025-01-06,-1.202580282,-1.1340913716536292,-0.06848891034637083,test
2025-01-07,-1.413035729,-1.3223456610169306,-0.09069006798306933,test
2025-01-08,-2.146035692,-1.3224976053206925,-0.8235380866793074,test
2025-01-09,-0.091819324,-1.633226052964067,1.541406728964067,test
2025-01-10,-1.234885904,-0.9486400333681531,-0.2862458706318469,test
2025-01-13,-1.254698655,-1.2997591324971247,0.04506047749712461,test
2025-01-14,-0.995226883,-1.3068637834644903,0.31163690046449033,test
2025-01-15,-1.280876103,-1.2008855318949623,-0.07999057110503771,test
2025-01-16,-1.462718638,-1.1839159011522429,-0.278802736847757,test
2025-01-17,0.166894915,-1.3534619765724498,1.52035689157245,test
2025-01-20,-0.768643398,-0.8069935218368767,0.03835012383687664,test
2025-01-21,-1.506292017,-0.9900002278135147,-0.5162917891864853,test
2025-01-22,-1.836544699,-1.218789099494882,-0.617755599505118,test
2025-01-23,-1.357880352,-1.3555941754896903,-0.002286176510309712,test
2025-01-24,-1.547552179,-1.226477768650313,-0.321074410349687,test
2025-01-27,-1.412263292,-1.4248218607710554,0.012558568771055434,test
2025-01-28,-1.475268339,-1.4385890695550374,-0.03667926944496269,test
2025-01-29,-0.73442687,-1.4431529360570896,0.7087260660570897,test
2025-01-30,-0.878429288,-1.1550402079892743,0.27661091998927434,test
2025-01-31,0.131969198,-1.133463687861441,1.265432885861441,test
2025-02-03,-1.328617925,-0.7236515610485783,-0.6049663639514218,test
2025-02-04,-1.643250595,-1.0606628685265407,-0.5825877264734594,test
2025-02-05,-1.871233556,-1.166284919463589,-0.704948636536411,test
2025-02-06,-0.75051463,-1.334176624537814,0.583661994537814,test
2025-02-07,-1.816780537,-1.0453961184329972,-0.7713844185670029,test
2025-02-10,-2.288057448,-1.4796249536495218,-0.8084324943504781,test
2025-02-11,-0.830621248,-1.7062212368979015,0.8755999888979015,test
2025-02-12,-0.929720881,-1.275550475485503,0.3458295944855029,test
2025-02-13,-1.875401893,-1.2082725671456993,-0.6671293258543007,test
2025-02-14,-2.538873461,-1.5500475202139667,-0.9888259407860334,test
2025-02-17,-2.12403316,-1.79057509752925,-0.33345806247075016,test
2025-02-18,-2.156964134,-1.6827178867676889,-0.474246247232311,test
2025-02-19,-1.971472588,-1.839364832646399,-0.13210775535360098,test
2025-02-20,-1.759715257,-1.9047563629939932,0.1450411059939931,test
2025-02-21,-1.542788373,-1.8458093497421204,0.30302097674212036,test
2025-02-24,-1.855592193,-1.6977570664763557,-0.15783512652364418,test
2025-02-25,-1.508334502,-1.7534802049781146,0.24514570297811455,test
2025-02-26,-1.562192991,-1.6091652820039806,0.04697229100398048,test
2025-02-27,-1.543687441,-1.5856895512751321,0.04200211027513201,test
2025-02-28,-1.388693038,-1.5618889818681,0.1731959438681001,test
2025-03-03,-0.899011009,-1.517399673215623,0.618388664215623,test
2025-03-04,-0.452675053,-1.3108236867051501,0.8581486337051502,test
2025-03-05,-0.551304384,-1.1116143975548742,0.5603100135548742,test
2025-03-06,-0.682492341,-1.0328357203802674,0.3503433793802674,test
2025-03-07,-0.787194878,-0.9738138718523754,0.18661899385237546,test
2025-03-10,-1.037716838,-0.9312308824697726,-0.10648595553022733,test
2025-03-11,-1.485498917,-1.0075437717230034,-0.47795514527699656,test
2025-03-12,-1.386351084,-1.207740788283398,-0.17861029571660203,test
2025-03-13,-1.287981602,-1.251722255163704,-0.03625934683629595,test
2025-03-14,-1.984922135,-1.289363963636435,-0.695558171363565,test
2025-03-17,-1.682284751,-1.579974465246477,-0.10231028575352319,test
2025-03-18,-1.231568233,-1.5650065674146258,0.3334383344146259,test
2025-03-19,-1.486746576,-1.4186790742259698,-0.0680675017740302,test
2025-03-20,-1.688723394,-1.4824637352256538,-0.20625965877434616,test
2025-03-21,-1.411970967,-1.5632291508917362,0.15125818389173618,test
2025-03-24,-1.961347077,-1.4372421552704129,-0.5241049217295872,test
2025-03-25,-1.833315979,-1.5975841241973638,-0.23573185480263614,test
2025-03-26,-1.483582058,-1.625921013095676,0.14233895509567596,test
2025-03-27,-1.633287482,-1.53741939072352,-0.09586809127648,test
2025-03-28,-1.372167776,-1.5696464271991124,0.19747865119911245,test
2025-03-31,-1.539321172,-1.5010433751552195,-0.0382777968447805,test
2025-04-01,-0.71427224,-1.501958590377618,0.787686350377618,test
2025-04-02,0.283262014,-1.1919968668275613,1.4752588808275613,test
2025-04-03,0.105284877,-0.774736897470008,0.880021774470008,test
2025-04-04,0.16803802,-0.6497556578790051,0.8177936778790051,test
