date,Y_h,fitted,residual,split
2012-02-10,-0.9556796214000001,-0.9625431917554589,0.0068635703554588146,train
2012-02-13,-0.9806231438000002,-1.0022705398788396,0.021647396078839476,train
2012-02-14,-0.8351357335999999,-1.0030546528514515,0.16791891925145153,train
2012-02-15,-0.9356609408000001,-0.9395349194753315,0.0038739786753314576,train
2012-02-16,-1.0242335666,-0.9350657807614201,-0.08916778583857987,train
2012-02-17,-1.0671207012,-1.0259946604809886,-0.04112604071901127,train
2012-02-20,-1.0341356300000002,-1.0544372177509902,0.020301587750990002,train
2012-02-21,-1.2289216702,-0.8286355041861113,-0.4002861660138888,train
2012-02-22,-1.1660199232000001,-1.0176942677099547,-0.1483256554900454,train
2012-02-23,-1.1707949652,-1.04749056733728,-0.12330439786271996,train
2012-02-24,-1.1531968128,-1.1208834925338997,-0.03231332026610034,train
2012-02-27,-1.1361042586,-1.067086966666091,-0.06901729193390915,train
2012-02-28,-1.188141637,-1.1681722065751055,-0.01996943042489452,train
2012-02-29,-1.2928890248,-1.0981891221627988,-0.19469990263720116,train
2012-03-01,-1.2801055014,-1.1379158820802724,-0.14218961931972762,train
2012-03-02,-1.2471399189999999,-1.1692407865838652,-0.07789913241613466,train
2012-03-05,-1.312394647,-1.1283255394515126,-0.1840691075484875,train
2012-03-06,-1.265672758,-1.2197674605806141,-0.04590529741938587,train
2012-03-07,-1.2085089618,-1.2719139841066354,0.06340502230663536,train
2012-03-08,-1.2572500254,-1.223963092309887,-0.0332869330901131,train
2012-03-09,-1.2527003896,-1.2246646805344834,-0.028035709065516556,train
2012-03-12,-1.2940539379999998,-1.2918179775119834,-0.002235960488016442,train
2012-03-13,-1.3333003896,-1.2507549819299413,-0.08254540767005869,train
2012-03-14,-1.3843764558,-1.2163012815165348,-0.1680751742834652,train
2012-03-15,-1.3671937709999997,-1.2685787145257363,-0.09861505647426339,train
2012-03-16,-1.375714108,-1.247792596499679,-0.12792151150032094,train
2012-03-19,-1.2727416044000002,-1.3393218456052653,0.06658024120526518,train
2012-03-20,-1.2919140704,-1.3355312947092028,0.043617224309202784,train
2012-03-21,-1.2729235688,-1.357691966276747,0.08476839747674703,train
2012-03-22,-1.2876442126,-1.343337219212717,0.05569300661271703,train
2012-03-23,-1.269673205,-1.339343563431954,0.06967035843195402,train
2012-03-26,-1.3784633889999998,-1.2763652156987444,-0.10209817330125537,train
2012-03-27,-1.2647797112,-1.348095001477454,0.08331529027745388,train
2012-03-28,-1.233678872,-1.3144679126656278,0.08078904066562775,train
2012-03-29,-1.3034009078,-1.3240181441765055,0.020617236376505588,train
2012-03-30,-1.403758795,-1.2890530106995823,-0.11470578430041756,train
2012-04-02,-1.2974333266,-1.4136490778521917,0.11621575125219175,train
2012-04-03,-1.3645365206,-1.26487964605917,-0.09965687454082994,train
2012-04-04,-1.4171124750000001,-1.283089489351287,-0.13402298564871318,train
2012-04-05,-1.4101599726,-1.388405141320645,-0.021754831279354958,train
2012-04-06,-1.2830246129999998,-1.4253164765754858,0.14229186357548596,train
2012-04-10,-1.3636983344,-1.3054872249065872,-0.058211109493412794,train
2012-04-11,-1.329031722,-1.3635496556563536,0.03451793365635347,train
2012-04-12,-1.3128862682000002,-1.4064231462007213,0.09353687800072108,train
2012-04-13,-1.2816143034,-1.4400249677550223,0.15841066435502227,train
2012-04-16,-1.4465755374,-1.2897970173526205,-0.15677852004737947,train
2012-04-17,-1.51909007,-1.3985416325675342,-0.1205484374324659,train
2012-04-18,-1.530836446,-1.3296773518997396,-0.20115909410026034,train
2012-04-19,-1.5795923642000003,-1.3518533527380718,-0.22773901146192843,train
2012-04-20,-1.5653934358000001,-1.3591355703291412,-0.2062578654708589,train
2012-04-23,-1.6640318682,-1.4804647938659559,-0.18356707433404407,train
2012-04-24,-1.6317591669999998,-1.5274154764948775,-0.10434369050512227,train
2012-04-25,-1.6495259036,-1.4359342973140843,-0.21359160628591578,train
2012-04-26,-1.7064504902,-1.5232623413362492,-0.1831881488637508,train
2012-04-27,-1.8031509484000001,-1.491092697053326,-0.3120582513466741,train
2012-04-30,-1.5779068106,-1.6721606327440892,0.09425382214408917,train
2012-05-01,-1.5328842422000002,-1.57868250415741,0.04579826195740977,train
2012-05-02,-1.5457985086,-1.5276359067078764,-0.018162601892123487,train
2012-05-03,-1.4991736216,-1.6421189959885938,0.14294537438859378,train
2012-05-04,-1.4463956768,-1.7011248284728355,0.2547291516728356,train
2012-05-07,-1.5396958389999997,-1.5026322408337316,-0.03706359816626814,train
2012-05-08,-1.5054407287999998,-1.5218435220772788,0.016402793277279004,train
2012-05-09,-1.4333650326,-1.502922358551967,0.06955732595196706,train
2012-05-10,-1.3166090728,-1.5356673059783346,0.21905823317833462,train
2012-05-11,-1.1786034527999998,-1.5173868287870311,0.33878337598703134,train
2012-05-14,-1.1117248528,-1.5610395797483947,0.4493147269483946,train
2012-05-15,-1.0810457828,-1.4931283742281072,0.4120825914281072,train
2012-05-16,-1.0616605293999999,-1.4153401063285362,0.35367957692853635,train
2012-05-17,-1.007400934,-1.3718842603746875,0.3644833263746874,train
2012-05-18,-1.0396622165999998,-1.2944475682059782,0.25478535160597837,train
2012-05-21,-1.0811626055999999,-1.3157413693512807,0.23457876375128084,train
2012-05-22,-1.0891064172,-1.2748596570769557,0.1857532398769557,train
2012-05-23,-1.1228562436,-1.2137934154352084,0.09093717183520833,train
2012-05-24,-1.1578763742,-1.16309755974367,0.005221185543669904,train
2012-05-25,-1.0084066548,-1.220932262908853,0.21252560810885313,train
2012-05-28,-0.8932507256,-1.2945828989763855,0.4013321733763855,train
2012-05-29,-0.847538559,-1.2482969755059767,0.40075841650597677,train
2012-05-30,-0.7887873693999999,-1.2232763092187564,0.43448893981875647,train
2012-05-31,-0.8151003832000001,-1.216728618842897,0.40162823564289685,train
2012-06-01,-0.9201368534000001,-1.0545290496622344,0.1343921962622343,train
2012-06-05,-0.8919455170000001,-1.0723732554495038,0.18042773844950366,train
2012-06-06,-0.9043396586,-1.0413001133508544,0.1369604547508544,train
2012-06-07,-0.979286436,-0.9799508800831487,0.0006644440831486964,train
2012-06-08,-1.0365180894,-1.034820960000644,-0.0016971293993559566,train
2012-06-11,-1.0088161694,-1.0438292935673474,0.035013124167347476,train
2012-06-12,-1.0840500076000001,-1.0066046886319204,-0.07744531896807971,train
2012-06-13,-1.0023035164,-1.0338191627545645,0.0315156463545645,train
2012-06-14,-0.9464949906,-1.0723255971157835,0.12583060651578348,train
2012-06-15,-0.9340054408,-1.1348150317137728,0.20080959091377282,train
2012-06-18,-1.122153422,-1.0305860116121623,-0.09156741038783767,train
2012-06-19,-1.1129603242000001,-1.1243734857992387,0.011413161599238553,train
2012-06-20,-1.3429772111999998,-1.0051041718808233,-0.33787303931917645,train
2012-06-21,-1.4164301372,-1.0066935866099802,-0.4097365505900199,train
2012-06-22,-1.1493808346,-1.0711515908840978,-0.07822924371590223,train
2012-06-25,-1.1090222498,-1.2159312438105327,0.10690899401053278,train
2012-06-26,-1.2316095357999999,-1.1381771757652939,-0.09343236003470601,train
2012-06-27,-1.244727526,-1.3353737992389065,0.09064627323890662,train
2012-06-28,-1.1795741816,-1.2846052360048887,0.10503105440488869,train
2012-06-29,-1.4869054126,-0.9800913006606312,-0.5068141119393689,train
2012-07-02,-1.478653718,-1.180896533815258,-0.29775718418474195,train
2012-07-03,-1.458359346,-1.2806866442621334,-0.17767270173786653,train
2012-07-04,-1.371121804,-1.320195745036975,-0.050926058963024934,train
2012-07-05,-1.497336226,-1.1587828354368503,-0.3385533905631497,train
2012-07-06,-1.425304088,-1.3884949334770444,-0.036809154522955634,train
2012-07-09,-1.4194156648,-1.3849157348350216,-0.034499929964978415,train
2012-07-10,-1.2880979296,-1.4115793660994107,0.12348143649941079,train
2012-07-11,-1.2492424806,-1.346677994243821,0.09743551364382097,train
2012-07-12,-1.178088479,-1.4288313533564483,0.2507428743564484,train
2012-07-13,-1.1701475834,-1.3504090868965088,0.18026150349650893,train
2012-07-16,-1.1220005808,-1.3883094456786036,0.2663088648786036,train
2012-07-17,-1.197143292,-1.265148389682932,0.06800509768293206,train
2012-07-18,-1.1337683342,-1.285144057169943,0.15137572296994306,train
2012-07-19,-0.9935844132,-1.2491412425355628,0.2555568293355628,train
2012-07-20,-0.8048755251999999,-1.2481252135365377,0.4432496883365378,train
2012-07-23,-0.8547529494000001,-1.2402338146460417,0.3854808652460415,train
2012-07-24,-0.8028156278,-1.298711483611531,0.49589585581153095,train
2012-07-25,-0.8130632884000001,-1.1920090497441076,0.3789457613441075,train
2012-07-26,-0.671664123,-1.062651167479606,0.39098704447960597,train
2012-07-27,-0.7866698396,-0.9188210311941535,0.13215119159415345,train
2012-07-30,-0.7083514116,-1.1189013111740467,0.41054989957404664,train
2012-07-31,-0.8366282522,-1.0674557447970523,0.23082749259705226,train
2012-08-01,-1.0013691778,-1.039783465731079,0.03841428793107893,train
2012-08-02,-1.3305723932,-0.7835417415114371,-0.5470306516885629,train
2012-08-03,-1.4995621350000001,-0.9576566768381651,-0.541905458161835,train
2012-08-06,-1.6280504294,-0.9659277986367799,-0.6621226307632201,train
2012-08-07,-1.6501027432000002,-1.1235275485966418,-0.5265751946033583,train
2012-08-08,-1.7055343854,-1.200571993163662,-0.504962392236338,train
2012-08-09,-1.8053495081999997,-1.2875854307637447,-0.5177640774362551,train
2012-08-10,-1.8130664464,-1.3913092996162522,-0.42175714678374776,train
2012-08-13,-1.8056659584,-1.4598158367947431,-0.34585012160525697,train
2012-08-14,-1.7003458796,-1.5041260948398563,-0.19621978476014368,train
2012-08-15,-1.5435593048,-1.562424016825307,0.01886471202530693,train
2012-08-16,-1.4676965553999999,-1.5997092657633885,0.13201271036338857,train
2012-08-17,-1.3946094624,-1.5731052042933698,0.1784957418933697,train
2012-08-20,-1.4975150852,-1.577566047484831,0.08005096228483088,train
2012-08-21,-1.5838559336,-1.4912099572465882,-0.09264597635341176,train
2012-08-22,-1.7081689199999999,-1.4143370638583415,-0.2938318561416584,train
2012-08-23,-1.7835258598,-1.4220213746376533,-0.36150448516234657,train
2012-08-24,-1.683744715,-1.3620468008427735,-0.3216979141572265,train
2012-08-27,-1.6850783692,-1.5556559987635734,-0.12942237043642657,train
2012-08-28,-1.6562529510000001,-1.560270345907538,-0.09598260509246215,train
2012-08-29,-1.5151641532,-1.6360146280618497,0.12085047486184974,train
2012-08-30,-1.3480453168,-1.6835343030108658,0.33548898621086587,train
2012-08-31,-1.4357106823999999,-1.480756398518015,0.04504571611801511,train
2012-09-03,-1.3893256442,-1.7126458647569094,0.32332022055690945,train
2012-09-04,-1.3907542386,-1.6359944651274305,0.2452402265274305,train
2012-09-05,-1.3703856922,-1.5144757994247044,0.1440901072247045,train
2012-09-06,-1.3196292132,-1.4177968683245197,0.09816765512451964,train
2012-09-07,-1.3330832782,-1.4686677011805929,0.13558442298059292,train
2012-09-10,-1.205337205,-1.5577943744432117,0.3524571694432117,train
2012-09-11,-1.1495636902000002,-1.5151927327425025,0.3656290425425024,train
2012-09-12,-1.2233948554,-1.4189074929452663,0.19551263754526627,train
2012-09-13,-1.3036670795999998,-1.3452395828952917,0.04157250329529183,train
2012-09-14,-1.1971709391999998,-1.4063495458200173,0.20917860662001742,train
2012-09-17,-1.1977691298,-1.3443461562758976,0.14657702647589765,train
2012-09-18,-1.203616012,-1.3231161307380652,0.11950011873806532,train
2012-09-19,-1.2213494692000002,-1.3643671079462834,0.14301763874628315,train
2012-09-20,-1.2453938944,-1.3652002821030111,0.11980638770301111,train
2012-09-21,-1.3659759696000002,-1.247384159385239,-0.11859181021476117,train
2012-09-24,-1.364191367,-1.3213510294703132,-0.042840337529686856,train
2012-09-25,-1.3991078088,-1.3360943546044772,-0.06301345419552273,train
2012-09-26,-1.4022079502,-1.3553191067994457,-0.046888843400554325,train
2012-09-27,-1.4082925918,-1.3318596346408824,-0.07643295715911758,train
2012-09-28,-1.4930764638,-1.3788698947215006,-0.11420656907849946,train
2012-10-01,-1.6129567094,-1.3600072379161279,-0.25294947148387203,train
2012-10-02,-1.5812910044,-1.4230713051420487,-0.1582196992579512,train
2012-10-03,-1.5708907250000002,-1.413790846626168,-0.1570998783738322,train
2012-10-04,-1.576604378,-1.3873497799519412,-0.1892545980480589,train
2012-10-05,-1.523042098,-1.491253866511366,-0.03178823148863397,train
2012-10-08,-1.5046256088,-1.5706120013384293,0.0659863925384292,train
2012-10-09,-1.5802240894000001,-1.489688389360328,-0.09053570003967204,train
2012-10-10,-1.5767722932,-1.4922703753954838,-0.0845019178045161,train
2012-10-11,-1.6429662216,-1.4773214390013336,-0.16564478259866644,train
2012-10-12,-1.6943216747999998,-1.477830941316528,-0.2164907334834718,train
2012-10-15,-1.7029355546000002,-1.525107568008929,-0.17782798659107124,train
2012-10-16,-1.7313067176,-1.5608617904551179,-0.17044492714488224,train
2012-10-17,-1.734408872,-1.520123974044785,-0.214284897955215,train
2012-10-18,-1.7215646589999998,-1.5891582141169345,-0.1324064448830653,train
2012-10-19,-1.670700086,-1.622474579978506,-0.048225506021494,train
2012-10-22,-1.6963161626,-1.6459140464967401,-0.05040211610325995,train
2012-10-23,-1.7275228398,-1.6854209278385375,-0.04210191196146251,train
2012-10-24,-1.8251005372000002,-1.629908169847153,-0.19519236735284728,train
2012-10-25,-1.8745120874,-1.6524922464779683,-0.22201984092203175,train
2012-10-26,-1.8527206232000002,-1.6101812885158113,-0.24253933468418887,train
2012-10-29,-1.8089182418,-1.6947959329576785,-0.11412230884232155,train
2012-10-30,-1.7478886375999998,-1.7327676534891565,-0.015120984110843283,train
2012-10-31,-1.5743029058000002,-1.7718009330440068,0.19749802724400656,train
2012-11-01,-1.4737871766000001,-1.788254745786495,0.3144675691864949,train
2012-11-02,-1.5281952936,-1.7064637931071347,0.17826849950713464,train
2012-11-05,-1.5892315933999999,-1.7421508859598331,0.15291929255983328,train
2012-11-06,-1.5679260994,-1.7176193564754014,0.1496932570754015,train
2012-11-07,-1.6828961572,-1.5394738584646164,-0.1434222987353837,train
2012-11-08,-1.7700931554000001,-1.5379700035063735,-0.23212315189362664,train
2012-11-09,-1.7723866402,-1.6025844012676893,-0.1698022389323106,train
2012-11-12,-1.7341253848,-1.6919539908265318,-0.04217139397346825,train
2012-11-13,-1.6446268306,-1.6289418519538132,-0.015684978646186787,train
2012-11-14,-1.6231156949999999,-1.6801352705546655,0.057019575554665636,train
2012-11-15,-1.6266643686000002,-1.7403387854145338,0.11367441681453361,train
2012-11-16,-1.6305118585999998,-1.7233688525310782,0.09285699393107838,train
2012-11-19,-1.653251267,-1.7339001905879705,0.0806489235879706,train
2012-11-20,-1.7210214906,-1.5951350654101146,-0.12588642518988546,train
2012-11-21,-1.7683689852,-1.6334483608257473,-0.13492062437425267,train
2012-11-22,-1.770541083,-1.673603511469599,-0.09693757153040083,train
2012-11-23,-1.7481092277999999,-1.6575647527633375,-0.09054447503666241,train
2012-11-26,-1.7342286856000002,-1.7101573037604811,-0.024071381839519068,train
2012-11-27,-1.8452929802,-1.6792581054262397,-0.16603487477376033,train
2012-11-28,-1.9410524196,-1.7343171177986834,-0.20673530180131672,train
2012-11-29,-1.9015561948,-1.7399471525457035,-0.1616090422542964,train
2012-11-30,-1.8867297758,-1.6863863292686065,-0.20034344653139335,train
2012-12-03,-1.9042478509999998,-1.7245822549878616,-0.17966559601213827,train
2012-12-04,-1.8694851585999999,-1.8100059524925407,-0.05947920610745916,train
2012-12-05,-1.8407714087999998,-1.8854622262049832,0.044690817404983374,train
2012-12-06,-1.8549469282,-1.7797549319842287,-0.07519199621577122,train
2012-12-07,-1.8519378832000002,-1.7586635414800964,-0.09327434171990379,train
2012-12-10,-1.8280002759999998,-1.8418685231307532,0.013868247130753408,train
2012-12-11,-1.9278241211999998,-1.8214294824277768,-0.106394638772223,train
2012-12-12,-1.8847728342,-1.8411375411664093,-0.043635293033590816,train
2012-12-13,-1.8176605566,-1.7912199048585624,-0.026440651741437504,train
2012-12-14,-1.786904384,-1.7542863832140756,-0.03261800078592447,train
2012-12-17,-1.8925337702,-1.7967192780609296,-0.09581449213907045,train
2012-12-18,-2.1588334734,-1.928217613952857,-0.23061585944714302,train
2012-12-19,-2.1576633768,-1.8409648143830404,-0.3166985624169596,train
2012-12-20,-2.1795083330000002,-1.7409982266899606,-0.4385101063100396,train
2012-12-21,-2.2345711057999997,-1.7170579253849136,-0.5175131804150861,train
2012-12-24,-1.9848785724,-1.9184959637593455,-0.06638260864065448,train
2012-12-25,-1.3955705886,-2.253864917039476,0.858294328439476,train
2012-12-26,-1.2379409724000001,-1.9946821976702405,0.7567412252702403,train
2012-12-27,-1.1948318888,-1.9455533754827097,0.7507214866827097,train
2012-12-28,-1.1810191674000001,-1.9822906751931566,0.8012715077931565,train
2012-12-31,-1.256490259,-1.7984799126570266,0.5419896536570266,train
2013-01-02,-1.4735423810000001,-1.4863447214827314,0.012802340482731323,train
2013-01-03,-1.4977259818,-1.4529686597717473,-0.044757322028252666,train
2013-01-04,-1.4709395716,-1.445032517655973,-0.025907053944026925,train
2013-01-07,-1.4575775374,-1.464690897649523,0.007113360249523026,train
2013-01-08,-1.3479241612,-1.4914732503698256,0.14354908916982567,train
2013-01-09,-1.2098445678,-1.6414676704299072,0.4316231026299071,train
2013-01-10,-1.230222471,-1.5508157176623238,0.3205932466623238,train
2013-01-11,-1.2081307574,-1.5146242058299226,0.30649344842992265,train
2013-01-14,-1.3190085934,-1.5450624934573167,0.22605390005731674,train
2013-01-15,-1.3150279458,-1.4156198552371286,0.10059190943712859,train
2013-01-16,-1.323600068,-1.383480377033828,0.059880309033828016,train
2013-01-17,-1.2772882341999998,-1.4059324435602063,0.12864420936020649,train
2013-01-18,-1.3066996035999998,-1.3327755335355849,0.02607592993558505,train
2013-01-21,-1.2077513192,-1.5214115088349298,0.3136601896349298,train
2013-01-22,-1.3567735295999999,-1.361167470767496,0.004393941167496029,train
2013-01-23,-1.4596001768,-1.4035832335775549,-0.056016943222445104,train
2013-01-24,-1.6162281682,-1.347533073054482,-0.26869509514551804,train
2013-01-25,-1.5861506152,-1.3319668524277224,-0.2541837627722776,train
2013-01-28,-1.5535024752,-1.3331997551140198,-0.22030272008598017,train
2013-01-29,-1.3771807158,-1.422332925726373,0.04515220992637303,train
2013-01-30,-1.2771184112,-1.476191004479035,0.19907259327903493,train
2013-01-31,-1.081073619,-1.5752307651694262,0.4941571461694261,train
2013-02-01,-1.1327194494000001,-1.444709429319739,0.31198997991973876,train
2013-02-04,-1.158242264,-1.4818628874677078,0.3236206234677077,train
2013-02-05,-1.2406201127999998,-1.3207172122249258,0.08009709942492593,train
2013-02-06,-1.2856489842,-1.334884218396173,0.04923523419617304,train
2013-02-07,-1.3639641944,-1.195141470183342,-0.168822724216658,train
2013-02-08,-1.3318574944,-1.2614132916265157,-0.07044420277348418,train
2013-02-11,-1.406248588,-1.30520411369786,-0.10104447430213992,train
2013-02-12,-1.5188009904000002,-1.3029585309700333,-0.21584245942996683,train
2013-02-13,-1.427869643,-1.3573484927687893,-0.07052115023121064,train
2013-02-14,-1.3817556255999999,-1.372528420678358,-0.009227204921641974,train
2013-02-15,-1.4238905966000002,-1.3332179970041256,-0.09067259959587459,train
2013-02-18,-1.151350638,-1.476854064385175,0.32550342638517504,train
2013-02-19,-0.9073521048,-1.5244251321280338,0.6170730273280338,train
2013-02-20,-0.979970578,-1.3624377516156698,0.38246717361566984,train
2013-02-21,-0.9840593166,-1.3527077638401548,0.3686484472401548,train
2013-02-22,-1.0082469374,-1.4097458394314313,0.40149890203143124,train
2013-02-25,-1.2488344809999998,-1.1666667492102436,-0.08216773178975623,train
2013-02-26,-1.5419439289999999,-1.0612136498290758,-0.48073027917092404,train
2013-02-28,-1.5206199135999998,-1.2047065623805562,-0.31591335121944364,train
2013-03-01,-1.4485370673999998,-1.1574505868035538,-0.29108648059644593,train
2013-03-04,-1.5457421191999998,-1.215059434861841,-0.3306826843381587,train
2013-03-05,-1.5548261805999999,-1.3501157959814472,-0.20471038461855273,train
2013-03-06,-1.4053068109999998,-1.5357136341071278,0.13040682310712803,train
2013-03-07,-1.4495661552,-1.418734086986435,-0.03083206821356499,train
2013-03-08,-1.5324278246,-1.3109647931778663,-0.22146303142213375,train
2013-03-11,-1.2951060626,-1.5336173111649452,0.2385112485649452,train
2013-03-12,-1.0283553600000002,-1.5229241737434076,0.49456881374340744,train
2013-03-13,-0.9677309218,-1.3924504426697437,0.42471952086974374,train
2013-03-14,-0.890094057,-1.4412085247864468,0.5511144677864468,train
2013-03-15,-0.9070731773999998,-1.4269586761521902,0.5198854987521904,train
2013-03-18,-0.8534923884,-1.2601387354514446,0.40664634705144465,train
2013-03-19,-1.0154805954000001,-1.0848617803031064,0.0693811849031063,train
2013-03-20,-1.1177780286,-1.1352568879506229,0.017478859350622766,train
2013-03-21,-1.1821058768000001,-1.108499335194118,-0.0736065416058822,train
2013-03-22,-1.3721193499999997,-1.1254285350270594,-0.24669081497294032,train
2013-03-25,-1.6922766928000001,-0.9904542275226181,-0.701822465277382,train
2013-03-26,-1.7820157695999999,-1.1658763221427435,-0.6161394474572564,train
2013-03-27,-1.8725953292,-1.2485511505557534,-0.6240441786442465,train
2013-03-28,-1.6706681836000001,-1.2810560635804857,-0.3896121200195144,train
2013-03-29,-1.363170588,-1.4928871160801962,0.12971652808019618,train
2013-04-01,-1.2752342472,-1.6279432733984591,0.3527090261984591,train
2013-04-02,-1.1854250078,-1.6168125822421626,0.4313875744421627,train
2013-04-03,-1.1179632981999998,-1.7000237901138886,0.5820604919138888,train
2013-04-04,-1.3899082614,-1.3797767659401354,-0.010131495459864581,train
2013-04-05,-1.5493115982,-1.2594731730183388,-0.28983842518166125,train
2013-04-08,-1.4878047074,-1.3692116482561023,-0.11859305914389773,train
2013-04-09,-1.4341759768,-1.2785652874653612,-0.15561068933463873,train
2013-04-10,-1.295382538,-1.2975170250762773,0.0021344870762773915,train
2013-04-11,-1.175585959,-1.4384635661610607,0.2628776071610608,train
2013-04-12,-1.1475592958,-1.462019310726577,0.31446001492657705,train
2013-04-15,-1.2399565956,-1.419832753799905,0.17987615819990488,train
2013-04-16,-1.257560646,-1.3400148782357464,0.08245423223574644,train
2013-04-17,-1.3858628564,-1.2759057869404344,-0.10995706945956552,train
2013-04-18,-1.45307209,-1.2734696204697358,-0.17960246953026426,train
2013-04-19,-1.489523042,-1.2837425406987737,-0.20578050130122638,train
2013-04-22,-1.5113300564,-1.4048366683948972,-0.10649338800510288,train
2013-04-23,-1.5859764678000001,-1.3029721976302573,-0.28300427016974283,train
2013-04-24,-1.5410132215999999,-1.444653644828755,-0.09635957677124485,train
2013-04-25,-1.2923812442,-1.4722418340995047,0.1798605898995047,train
2013-04-26,-1.0443376446,-1.483571251458838,0.43923360685883805,train
2013-04-29,-1.0477673199999997,-1.5609668592649497,0.51319953926495,train
2013-04-30,-1.1468797598,-1.5120567215260827,0.3651769617260827,train
2013-05-01,-1.2158407564,-1.4681589757366411,0.2523182193366411,train
2013-05-02,-1.4412581711999999,-1.192016348374478,-0.24924182282552199,train
2013-05-03,-1.5871242418,-1.056642813180569,-0.530481428619431,train
2013-05-06,-1.4765807878000001,-1.3183455159670807,-0.1582352718329194,train
2013-05-07,-1.3265694696,-1.3775825929479883,0.05101312334798824,train
2013-05-08,-1.2300084912,-1.3729874468382195,0.1429789556382195,train
2013-05-09,-1.1881525095999999,-1.433384857989313,0.24523234838931307,train
2013-05-10,-1.2874473117999998,-1.4266717059871685,0.1392243941871687,train
2013-05-13,-1.3647576047999999,-1.430690825281535,0.06593322048153505,train
2013-05-14,-1.4146825674,-1.3323861681445708,-0.08229639925542931,train
2013-05-15,-1.3034999402,-1.2918867374556111,-0.011613202744388929,train
2013-05-16,-1.2887246274000002,-1.2771971524109882,-0.011527474989011965,train
2013-05-17,-1.2331385910000001,-1.3675918589946647,0.13445326799466462,train
2013-05-20,-1.4458175926,-1.4513146561118433,0.005497063511843203,train
2013-05-21,-1.4237796898000001,-1.4251830314371667,0.0014033416371665997,train
2013-05-22,-1.512254794,-1.2499223845256706,-0.26233240947432934,train
2013-05-23,-1.5145690740000002,-1.3121970986699274,-0.20237197533007278,train
2013-05-24,-1.5081856402,-1.2938383720460391,-0.21434726815396088,train
2013-05-27,-1.0934418476,-1.6350258858693096,0.5415840382693096,train
2013-05-28,-1.1308488544,-1.4086678566644375,0.27781900226443756,train
2013-05-29,-1.140441344,-1.4015823183910578,0.26114097439105777,train
2013-05-30,-1.0149532864,-1.40518264013877,0.39022935373877,train
2013-05-31,-0.9418561108000001,-1.404657773369896,0.46280166256989586,train
2013-06-03,-1.1286465077999999,-1.1776547398140518,0.04900823201405191,train
2013-06-04,-1.0658470791999999,-1.3160185907659478,0.25017151156594797,train
2013-06-05,-1.1505065542000001,-1.256061941654369,0.10555538745436888,train
2013-06-06,-1.2584675462,-1.0931726654156977,-0.1652948807843022,train
2013-06-07,-1.5053711646,-1.0903054613270544,-0.4150657032729457,train
2013-06-10,-1.5477063378,-1.3007054794898412,-0.24700085831015883,train
2013-06-11,-1.5672963046,-1.205067546421523,-0.3622287581784769,train
2013-06-12,-1.4660820229999998,-1.2955284875013051,-0.17055353549869467,train
2013-06-13,-1.3915938803999999,-1.2682572518335178,-0.12333662856648209,train
2013-06-14,-1.2341365408,-1.5257696416997504,0.29163310089975036,train
2013-06-17,-1.07246843,-1.5367692853444879,0.46430085534448784,train
2013-06-18,-1.1229602474,-1.4544554459099217,0.3314951985099217,train
2013-06-19,-1.1961851531999999,-1.3670458935017813,0.17086074030178144,train
2013-06-20,-1.402052764,-1.271152525862742,-0.13090023813725793,train
2013-06-21,-1.4605993818,-1.2937379441758319,-0.16686143762416816,train
2013-06-24,-1.6282700173999998,-1.2034531785802336,-0.4248168388197662,train
2013-06-25,-1.6529529453999998,-1.2914812443213202,-0.36147170107867965,train
2013-06-26,-1.6088072242,-1.2843196440561417,-0.32448758014385826,train
2013-06-27,-1.4491565862,-1.4187645958533206,-0.030391990346679387,train
2013-06-28,-1.4200719956,-1.4280049746302754,0.007932979030275344,train
2013-07-01,-1.4743369886,-1.5678180435674034,0.09348105496740344,train
2013-07-02,-1.4080035056,-1.5465746748511275,0.13857116925112756,train
2013-07-03,-1.2264701116,-1.4684631248693705,0.2419930132693704,train
2013-07-04,-0.9956989168000001,-1.350463673000273,0.3547647562002729,train
2013-07-05,-0.9325319102,-1.4111027218420211,0.4785708116420211,train
2013-07-08,-0.7386454216,-1.5744046988116793,0.8357592772116793,train
2013-07-09,-0.7246366966,-1.4298979861252052,0.7052612895252053,train
2013-07-10,-0.8707973206,-1.1844296904535478,0.3136323698535478,train
2013-07-11,-1.2799259568,-0.9888029191638243,-0.29112303763617575,train
2013-07-12,-1.4151298488,-1.1416531046328846,-0.2734767441671153,train
2013-07-15,-1.5609970625999998,-1.0842306630659535,-0.4767663995340463,train
2013-07-16,-1.7249977702000003,-1.0691081997413432,-0.6558895704586571,train
2013-07-17,-1.7559458129999999,-1.0843275561823773,-0.6716182568176225,train
2013-07-18,-1.67132756,-1.3766990093922575,-0.2946285506077424,train
2013-07-19,-1.6999007814000002,-1.439539572856916,-0.2603612085430842,train
2013-07-22,-1.7462893684,-1.551551279177676,-0.19473808922232405,train
2013-07-23,-1.7482233898000001,-1.6494215632995042,-0.09880182650049596,train
2013-07-24,-1.7010618034,-1.536152032994552,-0.16490977040544808,train
2013-07-25,-1.6886535264,-1.52576492543831,-0.1628886009616899,train
2013-07-26,-1.4875383702,-1.6192058355841923,0.13166746538419227,train
2013-07-29,-1.4441307872,-1.6892326333315997,0.2451018461315997,train
2013-07-30,-1.4434937836,-1.6822237491162988,0.23872996551629888,train
2013-07-31,-1.6342409152,-1.4849319652390958,-0.14930894996090416,train
2013-08-01,-1.7903917809999998,-1.5271264456671398,-0.26326533533286,train
2013-08-02,-2.1180907686,-1.3778022376153152,-0.740288530984685,train
2013-08-05,-2.1955072532,-1.528964994375924,-0.6665422588240761,train
2013-08-06,-2.1404990594,-1.5530562094279197,-0.5874428499720805,train
2013-08-07,-2.25906132,-1.6024003279813481,-0.6566609920186517,train
2013-08-08,-1.9991236686,-1.709066205574645,-0.29005746302535496,train
2013-08-09,-1.8950589864,-1.9448422869873223,0.04978330058732228,train
2013-08-12,-1.8942114533999999,-1.994782317535482,0.10057086413548211,train
2013-08-13,-1.8737814013999998,-1.903088428064543,0.029307026664543212,train
2013-08-14,-1.6660312802,-2.0669281677901377,0.40089688759013775,train
2013-08-15,-1.7922962775999998,-1.7109173070322363,-0.08137897056776344,train
2013-08-16,-1.7531467044,-1.8527342893411365,0.09958758494113651,train
2013-08-19,-1.7865769037999997,-1.9111004837101964,0.12452357991019669,train
2013-08-20,-1.7847631393999996,-1.8088088832474094,0.024045743847409762,train
2013-08-21,-1.8749085613999998,-1.6747907352499292,-0.20011782615007068,train
2013-08-22,-1.9163113684,-1.7161787370430186,-0.20013263135698134,train
2013-08-23,-1.984088061,-1.7642367496477411,-0.21985131135225888,train
2013-08-26,-2.0032314110000002,-1.8971376638584097,-0.10609374714159059,train
2013-08-27,-2.042122049,-1.7757632211950782,-0.2663588278049218,train
2013-08-28,-2.1203128583999997,-1.837221991107433,-0.2830908672925667,train
2013-08-29,-2.0836883894,-1.8109523253557416,-0.2727360640442582,train
2013-08-30,-1.9031400584,-1.9319269560713568,0.02878689767135678,train
2013-09-02,-1.767496577,-2.0268721758606776,0.2593755988606776,train
2013-09-03,-1.8315226236000002,-1.954749889288846,0.12322726568884579,train
2013-09-04,-1.770906845,-2.0478133813445423,0.2769065363445422,train
2013-09-05,-1.8825715828,-1.9047128047924726,0.022141221992472593,train
2013-09-06,-2.0099196708,-1.7904130871238573,-0.21950658367614273,train
2013-09-09,-2.0296772624,-1.8288516194586983,-0.20082564294130156,train
2013-09-10,-2.1083636906,-1.88818289306883,-0.22018079753117004,train
2013-09-11,-1.838199214,-1.823855869546041,-0.014343344453959128,train
2013-09-12,-1.763972768,-1.877844184012606,0.1138714160126062,train
2013-09-13,-1.7643738714000001,-1.9070552100582936,0.14268133865829347,train
2013-09-16,-1.6920497126,-1.9572809879003286,0.26523127530032853,train
2013-09-17,-1.6228102578,-2.0779851299867085,0.4551748721867084,train
2013-09-18,-1.976677419,-1.6585114893182236,-0.3181659296817765,train
2013-09-19,-2.087034307,-1.766665315855817,-0.32036899114418316,train
2013-09-20,-2.160838473,-1.8095571135830901,-0.35128135941690997,train
2013-09-23,-2.2486357626,-1.7543770856431,-0.4942586769569002,train
2013-09-24,-2.1575088754,-1.8116666269633632,-0.3458422484366368,train
2013-09-25,-2.006019273,-1.9808354864828195,-0.025183786517180673,train
2013-09-26,-1.9035645632000002,-2.0051760336945192,0.10161147049451902,train
2013-09-27,-1.8868126658000002,-2.052571565075462,0.16575889927546172,train
2013-09-30,-1.9475307278000002,-2.079254812747713,0.1317240849477126,train
2013-10-01,-2.0762731862000003,-1.9894836508036688,-0.0867895353963315,train
2013-10-02,-2.109049755,-1.8870850442072735,-0.2219647107927265,train
2013-10-03,-2.21073114,-1.8442248006330377,-0.3665063393669623,train
2013-10-04,-2.2015766094,-1.906015129851216,-0.295561479548784,train
2013-10-07,-2.224456229,-1.9828540013759373,-0.24160222762406258,train
2013-10-08,-2.0886753922,-2.058169847534903,-0.030505544665096807,train
2013-10-09,-1.9048248241999999,-1.979773913535662,0.07494908933566213,train
2013-10-10,-1.778437671,-2.0755804115295087,0.2971427405295086,train
2013-10-11,-1.845097711,-2.0665345044942103,0.2214367934942103,train
2013-10-14,-1.245060587,-2.143061812210821,0.8980012252108212,train
2013-10-15,-1.1503739792,-1.9738906150328794,0.8235166358328794,train
2013-10-16,-1.45697857,-1.7537263165293338,0.2967477465293338,train
2013-10-17,-1.5122550064,-1.776963050422781,0.2647080440227809,train
2013-10-18,-1.4211121022,-1.9612960871080887,0.5401839849080887,train
2013-10-21,-2.0203378296,-1.2630244302654219,-0.757313399334578,train
2013-10-22,-2.12033,-1.4596832312648427,-0.6606467687351574,train
2013-10-23,-2.0401158052,-1.7600027057295298,-0.28011309947047036,train
2013-10-24,-1.989469805,-1.6936015742038586,-0.29586823079614133,train
2013-10-25,-1.9513597268000002,-1.6741529228418845,-0.2772068039581157,train
2013-10-28,-1.7919800582,-2.011327017309491,0.21934695910949076,train
2013-10-29,-1.8376978088000002,-1.9422536139472373,0.10455580514723706,train
2013-10-30,-1.7920633006,-1.9376843415805096,0.14562104098050965,train
2013-10-31,-1.4113299270000002,-1.84974932404468,0.4384193970446799,train
2013-11-01,-1.267000387,-1.870295942428709,0.6032955554287089,train
2013-11-04,-1.409930653,-1.7931456003514834,0.3832149473514834,train
2013-11-05,-1.3011335508,-1.8497202685971688,0.5485867177971688,train
2013-11-06,-1.2344286578,-1.7877717642054525,0.5533431064054524,train
2013-11-07,-1.6311749366000001,-1.2848008287299493,-0.34637410787005085,train
2013-11-08,-1.8384662217999999,-1.4128617808308968,-0.4256044409691031,train
2013-11-11,-1.7975863377999999,-1.6702186810546282,-0.12736765674537165,train
2013-11-12,-1.8465356581999999,-1.476185146345386,-0.370350511854614,train
2013-11-13,-1.6881499133999998,-1.4281170210622398,-0.26003289233775995,train
2013-11-14,-1.5984337973999998,-1.6237086882290088,0.025274890829009022,train
2013-11-15,-1.6022863010000001,-1.7983346161314806,0.19604831513148047,train
2013-11-18,-1.58548471,-1.8088799361755914,0.22339522617559138,train
2013-11-19,-1.6004929578000002,-1.744226288721178,0.14373333092117768,train
2013-11-20,-1.8667828763999998,-1.5441258359581684,-0.3226570404418314,train
2013-11-21,-2.0920895284,-1.5800954885607579,-0.511994039839242,train
2013-11-22,-2.1107415709999997,-1.7107837842081062,-0.39995778679189353,train
2013-11-25,-2.0347104796,-1.7117276919659845,-0.32298278763401567,train
2013-11-26,-2.1375689572,-1.6628437451383813,-0.4747252120616188,train
2013-11-27,-2.1376889770000003,-1.7963750338817943,-0.34131394311820595,train
2013-11-28,-1.8950707464,-1.9477706607629144,0.052699914362914324,train
2013-11-29,-1.759035493,-1.9468736224422916,0.1878381294422915,train
2013-12-02,-1.9395209518,-1.8539835051135827,-0.08553744668641738,train
2013-12-03,-1.9258476942000002,-1.9790374229637213,0.05318972876372108,train
2013-12-04,-1.9123434266000001,-1.93828781448335,0.02594438788334985,train
2013-12-05,-2.0557993564,-1.6971055274152371,-0.358693828984763,train
2013-12-06,-2.1782706612,-1.6981670397438344,-0.4801036214561656,train
2013-12-09,-2.0784639432,-1.979617475986874,-0.09884646721312595,train
2013-12-10,-2.0583750958,-1.9280191932279187,-0.13035590257208152,train
2013-12-11,-1.7878726794000002,-1.8698626079265601,0.08198992852655995,train
2013-12-12,-1.7807480122000001,-1.9232010157572244,0.14245300355722423,train
2013-12-13,-1.7298127750000003,-2.0343265811259035,0.3045138061259032,train
2013-12-16,-1.8313817166,-2.0023580658798603,0.17097634927986038,train
2013-12-17,-1.9557689908,-1.987072114477267,0.03130312367726695,train
2013-12-18,-2.5340981376,-1.6256375898194844,-0.9084605477805157,train
2013-12-19,-2.7746186905999997,-1.7955105046835973,-0.9791081859164024,train
2013-12-20,-2.592570728,-1.8096173075007889,-0.7829534204992112,train
2013-12-23,-2.4435610466,-1.9854003608197504,-0.4581606857802498,train
2013-12-24,-2.232171674,-2.0570262118743665,-0.17514546212563342,train
2013-12-25,-1.8125968756,-2.4226963586142443,0.6100994830142443,train
2013-12-26,-1.5874755584,-2.4779207258434215,0.8904451674434215,train
2013-12-27,-1.7704469894,-2.105247254324893,0.3348002649248931,train
2013-12-30,-1.7672736506,-2.168998140732323,0.4017244901323229,train
2013-12-31,-1.7791164115999998,-2.035803721324157,0.2566873097241571,train
2014-01-02,-1.8026550929999998,-1.802154671720487,-0.0005004212795127749,train
2014-01-03,-1.554879786,-1.7702315768471961,0.21535179084719602,train
2014-01-06,-1.6255716722,-1.8544634056913647,0.2288917334913647,train
2014-01-07,-1.7069490452,-1.867661623511029,0.16071257831102903,train
2014-01-08,-1.735511006,-1.8516559864388715,0.11614498043887145,train
2014-01-09,-1.7983475437999998,-1.8042196575137248,0.00587211371372498,train
2014-01-10,-2.1027037428,-1.5543221177697155,-0.5483816250302846,train
2014-01-13,-2.1444903712,-1.8207081862730228,-0.3237821849269771,train
2014-01-14,-2.1184486858,-1.872980482296343,-0.24546820350365683,train
2014-01-15,-2.1811499034,-1.8199762890366793,-0.36117361436332085,train
2014-01-16,-2.1271559518,-1.8256225329034712,-0.3015334188965286,train
2014-01-17,-1.9757115410000001,-2.0061981249718053,0.030486583971805148,train
2014-01-20,-1.8865362816000002,-2.0989214854272626,0.21238520382726245,train
2014-01-21,-1.8861417183999998,-2.056094061201965,0.16995234280196536,train
2014-01-22,-1.733352522,-2.088600809508662,0.355248287508662,train
2014-01-23,-1.7754814948,-1.950543091792204,0.17506159699220403,train
2014-01-24,-1.8204928622,-1.8468270998961314,0.026334237696131302,train
2014-01-27,-1.7817165656,-1.877372245636414,0.09565568003641389,train
2014-01-28,-1.7424903284000002,-1.889945797270554,0.14745546887055383,train
2014-01-29,-1.8489150064,-1.7252191015671792,-0.12369590483282078,train
2014-01-30,-1.713481294,-1.7796618118416831,0.06618051784168322,train
2014-01-31,-1.7174205142,-1.7812497637011,0.06382924950109992,train
2014-02-03,-1.9098141206,-1.8029194928500485,-0.10689462774995162,train
2014-02-04,-1.8973256174,-1.8124454003006778,-0.08488021709932214,train
2014-02-05,-1.876757478,-1.8553959738067254,-0.02136150419327465,train
2014-02-06,-2.006629153,-1.6538640222652872,-0.35276513073471283,train
2014-02-07,-2.1653994518,-1.7352777458155955,-0.43012170598440447,train
2014-02-10,-2.0986615374,-2.001057736256346,-0.09760380114365397,train
2014-02-11,-2.1792829722000002,-1.895552638956719,-0.28373033324328123,train
2014-02-12,-2.3618733626,-1.8716286908586726,-0.49024467174132735,train
2014-02-13,-2.4712400378,-1.8930955385279633,-0.5781444992720366,train
2014-02-14,-2.4725849888,-2.0708530135472025,-0.40173197525279747,train
2014-02-17,-2.4814887182,-2.0574321310984005,-0.42405658710159955,train
2014-02-18,-2.4977756672,-2.078686622599693,-0.41908904460030705,train
2014-02-19,-2.4099562378000003,-2.2239700120004793,-0.18598622579952107,train
2014-02-20,-2.3820917061999998,-2.195290544920742,-0.18680116127925794,train
2014-02-21,-2.1040486052,-2.2251035453049313,0.12105494010493123,train
2014-02-24,-1.9764450099999997,-2.2540849681891353,0.27763995818913556,train
2014-02-25,-1.8975331556000001,-2.265523104475718,0.3679899488757177,train
2014-02-26,-1.8156713965999998,-2.221928087728962,0.40625669112896223,train
2014-02-27,-1.7347843060000003,-2.1745976732311756,0.43981336723117526,train
2014-02-28,-1.936173315,-1.8995126543127303,-0.0366606606872697,train
2014-03-03,-2.1025131242,-1.9631450113937776,-0.13936811280622252,train
2014-03-04,-2.2242015192,-1.9587992933829719,-0.2654022258170283,train
2014-03-05,-2.3312811668,-1.9124604187245327,-0.41882074807546754,train
2014-03-06,-2.2532628804000003,-1.839999793664299,-0.4132630867357012,train
2014-03-07,-2.237950476,-1.9757676042664707,-0.2621828717335293,train
2014-03-10,-2.1653058702,-2.163162655807275,-0.0021432143927251346,train
2014-03-11,-2.0093136628000003,-2.222108045076179,0.21279438227617886,train
2014-03-12,-1.843847819,-2.2400155972916687,0.3961677782916686,train
2014-03-13,-1.9800989414,-2.0337316671093006,0.053632725709300555,train
2014-03-14,-2.0203339962,-2.121203724181153,0.10086972798115301,train
2014-03-17,-1.833113713,-2.150826726705593,0.317713013705593,train
2014-03-18,-1.8137029592,-2.008749508074101,0.1950465488741009,train
2014-03-19,-1.8783527558,-1.8959256385603236,0.01757288276032365,train
2014-03-20,-1.8619979822000001,-1.9976949072120274,0.13569692501202724,train
2014-03-21,-1.8145045374,-2.0307947027021407,0.21629016530214074,train
2014-03-24,-1.9025228032000001,-1.8292562153301895,-0.07326658786981066,train
2014-03-25,-2.0712616898,-1.8621022013478021,-0.2091594884521979,train
2014-03-26,-2.1953409878000003,-1.9110773337297393,-0.284263654070261,train
2014-03-27,-2.0911283852,-1.8881092276693932,-0.20301915753060706,train
2014-03-28,-2.0498713353999998,-1.8647666176222275,-0.18510471777777227,train
2014-03-31,-2.2976764152,-1.8850198533460412,-0.41265656185395905,train
2014-04-01,-2.2723804026,-2.0885761653034796,-0.1838042372965205,train
2014-04-02,-2.1503494072,-2.1504050208077636,5.561360776384916e-05,train
2014-04-03,-2.4088406188,-1.927403492018301,-0.48143712678169925,train
2014-04-04,-2.6504580642,-1.9540338424125214,-0.6964242217874785,train
2014-04-07,-2.5269909234000005,-2.2705249171540354,-0.25646600624596516,train
2014-04-08,-2.5283053478,-2.182027646255769,-0.3462777015442309,train
2014-04-09,-2.6163216815999997,-2.0489098913412582,-0.5674117902587414,train
2014-04-10,-2.6487277332,-2.258993860678436,-0.389733872521564,train
2014-04-11,-2.9077098126000003,-2.4049281179308144,-0.5027816946691859,train
2014-04-14,-3.1454745208,-2.302348420598361,-0.8431261002016393,train
2014-04-15,-3.2267327796000003,-2.314228703466085,-0.9125040761339154,train
2014-04-16,-3.1847869888,-2.3440167485739627,-0.8407702402260373,train
2014-04-17,-3.1018030255999998,-2.4322808242306,-0.6695222013693995,train
2014-04-18,-2.9018063282,-2.7766941245986234,-0.12511220360137676,train
2014-04-21,-2.6999354972,-2.821444490908346,0.12150899370834622,train
2014-04-22,-2.5873038282000005,-2.760569830635902,0.17326600243590162,train
2014-04-23,-2.5608729078,-2.658940611012968,0.0980677032129682,train
2014-04-24,-2.7870454074,-2.6641921879583905,-0.12285321944160943,train
2014-04-25,-2.538181408,-2.7100337695624463,0.17185236156244654,train
2014-04-28,-2.7103271825999995,-2.5513697309786996,-0.15895745162129993,train
2014-04-29,-2.7672814494,-2.4653617095334095,-0.3019197398665905,train
2014-04-30,-2.9156307764,-2.4224337920690093,-0.4931969843309907,train
2014-05-01,-2.397130036,-2.741964656865394,0.34483462086539385,train
2014-05-02,-2.4803791792,-2.4049812831575736,-0.0753978960424262,train
2014-05-05,-2.4111196408,-2.723146547268687,0.31202690646868714,train
2014-05-06,-2.30111684,-2.63608945360221,0.33497261360221,train
2014-05-07,-2.2562077184,-2.7248255638449446,0.4686178454449448,train
2014-05-08,-2.4586826786000002,-2.2197568928370632,-0.238925785762937,train
2014-05-09,-2.4913002773999997,-2.463438511372532,-0.027861766027467816,train
2014-05-12,-2.4706230756,-2.5465103071596564,0.0758872315596566,train
2014-05-13,-2.6543767812,-2.3330397965237992,-0.32133698467620064,train
2014-05-14,-2.5973416568,-2.3906751964720403,-0.20666646032795954,train
2014-05-15,-2.7226941291999998,-2.383279301468243,-0.3394148277317566,train
2014-05-16,-2.8323876678,-2.4817052010239156,-0.3506824667760844,train
2014-05-19,-2.905876785,-2.5441350929136277,-0.3617416920863721,train
2014-05-20,-2.9027948348,-2.594561642772994,-0.30823319202700583,train
2014-05-21,-2.9677851995999998,-2.4556574631756343,-0.5121277364243655,train
2014-05-22,-3.0144202838000003,-2.5467851052157573,-0.46763517858424297,train
2014-05-23,-2.9406518794,-2.678534529986802,-0.26211734941319786,train
2014-05-26,-2.7940780592000003,-2.767519720071099,-0.026558339128901487,train
2014-05-27,-2.6993992062,-2.698828840854763,-0.0005703653452369117,train
2014-05-28,-2.7101702461999997,-2.679982065819177,-0.030188180380822605,train
2014-05-29,-2.2915207926,-2.736404314406357,0.4448835218063567,train
2014-05-30,-2.1104970123999998,-2.7014031207457285,0.5909061083457288,train
2014-06-02,-2.144871367,-2.617113666276466,0.4722422992764659,train
2014-06-03,-2.1595761432,-2.557220422809561,0.3976442796095614,train
2014-06-04,-2.1691456542000003,-2.5772460285626058,0.4081003743626055,train
2014-06-05,-2.4858946058,-2.0969560292380134,-0.3889385765619866,train
2014-06-06,-2.6567602616,-2.158503737505378,-0.49825652409462196,train
2014-06-09,-2.5615455758,-2.3444710824639663,-0.21707449333603357,train
2014-06-10,-2.5963672658,-2.312456378861685,-0.2839108869383149,train
2014-06-11,-2.5233441418,-2.334248634789406,-0.18909550701059397,train
2014-06-12,-2.5693475807999997,-2.416713866434671,-0.1526337143653289,train
2014-06-13,-2.604841088,-2.542471821498382,-0.062369266501618004,train
2014-06-16,-2.6969835858,-2.463607680850226,-0.2333759049497739,train
2014-06-17,-2.7236342698,-2.5318072862096623,-0.19182698359033745,train
2014-06-18,-2.7955262686,-2.438492628919215,-0.35703363968078516,train
2014-06-19,-2.7325700694000004,-2.478436725191762,-0.2541333442082383,train
2014-06-20,-2.8050993568,-2.5457607625171956,-0.25933859428280437,train
2014-06-23,-2.785217511,-2.5844648786356608,-0.20075263236433916,train
2014-06-24,-2.8506509782,-2.5969078191426602,-0.2537431590573398,train
2014-06-25,-2.941532176,-2.597331253061306,-0.34420092293869375,train
2014-06-26,-2.9711078166,-2.491328958579508,-0.479778858020492,train
2014-06-27,-3.1268833874000004,-2.670341481653874,-0.4565419057461262,train
2014-06-30,-3.2587701174,-2.5911306329320207,-0.6676394844679794,train
2014-07-01,-3.3382824958,-2.690573361110105,-0.6477091346898951,train
2014-07-02,-3.2887894582,-2.7347692394521363,-0.5540202187478638,train
2014-07-03,-3.3966579858,-2.634564154836469,-0.762093830963531,train
2014-07-04,-3.2497036822,-2.94879573166304,-0.30090795053695985,train
2014-07-07,-3.2027989084000006,-2.958916352692102,-0.24388255570789852,train
2014-07-08,-2.9606081982,-3.047032916350635,0.08642471815063502,train
2014-07-09,-2.989116392,-2.934147285683445,-0.05496910631655494,train
2014-07-10,-3.0407198582,-2.985077305388137,-0.055642552811863144,train
2014-07-11,-2.885713123,-2.978814136723458,0.09310101372345825,train
2014-07-14,-2.9191007248000003,-2.9555549668654417,0.036454242065441456,train
2014-07-15,-2.9499568078,-2.7377431151547977,-0.2122136926452023,train
2014-07-16,-2.976042417,-2.8578462111919976,-0.11819620580800239,train
2014-07-17,-2.8935927581999996,-2.9021803226601346,0.008587564460134978,train
2014-07-18,-2.9934601772,-2.7410615010529757,-0.25239867614702405,train
2014-07-21,-3.1124565645999995,-2.8837081529044286,-0.22874841169557092,train
2014-07-22,-3.3209294096,-2.780674853851838,-0.5402545557481622,train
2014-07-23,-3.1147986648,-2.8914489472765146,-0.2233497175234853,train
2014-07-24,-3.1365838768,-2.7939157327970547,-0.3426681440029453,train
2014-07-25,-2.975173448,-2.8722107478543024,-0.10296270014569764,train
2014-07-28,-2.931920786,-3.0785614983004375,0.1466407123004374,train
2014-07-29,-2.8427579498,-3.124652298024002,0.28189434822400194,train
2014-07-30,-2.9107261926,-2.830548724483352,-0.08017746811664805,train
2014-07-31,-2.8066762703999997,-2.9346429007048993,0.12796663030489963,train
2014-08-01,-2.8480763419999997,-2.753398255869739,-0.09467808613026074,train
2014-08-04,-2.7849832008,-2.9679223601111593,0.18293915931115912,train
2014-08-05,-2.7773862356,-2.8359902373168624,0.05860400171686253,train
2014-08-06,-2.6955510054,-2.764953297844296,0.06940229244429608,train
2014-08-07,-2.7071943228000004,-2.6804944102100388,-0.026699912589961627,train
2014-08-08,-2.6823716658000003,-2.6951517333491903,0.012780067549190033,train
2014-08-11,-2.6493109888,-2.814927209955928,0.16561622115592822,train
2014-08-12,-2.5130096014000003,-2.767356463471651,0.2543468620716509,train
2014-08-13,-2.592783355,-2.577368741068155,-0.015414613931844734,train
2014-08-14,-2.6508456881999996,-2.6271470645553197,-0.023698623644679895,train
2014-08-15,-2.6442981752,-2.5838234543510867,-0.060474720848913144,train
2014-08-18,-2.5503873878,-2.7043365629501586,0.1539491751501587,train
2014-08-19,-2.556436465,-2.5304641849424074,-0.025972280057592556,train
2014-08-20,-2.5245244254,-2.5650721719951433,0.04054774659514315,train
2014-08-21,-2.420351969,-2.62149172457979,0.20113975557979025,train
2014-08-22,-2.4549898738,-2.538122386492558,0.08313251269255773,train
2014-08-25,-2.5956471082,-2.570295376708878,-0.02535173149112202,train
2014-08-26,-2.7069333478,-2.520645983155012,-0.18628736464498807,train
2014-08-27,-2.663207744,-2.4694633134525703,-0.19374443054742985,train
2014-08-28,-2.2543380863999998,-2.382242812855214,0.12790472645521422,train
2014-08-29,-2.1371689686,-2.432109090917911,0.2949401223179109,train
2014-09-01,-1.876889087,-2.648146218904495,0.7712571319044952,train
2014-09-02,-1.5982840816,-2.6432841368213054,1.0450000552213055,train
2014-09-03,-1.484219709,-2.47800986663511,0.99379015763511,train
2014-09-04,-1.8367722262000001,-1.9796817800484376,0.1429095538484375,train
2014-09-05,-1.8712524656,-2.15582622698749,0.2845737613874899,train
2014-09-08,-1.88271172,-2.087894606247706,0.2051828862477061,train
2014-09-09,-1.9417595053999999,-1.8792962365649528,-0.06246326883504705,train
2014-09-10,-1.8040077289999998,-1.7957950946430188,-0.008212634356981052,train
2014-09-11,-1.7123486715999998,-1.978496391054181,0.26614771945418125,train
2014-09-12,-1.6502309956,-2.004607562548611,0.35437656694861075,train
2014-09-15,-1.6258006005999999,-2.03682009128868,0.41101949068867993,train
2014-09-16,-1.6771576797999999,-2.0125192873479847,0.33536160754798483,train
2014-09-17,-1.9082011771999998,-1.7726695725705517,-0.13553160462944813,train
2014-09-18,-1.9202017915999996,-1.8009286171279857,-0.11927317447201391,train
2014-09-19,-2.029401969,-1.7958481030146975,-0.23355386598530226,train
2014-09-22,-2.0094496891999998,-1.8330288246358162,-0.1764208645641836,train
2014-09-23,-1.8523765124,-1.8630540483994247,0.01067753599942467,train
2014-09-24,-1.7418831658000002,-1.9317412334154977,0.1898580676154975,train
2014-09-25,-1.624972778,-1.8508047207432667,0.22583194274326668,train
2014-09-26,-1.4120848261999999,-1.9979683339582675,0.5858835077582676,train
2014-09-29,-1.3184852232,-1.9525463690002325,0.6340611458002325,train
2014-09-30,-1.2860442354,-1.7825846712384783,0.4965404358384784,train
2014-10-01,-1.1128615596,-1.719023638893509,0.606162079293509,train
2014-10-02,-1.1051927249999998,-1.5613252057125324,0.45613248071253265,train
2014-10-03,-1.1768088626,-1.4904549394025273,0.3136460768025273,train
2014-10-06,-1.1216063544,-1.520944268664366,0.39933791426436605,train
2014-10-07,-1.1738501399999999,-1.4536812278230236,0.2798310878230237,train
2014-10-08,-1.077421206,-1.270825652592587,0.19340444659258704,train
2014-10-09,-0.9550332032,-1.2965328183078477,0.34149961510784776,train
2014-10-10,-0.8668472992,-1.4171018472683887,0.5502545480683887,train
2014-10-13,-0.936870069,-1.3443797516529077,0.40750968265290766,train
2014-10-14,-0.8816056502,-1.3902543239096994,0.5086486737096994,train
2014-10-15,-1.1155091110000002,-1.127656094128721,0.012146983128720867,train
2014-10-16,-1.332112876,-1.072431492245368,-0.2596813837546321,train
2014-10-17,-1.5110665204,-1.1523354612107435,-0.3587310591892565,train
2014-10-20,-1.5949575552,-1.2565595896368282,-0.3383979655631717,train
2014-10-21,-1.6798079956000003,-1.168819616494266,-0.5109883791057344,train
2014-10-22,-1.6517075312,-1.2702939671307496,-0.3814135640692504,train
2014-10-23,-1.6828837577999998,-1.3603957444185364,-0.3224880133814634,train
2014-10-24,-1.4308149929999998,-1.5243082598170483,0.0934932668170485,train
2014-10-27,-1.2802364911999997,-1.572999173768701,0.2927626825687013,train
2014-10-28,-1.3197214711999998,-1.5441041256272787,0.2243826544272789,train
2014-10-29,-1.3820448964,-1.4533695681442471,0.07132467174424706,train
2014-10-30,-1.1762067186,-1.519831947898917,0.34362522929891703,train
2014-10-31,-1.2190187399999999,-1.2894531031790404,0.0704343631790405,train
2014-11-03,-1.2924641384,-1.3066031575761714,0.014139019176171441,train
2014-11-04,-1.2574672646,-1.4107934268742752,0.1533261622742752,train
2014-11-05,-1.196473122,-1.3864873631903156,0.19001424119031562,train
2014-11-06,-1.4567834524,-1.1499506498291319,-0.3068328025708682,train
2014-11-07,-1.4392386832,-1.2368106983563474,-0.20242798484365254,train
2014-11-10,-1.3842514256,-1.377479792581531,-0.006771633018469059,train
2014-11-11,-1.4146447266,-1.3655595351651797,-0.04908519143482026,train
2014-11-12,-1.4881566828,-1.2697417881509316,-0.21841489464906827,train
2014-11-13,-1.3305962894,-1.4742674618663183,0.14367117246631822,train
2014-11-14,-1.3916363418,-1.3458049844312001,-0.04583135736879984,train
2014-11-17,-1.4394051820000002,-1.4101952308814973,-0.029209951118502886,train
2014-11-18,-1.4121241376,-1.4951711967597625,0.08304705915976252,train
2014-11-19,-1.38055117,-1.4875225076035108,0.10697133760351085,train
2014-11-20,-1.5760143468,-1.34300939283545,-0.23300495396455,train
2014-11-21,-1.6789195242000001,-1.388983845355665,-0.289935678844335,train
2014-11-24,-1.6391313152000002,-1.4754180048816345,-0.16371331031836567,train
2014-11-25,-1.708667869,-1.4675136856351962,-0.24115418336480365,train
2014-11-26,-1.7605899156,-1.4032246278078118,-0.35736528779218824,train
2014-11-27,-1.4215989578000001,-1.5777694596322218,0.1561705018322217,train
2014-11-28,-1.2324763286,-1.5863772349727694,0.3539009063727694,train
2014-12-01,-1.2866394568000001,-1.5296831869594236,0.2430437301594235,train
2014-12-02,-1.1005494804000002,-1.6641423955914258,0.5635929151914256,train
2014-12-03,-1.0660810164,-1.6383516871204795,0.5722706707204794,train
2014-12-04,-1.1573144214,-1.280905928754425,0.12359150735442515,train
2014-12-05,-1.2583924272,-1.2510691723351404,-0.00732325486485963,train
2014-12-08,-1.180037268,-1.4251030549794805,0.24506578697948056,train
2014-12-09,-1.1214543716,-1.2640698806853785,0.14261550908537846,train
2014-12-10,-0.9208809878,-1.2998393888084299,0.3789584010084298,train
2014-12-11,-0.974001106,-1.2244181894106976,0.25041708341069757,train
2014-12-12,-1.0389980786,-1.3378673727860029,0.29886929418600294,train
2014-12-15,-1.1809065784,-1.3036798129038905,0.12277323450389055,train
2014-12-16,-1.4316495616,-1.2080746381748038,-0.22357492342519625,train
2014-12-17,-1.818464138,-1.0620023178666222,-0.7564618201333777,train
2014-12-18,-2.1435851618,-1.1503489172688213,-0.9932362445311786,train
2014-12-19,-2.1747573632,-1.256064867623462,-0.9186924955765379,train
2014-12-22,-2.1215841924,-1.3926480956712737,-0.7289360967287262,train
2014-12-23,-2.1416760584,-1.5201884007088895,-0.6214876576911104,train
2014-12-24,-1.9558214452000002,-1.746628655559947,-0.20919278964005317,train
2014-12-26,-1.594635389,-1.9343921652687948,0.33975677626879475,train
2014-12-29,-1.4672061986,-1.8236225281278773,0.3564163295278773,train
2014-12-30,-1.3145657525999999,-1.7987889020212406,0.4842231494212408,train
2014-12-31,-1.1536939627999998,-1.8729030209897017,0.7192090581897019,train
2015-01-02,-1.0841531141999998,-1.6984233298575933,0.6142702156575934,train
2015-01-05,-1.1918170014,-1.4368636594437354,0.24504665804373538,train
2015-01-06,-1.2191682708,-1.4091519299655446,0.1899836591655446,train
2015-01-07,-1.1657443926,-1.3379323238927348,0.1721879312927348,train
2015-01-08,-0.7269275928000001,-1.3308903096055025,0.6039627168055024,train
2015-01-09,-0.5899477994000001,-1.2611846706239265,0.6712368712239264,train
2015-01-12,-0.5287555846,-1.3469233313022433,0.8181677467022432,train
2015-01-13,-0.5303008484,-1.3336289671149593,0.8033281187149592,train
2015-01-14,-0.39997928060000004,-1.2372788304026616,0.8372995498026616,train
2015-01-15,-0.488610682,-0.7998872494569923,0.3112765674569923,train
2015-01-16,-0.273263872,-0.9091656919498597,0.6359018199498597,train
2015-01-19,-0.09838636199999999,-0.9757042846051432,0.8773179226051433,train
2015-01-20,0.12497484240000001,-1.0105827641589153,1.1355576065589155,train
2015-01-21,0.0199424558,-0.7748740375372727,0.7948164933372727,train
2015-01-22,-0.2286898984,-0.71903558595529,0.49034568755529007,train
2015-01-23,-0.48155065539999997,-0.5543128210043342,0.07276216560433424,train
2015-01-26,-0.6392978718,-0.5688207721660067,-0.07047709963399329,train
2015-01-27,-0.7477685374,-0.42770648501840663,-0.3200620523815934,train
2015-01-28,-0.7756481211999999,-0.5072279756774877,-0.26842014552251225,train
2015-01-29,-0.6880041696,-0.6371218136965583,-0.0508823559034417,train
2015-01-30,-0.5862696836,-0.6987100191431319,0.11244033554313193,train
2015-02-02,-0.621666103,-0.799040355586862,0.177374252586862,train
2015-02-03,-0.652081,-0.7873499161396832,0.13526891613968317,train
2015-02-04,-0.7378706474000001,-0.8062502145797851,0.068379567179785,train
2015-02-05,-0.797502525,-0.7139091215676832,-0.0835934034323168,train
2015-02-06,-1.0358851112,-0.617574051012141,-0.418311060187859,train
2015-02-09,-1.073241993,-0.7766147503497863,-0.29662724265021356,train
2015-02-10,-1.1268595574,-0.7354729482120699,-0.3913866091879301,train
2015-02-11,-1.0448313566,-0.8164698820655486,-0.22836147453445144,train
2015-02-12,-1.1421157476000001,-0.7712047355038755,-0.37091101209612465,train
2015-02-13,-0.9657075846,-0.9679924089852271,0.0022848243852271466,train
2015-02-16,-0.9397575031999998,-1.02211022907601,0.08235272587601017,train
2015-02-17,-0.9748315498,-1.0165825671856767,0.04175101738567677,train
2015-02-18,-1.1574787384,-0.9287899734889838,-0.2286887649110162,train
2015-02-19,-1.1713711448,-1.0328873146093596,-0.13848383019064037,train
2015-02-20,-1.290982273,-0.8561873510637673,-0.4347949219362327,train
2015-02-23,-1.4183720572,-0.9804321859059001,-0.43793987129409995,train
2015-02-24,-1.5055635202,-1.0285923509151926,-0.4769711692848073,train
2015-02-25,-1.4107585362,-1.1846112779085498,-0.2261472582914501,train
2015-02-26,-1.319891201,-1.1520758032595024,-0.16781539774049747,train
2015-02-27,-1.101039172,-1.1775437161896396,0.0765045441896397,train
2015-03-02,-0.9970421382,-1.363848640758166,0.36680650255816605,train
2015-03-03,-0.7208621554000001,-1.393674243233026,0.6728120878330259,train
2015-03-04,-0.5134526822,-1.284052207991167,0.770599525791167,train
2015-03-05,-0.2907807698,-1.1945332212706485,0.9037524514706485,train
2015-03-06,-0.35348182,-0.966652268027056,0.6131704480270559,train
2015-03-09,-0.2033621728,-1.1334279544023047,0.9300657816023047,train
2015-03-10,-0.3222316438,-0.873564658382692,0.551333014582692,train
2015-03-11,0.01773526780000001,-0.7459393389602971,0.7636746067602971,train
2015-03-12,0.05226085840000001,-0.5703394138315494,0.6226002722315495,train
2015-03-13,0.08661100320000001,-0.6619430370192192,0.7485540402192192,train
2015-03-16,0.22370601879999996,-0.6436464160362532,0.8673524348362531,train
2015-03-17,0.42997549579999994,-0.7331336358655224,1.1631091316655224,train
2015-03-18,-0.019300538,-0.197915223521552,0.178614685521552,train
2015-03-19,-0.2103649774,-0.31105652741000117,0.10069155001000119,train
2015-03-20,-0.2593705496,-0.36479460978220174,0.10542406018220174,train
2015-03-23,-0.4064661224,-0.2623098550733388,-0.1441562673266612,train
2015-03-24,-0.5741948779999999,-0.16171580270305272,-0.41247907529694716,train
2015-03-25,-0.5496618738000001,-0.4608867704365665,-0.08877510336343358,train
2015-03-26,-0.5606543439999999,-0.5007097215653522,-0.05994462243464771,train
2015-03-27,-0.40287806759999994,-0.4802574775290529,0.07737940992905296,train
2015-03-30,-0.44676654779999997,-0.5783783825358861,0.13161183473588617,train
2015-03-31,-0.4331420318,-0.6560169737735707,0.22287494197357072,train
2015-04-01,-0.41256176619999996,-0.6057798902727829,0.19321812407278294,train
2015-04-02,-0.4752424932,-0.5877895619961321,0.11254706879613208,train
2015-04-03,-0.7079979051999999,-0.35542516914799166,-0.3525727360520083,train
2015-04-06,-0.6720915456000001,-0.5612328244221779,-0.11085872117782214,train
2015-04-07,-0.5593842626000001,-0.5361234942509074,-0.02326076834909263,train
2015-04-08,-0.5038536752,-0.48892267672740725,-0.014930998472592771,train
2015-04-09,-0.31146496919999994,-0.5769364217509513,0.26547145255095134,train
2015-04-10,-0.2199323736,-0.6642681085087205,0.4443357349087205,train
2015-04-13,-0.24084655120000004,-0.6609587008491326,0.4201121496491325,train
2015-04-14,-0.3600704324,-0.5263128565859152,0.16624242418591523,train
2015-04-15,-0.457921219,-0.5114224120147542,0.053501193014754256,train
2015-04-16,-0.5465228972,-0.370729968467303,-0.17579292873269703,train
2015-04-17,-0.5593121982,-0.4087045047010618,-0.1506076934989382,train
2015-04-20,-0.562326942,-0.5129348269527053,-0.04939211504729468,train
2015-04-21,-0.5710053051999999,-0.5581968088785678,-0.012808496321432106,train
2015-04-22,-0.41125322859999996,-0.6115088219039296,0.20025559330392967,train
2015-04-23,-0.2611201668,-0.6066589289779672,0.34553876217796725,train
2015-04-24,-0.26191900539999996,-0.6033658928858147,0.3414468874858147,train
2015-04-27,-0.2999626744,-0.6790038714649511,0.3790411970649511,train
2015-04-28,-0.1798871372,-0.6779039034843392,0.49801676628433916,train
2015-04-29,-0.22232882540000004,-0.4795542774101183,0.25722545201011826,train
2015-04-30,-0.3780747056,-0.3554953152777522,-0.022579390322247817,train
2015-05-01,-0.27487465099999997,-0.4550913626306085,0.18021671163060854,train
2015-05-04,-0.21061573540000006,-0.5739380318054401,0.36332229640544006,train
2015-05-05,-0.33710917840000004,-0.4093466301352887,0.07223745173528867,train
2015-05-06,-0.37712175340000004,-0.4117340660800989,0.034612312680098845,train
2015-05-07,-0.4173034360000001,-0.5109679621121854,0.09366452611218534,train
2015-05-08,-0.5535378782,-0.37778079980910667,-0.17575707839089333,train
2015-05-11,-0.571216242,-0.4707204230050185,-0.1004958189949815,train
2015-05-12,-0.3971900614,-0.5378849014966465,0.14069484009664646,train
2015-05-13,-0.3760843324,-0.48409683778518503,0.10801250538518503,train
2015-05-14,-0.36549400279999994,-0.5453982679074825,0.17990426510748253,train
2015-05-15,-0.2984787262,-0.5965990466914741,0.29812032049147413,train
2015-05-18,-0.4368505775999999,-0.6569574633289575,0.22010688572895765,train
2015-05-19,-0.5805990306,-0.4544891467977171,-0.12610988380228283,train
2015-05-20,-0.6095826626,-0.47892016358324113,-0.13066249901675892,train
2015-05-21,-0.5990431413999999,-0.5161746854011944,-0.08286845599880555,train
2015-05-22,-0.7091785776,-0.42835533450647006,-0.28082324309352996,train
2015-05-25,-0.5227492460000001,-0.68852899599182,0.16577974999182,train
2015-05-26,-0.4231660154,-0.6356852183350206,0.21251920293502058,train
2015-05-27,-0.31732634280000005,-0.60280493047084,0.28547858767084,train
2015-05-28,-0.2641196366,-0.6108536484523049,0.34673401185230496,train
2015-05-29,0.04470701400000001,-0.7039079366337311,0.7486149506337311,train
2015-06-01,0.1046900368,-0.6137720002377656,0.7184620370377656,train
2015-06-02,0.0593020946,-0.5103093528071736,0.5696114474071736,train
2015-06-03,0.003995504400000002,-0.40455063133638064,0.40854613573638066,train
2015-06-04,-0.07116466960000001,-0.436338845029952,0.365174175429952,train
2015-06-05,-0.293973537,-0.14401696239021933,-0.14995657460978068,train
2015-06-08,-0.3727636316,-0.2668717769224444,-0.10589185467755557,train
2015-06-09,-0.49385930899999997,-0.3106774813920324,-0.18318182760796758,train
2015-06-10,-0.6480284494,-0.28982489856536253,-0.3582035508346375,train
2015-06-11,-0.5896442784,-0.38669691708976556,-0.20294736131023444,train
2015-06-12,-0.7259596934,-0.43947899530980583,-0.28648069809019416,train
2015-06-15,-0.7444576324,-0.5233670328932967,-0.2210905995067033,train
2015-06-16,-0.7072649484,-0.6282031718955815,-0.07906177650441848,train
2015-06-17,-0.7185560938,-0.683136521783449,-0.03541957201655099,train
2015-06-18,-0.8666840170000001,-0.5820157878929789,-0.28466822910702116,train
2015-06-19,-0.8647803794,-0.7464370402707002,-0.11834333912929973,train
2015-06-22,-0.6057843507999999,-0.7238404722056521,0.11805612140565214,train
2015-06-23,-0.5215875158,-0.7239748975036231,0.20238738170362314,train
2015-06-24,-0.462686303,-0.7423283046657634,0.27964200166576336,train
2015-06-25,-0.3352514832,-0.8261715222024424,0.4909200390024424,train
2015-06-26,-0.42417513700000004,-0.8236091964888358,0.39943405948883576,train
2015-06-29,-0.6082206604,-0.482855371154575,-0.125365289245425,train
2015-06-30,-0.6440060742,-0.5712516948236159,-0.07275437937638407,train
2015-07-01,-0.6203094482,-0.5868710402485512,-0.03343840795144881,train
2015-07-02,-0.6833479226,-0.5024599224337174,-0.1808880001662826,train
2015-07-03,-0.46421554379999996,-0.7054776003260338,0.24126205652603383,train
2015-07-06,-0.4116742438,-0.6390315981886074,0.22735735438860744,train
2015-07-07,-0.49977829539999996,-0.7003054314371089,0.20052713603710892,train
2015-07-08,-0.5819977855999999,-0.6918844033031054,0.10988661770310548,train
2015-07-09,-0.5756891418,-0.7513326039382582,0.1756434621382582,train
2015-07-10,-0.80420269,-0.6035316200907651,-0.2006710699092349,train
2015-07-13,-1.0902434406,-0.5433861508476387,-0.5468572897523611,train
2015-07-14,-1.1022927042000001,-0.7158881796403704,-0.3864045245596297,train
2015-07-15,-1.1296046678,-0.7489337684687124,-0.3806708993312876,train
2015-07-16,-1.1362026334000002,-0.7069186999287596,-0.4292839334712406,train
2015-07-17,-1.030633292,-0.921452314165045,-0.10918097783495506,train
2015-07-20,-0.8886428160000002,-1.0724656594387592,0.183822843438759,train
2015-07-21,-0.9820376732,-1.0104565112088677,0.028418838008867686,train
2015-07-22,-0.9575662462000001,-1.0313843210411182,0.07381807484111813,train
2015-07-23,-1.0500789306,-0.9836030475436374,-0.06647588305636265,train
2015-07-24,-0.8604725823999999,-0.9674924743557706,0.10701989195577066,train
2015-07-27,-0.987178375,-0.8879493086334939,-0.09922906636650619,train
2015-07-28,-0.9515786998,-1.0334051037497816,0.08182640394978158,train
2015-07-29,-0.9679570224,-0.9668121698390756,-0.0011448525609244475,train
2015-07-30,-1.0397002048000001,-1.0512819997104605,0.011581794910460408,train
2015-07-31,-1.0887042878000002,-0.7910464072722742,-0.297657880527726,train
2015-08-03,-1.0279157036000002,-1.0679596196453165,0.04004391604531632,train
2015-08-04,-0.8994359405999999,-1.0347520528745338,0.13531611227453388,train
2015-08-05,-0.8462135359999999,-1.0096657432970526,0.16345220729705268,train
2015-08-06,-0.7042896801999999,-1.1268611242773146,0.4225714440773146,train
2015-08-07,-0.9133643306,-0.9582315106018915,0.04486718000189149,train
2015-08-10,-0.9354171074,-1.0684115870512734,0.13299447965127342,train
2015-08-11,-1.125962833,-0.9546152814057123,-0.17134755159428772,train
2015-08-12,-1.1497741148,-0.952596476945278,-0.19717763785472198,train
2015-08-13,-1.1720880336,-0.8987455075513916,-0.2733425260486083,train
2015-08-14,-1.1002190288,-1.0549403402458746,-0.045278688554125424,train
2015-08-17,-0.6765966958,-1.0712024069297237,0.39460571112972365,train
2015-08-18,-0.2996406118,-1.2096369387462187,0.9099963269462187,train
2015-08-19,-0.1096615304,-1.103758946150096,0.994097415750096,train
2015-08-20,-0.010180579199999994,-1.119940867124159,1.109760287924159,train
2015-08-21,0.05508777659999999,-1.0822104785429945,1.1372982551429944,train
2015-08-24,-0.28557547640000003,-0.628160744918746,0.34258526851874593,train
2015-08-25,-0.413883863,-0.5361481833204209,0.1222643203204209,train
2015-08-26,-0.6002933834,-0.466623696769049,-0.13366968663095102,train
2015-08-27,-0.6066115776000001,-0.4798774534574662,-0.12673412414253388,train
2015-08-28,-0.6060239584,-0.4659807689239679,-0.14004318947603211,train
2015-08-31,-0.7435433178,-0.6431436216479647,-0.10039969615203537,train
2015-09-01,-0.9095725458,-0.6419031181847444,-0.2676694276152556,train
2015-09-02,-0.9988556234000001,-0.7788467032183791,-0.220008920181621,train
2015-09-03,-1.0667696014,-0.7138984006051341,-0.352871200794866,train
2015-09-04,-1.1531798331999998,-0.7215708322095719,-0.431609000990428,train
2015-09-07,-1.1450865508,-0.9137852403950162,-0.23130131040498392,train
2015-09-08,-1.207684454,-0.9574889089582828,-0.25019554504171726,train
2015-09-09,-1.1831781482000001,-1.0100997935367155,-0.17307835466328458,train
2015-09-10,-1.087893749,-0.9711771344374457,-0.11671661456255433,train
2015-09-11,-1.0503779322,-1.0395403290856335,-0.010837603114366434,train
2015-09-14,-0.9944954921999999,-1.1129624174881514,0.1184669252881515,train
2015-09-15,-0.937322558,-1.151140876666589,0.21381831866658896,train
2015-09-16,-0.8145131276,-1.0903044450198829,0.27579131741988283,train
2015-09-17,-0.929308032,-0.9103757588843662,-0.018932273115633835,train
2015-09-18,-0.9059393112,-0.9617166710056396,0.05577735980563958,train
2015-09-21,-0.8920989576,-0.9959183829731499,0.10381942537314992,train
2015-09-22,-0.8232370943999999,-0.983007866136051,0.15977077173605103,train
2015-09-23,-0.9533809,-0.8564138235889006,-0.09696707641109936,train
2015-09-24,-1.0812362258000001,-0.9702603234510467,-0.11097590234895338,train
2015-09-25,-0.8617263732000001,-0.9429602085038908,0.08123383530389072,train
2015-09-28,-0.8604854364000001,-1.0082633799382799,0.14777794353827978,train
2015-09-29,-0.9651693120000001,-0.9513906714964203,-0.013778640503579798,train
2015-09-30,-0.98245071,-1.0572967113391174,0.07484600133911745,train
2015-10-01,-0.8832786630000001,-1.1750920096780708,0.2918133466780707,train
2015-10-02,-1.1942653734,-0.7892202234984617,-0.4050451499015383,train
2015-10-05,-1.3738466894,-1.012831007143929,-0.36101568225607106,train
2015-10-06,-1.3905377213999999,-1.1126126699618648,-0.27792505143813506,train
2015-10-07,-1.3866547058,-1.0997514895298768,-0.2869032162701233,train
2015-10-08,-1.3295222594000002,-1.0186370813731849,-0.31088517802681537,train
2015-10-09,-1.3243682894,-1.164876508723267,-0.15949178067673286,train
2015-10-12,-1.2537303024,-1.381853846817499,0.12812354441749907,train
2015-10-13,-1.3308693489999999,-1.3242121222462275,-0.006657226753772338,train
2015-10-14,-1.4341699501999998,-1.2881372057879341,-0.1460327444120657,train
2015-10-15,-1.3500875414,-1.1786300427352177,-0.17145749866478233,train
2015-10-16,-1.2246712784,-1.2275092476230685,0.0028379692230684483,train
2015-10-19,-1.2076501884,-1.2931513339867464,0.08550114558674649,train
2015-10-20,-1.1144489726,-1.3738712805549804,0.25942230795498045,train
2015-10-21,-0.7393924946,-1.4139808977381085,0.6745884031381085,train
2015-10-22,-0.8650686488,-1.1591633597804907,0.29409471098049067,train
2015-10-23,-0.9523413458000001,-1.1272929583931648,0.17495161259316472,train
2015-10-26,-0.9223561875999999,-1.282257949837158,0.3599017622371581,train
2015-10-27,-0.9240169764000001,-1.2312601073480158,0.3072431309480157,train
2015-10-28,-1.1713982396,-0.8413723459046337,-0.3300258936953663,train
2015-10-29,-1.2380105066,-1.042999285531587,-0.19501122106841295,train
2015-10-30,-1.0661604486,-1.0719836902920123,0.005823241692012315,train
2015-11-02,-1.0292660054,-1.1271493294762451,0.09788332407624512,train
2015-11-03,-0.9821008454,-1.1555501261900676,0.1734492807900676,train
2015-11-04,-1.0200602272000001,-1.2235237161318977,0.20346348893189758,train
2015-11-05,-0.8329935846,-1.2699070866267066,0.43691350202670665,train
2015-11-06,-0.990814773,-1.0061340146101627,0.015319241610162737,train
2015-11-09,-0.9706043822,-1.1578918254973996,0.18728744329739955,train
2015-11-10,-1.0093944362,-1.1313960547255604,0.12200161852556035,train
2015-11-11,-1.0409660702,-1.1589763199830678,0.11801024978306773,train
2015-11-12,-1.1705286418,-0.9232876589424361,-0.2472409828575639,train
2015-11-13,-1.2662101409999997,-1.0552616926398901,-0.21094844836010962,train
2015-11-16,-1.308940635,-1.091737660639317,-0.21720297436068292,train
2015-11-17,-1.3129352516,-1.1468150533210895,-0.16612019827891045,train
2015-11-18,-1.2316227683999998,-1.1742242503559446,-0.05739851804405527,train
2015-11-19,-1.5201075084,-1.1469224208638353,-0.37318508753616464,train
2015-11-20,-1.6287951984,-1.2278979621073283,-0.4008972362926717,train
2015-11-23,-1.7272334569999999,-1.2635675651069984,-0.46366589189300145,train
2015-11-24,-1.7709186469999998,-1.2861824008178568,-0.48473624618214295,train
2015-11-25,-1.7858241633999998,-1.2004701441078534,-0.5853540192921465,train
2015-11-26,-1.033594901,-1.5297666842088236,0.4961717832088235,train
2015-11-27,-0.6574122913999999,-1.5260415930365567,0.8686293016365568,train
2015-11-30,-0.5798797772000001,-1.5763196569939588,0.9964398797939588,train
2015-12-01,-0.5453140224,-1.5741699258309532,1.0288559034309532,train
2015-12-02,-0.538497192,-1.512772065961773,0.9742748739617729,train
2015-12-03,-1.0480560434000001,-0.8007179783833821,-0.24733806501661804,train
2015-12-04,-1.2086864152,-0.807208812425312,-0.40147760277468814,train
2015-12-07,-1.1649540094,-0.9813699207237254,-0.18358408867627451,train
2015-12-08,-1.1228359747999999,-0.9861907055490436,-0.13664526925095621,train
2015-12-09,-0.9283798244,-0.9372524835464775,0.008872659146477502,train
2015-12-10,-0.8519316295999999,-1.170141133904009,0.3182095043040092,train
2015-12-11,-0.8853252736,-1.1702850189023875,0.28495974530238743,train
2015-12-14,-0.9374489747999999,-1.2259311500356314,0.28848217523563147,train
2015-12-15,-1.035211978,-1.213709311957346,0.17849733395734613,train
2015-12-16,-1.2990499778,-0.96429110329276,-0.33475887450723996,train
2015-12-17,-1.4651134334,-1.0206454953318602,-0.4444679380681398,train
2015-12-18,-1.6219901318,-1.043685524609218,-0.578304607190782,train
2015-12-21,-1.622497169,-1.1477546842331434,-0.47474248476685665,train
2015-12-22,-1.6281451327999998,-1.2276703934172049,-0.400474739382795,train
2015-12-23,-1.6009091748,-1.3077751621476181,-0.2931340126523818,train
2015-12-24,-1.4130108412,-1.411323592208141,-0.0016872489918589029,train
2015-12-28,-1.3235062936,-1.4985764647836157,0.17507017118361579,train
2015-12-29,-1.2055871048,-1.449068251425934,0.24348114662593412,train
2015-12-30,-0.9663571231999999,-1.4854581117100203,0.5191009885100204,train
2015-12-31,-0.738191026,-1.4084232070385687,0.6702321810385687,train
2016-01-04,-0.7095824704,-1.2301415798967676,0.5205591094967676,train
2016-01-05,-0.6765142874000001,-1.2732887212457296,0.5967744338457295,train
2016-01-06,-0.6920727362,-1.200507058062263,0.508434321862263,train
2016-01-07,-0.7211097102,-1.056987592581349,0.33587788238134897,train
2016-01-08,-0.7822441208,-0.8904449870899626,0.1082008662899625,train
2016-01-11,-0.9950078577999999,-0.921129745555336,-0.0738781122446639,train
2016-01-12,-1.0056744521999998,-0.9833422004688337,-0.022332251731166153,train
2016-01-13,-0.9944192894,-0.9649778587475706,-0.029441430652429434,train
2016-01-14,-0.8489827644,-0.9359588851284318,0.08697612072843186,train
2016-01-15,-0.9660045077999999,-0.9236883935215459,-0.04231611427845405,train
2016-01-18,-1.0021604501999999,-1.1833876308872247,0.18122718068722476,train
2016-01-19,-1.0765834598,-1.1375500764091837,0.06096661660918379,train
2016-01-20,-1.1034518286000001,-1.0971637323193841,-0.006288096280615996,train
2016-01-21,-1.3822450709999998,-0.8857261917437771,-0.49651887925622273,train
2016-01-22,-1.3015018982000002,-1.086785040799893,-0.21471685740010726,train
2016-01-25,-1.2564860158000002,-1.209403058320933,-0.04708295747906721,train
2016-01-26,-1.2800574949999999,-1.2036131302620177,-0.07644436473798222,train
2016-01-27,-1.1407453366,-1.135706842635381,-0.005038493964619084,train
2016-01-28,-0.9477022425999999,-1.2921599209231962,0.3444576783231963,train
2016-01-29,-0.9316860144,-1.1496606290211804,0.2179746146211804,train
2016-02-01,-0.7509800772,-1.2588600653443576,0.5078799881443575,train
2016-02-02,-0.49534381959999996,-1.2833235104783571,0.7879796908783572,train
2016-02-03,-0.5455335165999999,-1.0333650042116316,0.48783148761163164,train
2016-02-04,-0.5153422234,-0.9422805347932821,0.4269383113932821,train
2016-02-05,-0.5540777313999999,-0.9595891502570651,0.4055114188570652,train
2016-02-08,-0.6924696904,-0.89926372994566,0.20679403954566,train
2016-02-09,-0.8992078128,-0.7494428232433855,-0.14976498955661444,train
2016-02-10,-1.0246573201999998,-0.8015542574137284,-0.22310306278627134,train
2016-02-11,-1.2066985469999998,-0.7238892009790572,-0.4828093460209426,train
2016-02-12,-1.2839813811999998,-0.8148388000129176,-0.4691425811870822,train
2016-02-15,-1.28723635,-0.9693835922415998,-0.31785275775840016,train
2016-02-16,-1.2615825376,-1.076470065507698,-0.18511247209230208,train
2016-02-17,-1.2297429662000001,-1.0971188638085947,-0.13262410239140543,train
2016-02-18,-1.2551968588000002,-1.162923676445562,-0.09227318235443827,train
2016-02-19,-1.2270331422000003,-1.2033330362543087,-0.023700105945691607,train
2016-02-22,-1.2267553354,-1.2590791092105074,0.03232377381050733,train
2016-02-23,-1.1811772154,-1.2356750857449141,0.05449787034491416,train
2016-02-24,-1.2845797754,-1.1795485745294916,-0.10503120087050832,train
2016-02-25,-1.278135211,-1.2149367460359075,-0.06319846496409243,train
2016-02-26,-1.1045529178,-1.1683839410682446,0.06383102326824464,train
2016-02-29,-1.1509713388,-1.2213668292318076,0.0703954904318076,train
2016-03-01,-1.2085862488,-1.1602071663669964,-0.048379082433003706,train
2016-03-02,-1.1775765917999998,-1.2778354808496224,0.10025888904962255,train
2016-03-03,-0.6868517676,-1.2200825779698392,0.5332308103698392,train
2016-03-04,-0.7914707329999999,-0.9911824749998482,0.1997117419998483,train
2016-03-07,-0.7390563783999999,-1.2367526162990783,0.49769623789907835,train
2016-03-08,-0.7776270987999999,-1.2331515682514935,0.4555244694514936,train
2016-03-09,-0.5707907701999999,-1.2421027482230858,0.6713119780230858,train
2016-03-10,-0.9783067693999999,-0.6361796123627889,-0.3421271570372111,train
2016-03-11,-1.1465243076,-0.9490823569111899,-0.1974419506888101,train
2016-03-14,-1.2089097519999998,-1.0402564261635225,-0.1686533258364773,train
2016-03-15,-1.1118038979999998,-1.09246641815228,-0.01933747984771972,train
2016-03-16,-1.382514838,-0.8277728470065471,-0.554741990993453,train
2016-03-17,-1.5196642191999998,-1.0534278228291891,-0.4662363963708107,train
2016-03-18,-1.8114567284,-1.2284916980000682,-0.5829650303999319,train
2016-03-21,-1.9341725581999998,-1.2854568612019195,-0.6487156969980803,train
2016-03-22,-1.852773735,-1.1543942430579959,-0.6983794919420041,train
2016-03-23,-1.7669847133999999,-1.372788099900612,-0.39419661349938795,train
2016-03-24,-1.7456886504,-1.4009386682181948,-0.3447499821818052,train
2016-03-25,-1.3079619627999999,-1.7618398546884124,0.45387789188841254,train
2016-03-28,-1.2059866514000002,-1.733017175981557,0.5270305245815567,train
2016-03-29,-1.3487583431999999,-1.4611750927711964,0.11241674957119652,train
2016-03-30,-1.307707199,-1.5174546892999645,0.20974749029996453,train
2016-03-31,-1.194521915,-1.5249305582390502,0.3304086432390503,train
2016-04-01,-1.3333816884,-1.2402235060841464,-0.0931581823158536,train
2016-04-04,-1.2927697710000001,-1.3441459801227917,0.051376209122791616,train
2016-04-05,-1.2539643284,-1.364024808299694,0.11006047989969403,train
2016-04-06,-1.2817787782,-1.3036641127574446,0.02188533455744457,train
2016-04-07,-1.4073726628,-1.20830932164868,-0.19906334115132007,train
2016-04-08,-1.4247752343999998,-1.3603932500402585,-0.0643819843597413,train
2016-04-11,-1.4347822968,-1.398034315764178,-0.036747981035822,train
2016-04-12,-1.5654189997999999,-1.3307208449199983,-0.23469815488000156,train
2016-04-13,-1.6362120762,-1.3526861455103396,-0.2835259306896605,train
2016-04-14,-1.4524343951999998,-1.434824013915857,-0.01761038128414283,train
2016-04-15,-1.4511249934000001,-1.475590557765484,0.02446556436548386,train
2016-04-18,-1.47049389,-1.4999925207469265,0.02949863074692649,train
2016-04-19,-1.4201654382000002,-1.5872389600864458,0.16707352188644564,train
2016-04-20,-1.3689668882,-1.5861543236099929,0.21718743540999297,train
2016-04-21,-1.4858116664,-1.350352070105165,-0.13545959629483506,train
2016-04-22,-1.3980171748,-1.4910797131993838,0.09306253839938372,train
2016-04-25,-1.3168268604,-1.5252267324209379,0.2083998720209379,train
2016-04-26,-1.2420526578,-1.4604128141921475,0.21836015639214756,train
2016-04-27,-1.1410219824,-1.3934864633823982,0.25246448098239815,train
2016-04-28,-1.2251899416,-1.4193750192914294,0.19418507769142934,train
2016-04-29,-1.2450548242,-1.3790297673837222,0.13397494318372227,train
2016-05-02,-1.2983689811999999,-1.3702893264767744,0.07192034527677449,train
2016-05-03,-1.370671779,-1.3266490396906827,-0.04402273930931733,train
2016-05-04,-1.6305880821999998,-1.219995099926329,-0.4105929822736709,train
2016-05-05,-1.7320227555999999,-1.3577371971415992,-0.3742855584584006,train
2016-05-06,-1.7588258291999999,-1.3228241102483866,-0.4360017189516132,train
2016-05-09,-1.8529312406000003,-1.4076369490329774,-0.4452942915670228,train
2016-05-10,-1.977035824,-1.4353451466176248,-0.5416906773823753,train
2016-05-11,-1.7782646066,-1.6376161660123552,-0.14064844058764492,train
2016-05-12,-1.6897304862000002,-1.6817950585872254,-0.00793542761277477,train
2016-05-13,-1.8582904890000003,-1.5972989497011505,-0.2609915392988498,train
2016-05-16,-1.8560541745999999,-1.74454739572017,-0.11150677887982985,train
2016-05-17,-1.7858939486,-1.8235041615891552,0.03761021298915512,train
2016-05-18,-1.9957860502,-1.586749128475937,-0.40903692172406303,train
2016-05-19,-2.0516842021999997,-1.6107254008820637,-0.44095880131793597,train
2016-05-20,-1.9964356504,-1.775008676901656,-0.22142697349834406,train
2016-05-23,-2.1468184116,-1.7744801764185212,-0.3723382351814788,train
2016-05-24,-2.1107641102,-1.7173546570727602,-0.39340945312723963,train
2016-05-25,-1.9493664372000001,-1.8667315191186407,-0.08263491808135948,train
2016-05-26,-1.7841430627999997,-1.8522038914676917,0.06806082866769203,train
2016-05-27,-1.3707936348,-1.842206601063496,0.47141296626349605,train
2016-05-30,-1.1324475182,-2.0541207569992457,0.9216732387992457,train
2016-05-31,-1.1913202135999998,-1.8843697460777975,0.6930495324777977,train
2016-06-01,-1.3392558692,-1.78064696911784,0.44139109991783987,train
2016-06-02,-1.4115434103999998,-1.6619953328704877,0.250451922470488,train
2016-06-03,-1.7604777872,-1.300860316468719,-0.459617470731281,train
2016-06-06,-1.7781366792,-1.445289311032974,-0.33284736816702587,train
2016-06-07,-1.7143195080000002,-1.5280896221735938,-0.18622988582640643,train
2016-06-08,-1.5292915386,-1.626506180253693,0.09721464165369298,train
2016-06-09,-1.3284268006000002,-1.5563511284632683,0.2279243278632681,train
2016-06-10,-1.209140211,-1.7227694312296329,0.5136292202296329,train
2016-06-13,-1.1385227504,-1.7376055075489167,0.5990827571489168,train
2016-06-14,-1.0537276088,-1.7038119339211455,0.6500843251211454,train
2016-06-15,-1.06873939,-1.553575554146388,0.4848361641463881,train
2016-06-16,-1.0577060503999998,-1.3310447773524736,0.27333872695247385,train
2016-06-17,-0.46725547780000004,-1.3602974051882433,0.8930419273882433,train
2016-06-20,-0.2295698866,-1.3728992703077576,1.1433293837077576,train
2016-06-21,-0.150715102,-1.3012179757473827,1.1505028737473828,train
2016-06-22,-0.038577359399999976,-1.3080983158404489,1.2695209564404488,train
2016-06-23,0.022470218200000024,-1.1529495021757097,1.1754197203757097,train
2016-06-24,-0.5573918974,-0.5132284456842766,-0.044163451715723334,train
2016-06-27,-0.9023192546000001,-0.6804068246383562,-0.22191242996164384,train
2016-06-28,-0.9456280306,-0.7211880815833959,-0.22443994901660413,train
2016-06-29,-0.98890104,-0.6306041123927454,-0.3582969276072546,train
2016-06-30,-1.2213188177999998,-0.4880981621510224,-0.7332206556489774,train
2016-07-01,-1.080147783,-0.855514952800141,-0.2246328301998589,train
2016-07-04,-1.0846021466,-1.1450734154059192,0.06047126880591924,train
2016-07-05,-1.1530417514,-1.0602052202819365,-0.09283653111806345,train
2016-07-06,-1.3140970518,-1.0571847167209596,-0.2569123350790403,train
2016-07-07,-1.2812925358,-1.1862968946155836,-0.09499564118441639,train
2016-07-08,-1.4888945156,-0.9607006310015297,-0.5281938845984703,train
2016-07-11,-1.5042564482,-1.2018132201620149,-0.3024432280379852,train
2016-07-12,-1.607067614,-1.1517314114241781,-0.45533620257582186,train
2016-07-13,-1.5537113752,-1.2749812681026513,-0.2787301070973487,train
2016-07-14,-1.5910977489999998,-1.1565416501231676,-0.4345560988768322,train
2016-07-15,-1.6424645595999998,-1.2786640741231496,-0.3638004854768502,train
2016-07-18,-1.7060577479999999,-1.4054327304906966,-0.30062501750930326,train
2016-07-19,-1.7645380918,-1.4481585049279784,-0.3163795868720216,train
2016-07-20,-1.7227581459999999,-1.3710872284080728,-0.35167091759192703,train
2016-07-21,-1.8172414048,-1.3556389021638728,-0.46160250263612723,train
2016-07-22,-1.8066299793999998,-1.4234169123909368,-0.383213067009063,train
2016-07-25,-1.8052016203999997,-1.5850108259995908,-0.2201907944004089,train
2016-07-26,-1.8221954229999997,-1.6536648992350145,-0.16853052376498523,train
2016-07-27,-2.0158927338,-1.5256936949640283,-0.4901990388359716,train
2016-07-28,-2.1148711108,-1.6434623959436825,-0.4714087148563173,train
2016-07-29,-2.0095512032,-1.6183943870665563,-0.3911568161334438,train
2016-08-01,-2.0597973372,-1.7630626205007696,-0.29673471669923046,train
2016-08-02,-2.0897110249999997,-1.7848368709430635,-0.3048741540569362,train
2016-08-03,-2.0435345072,-1.8706329164181448,-0.17290159078185519,train
2016-08-04,-2.0307848487999998,-1.9278845308548267,-0.10290031794517307,train
2016-08-05,-2.1237882744,-1.7075059999136302,-0.4162822744863697,train
2016-08-08,-2.1281477596,-1.9700704194356862,-0.15807734016431385,train
2016-08-09,-1.8893651044,-1.995866917526535,0.10650181312653495,train
2016-08-10,-1.7893563392,-1.9216727481286158,0.13231640892861574,train
2016-08-11,-1.6521000322,-1.9485239447182565,0.2964239125182566,train
2016-08-12,-1.7364019752000002,-1.8823326894209755,0.14593071422097537,train
2016-08-15,-1.6410619208,-2.0656975360797842,0.42463561527978433,train
2016-08-16,-1.8434368062000002,-1.7721188058329898,-0.07131800036701041,train
2016-08-17,-1.9345364403999998,-1.7638334040874268,-0.170703036312573,train
2016-08-18,-2.15664569,-1.6932423314443688,-0.4634033585556312,train
2016-08-19,-1.9574622982,-1.7894057516702742,-0.1680565465297259,train
2016-08-22,-1.9894355978,-1.7938464125803666,-0.19558918521963342,train
2016-08-23,-1.9792869331999998,-1.9097781449203244,-0.06950878827967544,train
2016-08-24,-1.9828687616,-1.9071275227341757,-0.07574123886582429,train
2016-08-25,-1.7754947424,-2.0947502704357097,0.31925552803570967,train
2016-08-26,-1.7182113229999998,-1.761537709091022,0.04332638609102224,train
2016-08-29,-1.7714439492,-1.978355792027288,0.20691184282728803,train
2016-08-30,-1.5567025322,-1.9737114411795087,0.4170089089795086,train
2016-08-31,-1.5537670970000002,-1.9436192164836859,0.3898521194836857,train
2016-09-01,-1.4980982192,-1.7822522449273157,0.28415402572731563,train
2016-09-02,-1.6889403262000002,-1.5965728051596624,-0.09236752104033785,train
2016-09-05,-1.4981139572,-1.8967844237886584,0.39867046658865846,train
2016-09-06,-1.6030020044,-1.6079360272141763,0.00493402281417632,train
2016-09-07,-1.5645859134,-1.7200121016019754,0.1554261882019754,train
2016-09-08,-1.6758947901999999,-1.580120944915269,-0.09577384528473076,train
2016-09-09,-1.7225066486,-1.6917292925050527,-0.03077735609494736,train
2016-09-12,-1.9051338446000003,-1.6057623121557647,-0.29937153244423564,train
2016-09-13,-2.0128186,-1.6625866775149194,-0.3502319224850807,train
2016-09-14,-1.8880556884000002,-1.65550859358601,-0.23254709481399005,train
2016-09-15,-1.906889701,-1.7185571193347084,-0.18833258166529165,train
2016-09-16,-1.9601869245999999,-1.7338797618679467,-0.2263071627320532,train
2016-09-19,-1.9041480218,-1.927357327207185,0.02320930540718491,train
2016-09-20,-1.902941705,-1.9344302405675307,0.03148853556753073,train
2016-09-21,-2.0997276491999997,-1.7247353980686488,-0.3749922511313508,train
2016-09-22,-2.1002420032000004,-1.8354438723096533,-0.2647981308903471,train
2016-09-23,-1.9487890116000002,-1.875036535751294,-0.07375247584870626,train
2016-09-26,-2.0052456282,-1.8686581809749065,-0.13658744722509342,train
2016-09-27,-1.7732144868,-1.8824630207044943,0.1092485339044944,train
2016-09-28,-1.7201843879999998,-1.9619787957594532,0.24179440775945338,train
2016-09-29,-1.718305178,-1.927630186706722,0.209325008706722,train
2016-09-30,-1.6742535856,-1.7611134326331854,0.08685984703318539,train
2016-10-03,-1.6667546494,-1.9688138131825523,0.30205916378255226,train
2016-10-04,-1.8175979081999998,-1.6678761330712406,-0.14972177512875917,train
2016-10-05,-1.7131839167999998,-1.7583569585274876,0.04517304172748782,train
2016-10-06,-1.6031098830000001,-1.7748610325219436,0.17175114952194348,train
2016-10-07,-1.7143905508,-1.6216011293501162,-0.09278942144988367,train
2016-10-10,-1.6855944982,-1.8312216953488005,0.14562719714880057,train
2016-10-11,-1.7138861396,-1.802562403406579,0.088676263806579,train
2016-10-12,-1.8309715710000003,-1.6980150701196133,-0.13295650088038702,train
2016-10-13,-1.6962621464,-1.6481483702943092,-0.0481137761056909,train
2016-10-14,-1.7841747660000002,-1.7282310265306897,-0.05594373946931053,train
2016-10-17,-1.7946607440000002,-1.8197647323061448,0.025103988306144576,train
2016-10-18,-1.8259005600000002,-1.7774073568359885,-0.04849320316401173,train
2016-10-19,-1.8194668174,-1.8252326673706631,0.005765849970663206,train
2016-10-20,-2.0316932978,-1.5696484865554847,-0.46204481124451524,train
2016-10-21,-1.9168484119999998,-1.812161434636231,-0.10468697736376886,train
2016-10-24,-1.8455197536,-1.8654464276367346,0.019926674036734537,train
2016-10-25,-1.8743894535999999,-1.8372959423338493,-0.03709351126615057,train
2016-10-26,-1.809874345,-1.8094535231090234,-0.000420821890976697,train
2016-10-27,-1.7757283418,-1.8721164183683616,0.09638807656836157,train
2016-10-28,-1.8664254356,-1.7745422121774308,-0.09188322342256927,train
2016-10-31,-1.8488236134,-1.8180272623618106,-0.03079635103818945,train
2016-11-01,-1.8485982056,-1.8727956251077407,0.02419741950774057,train
2016-11-02,-1.3161007651999999,-1.7453791537859944,0.42927838858599454,train
2016-11-03,-1.1705601674000001,-1.7387025477227995,0.5681423803227994,train
2016-11-04,-0.9904038332,-1.827658865486364,0.8372550322863639,train
2016-11-07,-0.7522207632,-1.8168203786243515,1.0645996154243516,train
2016-11-08,-0.5284944692,-1.8746258057647753,1.3461313365647753,train
2016-11-09,-0.941282166,-1.133328879188165,0.19204671318816502,train
2016-11-10,-0.9477808954,-1.3288985499545594,0.38111765455455937,train
2016-11-11,-0.895896928,-1.2718869997723974,0.3759900717723974,train
2016-11-14,-0.9695171422,-1.1162289273823331,0.1467117851823332,train
2016-11-15,-1.0155321554,-1.0634679005448555,0.047935745144855435,train
2016-11-16,-1.0427730091999998,-1.2074731758164083,0.16470016661640852,train
2016-11-17,-1.1166224327999998,-1.180823231447595,0.0642007986475952,train
2016-11-18,-1.1927819568,-1.1250497267361812,-0.06773223006381879,train
2016-11-21,-1.1736140742,-1.2067115524959868,0.03309747829598675,train
2016-11-22,-1.1299049986,-1.2468980218490622,0.11699302324906213,train
2016-11-23,-1.0198524178,-1.2138821322693447,0.1940297144693448,train
2016-11-24,-0.9642795336000001,-1.2520265876694416,0.28774705406944157,train
2016-11-25,-0.9921656007999999,-1.2588727510206479,0.26670715022064795,train
2016-11-28,-0.7718485077999999,-1.2164814101891064,0.44463290238910647,train
2016-11-29,-0.7936009648000001,-1.2063130006990794,0.41271203589907934,train
2016-11-30,-1.0275335198,-1.0649702598168433,0.037436740016843384,train
2016-12-01,-0.8252920374,-1.0796988431029826,0.2544068057029826,train
2016-12-02,-0.8239668242,-1.1314681892833955,0.30750136508339554,train
2016-12-05,-1.0899774274,-0.8145126941801174,-0.27546473321988263,train
2016-12-06,-1.1042043618000001,-0.9974323332452875,-0.10677202855471268,train
2016-12-07,-0.8314557686,-1.1713645904589447,0.33990882185894467,train
2016-12-08,-0.8676282861999999,-0.8014968602625797,-0.06613142593742016,train
2016-12-09,-0.7573441342,-1.0217377986496123,0.2643936644496123,train
2016-12-12,-0.7447904806000001,-1.1317450512666032,0.3869545706666031,train
2016-12-13,-0.7761483696,-1.1489272029862996,0.3727788333862996,train
2016-12-14,-0.9910688780000001,-0.9015499281686016,-0.08951894983139852,train
2016-12-15,-1.2194258034,-0.8704065028358124,-0.3490193005641876,train
2016-12-16,-1.4883123392,-0.9019174561709727,-0.5863948830290272,train
2016-12-19,-1.669586473,-0.9599533736999534,-0.7096330993000467,train
2016-12-20,-1.8556963476,-1.0215688725323289,-0.834127475067671,train
2016-12-21,-1.9198665878,-1.1226229845246316,-0.7972436032753685,train
2016-12-22,-1.9329816057999998,-1.196840429587429,-0.7361411762125707,train
2016-12-23,-1.4762639378000002,-1.4372540805149778,-0.039009857285022376,train
2016-12-26,-1.5056187689999998,-1.5247012915126634,0.019082522512663624,train
2016-12-27,-1.1605707531999998,-1.6641924360690665,0.5036216828690667,train
2016-12-28,-0.9961018197999998,-1.62118853173653,0.6250867119365302,train
2016-12-29,-0.7943468643999999,-1.5715971839509733,0.7772503195509733,train
2016-12-30,-1.0115712848,-1.145063605798396,0.13349232099839603,train
2017-01-02,-0.7956134074000001,-1.515601429836099,0.7199880224360988,train
2017-01-03,-0.8926907360000002,-1.1365367915739002,0.24384605557390004,train
2017-01-04,-0.722817381,-1.1267912759765875,0.4039738949765874,train
2017-01-05,-0.799920908,-0.9422792261382325,0.1423583181382324,train
2017-01-06,-0.7890734136,-1.097655645581009,0.30858223198100887,train
2017-01-09,-0.8465825148,-1.0575405462625826,0.21095803146258263,train
2017-01-10,-0.7963309811999999,-1.0952413970730708,0.2989104158730709,train
2017-01-11,-1.0419200664,-0.8628929606201406,-0.17902710577985925,train
2017-01-12,-1.0364189038,-0.9761385593126701,-0.060280344487329884,train
2017-01-13,-1.1028347783999999,-0.9915976128219138,-0.11123716557808605,train
2017-01-16,-1.0583017144,-1.1182281199034814,0.059926405503481384,train
2017-01-17,-1.222754189,-1.0215640021129457,-0.20119018688705426,train
2017-01-18,-1.2400379062,-1.1944143781365302,-0.04562352806346981,train
2017-01-19,-1.3727341882,-1.0929808704225226,-0.27975331777747736,train
2017-01-20,-1.4248554024,-1.180989713540577,-0.24386568885942306,train
2017-01-23,-1.4514645784,-1.165518914329982,-0.285945664070018,train
2017-01-24,-1.3010423589999998,-1.2999251433504588,-0.0011172156495409258,train
2017-01-25,-1.2189574659999998,-1.259285743124725,0.04032827712472531,train
2017-01-26,-1.24215535,-1.294182849732702,0.05202749973270193,train
2017-01-27,-1.1659469246,-1.3185135929368579,0.15256666833685784,train
2017-01-30,-1.2523491310000001,-1.3165719509742688,0.06422281997426871,train
2017-01-31,-1.3858464905999999,-1.2145765046547716,-0.17126998594522824,train
2017-02-01,-1.4948504323999998,-1.171115017854849,-0.32373541454515076,train
2017-02-02,-1.5112955446,-1.2606852076860058,-0.25061033691399426,train
2017-02-03,-1.6606768723999998,-1.1667698189264868,-0.49390705347351305,train
2017-02-06,-1.726781313,-1.3263080885990215,-0.40047322440097854,train
2017-02-07,-1.6908295300000002,-1.372730441224062,-0.3180990887759383,train
2017-02-08,-1.6439311962,-1.4181499700180942,-0.22578122618190588,train
2017-02-09,-1.6266952434,-1.4337184278408943,-0.19297681555910562,train
2017-02-10,-1.6602944422,-1.5537274380438069,-0.10656700415619325,train
2017-02-13,-1.6897190676,-1.6451960357385094,-0.04452303186149065,train
2017-02-14,-1.737504659,-1.545430241567797,-0.1920744174322031,train
2017-02-15,-1.6302769332,-1.5085990444766402,-0.12167788872335983,train
2017-02-16,-1.6486642578000001,-1.533072067357615,-0.11559219044238511,train
2017-02-17,-1.5473195884000002,-1.6234091555685266,0.07608956716852644,train
2017-02-20,-1.4625850934,-1.6988483550493276,0.23626326164932765,train
2017-02-21,-1.4213238348,-1.6464530050584296,0.2251291702584297,train
2017-02-22,-1.513180494,-1.4701063703466102,-0.043074123653389806,train
2017-02-23,-1.5975809512,-1.5872416175593604,-0.010339333640639659,train
2017-02-24,-1.5821548723999999,-1.5267447430076648,-0.05541012939233503,train
2017-02-27,-1.5577832206,-1.548734574168459,-0.009048646431540908,train
2017-02-28,-1.7352762046000003,-1.4818026260234038,-0.25347357857659647,train
2017-03-01,-1.90596067,-1.4891743279577476,-0.4167863420422524,train
2017-03-02,-1.7332214676,-1.6468818506260199,-0.08633961697398007,train
2017-03-03,-1.6935518398,-1.5579593371450509,-0.13559250265494915,train
2017-03-06,-1.7610115741999999,-1.5959478582805404,-0.16506371591945945,train
2017-03-07,-1.741936067,-1.7835817286874394,0.04164566168743944,train
2017-03-08,-1.4914734302000001,-1.8262157435567727,0.3347423133567726,train
2017-03-09,-1.5776020372000001,-1.60945723315056,0.03185519595055997,train
2017-03-10,-1.6824469086,-1.5926116726295194,-0.0898352359704806,train
2017-03-13,-1.7184504610000002,-1.7490601023904466,0.030609641390446418,train
2017-03-14,-1.5842211990000001,-1.779093647130497,0.19487244813049687,train
2017-03-15,-1.7888552684,-1.4550492551938172,-0.33380601320618286,train
2017-03-16,-1.8898466116000001,-1.594927813008066,-0.29491879859193415,train
2017-03-17,-1.9572587683999998,-1.6644587177260048,-0.29280005067399495,train
2017-03-20,-1.918565812,-1.763011969309507,-0.155553842690493,train
2017-03-21,-1.9859004852000002,-1.6114970924807028,-0.37440339271929735,train
2017-03-22,-1.8933717166000001,-1.733674077248835,-0.1596976393511651,train
2017-03-23,-1.8182290286,-1.8110154340595264,-0.007213594540473656,train
2017-03-24,-1.7863252824,-1.8539612119200113,0.0676359295200113,train
2017-03-27,-1.8171901044000003,-1.841657708346376,0.024467603946375815,train
2017-03-28,-1.9018905618000002,-1.8636048767596116,-0.03828568504038854,train
2017-03-29,-1.9784882287999999,-1.7455590247967874,-0.2329292040032125,train
2017-03-30,-1.9540417864,-1.7571812087501664,-0.19686057764983356,train
2017-03-31,-1.8968370927999998,-1.7787583669829232,-0.11807872581707657,train
2017-04-03,-1.9513378717999998,-1.8363710207084447,-0.11496685109155513,train
2017-04-04,-1.9453118150000002,-1.9110923420352228,-0.03421947296477734,train
2017-04-05,-1.9101715352,-1.8673074222388868,-0.04286411296111314,train
2017-04-06,-2.0150100856,-1.8144912137116849,-0.2005188718883153,train
2017-04-07,-2.2580600756000004,-1.785168065751921,-0.47289200984807933,train
2017-04-10,-2.2074165874,-1.9484322330802664,-0.25898435431973366,train
2017-04-11,-2.0835250522,-1.9442634680510267,-0.1392615841489735,train
2017-04-12,-2.2185134617999998,-1.8244971184851229,-0.3940163433148769,train
2017-04-13,-2.144936338,-1.9347238754289198,-0.21021246257108017,train
2017-04-14,-1.931400514,-2.1680270634819263,0.2366265494819264,train
2017-04-17,-1.6533885632,-2.0695369520108593,0.41614838881085925,train
2017-04-18,-1.6620476038,-1.9463021243525265,0.2842545205525264,train
2017-04-19,-1.4862851106000001,-2.0888093080785786,0.6025241974785784,train
2017-04-20,-1.3415765142,-1.9805254944342943,0.6389489802342943,train
2017-04-21,-1.269409032,-1.8886718448819917,0.6192628128819917,train
2017-04-24,-1.6181300606,-1.6191683798836252,0.0010383192836251887,train
2017-04-25,-1.7102731511999998,-1.7498695807317597,0.0395964295317599,train
2017-04-26,-1.8840866217999999,-1.619405337420351,-0.2646812843796489,train
2017-04-27,-2.0046626327999997,-1.4866534273177285,-0.5180092054822711,train
2017-04-28,-2.1048213188,-1.5078567224592232,-0.5969645963407768,train
2017-05-01,-1.8842887445999998,-1.8343231906991724,-0.049965553900827464,train
2017-05-02,-1.789855533,-1.8296243638368068,0.03976883083680671,train
2017-05-03,-1.7190383403999998,-1.9169433715702413,0.1979050311702415,train
2017-05-04,-1.8272330832,-1.8630202982933037,0.035787215093303626,train
2017-05-05,-1.8351992662,-1.945409584365517,0.11021031816551696,train
2017-05-08,-2.0019283006000004,-1.7879957757211402,-0.21393252487886016,train
2017-05-09,-2.0048649244,-1.7892996587810912,-0.21556526561890887,train
2017-05-10,-1.9487408642000001,-1.7791189073768559,-0.1696219568231443,train
2017-05-11,-1.7783770924,-1.854306297301556,0.07592920490155608,train
2017-05-12,-1.7801909995999998,-1.8299684288107796,0.04977742921077977,train
2017-05-15,-1.5815669098,-1.9546228075046914,0.3730558977046914,train
2017-05-16,-1.4722317204,-1.8644962134643988,0.3922644930643988,train
2017-05-17,-1.3972170228,-1.818667538237176,0.42145051543717593,train
2017-05-18,-1.5230004932,-1.690787423367499,0.16778693016749902,train
2017-05-19,-1.4936536922,-1.774930055139371,0.28127636293937086,train
2017-05-22,-1.7606180242,-1.592871480723244,-0.167746543476756,train
2017-05-23,-1.7463825904,-1.5252484454103419,-0.22113414498965822,train
2017-05-24,-1.81079343,-1.5106373926620082,-0.3001560373379917,train
2017-05-25,-1.8287255686000001,-1.6595007639950952,-0.16922480460490497,train
2017-05-26,-1.7140452910000001,-1.6321640770899961,-0.08188121391000402,train
2017-05-29,-1.6439688713999998,-1.8885721180262465,0.24460324662624666,train
2017-05-30,-1.8510442956000002,-1.6682675363631896,-0.18277675923681058,train
2017-05-31,-1.7436817634000001,-1.7474021396853876,0.003720376285387461,train
2017-06-01,-1.6479263294,-1.8118600314969568,0.1639337020969569,train
2017-06-02,-1.7073536078,-1.6331766807468533,-0.07417692705314671,train
2017-06-05,-1.7251186392000002,-1.7623939617115596,0.037275322511559406,train
2017-06-06,-1.762365048,-1.839717551644063,0.07735250364406299,train
2017-06-07,-1.7035771001999997,-1.6326655489322726,-0.07091155126772719,train
2017-06-08,-1.7417097743999999,-1.65651083015549,-0.0851989442445098,train
2017-06-09,-1.898498094,-1.6712252026809573,-0.2272728913190427,train
2017-06-12,-1.9169984346,-1.8019975364275465,-0.11500089817245351,train
2017-06-13,-1.9001428964000002,-1.8224957413398908,-0.07764715506010944,train
2017-06-14,-2.2630181458000003,-1.5518573347424136,-0.7111608110575867,train
2017-06-15,-2.4328086920000005,-1.7038084181308355,-0.729000273869165,train
2017-06-16,-2.4772994969999997,-1.859555953760961,-0.6177435432390388,train
2017-06-19,-2.3498788470000003,-1.9075208866016264,-0.44235796039837383,train
2017-06-20,-2.135581144,-1.8785989921146649,-0.25698215188533524,train
2017-06-21,-1.6510122132,-2.097476646779336,0.4464644335793362,train
2017-06-22,-1.4390044899999999,-2.1908905541618386,0.7518860641618388,train
2017-06-23,-1.2955114401999999,-2.2193842568693154,0.9238728166693155,train
2017-06-26,-1.3753905178,-2.06506606952335,0.6896755517233499,train
2017-06-27,-1.612220128,-1.8766966032173142,0.2644764752173143,train
2017-06-28,-1.9892293732,-1.4865234456685108,-0.5027059275314891,train
2017-06-29,-2.0846817962,-1.5933421411024655,-0.4913396550975344,train
2017-06-30,-2.0361030666,-1.573987637928721,-0.46211542867127897,train
2017-07-03,-2.1175760558,-1.670121726098864,-0.44745432970113597,train
2017-07-04,-2.0502837106,-1.8115375871638675,-0.23874612343613255,train
2017-07-05,-1.9280183987999997,-1.9222357572794455,-0.005782641520554188,train
2017-07-06,-1.8585879422000002,-1.9543709029274121,0.09578296072741188,train
2017-07-07,-1.8696095575999998,-1.8787707238227942,0.009161166222794392,train
2017-07-10,-1.8363382376000001,-2.0802812987649877,0.24394306116498754,train
2017-07-11,-1.7157591814,-1.9774095614708194,0.2616503800708194,train
2017-07-12,-1.8902631802000003,-1.825221591532107,-0.06504158866789322,train
2017-07-13,-1.7888159822000003,-1.8159399197567712,0.027123937556770894,train
2017-07-14,-1.8213653180000002,-1.8276462828348434,0.006280964834843195,train
2017-07-17,-1.7724141578000001,-1.9435468918633292,0.17113273406332907,train
2017-07-18,-1.792985222,-1.735737451533815,-0.0572477704661849,train
2017-07-19,-1.5210216773999998,-1.9297627415016345,0.4087410641016347,train
2017-07-20,-1.5446879278,-1.7064122646373243,0.16172433683732423,train
2017-07-21,-1.495314505,-1.7968669592020687,0.30155245420206866,train
2017-07-24,-1.3394561388,-1.8323966265930907,0.49294048779309074,train
2017-07-25,-1.3508628174,-1.7321181901838665,0.38125537278386656,train
2017-07-26,-1.435840705,-1.518485374829179,0.08264466982917895,train
2017-07-27,-1.4956439480000001,-1.5743640330701312,0.07872008507013106,train
2017-07-28,-1.3673202276,-1.6109130632284883,0.2435928356284882,train
2017-07-31,-1.4864560056,-1.5299910971161923,0.04353509151619228,train
2017-08-01,-1.509508958,-1.5549809898125055,0.045472031812505476,train
2017-08-02,-1.4638463312,-1.546286480430991,0.08244014923099097,train
2017-08-03,-1.4280122711999998,-1.5867037305647955,0.15869145936479567,train
2017-08-04,-1.4761380458,-1.4193959594425387,-0.05674208635746125,train
2017-08-07,-1.4450026794,-1.6319870170099382,0.18698433760993827,train
2017-08-08,-1.3628086474,-1.5997556325124034,0.2369469851124033,train
2017-08-09,-1.331651856,-1.4773065269301153,0.14565467093011542,train
2017-08-10,-1.281688731,-1.4860389607872626,0.20435022978726258,train
2017-08-11,-1.3252021028,-1.466051196850755,0.14084909405075496,train
2017-08-14,-1.3716483562000001,-1.5614325225922554,0.18978416639225526,train
2017-08-15,-1.4972264182,-1.4412697722819894,-0.05595664591801053,train
2017-08-16,-1.6881149196000003,-1.3610767924545155,-0.32703812714548475,train
2017-08-17,-1.9632506694,-1.355814097810859,-0.607436571589141,train
2017-08-18,-1.8495830978,-1.3897897722831836,-0.4597933255168165,train
2017-08-21,-1.8837355893999999,-1.531504185521417,-0.35223140387858276,train
2017-08-22,-1.6954181282,-1.5628949860736452,-0.13252314212635485,train
2017-08-23,-1.5930748868,-1.6416212402974872,0.04854635349748726,train
2017-08-24,-1.3427769636,-1.8538164975301317,0.5110395339301317,train
2017-08-25,-1.286692242,-1.5589354085201428,0.2722431665201428,train
2017-08-28,-1.2085906214,-1.8001113045485855,0.5915206831485855,train
2017-08-29,-1.2807877954,-1.5302900387096405,0.24950224330964055,train
2017-08-30,-1.3646953661999999,-1.5479224954564337,0.1832271292564338,train
2017-08-31,-1.274839177,-1.4115560307623536,0.13671685376235354,train
2017-09-01,-1.3747468862,-1.2673486232446594,-0.10739826295534072,train
2017-09-04,-1.3849483338,-1.4346738254145148,0.049725491614514894,train
2017-09-05,-1.5044967364,-1.3970641194506228,-0.10743261694937711,train
2017-09-06,-1.4749260351999998,-1.5000412274731303,0.025115192273130527,train
2017-09-07,-1.5182972254,-1.3017448754402274,-0.21655234995977257,train
2017-09-08,-1.6022477393999999,-1.3686408377629662,-0.23360690163703368,train
2017-09-11,-1.5719031188,-1.514136028497823,-0.05776709030217719,train
2017-09-12,-1.4967088438,-1.5790267122215393,0.08231786842153932,train
2017-09-13,-1.2439137804000002,-1.528680223823494,0.2847664434234938,train
2017-09-14,-1.3587109748,-1.4481004363816934,0.08938946158169347,train
2017-09-15,-1.4253545498,-1.5453016910924833,0.1199471412924833,train
2017-09-18,-1.4251496302,-1.5945355457801074,0.1693859155801074,train
2017-09-19,-1.3624139718000001,-1.5356377577987892,0.17322378599878907,train
2017-09-20,-1.6109315372000002,-1.2424691152835787,-0.3684624219164214,train
2017-09-21,-1.6455608596000002,-1.4501411231257804,-0.19541973647421984,train
2017-09-22,-1.6435873976,-1.4967860843686613,-0.1468013132313386,train
2017-09-25,-1.6689204545999998,-1.491338953994926,-0.17758150060507383,train
2017-09-26,-1.8330710654,-1.3976130238045208,-0.4354580415954792,train
2017-09-27,-1.871213935,-1.5539654517219144,-0.31724848327808575,train
2017-09-28,-1.9810478868,-1.59357961669845,-0.38746827010155016,train
2017-09-29,-1.933431473,-1.592610529450166,-0.34082094354983394,train
2017-10-02,-2.0604933175999998,-1.6379001625034717,-0.42259315509652806,train
2017-10-03,-2.0409569594,-1.7553881540731804,-0.2855688053268195,train
2017-10-04,-2.0422531986,-1.741753333835234,-0.3004998647647661,train
2017-10-05,-2.0395406132,-1.8667899199121394,-0.1727506932878604,train
2017-10-06,-1.9552174688000001,-1.725735187687106,-0.22948228111289404,train
2017-10-09,-1.8788188421999998,-1.9536203465828086,0.07480150438280875,train
2017-10-10,-1.953990774,-1.8804527376011642,-0.07353803639883583,train
2017-10-11,-2.0210445734,-1.8650250542305664,-0.1560195191694338,train
2017-10-12,-1.8806176430000001,-1.9299176044790687,0.049299961479068566,train
2017-10-13,-2.0347307334,-1.7116690798996153,-0.32306165350038474,train
2017-10-16,-2.0304071704,-1.8490625775378646,-0.18134459286213556,train
2017-10-17,-1.9976098186000002,-1.9223667492649605,-0.07524306933503966,train
2017-10-18,-1.9450903392,-1.936664826884663,-0.00842551231533717,train
2017-10-19,-1.7896910599999998,-1.79182676880593,0.00213570880593017,train
2017-10-20,-1.6918082341999998,-1.913187924802321,0.2213796906023211,train
2017-10-23,-1.6684875136000001,-1.9611304034625168,0.29264288986251663,train
2017-10-24,-1.6232253028000003,-1.9607531533588443,0.33752785055884393,train
2017-10-25,-1.6129806526,-1.906077789703146,0.2930971371031461,train
2017-10-26,-1.763247887,-1.6755622016833236,-0.08768568531667631,train
2017-10-27,-1.8313835632,-1.7035830191486012,-0.12780054405139873,train
2017-10-30,-1.8510373716,-1.791489580137524,-0.05954779146247602,train
2017-10-31,-1.8592316426,-1.767111514811034,-0.09212012778896606,train
2017-11-01,-1.9294625254,-1.7524999143747522,-0.1769626110252478,train
2017-11-02,-2.0125546268,-1.764683703630572,-0.24787092316942805,train
2017-11-03,-2.1204729326,-1.8082755830226098,-0.31219734957739,train
2017-11-06,-2.2195078853999997,-1.8737507458022578,-0.3457571395977419,train
2017-11-07,-2.1950385906000003,-1.8683737417905857,-0.3266648488094146,train
2017-11-08,-2.0566143134,-1.9275917562047813,-0.1290225571952186,train
2017-11-09,-2.0196888116,-1.9277288237479968,-0.09195998785200321,train
2017-11-10,-1.9416196154,-2.013779854825265,0.07216023942526473,train
2017-11-13,-1.6807489422,-2.1146007263804587,0.4338517841804588,train
2017-11-14,-1.6798715385999998,-2.0128691523270423,0.3329976137270425,train
2017-11-15,-1.7367936223999998,-1.8979865330683776,0.16119291066837782,train
2017-11-16,-1.8181130654,-1.90972930195499,0.09161623655498996,train
2017-11-17,-1.8522974122,-1.876371893420203,0.024074481220202948,train
2017-11-20,-1.9807528382000001,-1.685557537595134,-0.2951953006048662,train
2017-11-21,-1.9243588136000003,-1.765159327563583,-0.1591994860364172,train
2017-11-22,-1.9066026348,-1.779134520064144,-0.12746811473585606,train
2017-11-23,-1.7464946156000003,-1.8671887928775006,0.12069417727750031,train
2017-11-24,-1.5752449368,-1.855229883908483,0.279984947108483,train
2017-11-27,-1.578109661,-1.9186100462602018,0.34050038526020177,train
2017-11-28,-1.6457595448,-1.8475644848631747,0.20180494006317473,train
2017-11-29,-1.696723665,-1.857150647700851,0.1604269827008511,train
2017-11-30,-1.8396342206,-1.733157242725839,-0.106476977874161,train
2017-12-01,-1.9988313023999997,-1.613373016208862,-0.38545828619113776,train
2017-12-04,-2.0742600138,-1.734394375458767,-0.33986563834123307,train
2017-12-05,-2.118053728,-1.7619764073881314,-0.3560773206118686,train
2017-12-06,-2.033251422,-1.791592713832992,-0.2416587081670083,train
2017-12-07,-1.8566224305999999,-1.872059370359997,0.01543693975999716,train
2017-12-08,-1.8811391862,-1.911857973750756,0.030718787550755966,train
2017-12-11,-1.8210979086,-2.0044722383754636,0.18337432977546353,train
2017-12-12,-1.7893323848000002,-1.9948028045356885,0.20547041973568825,train
2017-12-13,-1.8996591848000002,-1.862126156807748,-0.03753302799225211,train
2017-12-14,-2.0885165276,-1.7298396942963692,-0.35867683330363076,train
2017-12-15,-2.0559779862,-1.865591484257671,-0.19038650194232876,train
2017-12-18,-2.2336757555999998,-1.839018480474935,-0.39465727512506477,train
2017-12-19,-2.3297390285999997,-1.820341617089358,-0.5093974115106417,train
2017-12-20,-2.4382354445999996,-1.8988682462105473,-0.5393671983894524,train
2017-12-21,-2.4885801576000004,-1.9924662469836454,-0.496113910616355,train
2017-12-22,-2.5304894426,-1.9414261858023718,-0.5890632567976282,train
2017-12-26,-2.3559663064,-2.171675029939911,-0.18429127646008903,train
2017-12-27,-2.2403212110000004,-2.1549510833613157,-0.08537012763868468,train
2017-12-28,-2.0763253448,-2.2399447139974575,0.16361936919745768,train
2017-12-29,-2.009780027,-2.241326488946665,0.23154646194666473,train
2018-01-02,-1.9925011005999997,-2.2206895099618063,0.2281884093618065,train
2018-01-03,-1.8380034375999998,-2.1468703932787947,0.30886695567879485,train
2018-01-04,-1.6427253552,-2.085060159388897,0.44233480418889704,train
2018-01-05,-1.4365765727999997,-2.00691575834027,0.5703391855402702,train
2018-01-08,-1.2594681645999999,-2.0167440758683477,0.7572759112683478,train
2018-01-09,-1.0478542248,-2.000307045283587,0.9524528204835869,train
2018-01-10,-0.9569306116,-1.816345508756009,0.8594148971560089,train
2018-01-11,-0.9913001319999999,-1.6652702284095393,0.6739700964095394,train
2018-01-12,-1.0933097868000001,-1.5403879203196569,0.44707813351965675,train
2018-01-15,-1.2432457551999998,-1.5067874807309043,0.2635417255309045,train
2018-01-16,-1.3710181896,-1.3734043776997134,0.00238618809971336,train
2018-01-17,-1.4231114437999999,-1.3079328126030374,-0.11517863119696248,train
2018-01-18,-1.1882528716,-1.344019030528218,0.155766158928218,train
2018-01-19,-1.0910496200000002,-1.4107492837177271,0.31969966371772696,train
2018-01-22,-0.9683348352,-1.5644542131971506,0.5961193779971506,train
2018-01-23,-0.8546852822,-1.5620991285810522,0.7074138463810522,train
2018-01-24,-0.8862768636,-1.4944234260094738,0.6081465624094737,train
2018-01-25,-1.1500836858,-1.1983438699110467,0.0482601841110466,train
2018-01-26,-1.1792371400000001,-1.2560275480509273,0.07679040805092718,train
2018-01-29,-1.1419079349999999,-1.2587057320108024,0.1167977970108025,train
2018-01-30,-1.1149330123999999,-1.1427558236312891,0.02782281123128927,train
2018-01-31,-1.1377909339999999,-1.1670285077992606,0.02923757379926073,train
2018-02-01,-1.0715401264,-1.2643231964236914,0.19278307002369144,train
2018-02-02,-1.1231061625999998,-1.2263311651999969,0.103225002599997,train
2018-02-05,-1.2066281772,-1.2246729077749954,0.018044730574995338,train
2018-02-06,-1.3262005298000001,-1.1633550510266706,-0.16284547877332956,train
2018-02-07,-1.1306105336,-1.2256112780602444,0.09500074446024431,train
2018-02-08,-1.1975748738,-1.1152733578084881,-0.08230151599151192,train
2018-02-09,-1.2146301136000002,-1.1851235267486275,-0.02950658685137264,train
2018-02-12,-1.2381691246000002,-1.278516676645932,0.04034755204593177,train
2018-02-13,-1.2387284484000003,-1.329638079730051,0.09090963133005081,train
2018-02-14,-1.4245463034,-1.0753744084350194,-0.3491718949649807,train
2018-02-15,-1.4557832306000003,-1.227512685002641,-0.22827054559735926,train
2018-02-16,-1.5365435258,-1.2555636763359008,-0.28097984946409915,train
2018-02-19,-1.5486587994,-1.3270246655615097,-0.2216341338384904,train
2018-02-20,-1.4903799798,-1.3034493032907888,-0.18693067650921114,train
2018-02-21,-1.5574317627999998,-1.3454342646445057,-0.21199749815549418,train
2018-02-22,-1.5180273997999998,-1.3663651007106477,-0.15166229908935214,train
2018-02-23,-1.4610036685999999,-1.4586570561337815,-0.0023466124662183674,train
2018-02-26,-1.338495249,-1.4954182973919454,0.15692304839194549,train
2018-02-27,-1.3909489422,-1.4000623280010438,0.009113385801043705,train
2018-02-28,-1.3733894014,-1.493508985316991,0.12011958391699085,train
2018-03-01,-1.325089674,-1.4148882786318104,0.08979860463181044,train
2018-03-02,-1.3713043334,-1.429175156675029,0.057870823275029126,train
2018-03-05,-1.5782230112,-1.3333760976316256,-0.2448469135683744,train
2018-03-06,-1.5940997881999999,-1.4101984219445671,-0.18390136625543274,train
2018-03-07,-1.6182243369999998,-1.4196657611743952,-0.19855857582560454,train
2018-03-08,-1.8216067072000002,-1.3140272971082814,-0.5075794100917188,train
2018-03-09,-1.8593958436000002,-1.4407203835579543,-0.4186754600420459,train
2018-03-12,-1.7949428539999999,-1.6193844160395492,-0.17555843796045068,train
2018-03-13,-1.8537650419999998,-1.5435455506471158,-0.31021949135288396,train
2018-03-14,-1.8487506008,-1.5722198738998108,-0.2765307269001893,train
2018-03-15,-1.7363450944,-1.706650719808467,-0.029694374591533013,train
2018-03-16,-1.7053200692000001,-1.7307414333695812,0.025421364169581073,train
2018-03-19,-1.72147869,-1.711502107622816,-0.009976582377184018,train
2018-03-20,-1.7245089184000002,-1.7438544721179514,0.019345553717951214,train
2018-03-21,-1.73061589,-1.7130312891267123,-0.017584600873287615,train
2018-03-22,-1.8338430049999999,-1.6283006179175736,-0.20554238708242623,train
2018-03-23,-2.0468652124,-1.663944336268409,-0.3829208761315912,train
2018-03-26,-2.1290385248,-1.7112696258284648,-0.41776889897153513,train
2018-03-27,-2.131898101,-1.704693378273507,-0.427204722726493,train
2018-03-28,-2.1608679606,-1.6803461989938686,-0.48052176160613147,train
2018-03-29,-2.1743529054,-1.768301528665981,-0.40605137673401925,train
2018-03-30,-1.9328762515999998,-1.9965483310028715,0.06367207940287178,train
2018-04-02,-1.8524650874,-1.989217258778796,0.13675217137879603,train
2018-04-03,-1.7377404216000003,-1.9312735524223819,0.19353313082238155,train
2018-04-04,-1.7977813242,-1.9463969714862748,0.14861564728627474,train
2018-04-05,-1.8019856689999998,-1.9821280390810234,0.18014237008102363,train
2018-04-06,-1.9492462136,-1.8197652388069594,-0.12948097479304055,train
2018-04-09,-2.0166857069999997,-1.8536782825402556,-0.16300742445974414,train
2018-04-10,-2.1919870568,-1.7092336032895428,-0.4827534535104572,train
2018-04-11,-2.1704013614,-1.8495701853225153,-0.3208311760774849,train
2018-04-12,-2.1493584747999996,-1.841193227937913,-0.3081652468620866,train
2018-04-13,-2.0524240436,-1.9550638257802817,-0.09736021781971815,train
2018-04-16,-1.9596894486,-1.9859913028896534,0.02630185428965337,train
2018-04-17,-1.87770084,-2.051843989211435,0.17414314921143492,train
2018-04-18,-1.8518593396,-2.021992877724638,0.17013353812463783,train
2018-04-19,-1.7074925002,-1.9972185365257014,0.28972603632570126,train
2018-04-20,-1.6698144550000003,-1.9463023912065833,0.2764879362065831,train
2018-04-23,-1.6509628420000002,-1.9130746282511781,0.2621117862511779,train
2018-04-24,-1.6422653749999998,-1.8725153122702964,0.23024993727029663,train
2018-04-25,-1.4016926874000002,-1.8771832635716206,0.4754905761716204,train
2018-04-26,-1.414047124,-1.705248221602642,0.2912010976026418,train
2018-04-27,-1.3209689454,-1.751449467978804,0.430480522578804,train
2018-04-30,-1.3654858753999999,-1.753968122463863,0.38848224706386314,train
2018-05-01,-1.2922260513999997,-1.7353562453948355,0.4431301939948358,train
2018-05-02,-1.4833373642,-1.4609179109115589,-0.022419453288441193,train
2018-05-03,-1.4567160764,-1.5346413692633984,0.07792529286339844,train
2018-05-04,-1.5870573022,-1.473864541605642,-0.11319276059435812,train
2018-05-07,-1.5854600617999999,-1.6025854492339162,0.01712538743391634,train
2018-05-08,-1.5979871969999997,-1.486088343948054,-0.1118988530519458,train
2018-05-09,-1.5134123964,-1.602666045680032,0.08925364928003199,train
2018-05-10,-1.5474566328,-1.5131861714460664,-0.03427046135393352,train
2018-05-11,-1.5400296601999999,-1.6636909980271495,0.12366133782714961,train
2018-05-14,-1.4901360704,-1.6794604803311284,0.18932440993112842,train
2018-05-15,-1.5300576659999998,-1.5995543268438341,0.06949666084383432,train
2018-05-16,-1.4495667604000002,-1.5184563161011841,0.06888955570118394,train
2018-05-17,-1.5108944008,-1.5278005767075966,0.016906175907596577,train
2018-05-18,-1.4363937136,-1.5912171706091276,0.15482345700912759,train
2018-05-21,-1.4210203836,-1.5542912439387218,0.13327086033872182,train
2018-05-22,-1.2677004498,-1.5594977533743808,0.29179730357438083,train
2018-05-23,-1.2826959969999998,-1.3963940502363434,0.11369805323634363,train
2018-05-24,-1.1057797304,-1.5278530163269897,0.42207328592698956,train
2018-05-25,-1.0468215156,-1.4634057870192736,0.41658427141927357,train
2018-05-28,-1.0668895408,-1.4924772844600596,0.42558774366005947,train
2018-05-29,-1.1704565329999999,-1.309305055614815,0.13884852261481506,train
2018-05-30,-1.2273830402,-1.3079666998208876,0.08058365962088754,train
2018-05-31,-1.401499989,-1.1899030820548329,-0.21159690694516708,train
2018-06-01,-1.5075820316,-1.2286284665304668,-0.27895356506953317,train
2018-06-04,-1.507840281,-1.3290189175517249,-0.17882136344827515,train
2018-06-05,-1.5203546354,-1.329244329404762,-0.19111030599523793,train
2018-06-06,-1.5216598749999999,-1.313990531278478,-0.2076693437215218,train
2018-06-07,-1.3349098872,-1.4471157878815872,0.1122059006815872,train
2018-06-08,-1.1771506082,-1.5023083946123845,0.32515778641238446,train
2018-06-11,-1.204462537,-1.5218152072662618,0.3173526702662619,train
2018-06-12,-1.1411753964,-1.4828675021535436,0.3416921057535436,train
2018-06-13,-1.2012088850000002,-1.4361345390107545,0.23492565401075427,train
2018-06-14,-1.2725953856,-1.26762642334618,-0.004968962253820042,train
2018-06-15,-1.3469944112,-1.2247701504121329,-0.12222426078786719,train
2018-06-18,-1.2572684280000002,-1.3854916521556164,0.12822322415561627,train
2018-06-19,-1.3651881425999999,-1.246208530448973,-0.11897961215102693,train
2018-06-20,-1.3404217054,-1.3195507587903368,-0.020870946609663266,train
2018-06-21,-1.3548162274000002,-1.2718988284853037,-0.08291739891469652,train
2018-06-22,-1.2503487463999998,-1.3421367413454992,0.09178799494549938,train
2018-06-25,-1.2541621920000001,-1.3260517072546483,0.07188951525464815,train
2018-06-26,-1.2772833467999998,-1.4126825218611765,0.1353991750611767,train
2018-06-27,-1.4027727304,-1.3557157946491585,-0.047056935750841467,train
2018-06-28,-1.5613030708,-1.3237348098937245,-0.23756826090627547,train
2018-06-29,-1.7502468894,-1.2248826007791376,-0.5253642886208625,train
2018-07-02,-1.821589126,-1.338493943272539,-0.483095182727461,train
2018-07-03,-1.8360248482,-1.408529547093088,-0.4274953011069118,train
2018-07-04,-1.7050405848,-1.4957559421674764,-0.20928464263252367,train
2018-07-05,-1.6871418268,-1.5528281334953358,-0.13431369330466425,train
2018-07-06,-1.7048128388000001,-1.6108533222529822,-0.09395951654701795,train
2018-07-09,-1.7775159979999997,-1.6630025490511984,-0.11451344894880133,train
2018-07-10,-1.7604885239999999,-1.6824550243828085,-0.07803349961719142,train
2018-07-11,-1.8755795638000001,-1.547808747746213,-0.3277708160537871,train
2018-07-12,-1.7225945163999998,-1.6065867596840882,-0.11600775671591168,train
2018-07-13,-1.6641276722,-1.61751585227066,-0.04661181992933994,train
2018-07-16,-1.6056041453999998,-1.7283367942346024,0.12273264883460255,train
2018-07-17,-1.5998117835999999,-1.6817420699422305,0.08193028634223065,train
2018-07-18,-1.5343082047999999,-1.751914698758779,0.21760649395877918,train
2018-07-19,-1.6550425074,-1.5576503903718224,-0.09739211702817752,train
2018-07-20,-1.8185326848000003,-1.593585294729179,-0.2249473900708212,train
2018-07-23,-1.9379696967999998,-1.6384715491599973,-0.2994981476400025,train
2018-07-24,-1.9547680904,-1.6277718102004881,-0.3269962801995119,train
2018-07-25,-2.0675380032,-1.5804465754301793,-0.48709142776982084,train
2018-07-26,-2.1427514194,-1.6352884652146376,-0.5074629541853626,train
2018-07-27,-2.0420401258,-1.8103897964583884,-0.23165032934161145,train
2018-07-30,-2.0001924555999997,-1.9083448609862839,-0.09184759461371583,train
2018-07-31,-2.1335135461999997,-1.8442098190528071,-0.28930372714719255,train
2018-08-01,-2.1224495419999996,-1.948839810804762,-0.1736097311952376,train
2018-08-02,-2.1597334776,-1.961677219415084,-0.19805625818491612,train
2018-08-03,-1.927702489,-1.883049916517269,-0.044652572482731134,train
2018-08-06,-1.714105632,-1.9383643247175284,0.2242586927175283,train
2018-08-07,-1.511697037,-2.0431329327555923,0.5314358957555922,train
2018-08-08,-1.3607858552,-1.9870579922401637,0.6262721370401636,train
2018-08-09,-1.1889426995999999,-2.019360006232813,0.8304173066328133,train
2018-08-10,-1.3925297068,-1.6875836953900372,0.2950539885900372,train
2018-08-13,-1.5574795399999999,-1.6676984189631767,0.11021887896317684,train
2018-08-14,-1.5041452276,-1.620141554908975,0.11599632730897502,train
2018-08-15,-1.5388052834,-1.5236880370120773,-0.015117246387922556,train
2018-08-16,-1.5565274254,-1.440161995106703,-0.11636543029329705,train
2018-08-17,-1.4895388984,-1.5654982803909514,0.07595938199095142,train
2018-08-20,-1.4705011034,-1.7042837162294757,0.23378261282947577,train
2018-08-21,-1.5879577322,-1.5674479013035203,-0.02050983089647973,train
2018-08-22,-1.6504212818,-1.6192859967296263,-0.031135285070373664,train
2018-08-23,-1.6761128186,-1.6067700040494821,-0.06934281455051794,train
2018-08-24,-1.6929747528,-1.5565829049730657,-0.13639184782693436,train
2018-08-27,-1.7118982766,-1.6398638111250767,-0.0720344654749232,train
2018-08-28,-1.7012807882,-1.668689099055855,-0.03259168914414512,train
2018-08-29,-1.5828812417999998,-1.6895038767001858,0.10662263490018598,train
2018-08-30,-1.6066716293999999,-1.6552080569916365,0.04853642759163668,train
2018-08-31,-1.6089553980000002,-1.627544427515945,0.018589029515944766,train
2018-09-03,-1.6244368465999997,-1.724320801337738,0.09988395473773837,train
2018-09-04,-1.63951335,-1.6842729305960518,0.044759580596051673,train
2018-09-05,-1.7109872232,-1.546141082279174,-0.16484614092082617,train
2018-09-06,-1.6768704706000002,-1.6028269114500673,-0.07404355914993288,train
2018-09-07,-1.7622840776,-1.5547966807452145,-0.20748739685478546,train
2018-09-10,-1.8038642608,-1.6577498125402241,-0.14611444825977582,train
2018-09-11,-1.761589828,-1.6468879246330541,-0.11470190336694586,train
2018-09-12,-1.7908686414000001,-1.6510143251418132,-0.1398543162581869,train
2018-09-13,-1.7970500754,-1.6212387785714786,-0.17581129682852148,train
2018-09-14,-1.8220530992000001,-1.7105136116838253,-0.11153948751617482,train
2018-09-17,-1.6489574910000002,-1.809771120105609,0.1608136291056088,train
2018-09-18,-1.7001196386,-1.6970144080396399,-0.0031052305603600505,train
2018-09-19,-1.6544941332,-1.7232477940260011,0.0687536608260011,train
2018-09-20,-1.6067230354,-1.698933228757733,0.09221019335773306,train
2018-09-21,-1.5977573134,-1.774856014307691,0.17709870090769098,train
2018-09-24,-1.6960482228,-1.6286421835522609,-0.06740603924773914,train
2018-09-25,-1.6717598849999997,-1.7224107698231494,0.05065088482314972,train
2018-09-26,-1.6198157087999998,-1.6465292386453547,0.02671352984535491,train
2018-09-27,-1.669157593,-1.585256358597721,-0.08390123440227892,train
2018-09-28,-1.5947138272,-1.6685829018975447,0.07386907469754456,train
2018-10-01,-1.6121080589999999,-1.7194084983464653,0.10730043934646538,train
2018-10-02,-1.5963325808,-1.691604220912029,0.09527164011202904,train
2018-10-03,-1.7293101745999997,-1.5882739017643417,-0.141036272835658,train
2018-10-04,-1.6744788472,-1.6442820363010326,-0.03019681089896742,train
2018-10-05,-1.7302873142,-1.6158183029602844,-0.11446901123971553,train
2018-10-08,-1.743322328,-1.6961067234051053,-0.04721560459489482,train
2018-10-09,-1.7982534266,-1.6472737711180379,-0.15097965548196224,train
2018-10-10,-1.7796534106,-1.7364973577918725,-0.0431560528081274,train
2018-10-11,-1.8823680752,-1.6106185557629595,-0.2717495194370405,train
2018-10-12,-1.8145827164,-1.7145491144076799,-0.10003360199232003,train
2018-10-15,-1.7674086122,-1.7664188277435346,-0.000989784456465248,train
2018-10-16,-1.7174093288,-1.775040262671544,0.05763093387154394,train
2018-10-17,-1.6923707558,-1.7431634402117209,0.0507926844117208,train
2018-10-18,-1.6886896108000002,-1.780878911120031,0.0921893003200307,train
2018-10-19,-1.7182443402,-1.7047487435380073,-0.013495596661992737,train
2018-10-22,-1.6343397754000002,-1.7413448851599824,0.10700510975998223,train
2018-10-23,-1.6961113208,-1.6974477471286389,0.00133642632863884,train
2018-10-24,-1.6989058193999997,-1.6914320297539924,-0.007473789646007312,train
2018-10-25,-1.7059361614,-1.6945125332648476,-0.011423628135152297,train
2018-10-26,-1.6794608702000002,-1.6890480571978106,0.00958718699781036,train
2018-10-29,-1.8311906133999998,-1.6274371200780946,-0.20375349332190518,train
2018-10-30,-1.8467211761999998,-1.7391156969443633,-0.10760547925563646,train
2018-10-31,-1.6481047963999997,-1.6964085937345297,0.04830379733452994,train
2018-11-01,-1.6130016681999997,-1.709394595043967,0.09639292684396739,train
2018-11-02,-1.6904668481999998,-1.6582846115485823,-0.032182236651417506,train
2018-11-05,-1.551713366,-1.830520413149201,0.278807047149201,train
2018-11-06,-1.4173256066,-1.833355983407862,0.41603037680786215,train
2018-11-07,-1.4531754752000001,-1.5376893649650463,0.08451388976504615,train
2018-11-08,-1.3059500762,-1.6461673748705918,0.3402172986705918,train
2018-11-09,-1.2271993049999999,-1.7145640064236556,0.48736470142365573,train
2018-11-12,-1.2963486245999998,-1.60411996071728,0.30777133611728025,train
2018-11-13,-1.3766235348,-1.53162162902266,0.1549980942226601,train
2018-11-14,-1.4772033012,-1.4577516654238991,-0.019451635776100984,train
2018-11-15,-1.7194531806,-1.3743830589392452,-0.3450701216607548,train
2018-11-16,-1.7605590092,-1.4195484531110143,-0.3410105560889858,train
2018-11-19,-1.7964320768,-1.4996069306833415,-0.29682514611665844,train
2018-11-20,-1.7546829335999998,-1.5379063259931256,-0.21677660760687423,train
2018-11-21,-1.6298492566,-1.517071833117949,-0.11277742348205111,train
2018-11-22,-1.5410437492,-1.7219181976665545,0.18087444846655454,train
2018-11-23,-1.618387576,-1.6819075820105016,0.06352000601050167,train
2018-11-26,-1.515898516,-1.7469957712571123,0.23109725525711222,train
2018-11-27,-1.5348842660000002,-1.6731400126864384,0.13825574668643825,train
2018-11-28,-1.7595751798,-1.4943135440229731,-0.265261635777027,train
2018-11-29,-1.7358110694,-1.5714970961623518,-0.16431397323764818,train
2018-11-30,-1.5067344893999999,-1.6694036428681505,0.16266915346815058,train
2018-12-03,-1.492325916,-1.540614584966454,0.04828866896645412,train
2018-12-04,-1.4975246186,-1.5815768030492596,0.08405218444925966,train
2018-12-05,-1.4050262348,-1.7024968478391893,0.2974706130391893,train
2018-12-06,-1.3889334582,-1.6298870402352723,0.2409535820352724,train
2018-12-07,-1.5637227982,-1.449954992234074,-0.11376780596592595,train
2018-12-10,-1.7104306634,-1.5113706133703755,-0.19906005002962446,train
2018-12-11,-1.7674365584,-1.5548154733834543,-0.21262108501654575,train
2018-12-12,-1.7007668688000002,-1.4746911523484478,-0.22607571645155233,train
2018-12-13,-1.6592002462,-1.4679331142329555,-0.19126713196704448,train
2018-12-14,-1.547543434,-1.605522369697233,0.05797893569723289,train
2018-12-17,-1.4593861766000003,-1.7381441156596662,0.27875793905966595,train
2018-12-18,-1.4346570044,-1.7508423627055936,0.3161853583055936,train
2018-12-19,-1.4433526058,-1.5846611249124745,0.14130851911247455,train
2018-12-20,-1.4848976818,-1.575540999164245,0.09064331736424514,train
2018-12-21,-1.6041883680000002,-1.5253399662284408,-0.07884840177155938,train
2018-12-24,-1.5391564307999999,-1.5492319876730345,0.01007555687303463,train
2018-12-26,-1.3495547318,-1.566614661953555,0.21705993015355496,train
2018-12-27,-1.3552392372,-1.4541727819206598,0.09893354472065985,train
2018-12-28,-1.4542925834000002,-1.5099612204401514,0.055668637040151125,train
2018-12-31,-1.4394512120000003,-1.6315550906407927,0.19210387864079248,train
2019-01-02,-1.4308874554000002,-1.5375167166453738,0.10662926124537364,train
2019-01-03,-1.5577553080000002,-1.3767638905823831,-0.18099141741761704,train
2019-01-04,-1.6223773054000001,-1.408435755929601,-0.21394154947039912,train
2019-01-07,-1.6235673778,-1.5604843063040301,-0.06308307149596981,train
2019-01-08,-1.5523595475999998,-1.5266594868814807,-0.025700060718519158,train
2019-01-09,-1.6888490336,-1.4623483260229673,-0.22650070757703267,train
2019-01-10,-1.809996551,-1.5589271729436702,-0.2510693780563298,train
2019-01-11,-1.9906998328,-1.5779713965020727,-0.4127284362979273,train
2019-01-14,-2.1940223284,-1.6432172267248042,-0.5508051016751958,train
2019-01-15,-2.42778951,-1.5359430261506868,-0.8918464838493134,train
2019-01-16,-2.5131091244,-1.6911857890890531,-0.821923335310947,train
2019-01-17,-2.3648475558,-1.7705181894373698,-0.5943293663626301,train
2019-01-18,-2.2622938412,-1.8836809610791707,-0.3786128801208293,train
2019-01-21,-2.1303352085999996,-2.0623112189081807,-0.06802398969181889,train
2019-01-22,-2.1001474169999996,-2.12947573666311,0.029328319663110225,train
2019-01-23,-1.8197982014,-2.1679115443232266,0.3481133429232266,train
2019-01-24,-1.9184526867999998,-1.9649150591001268,0.04646237230012695,train
2019-01-25,-1.901217449,-1.9878650098410082,0.08664756084100822,train
2019-01-28,-1.9564681800000003,-1.994253188654665,0.03778500865466472,train
2019-01-29,-2.0148118958,-2.0170601101760934,0.0022482143760935713,train
2019-01-30,-2.3893959556000004,-1.6989710578934079,-0.6904248977065925,train
2019-01-31,-2.4995196504,-1.8666500480666457,-0.6328696023333542,train
2019-02-01,-2.7086132858,-1.8482125848315385,-0.8604007009684613,train
2019-02-04,-2.6395309350000002,-2.0040251884906124,-0.6355057465093878,train
2019-02-05,-2.5427418304000002,-2.070847786188482,-0.47189404421151826,train
2019-02-06,-2.354866085,-2.276131142773702,-0.07873494222629773,train
2019-02-07,-2.1484106104,-2.27210290247782,0.12369229207781984,train
2019-02-08,-2.0088231176,-2.4364287433430514,0.4276056257430514,train
2019-02-11,-2.0675284972,-2.328759440328543,0.2612309431285431,train
2019-02-12,-2.0142057932,-2.297614950499307,0.28340915729930716,train
2019-02-13,-2.03928699,-2.1839005113206795,0.14461352132067962,train
2019-02-14,-2.1390435204,-2.021155109237489,-0.11788841116251092,train
2019-02-15,-2.1647751018,-2.062576634881996,-0.10219846691800427,train
2019-02-18,-2.1650304274,-2.1443843763259167,-0.02064605107408335,train
2019-02-19,-2.2310079268000003,-2.0355842485107476,-0.19542367828925267,train
2019-02-20,-2.2443884988000002,-2.054855597523691,-0.1895329012763094,train
2019-02-21,-2.258552077,-2.065707420969172,-0.1928446560308279,train
2019-02-22,-2.2923066624,-2.1214051622892764,-0.1709015001107237,train
2019-02-25,-2.3254176682,-2.1713743089510125,-0.1540433592489876,train
2019-02-26,-2.2879881656000003,-2.1724626423340445,-0.11552552326595578,train
2019-02-27,-2.3958825672,-2.160603499570729,-0.2352790676292713,train
2019-02-28,-2.358368088,-2.1386742021282865,-0.21969388587171368,train
2019-03-01,-2.3095430668,-2.2350600241049485,-0.07448304269505135,train
2019-03-04,-2.2731179806,-2.293744834705809,0.020626854105809223,train
2019-03-05,-2.2186154339999997,-2.19944863779458,-0.01916679620541961,train
2019-03-06,-2.1178719266000003,-2.3341765633055997,0.2163046367055994,train
2019-03-07,-2.2414570886,-2.1807105917805587,-0.06074649681944111,train
2019-03-08,-2.286582325,-2.2021394329263093,-0.0844428920736906,train
2019-03-11,-2.3415278489999998,-2.2288177989804545,-0.11271005001954526,train
2019-03-12,-2.5149539685999995,-2.0947981499598596,-0.42015581864013996,train
2019-03-13,-2.2833011918,-2.105316243732236,-0.17798494806776421,train
2019-03-14,-2.193124011,-2.1950360430415508,0.0019120320415506598,train
2019-03-15,-1.8982934488,-2.2189352647767953,0.3206418159767952,train
2019-03-18,-1.8097975990000001,-2.3111774570367416,0.5013798580367415,train
2019-03-19,-1.7716501462,-2.3814525054714553,0.6098023592714552,train
2019-03-20,-1.9459113214,-2.0293834971784257,0.0834721757784258,train
2019-03-21,-1.8961336102000002,-2.124306200924382,0.22817259072438167,train
2019-03-22,-2.0895750952,-1.8348372782397462,-0.25473781696025366,train
2019-03-25,-2.1024262979999997,-1.9966806611055845,-0.10574563689441518,train
2019-03-26,-2.0701184412,-2.0069987324277556,-0.06311970877224438,train
2019-03-27,-2.1719474184,-1.9910854984465816,-0.18086191995341827,train
2019-03-28,-2.3776337886,-1.9371178798012936,-0.4405159087987063,train
2019-03-29,-2.505597616,-2.0411837921477423,-0.46441382385225793,train
2019-04-01,-2.5686738896000003,-2.119336897560614,-0.4493369920393864,train
2019-04-02,-2.6054905786,-2.0954633383838575,-0.5100272402161425,train
2019-04-03,-2.5824768342,-2.1479942248097,-0.43448260939030003,train
2019-04-04,-2.5525810360000003,-2.2946037122332767,-0.25797732376672355,train
2019-04-05,-2.5050460192000004,-2.317483924537304,-0.18756209466269658,train
2019-04-08,-2.5563356764,-2.3790331134794886,-0.17730256292051116,train
2019-04-09,-2.5177812608,-2.3726917897503554,-0.14508947104964465,train
2019-04-10,-2.5660871896,-2.3307031478999485,-0.23538404170005167,train
2019-04-11,-2.4139395975999998,-2.3734479290419093,-0.0404916685580905,train
2019-04-12,-2.7620164366,-2.31276195909009,-0.4492544775099101,train
2019-04-15,-2.9307384375999996,-2.433350681100635,-0.49738775649936473,train
2019-04-16,-2.956854076,-2.32530975561482,-0.63154432038518,train
2019-04-17,-2.8541324759999998,-2.3744372228190676,-0.4796952531809322,train
2019-04-18,-2.916632472,-2.1995540112282232,-0.7170784607717766,train
2019-04-19,-2.5519910588,-2.7033192164673654,0.1513281576673653,train
2019-04-22,-2.3347030022,-2.7674225785085653,0.4327195763085654,train
2019-04-23,-2.341619,-2.6107838059661366,0.26916480596613646,train
2019-04-24,-2.2203043652,-2.5035921019328122,0.28328773673281216,train
2019-04-25,-2.3103252992,-2.544310614293908,0.23398531509390796,train
2019-04-26,-2.2988507152000004,-2.4022959458629463,0.10344523066294586,train
2019-04-29,-2.2446596266,-2.392221454344809,0.1475618277448092,train
2019-04-30,-2.2001845942,-2.3710721826542938,0.17088758845429375,train
2019-05-01,-2.3606617876000002,-2.1557249906805205,-0.20493679691947975,train
2019-05-02,-2.2360807026,-2.365972871148506,0.12989216854850616,train
2019-05-03,-2.3149648568000005,-2.2953304627750213,-0.01963439402497924,train
2019-05-06,-2.3425088618,-2.305625217515374,-0.03688364428462565,train
2019-05-07,-2.3806959726,-2.256415998063434,-0.1242799745365657,train
2019-05-08,-2.3303029010000005,-2.3131127640931455,-0.017190136906855003,train
2019-05-09,-2.4658512542,-2.2189732391856984,-0.2468780150143015,train
2019-05-10,-2.5311568548,-2.3377030656082045,-0.19345378919179534,train
2019-05-13,-2.6346769379999997,-2.351185676811382,-0.28349126118861756,train
2019-05-14,-2.5986850664000003,-2.3512593662339802,-0.24742570016602006,train
2019-05-15,-2.8261237619999995,-2.2477855345702302,-0.5783382274297693,train
2019-05-16,-2.7066190491999995,-2.4087805518369168,-0.29783849736308277,train
2019-05-17,-2.6013808448,-2.473575377575696,-0.12780546722430408,train
2019-05-20,-2.6965223496,-2.5655677867711235,-0.1309545628288764,train
2019-05-21,-2.7602202092,-2.4070754727725605,-0.3531447364274394,train
2019-05-22,-2.6777634814000004,-2.612178360470566,-0.06558512092943447,train
2019-05-23,-2.8393718615999997,-2.4091308860349825,-0.43024097556501717,train
2019-05-24,-2.7722368287999997,-2.4107507728159057,-0.361486055984094,train
2019-05-27,-2.5112767523999997,-2.642494815258069,0.13121806285806947,train
2019-05-28,-2.322626165,-2.536590628959374,0.21396446395937385,train
2019-05-29,-2.1196997835999998,-2.516319158724614,0.3966193751246143,train
2019-05-30,-1.8005433128,-2.616809886118499,0.8162665733184991,train
2019-05-31,-1.711314277,-2.477949867791331,0.7666355907913309,train
2019-06-03,-1.7639146079999999,-2.3947047553457366,0.6307901473457367,train
2019-06-04,-1.8957964186000003,-2.218359696260819,0.32256327766081894,train
2019-06-05,-2.0010024312,-2.1253537723315494,0.12435134113154955,train
2019-06-06,-2.2888092147999997,-1.9177453257799693,-0.3710638890200304,train
2019-06-07,-2.3747282506,-1.9124376562475298,-0.4622905943524702,train
2019-06-10,-2.3717549482,-2.0764158425414787,-0.2953391056585213,train
2019-06-11,-2.2278922301999997,-2.097015920943642,-0.13087630925635763,train
2019-06-12,-2.1665391946,-2.122984563787474,-0.043554630812526085,train
2019-06-13,-2.0062953986,-2.322303302465733,0.3160079038657333,train
2019-06-14,-1.9402885782000001,-2.260214398819701,0.3199258206197011,train
2019-06-17,-1.9164316886,-2.327539397330726,0.411107708730726,train
2019-06-18,-1.8989475784,-2.1153771863717066,0.21642960797170652,train
2019-06-19,-1.9461673529999999,-2.1157277114643773,0.16956035846437745,train
2019-06-20,-2.0605457202,-2.0443899725867816,-0.016155747613218363,train
2019-06-21,-2.2238835837999997,-1.9615843161667204,-0.2622992676332794,train
2019-06-24,-2.1745114275999997,-2.056755276376203,-0.11775615122379657,train
2019-06-25,-2.3103994406,-1.9097423701430636,-0.4006570704569363,train
2019-06-26,-2.3357507516,-1.9984938195283968,-0.33725693207160323,train
2019-06-27,-2.5525788224,-2.095747175694238,-0.45683164670576204,train
2019-06-28,-2.4886829884,-2.163933746802268,-0.3247492415977318,train
2019-07-01,-2.6548034612,-2.0828414171194183,-0.5719620440805819,train
2019-07-02,-2.814002904,-2.1469373964485516,-0.6670655075514484,train
2019-07-03,-2.7220580896,-2.1700008359959786,-0.5520572536040214,train
2019-07-04,-2.4133523996,-2.4760642149596475,0.06271181535964754,train
2019-07-05,-2.5242811262,-2.2599581112057137,-0.26432301499428634,train
2019-07-08,-2.4889101404,-2.469139187033409,-0.01977095336659085,train
2019-07-09,-2.4110643992,-2.556917933127868,0.14585353392786837,train
2019-07-10,-2.634027894,-2.3423622223612375,-0.29166567163876245,train
2019-07-11,-2.6525999542,-2.2380687689915892,-0.4145311852084106,train
2019-07-12,-2.468033096,-2.392312202594875,-0.075720893405125,train
2019-07-15,-2.4908321254,-2.3881966711757157,-0.10263545422428422,train
2019-07-16,-2.537238309,-2.332377271294059,-0.20486103770594122,train
2019-07-17,-2.451975759,-2.4810545628756824,0.02907880387568218,train
2019-07-18,-2.3609167124,-2.385306358243747,0.024389645843747143,train
2019-07-19,-2.4992203158,-2.2609842433181733,-0.23823607248182688,train
2019-07-22,-2.4940169118,-2.441267199984204,-0.05274971181579602,train
2019-07-23,-2.442288068,-2.4636482086013456,0.021360140601345723,train
2019-07-24,-2.2226759425999996,-2.383184223818131,0.16050828121813154,train
2019-07-25,-2.2369118844000004,-2.230922199917543,-0.0059896844824574025,train
2019-07-26,-2.131773471,-2.4129241879842023,0.28115071698420246,train
2019-07-29,-1.9062005528000001,-2.471371337391472,0.565170784591472,train
2019-07-30,-1.7318728919999997,-2.4029459148106826,0.6710730228106829,train
2019-07-31,-1.8021803142,-2.13418665366713,0.33200633946713,train
2019-08-01,-1.7949087376000001,-2.182346816531385,0.38743807893138493,train
2019-08-02,-1.8352150051999998,-2.1664261719901923,0.33121116679019247,train
2019-08-05,-1.9599222764,-2.0127702311041116,0.05284795470411163,train
2019-08-06,-1.9771214266000001,-1.9196335476447817,-0.05748787895521845,train
2019-08-07,-2.0419438946,-1.9398599701742536,-0.10208392442574654,train
2019-08-08,-2.0748513734,-1.9118184325000647,-0.16303294089993536,train
2019-08-09,-2.058467088,-2.0015099244231846,-0.05695716357681535,train
2019-08-12,-2.1374911668,-2.0895693000887174,-0.0479218667112824,train
2019-08-13,-2.3175082882,-1.9958337651144802,-0.3216745230855198,train
2019-08-14,-2.45986234,-2.0546875187898284,-0.40517482121017157,train
2019-08-15,-2.5106882184,-2.0296854550951213,-0.48100276330487857,train
2019-08-16,-2.4138937753999996,-2.042554968828961,-0.37133880657103857,train
2019-08-19,-2.2480056426,-2.1826609010775377,-0.06534474152246217,train
2019-08-20,-2.2596335549999997,-2.2569008749965866,-0.0027326800034130905,train
2019-08-21,-2.2495544753999996,-2.3314026795714855,0.08184820417148586,train
2019-08-22,-2.2779784356,-2.2500437113196226,-0.027934724280377576,train
2019-08-23,-2.3657228676,-2.123822767615336,-0.24190009998466433,train
2019-08-26,-2.4853493791999997,-2.104892300612527,-0.3804570785874728,train
2019-08-27,-2.237846256,-2.2223903592825294,-0.015455896717470718,train
2019-08-28,-2.117722553,-2.2159998422334306,0.09827728923343049,train
2019-08-29,-2.1146406319999995,-2.158114249114724,0.043473617114724306,train
2019-08-30,-2.1872638286,-2.175588708244549,-0.011675120355450819,train
2019-09-02,-2.0982123154,-2.3091971510453106,0.21098483564531056,train
2019-09-03,-2.3256421432,-2.0469559069299406,-0.2786862362700595,train
2019-09-04,-2.4498772496,-2.0908996089565344,-0.3589776406434657,train
2019-09-05,-2.1293486854,-2.114623547121771,-0.014725138278229188,train
2019-09-06,-2.0270322114,-2.1790298019316388,0.15199759053163886,train
2019-09-09,-2.0543465469999997,-2.103496660905851,0.049150113905851445,train
2019-09-10,-1.9486897423999998,-2.2811220697374637,0.33243232733746386,train
2019-09-11,-1.7592694284000001,-2.357090441019853,0.5978210126198529,train
2019-09-12,-2.0949667102,-1.9069157541210053,-0.1880509560789947,train
2019-09-13,-2.1684107048000003,-2.03736698602501,-0.13104371877499021,train
2019-09-16,-2.1277118976000002,-2.1023892494124232,-0.025322648187577013,train
2019-09-17,-2.1888396142,-2.037230614642258,-0.15160899955774187,train
2019-09-18,-2.3509113299999997,-1.8999432802746978,-0.4509680497253019,train
2019-09-19,-2.3096126636000003,-2.1116106099791425,-0.19800205362085777,train
2019-09-20,-2.3026628506,-2.1277569825155873,-0.17490586808441266,train
2019-09-23,-2.3087273602,-2.0765576772338816,-0.23216968296611817,train
2019-09-24,-2.1726317276,-2.166212160599823,-0.006419567000176762,train
2019-09-25,-2.1357814825999997,-2.2749093863920193,0.13912790379201967,train
2019-09-26,-1.985985045,-2.1782075093718327,0.19222246437183266,train
2019-09-27,-1.9460454435999999,-2.1843198623720417,0.2382744187720418,train
2019-09-30,-2.0584334903999997,-2.160622240703069,0.1021887503030694,train
2019-10-01,-2.223472255,-2.049143199301389,-0.1743290556986108,train
2019-10-02,-2.2384065044000003,-2.1307615675536318,-0.10764493684636856,train
2019-10-03,-2.4308146988,-1.9154899210710568,-0.5153247777289431,train
2019-10-04,-2.3936393128000004,-1.9907179795230745,-0.4029213332769259,train
2019-10-07,-2.436212417,-2.128284414837514,-0.30792800216248617,train
2019-10-08,-2.2341164174,-2.189665784192503,-0.04445063320749698,train
2019-10-09,-2.0861791914000003,-2.1956804288729694,0.10950123747296914,train
2019-10-10,-1.9528025278,-2.2490990868199,0.2962965590198998,train
2019-10-11,-2.0685246602,-2.1520119807911104,0.08348732059111041,train
2019-10-14,-2.0131988106,-2.342902795492777,0.32970398489277697,train
2019-10-15,-2.1249698262,-2.067595408616411,-0.0573744175835893,train
2019-10-16,-2.3305196242,-2.0288597966161674,-0.3016598275838325,train
2019-10-17,-2.3515347857999997,-1.9509598885052868,-0.40057489729471296,train
2019-10-18,-2.4683396228,-2.1173001087724916,-0.3510395140275082,train
2019-10-21,-2.5983280344,-2.116774490372407,-0.4815535440275931,train
2019-10-22,-2.7350693546000002,-2.0962102510632428,-0.6388591035367575,train
2019-10-23,-2.5316438316000003,-2.293167627411655,-0.23847620418834525,train
2019-10-24,-2.6194218624000003,-2.148615011784235,-0.47080685061576544,train
2019-10-25,-2.4677942372000006,-2.3793909139164886,-0.08840332328351197,train
2019-10-28,-2.3433117028,-2.48028063416846,0.1369689313684601,train
2019-10-29,-2.2267781352,-2.485895894162511,0.2591177589625109,train
2019-10-30,-2.497106992,-2.252899958643097,-0.24420703335690286,train
2019-10-31,-2.5602100052,-2.3584280984265464,-0.20178190677345365,train
2019-11-01,-2.7132911924000003,-2.297354776328412,-0.41593641607158816,train
2019-11-04,-2.8705799770000002,-2.310271954837343,-0.5603080221626571,train
2019-11-05,-3.0270808574,-2.2073117950384007,-0.8197690623615994,train
2019-11-06,-2.9848647836,-2.4609858925118786,-0.5238788910881214,train
2019-11-07,-3.0689580284,-2.402617204216132,-0.6663408241838682,train
2019-11-08,-3.1031735894,-2.545600036979718,-0.5575735524202821,train
2019-11-11,-3.0484311412,-2.6794915172884015,-0.3689396239115985,train
2019-11-12,-3.1072341494,-2.7073534371618524,-0.3998807122381476,train
2019-11-13,-3.0938221806,-2.6811436591624362,-0.4126785214375639,train
2019-11-14,-3.1046561208,-2.7419686751764436,-0.3626874456235565,train
2019-11-15,-2.9508868316,-2.8126018839321123,-0.1382849476678878,train
2019-11-18,-2.9527202024,-2.799037645199536,-0.1536825572004643,train
2019-11-19,-2.9519045310000003,-2.860656485659483,-0.09124804534051734,train
2019-11-20,-2.9985059844,-2.7991332797280046,-0.1993727046719953,train
2019-11-21,-3.137452163,-2.8380965838521774,-0.2993555791478224,train
2019-11-22,-3.1659764172,-2.685644386404378,-0.4803320307956218,train
2019-11-25,-3.0258037312,-2.8042831135636064,-0.22152061763639352,train
2019-11-26,-2.930650723,-2.829722023550373,-0.10092869944962679,train
2019-11-27,-2.8204595824000003,-2.821002806512978,0.0005432241129779136,train
2019-11-28,-2.6626460066,-2.979915481479832,0.3172694748798319,train
2019-11-29,-2.5918167908000003,-2.8452049261673906,0.25338813536739035,train
2019-12-02,-2.8072879424,-2.767384578693208,-0.03990336370679204,train
2019-12-03,-2.8660953222,-2.7883100886010626,-0.07778523359893752,train
2019-12-04,-2.820137639,-2.7029539477464595,-0.11718369125354045,train
2019-12-05,-2.675074194,-2.6982369904101122,0.023162796410112207,train
2019-12-06,-2.475162456,-2.55665261235423,0.08149015635423007,train
2019-12-09,-2.2998826678,-2.8438053323184076,0.5439226645184077,train
2019-12-10,-2.2023670207999997,-2.813442883746371,0.6110758629463713,train
2019-12-11,-2.2900436535999997,-2.6667301976381763,0.3766865440381766,train
2019-12-12,-2.3595660256,-2.575244784017542,0.21567875841754214,train
2019-12-13,-2.6913768288,-2.3280396163924673,-0.3633372124075329,train
2019-12-16,-2.8108394446,-2.445825588154117,-0.3650138564458829,train
2019-12-17,-2.9596669938,-2.393367866090123,-0.5662991277098768,train
2019-12-18,-3.1287141676,-2.4447357813424295,-0.6839783862575706,train
2019-12-19,-3.110327655,-2.4331613271464723,-0.6771663278535276,train
2019-12-20,-3.0274984482000002,-2.623847972132014,-0.4036504760679862,train
2019-12-23,-2.9574001,-2.726632590050721,-0.23076750994927897,train
2019-12-24,-2.741005006,-2.8229125250811764,0.08190751908117644,train
2019-12-26,-2.5380657920000003,-2.935835200759767,0.39776940875976674,train
2019-12-27,-2.5900693608,-2.7535131263732024,0.16344376557320262,train
2019-12-30,-2.5712549198,-2.711683512529176,0.14042859272917596,train
2019-12-31,-2.418758027,-2.7266344322643703,0.3078764052643703,train
2020-01-02,-2.489080541,-2.5453675400238165,0.05628699902381662,train
2020-01-03,-2.4321648365999997,-2.5037941219590816,0.07162928535908186,train
2020-01-06,-2.4786350776,-2.541874495248548,0.06323941764854801,train
2020-01-07,-2.5970791536,-2.484486275258943,-0.11259287834105702,train
2020-01-08,-2.7230638586,-2.3705553033452094,-0.35250855525479086,train
2020-01-09,-2.7219954238,-2.4792749621209706,-0.2427204616790295,train
2020-01-10,-2.8862319726,-2.3903934084188165,-0.49583856418118355,train
2020-01-13,-2.9814197925999997,-2.497879505555489,-0.48354028704451046,train
2020-01-14,-2.9795880028,-2.5621558866615923,-0.4174321161384076,train
2020-01-15,-3.0107502732,-2.5930185842677593,-0.4177316889322409,train
2020-01-16,-2.8724340334,-2.5966957024938226,-0.27573833090617716,train
2020-01-17,-2.8580002467999996,-2.7441135174022033,-0.11388672939779632,train
2020-01-20,-2.7435377821999998,-2.838309167181752,0.09477138498175242,train
2020-01-21,-2.7846412983999995,-2.776178708581378,-0.00846258981862169,train
2020-01-22,-2.767647931,-2.786776035099044,0.019128104099043863,train
2020-01-23,-2.9726411148,-2.577380516485771,-0.3952605983142292,train
2020-01-24,-2.8850850917999997,-2.7254017939073734,-0.15968329789262636,train
2020-01-27,-2.8726308304,-2.6398198624645346,-0.2328109679354653,train
2020-01-28,-2.8344818188,-2.695897076226574,-0.13858474257342612,train
2020-01-29,-2.8524558094,-2.6451291959979835,-0.2073266134020164,train
2020-01-30,-2.7628064626,-2.760327196399785,-0.00247926620021488,train
2020-01-31,-2.6977783758,-2.670027108660606,-0.02775126713939402,train
2020-02-03,-2.740134748,-2.6961720703873904,-0.043962677612609635,train
2020-02-04,-2.7001325304,-2.7125667873998984,0.01243425699989853,train
2020-02-05,-2.6220719449999996,-2.7136902039220554,0.09161825892205577,train
2020-02-06,-2.6240201018000002,-2.621765723710864,-0.0022543780891361997,train
2020-02-07,-2.6809438221999997,-2.564961473280329,-0.11598234891967074,train
2020-02-10,-2.7934886536,-2.6879919049535346,-0.1054967486464653,train
2020-02-11,-2.6846290112,-2.646946015298109,-0.03768299590189139,train
2020-02-12,-2.7186334854000003,-2.5708830441678705,-0.14775044123212977,train
2020-02-13,-2.6519850202,-2.5657277582874634,-0.0862572619125368,train
2020-02-14,-2.4848062561999997,-2.5946320535581924,0.10982579735819264,train
2020-02-17,-2.1366021496,-2.795316244973624,0.6587140953736244,train
2020-02-18,-2.0934492196,-2.5486937039595134,0.45524448435951337,train
2020-02-19,-1.8789424691999996,-2.6164948563755446,0.7375523871755449,train
2020-02-20,-1.7398905083999998,-2.5063499932349917,0.7664594848349919,train
2020-02-21,-1.5381809694,-2.3537908150636975,0.8156098456636975,train
2020-02-24,-1.3010652048,-2.2142271125439796,0.9131619077439797,train
2020-02-25,-0.9623687272,-2.2080904261324847,1.2457216989324849,train
2020-02-26,-0.8712109229999999,-2.0415242498230413,1.1703133268230412,train
2020-02-27,-0.8344215536,-1.9399710659333436,1.1055495123333436,train
2020-02-28,-0.8167986422,-1.714762710096648,0.8979640678966481,train
2020-03-02,-0.5424458236,-1.5648202925317465,1.0223744689317464,train
2020-03-03,-0.5217214470000001,-1.341947521890823,0.8202260748908229,train
2020-03-04,-0.42301922259999997,-1.3963701971853217,0.9733509745853217,train
2020-03-05,0.013592240599999994,-1.3769322175869927,1.3905244581869927,train
2020-03-06,0.1964162808,-1.24135716810536,1.43777344890536,train
2020-03-09,0.1394508364,-0.8811437588378154,1.0205945952378155,train
2020-03-10,0.1382396918,-0.9760640727849487,1.1143037645849487,train
2020-03-11,0.28613223120000003,-0.9618823337072274,1.2480145649072274,train
2020-03-12,0.318746945,-0.5040114136967322,0.8227583586967322,train
2020-03-13,0.3713901396,-0.468328286285272,0.839718425885272,train
2020-03-16,0.3967558228,-0.4226918962383337,0.8194477190383337,train
2020-03-17,0.5092797672,-0.4836354977468573,0.9929152649468573,train
2020-03-18,0.41275853200000007,-0.32408285642034956,0.7368413884203496,train
2020-03-19,0.1846782864,-0.12594123079986536,0.31061951719986536,train
2020-03-20,0.014178833600000006,-0.12543551026664912,0.13961434386664912,train
2020-03-23,-0.1996423074,-0.06681509312265237,-0.13282721427734762,train
2020-03-24,-0.29597055819999996,-0.02186175553655682,-0.2741088026634431,train
2020-03-25,-0.37842527260000003,-0.1471880674989942,-0.23123720510100582,train
2020-03-26,-0.444728633,-0.17344344802384684,-0.27128518497615317,train
2020-03-27,-0.5573666736,-0.25676482655834626,-0.30060184704165377,train
2020-03-30,-0.6816878660000001,-0.3573897552515586,-0.3242981107484415,train
2020-03-31,-0.8830954670000001,-0.34151683133311544,-0.5415786356668846,train
2020-04-01,-0.898363818,-0.47495121762395837,-0.4234126003760416,train
2020-04-02,-1.0036245604,-0.45085600829915984,-0.5527685521008402,train
2020-04-03,-1.338221199,-0.5572172330979867,-0.7810039659020133,train
2020-04-06,-1.441555965,-0.6397798690721382,-0.8017760959278618,train
2020-04-07,-1.5067783650000002,-0.7394721428495289,-0.7673062221504713,train
2020-04-08,-1.5920340552,-0.7349022517651016,-0.8571318034348985,train
2020-04-09,-1.605607811,-0.8001824494646611,-0.805425361535339,train
2020-04-10,-1.3310706502,-1.1952219993323803,-0.13584865086761977,train
2020-04-13,-1.3170279994,-1.1465427534054506,-0.1704852459945494,train
2020-04-14,-1.242441331,-1.1796680816499479,-0.06277324935005213,train
2020-04-15,-1.3264718122,-1.221264488364139,-0.10520732383586107,train
2020-04-16,-1.2748088764,-1.1978089183309664,-0.0769999580690337,train
2020-04-17,-1.2536986702,-1.1199930115412788,-0.13370565865872108,train
2020-04-20,-1.2547708960000001,-1.2056162131801889,-0.04915468281981128,train
2020-04-21,-1.32029426,-1.1346698308313847,-0.18562442916861532,train
2020-04-22,-1.2636445874,-1.2954517496969469,0.03180716229694691,train
2020-04-23,-1.2393667416,-1.1531997278394783,-0.08616701376052172,train
2020-04-24,-1.320865075,-1.1965800384803171,-0.12428503651968281,train
2020-04-27,-1.3372617392,-1.2873050048649284,-0.04995673433507153,train
2020-04-28,-1.2681748825999999,-1.3138200416034764,0.04564515900347654,train
2020-04-29,-1.285947955,-1.3082462360831455,0.022298281083145577,train
2020-04-30,-1.4613861574000002,-1.191467178001914,-0.2699189793980863,train
2020-05-01,-1.5098742204,-1.3530856161911806,-0.15678860420881935,train
2020-05-04,-1.5282341884000001,-1.4008645795573724,-0.1273696088426277,train
2020-05-05,-1.6308101999999998,-1.29605460163263,-0.3347555983673698,train
2020-05-06,-1.6216091984000003,-1.3754576270271843,-0.24615157137281596,train
2020-05-07,-1.6440554781999999,-1.453110071428221,-0.19094540677177885,train
2020-05-08,-1.6397094345999998,-1.5138117377392997,-0.12589769686070018,train
2020-05-11,-1.513032478,-1.5347510770078812,0.0217185990078812,train
2020-05-12,-1.5251169709999999,-1.5453139770853954,0.02019700608539554,train
2020-05-13,-1.6088627454000002,-1.52615942547016,-0.08270331992984015,train
2020-05-14,-1.5985331412000001,-1.5573641052641147,-0.04116903593588539,train
2020-05-15,-1.6859685303999998,-1.5699082888080258,-0.11606024159197403,train
2020-05-18,-2.0018607075999997,-1.432248715230969,-0.5696119923690306,train
2020-05-19,-2.0227934626,-1.523062476242697,-0.4997309863573032,train
2020-05-20,-1.7898146512,-1.6014016860280031,-0.1884129651719968,train
2020-05-21,-1.7777375182,-1.5572260498749062,-0.22051146832509372,train
2020-05-22,-1.5537606201999998,-1.678065553254015,0.12430493305401513,train
2020-05-25,-1.3363320668000003,-1.918006800586553,0.5816747337865527,train
2020-05-26,-1.2572797246,-1.8083474914472066,0.5510677668472066,train
2020-05-27,-1.359051261,-1.5550461731918939,0.1959949121918938,train
2020-05-28,-1.1885084302000002,-1.6596515705299553,0.4711431403299551,train
2020-05-29,-1.1425378372000001,-1.4856532750170093,0.34311543781700915,train
2020-06-01,-1.112499757,-1.4874204282461514,0.37492067124615147,train
2020-06-02,-1.106128398,-1.4202529340505892,0.3141245360505891,train
2020-06-03,-1.0159965848,-1.4438048278059181,0.427808243005918,train
2020-06-04,-1.0376326586,-1.2814989510655628,0.2438662924655628,train
2020-06-05,-1.0493195194,-1.26654408235157,0.2172245629515699,train
2020-06-08,-0.9901741618,-1.3443876275787967,0.35421346577879675,train
2020-06-09,-0.9358784661999999,-1.320879659811094,0.385001193611094,train
2020-06-10,-1.0013720382,-1.1952617663009721,0.19388972810097216,train
2020-06-11,-1.1102803284,-1.1877784903084179,0.07749816190841785,train
2020-06-12,-1.1753604919999998,-1.1920750603287749,0.016714568328775048,train
2020-06-15,-1.3120428058000002,-1.2015513630355306,-0.11049144276446965,train
2020-06-16,-1.3909109076,-1.1572011987274988,-0.2337097088725011,train
2020-06-17,-1.4595647064000001,-1.196809189729166,-0.2627555166708342,train
2020-06-18,-1.5415929802,-1.2644561290576648,-0.2771368511423351,train
2020-06-19,-1.7059443518000001,-1.2593997239902694,-0.4465446278097307,train
2020-06-22,-1.7112544556,-1.4140559239256425,-0.2971985316743575,train
2020-06-23,-1.7206746463999998,-1.3854269174851301,-0.33524772891486965,train
2020-06-24,-1.8106485723999999,-1.4007260633170107,-0.4099225090829892,train
2020-06-25,-1.7574840508,-1.4708352335021244,-0.2866488172978756,train
2020-06-26,-1.8193696416000003,-1.5958663414776475,-0.22350330012235275,train
2020-06-29,-1.8038973303999999,-1.5837434046947483,-0.2201539257052516,train
2020-06-30,-1.8432381763999999,-1.5457153099524732,-0.2975228664475267,train
2020-07-01,-1.8215677142,-1.649761432821142,-0.1718062813788579,train
2020-07-02,-1.7833773972,-1.5632732881463394,-0.22010410905366062,train
2020-07-03,-1.7294160524,-1.7223510764240038,-0.007064975975996202,train
2020-07-06,-1.7317518027999999,-1.6585256805955269,-0.073226122204473,train
2020-07-07,-1.7814866276,-1.6782271329334153,-0.1032594946665848,train
2020-07-08,-1.7648365372,-1.6921972728405952,-0.07263926435940493,train
2020-07-09,-1.8272795068,-1.5981259540789023,-0.22915355272109772,train
2020-07-10,-1.8194238656,-1.699217727701622,-0.12020613789837786,train
2020-07-13,-1.7101343578000001,-1.6811601997084296,-0.028974158091570557,train
2020-07-14,-1.5431344935999998,-1.7414848774567537,0.19835038385675396,train
2020-07-15,-1.4326120778,-1.7141014885222072,0.28148941072220723,train
2020-07-16,-1.4218733650000002,-1.7274570716327897,0.30558370663278955,train
2020-07-17,-1.3370057618,-1.7933753945115944,0.4563696327115945,train
2020-07-20,-1.3131540438,-1.639892092991236,0.32673804919123595,train
2020-07-21,-1.3660494065999997,-1.5494953441503603,0.18344593755036054,train
2020-07-22,-1.3831732642,-1.5031560777840656,0.11998281358406548,train
2020-07-23,-1.3236865791999999,-1.5486452735865326,0.2249586943865327,train
2020-07-24,-1.178100635,-1.5179915052059831,0.3398908702059831,train
2020-07-27,-1.2119747104,-1.4360785545721855,0.22410384417218543,train
2020-07-28,-1.2168392246,-1.4854650199507589,0.2686257953507589,train
2020-07-29,-1.218328893,-1.4695075091316099,0.25117861613160986,train
2020-07-30,-1.1781370354,-1.4351052998962568,0.25696826449625676,train
2020-07-31,-1.2318444322,-1.3003065857956302,0.06846215359563024,train
2020-08-03,-1.3433209108,-1.3758038687569047,0.03248295795690481,train
2020-08-04,-1.3078605397999998,-1.3799655065830794,0.07210496678307954,train
2020-08-05,-1.320860281,-1.3562089509446913,0.03534866994469121,train
2020-08-06,-1.4180419296,-1.2948144244775184,-0.1232275051224816,train
2020-08-07,-1.5384434003999998,-1.3170036677618526,-0.2214397326381472,train
2020-08-10,-1.5291806184,-1.4775341537606652,-0.051646464639334866,train
2020-08-11,-1.5692222744,-1.3624932497994908,-0.20672902460050913,train
2020-08-12,-1.5215980962,-1.3785370670834132,-0.1430610291165868,train
2020-08-13,-1.4614780418,-1.4386989261274061,-0.02277911567259383,train
2020-08-14,-1.3784796792000003,-1.5160143599272653,0.13753468072726505,train
2020-08-17,-1.4008374752,-1.5283158117532414,0.12747833655324148,train
2020-08-18,-1.4637426964,-1.4838501606848897,0.020107464284889742,train
2020-08-19,-1.6145175876,-1.416903723889762,-0.19761386371023804,train
2020-08-20,-1.4936471896,-1.4089187331411257,-0.08472845645887439,train
2020-08-21,-1.4672437318,-1.3851184682918427,-0.0821252635081573,train
2020-08-24,-1.4162135574,-1.4875143954266163,0.07130083802661624,train
2020-08-25,-1.2398647298,-1.492394305063688,0.252529575263688,train
2020-08-26,-1.1215294258,-1.5852314295149201,0.4637020037149202,train
2020-08-27,-1.264847567,-1.34723782633493,0.08239025933493016,train
2020-08-28,-1.2814370071999999,-1.4108407697152672,0.1294037625152673,train
2020-08-31,-1.4583822135999998,-1.4651310998456895,0.0067488862456897,train
2020-09-01,-1.5612455459999999,-1.2771556508389939,-0.284089895161006,train
2020-09-02,-1.627713445,-1.2841890879598055,-0.34352435704019446,train
2020-09-03,-1.5570734087999998,-1.3536411031130777,-0.20343230568692205,train
2020-09-04,-1.6859694674,-1.3476694504570397,-0.3383000169429604,train
2020-09-07,-1.626389878,-1.6285532574556076,0.002163379455607739,train
2020-09-08,-1.7327648119999999,-1.51170539300881,-0.22105941899118986,train
2020-09-09,-1.6298010996000003,-1.5689065240669182,-0.060894575533082085,train
2020-09-10,-1.7196864666,-1.4477137413693553,-0.27197272523064475,train
2020-09-11,-1.7510405414,-1.6387948068701108,-0.11224573452988929,train
2020-09-14,-1.5855833838,-1.6741646311044314,0.0885812473044314,train
2020-09-15,-1.4765590901999999,-1.674464588585107,0.19790549838510718,train
2020-09-16,-1.5515323116,-1.5049210855119979,-0.046611226088002056,train
2020-09-17,-1.5442295152,-1.591786850610394,0.047557335410393975,train
2020-09-18,-1.504118948,-1.7058514666472069,0.20173251864720698,train
2020-09-21,-1.588364568,-1.5496264317132564,-0.03873813628674361,train
2020-09-22,-1.6479233288,-1.4954391081083827,-0.15248422069161727,train
2020-09-23,-1.641085155,-1.5353920112789747,-0.10569314372102534,train
2020-09-24,-1.6735104696,-1.5175456654998496,-0.15596480410015046,train
2020-09-25,-1.6512734312,-1.5636759334200352,-0.08759749777996473,train
2020-09-28,-1.7452256438,-1.6171349833696207,-0.1280906604303793,train
2020-09-29,-1.719289233,-1.6241929828972836,-0.09509625010271638,train
2020-09-30,-1.8485301846,-1.58573362489409,-0.26279655970590987,train
2020-10-01,-2.0001095855999997,-1.6281100829840487,-0.37199950261595105,train
2020-10-02,-2.0866499202,-1.6506392660725222,-0.43601065412747797,train
2020-10-05,-2.1015890658,-1.7862641271838087,-0.31532493861619115,train
2020-10-06,-2.2053795708000004,-1.669237746305061,-0.5361418244949394,train
2020-10-07,-2.2351855546,-1.7945898310177568,-0.4405957235822433,train
2020-10-08,-2.1886742654,-1.9073309820232716,-0.2813432833767284,train
2020-10-09,-2.2025364792,-1.9322006671507144,-0.2703358120492856,train
2020-10-12,-2.1591440628000003,-1.9900453919528014,-0.16909867084719887,train
2020-10-13,-2.1831438303999997,-1.9891620182455172,-0.1939818121544825,train
2020-10-14,-2.1468375,-2.026598950116788,-0.12023854988321236,train
2020-10-15,-2.1569696692,-1.9894367310137964,-0.16753293818620363,train
2020-10-16,-2.12263003,-2.034373540609081,-0.08825648939091879,train
2020-10-19,-2.1319672382,-2.0170226144930234,-0.11494462370697667,train
2020-10-20,-2.112127754,-2.028814618452159,-0.08331313554784092,train
2020-10-21,-2.0803062592,-2.0051938711050825,-0.07511238809491738,train
2020-10-22,-1.9703703914,-2.0338435751306174,0.0634731837306175,train
2020-10-23,-1.9271621319999999,-2.0187013938916705,0.09153926189167061,train
2020-10-26,-1.9539051872000002,-2.055882296923232,0.10197710972323204,train
2020-10-27,-1.9458225318,-2.0299037193433476,0.08408118754334759,train
2020-10-28,-1.5903662449999998,-1.991102549745513,0.40073630474551325,train
2020-10-29,-1.4807574232,-1.9007493248314764,0.41999190163147637,train
2020-10-30,-1.3167253222,-1.926011830725665,0.6092865085256651,train
2020-11-02,-1.0131933894,-2.019407375249918,1.006213985849918,train
2020-11-03,-0.8466767768000001,-1.9750323740051592,1.128355597205159,train
2020-11-04,-1.1883875207999999,-1.5198165065698,0.33142898576980007,train
2020-11-05,-1.3638572604,-1.5962196077158946,0.23236234731589445,train
2020-11-06,-1.6220933813999998,-1.5095625339494265,-0.11253084745057329,train
2020-11-09,-1.8476658700000002,-1.3294428430128293,-0.5182230269871708,train
2020-11-10,-2.0718082612,-1.2946635032090978,-0.7771447579909023,train
2020-11-11,-2.1896634268,-1.5197301726169625,-0.6699332541830376,train
2020-11-12,-2.2561035444,-1.6066533522360298,-0.6494501921639704,train
2020-11-13,-2.3041813202,-1.7760626863287976,-0.5281186338712025,train
2020-11-16,-2.2517913702000003,-1.8198484027586594,-0.43194296744134086,train
2020-11-17,-2.1260436832000003,-1.96704168384579,-0.15900199935421022,train
2020-11-18,-1.9839331647999998,-2.0335796615441133,0.04964649674411348,train
2020-11-19,-2.0218149169999995,-2.0408408218712815,0.019025904871281973,train
2020-11-20,-2.0390208492,-2.1136661964877845,0.0746453472877846,train
2020-11-23,-2.075010077,-1.9631239066681685,-0.11188617033183146,train
2020-11-24,-2.0756935022,-1.902096927545111,-0.1735965746548891,train
2020-11-25,-2.0411092016,-1.8345048355056697,-0.2066043660943302,train
2020-11-26,-1.9102247012,-1.9604165462925516,0.05019184509255159,train
2020-11-27,-1.7334503486,-2.009150194027244,0.27569984542724413,train
2020-11-30,-1.7126993672000002,-1.920562244131769,0.20786287693176875,train
2020-12-01,-1.7891426914,-1.892121846900655,0.10297915550065517,train
2020-12-02,-1.8841618006,-1.8411844641837896,-0.04297733641621049,train
2020-12-03,-1.8144179189999998,-1.817945506504268,0.0035275875042681815,train
2020-12-04,-1.8395599773999998,-1.7647137810311952,-0.07484619636880452,train
2020-12-07,-1.8597227916,-1.7681835832410326,-0.09153920835896745,train
2020-12-08,-1.7943803206000002,-1.8584971997441468,0.06411687914414665,train
2020-12-09,-1.6055437026,-1.9059007265100874,0.30035702391008745,train
2020-12-10,-1.7055121738,-1.8002174808660698,0.09470530706606972,train
2020-12-11,-1.7679816234,-1.8764949039469763,0.10851328054697618,train
2020-12-14,-1.6107371486000002,-1.8823725053009546,0.2716353567009544,train
2020-12-15,-1.6048478988,-1.8276708527915877,0.2228229539915878,train
2020-12-16,-1.7132542462,-1.6357304147013776,-0.07752383149862241,train
2020-12-17,-1.8137372138000003,-1.7965048441791407,-0.01723236962085961,train
2020-12-18,-1.7174784652,-1.8582564263290955,0.14077796112909557,train
2020-12-21,-1.8749590092,-1.6169636032311867,-0.2579954059688132,train
2020-12-22,-1.8624622886000002,-1.690110259152739,-0.17235202944726113,train
2020-12-23,-1.8636923855999998,-1.7178214321996284,-0.14587095340037148,train
2020-12-24,-1.7042882526,-1.8901541315606143,0.18586587896061424,train
2020-12-28,-1.7776276718,-1.7490321601134926,-0.028595511686507313,train
2020-12-29,-1.61980769,-1.8298479865088813,0.21004029650888123,train
2020-12-30,-1.6139224495999998,-1.7784241897194375,0.16450174011943774,train
2020-12-31,-1.4782015365999999,-1.7673018741443727,0.2891003375443728,train
2021-01-04,-1.4526183121999998,-1.7034463712638237,0.2508280590638239,train
2021-01-05,-1.3669331218,-1.8066608281871386,0.43972770638713854,train
2021-01-06,-1.46662538,-1.587924929770771,0.12129954977077095,train
2021-01-07,-1.4527284306000001,-1.6589393557125767,0.20621092511257655,train
2021-01-08,-1.6544782382,-1.489292654126369,-0.16518558407363115,train
2021-01-11,-1.8703780802,-1.5525513312274648,-0.31782674897253527,train
2021-01-12,-1.9735351862000001,-1.531911329940619,-0.44162385625938105,train
2021-01-13,-2.0139221508,-1.566444049055142,-0.44747810174485814,train
2021-01-14,-2.0747210584,-1.5512388344218446,-0.5234822239781556,train
2021-01-15,-2.1037206602,-1.691287445289252,-0.41243321491074814,train
2021-01-18,-2.0150816432,-1.8889082648113658,-0.12617337838863407,train
2021-01-19,-2.0090022848,-1.891669784992816,-0.1173324998071843,train
2021-01-20,-1.9601981932,-1.8522200166434606,-0.10797817655653952,train
2021-01-21,-1.9188395306000001,-1.8832239188766486,-0.03561561172335148,train
2021-01-22,-1.8401190582000002,-1.940869980629609,0.10075092242960881,train
2021-01-25,-1.7844277574,-1.9191982782397001,0.1347705208397001,train
2021-01-26,-1.702678844,-1.9246856993464343,0.22200685534643427,train
2021-01-27,-1.8203374687999996,-1.8058480157072878,-0.014489453092711768,train
2021-01-28,-1.9198985784000002,-1.8024518494201451,-0.11744672897985509,train
2021-01-29,-1.9926620830000001,-1.7700514752023428,-0.2226106077976573,train
2021-02-01,-2.05493314,-1.7754510418977199,-0.2794820981022803,train
2021-02-02,-2.1626692752,-1.724015590984945,-0.4386536842150548,train
2021-02-03,-2.2136154007999997,-1.8373734477199242,-0.3762419530800756,train
2021-02-04,-2.3176919082,-1.8835466636769487,-0.43414524452305137,train
2021-02-05,-2.4023298932,-1.9143960141189624,-0.4879338790810377,train
2021-02-08,-2.5661535886,-1.968017673671762,-0.5981359149282381,train
2021-02-09,-2.5310322486,-2.0478766548385594,-0.48315559376144046,train
2021-02-10,-2.4652370374,-2.09845909533534,-0.36677794206465997,train
2021-02-11,-2.4250459161999998,-2.198108348829287,-0.22693756737071258,train
2021-02-12,-2.3985087182,-2.219248143215029,-0.17926057498497094,train
2021-02-15,-2.2008751028,-2.3853135150515095,0.18443841225150948,train
2021-02-16,-2.2572149528,-2.2464128598713993,-0.010802092928600793,train
2021-02-17,-2.1928845806000004,-2.2043886899978262,0.011504109397825868,train
2021-02-18,-1.9716396078000002,-2.249558989788803,0.2779193819888026,train
2021-02-19,-1.7237281706,-2.2276977471877495,0.5039695765877494,train
2021-02-22,-1.7013010622,-2.099380234094846,0.3980791718948462,train
2021-02-23,-1.580005996,-2.1802664959216513,0.6002604999216514,train
2021-02-24,-1.5879765763999998,-2.0558358468685327,0.46785927046853293,train
2021-02-25,-1.6481912552,-1.8970692131469806,0.24887795794698064,train
2021-02-26,-1.6912359891999997,-1.7467934785485824,0.05555748934858262,train
2021-03-01,-1.7284976807999999,-1.853457571552145,0.1249598907521452,train
2021-03-02,-1.7647047156,-1.7855870021796232,0.02088228657962321,train
2021-03-03,-1.7580409719999999,-1.7877649649996603,0.029723992999660442,train
2021-03-04,-1.7281586794,-1.7968524832858488,0.06869380388584889,train
2021-03-05,-1.8681933896,-1.7534997243362618,-0.11469366526373825,train
2021-03-08,-1.8567448236000001,-1.8769967116078412,0.020251888007841057,train
2021-03-09,-1.8978006233999998,-1.8730868402492076,-0.0247137831507922,train
2021-03-10,-1.8793228902000003,-1.8337015828064125,-0.04562130739358783,train
2021-03-11,-1.9332115352000003,-1.777601463718817,-0.15561007148118322,train
2021-03-12,-2.0158515707999998,-1.901912883038794,-0.11393868776120586,train
2021-03-15,-2.0352067727999996,-1.889402602911061,-0.14580416988893852,train
2021-03-16,-2.0178356878,-1.921230240621744,-0.09660544717825581,train
2021-03-17,-2.1005907682000005,-1.8212992122744673,-0.2792915559255331,train
2021-03-18,-2.1425483279999997,-1.8586038710603323,-0.2839444569396674,train
2021-03-19,-2.1395982606,-1.989653213546781,-0.1499450470532191,train
2021-03-22,-2.1524599506,-1.950282910835407,-0.202177039764593,train
2021-03-23,-2.215643499,-1.9319556483419398,-0.28368785065806024,train
2021-03-24,-2.2268973787999995,-1.9667297348331425,-0.260167643966857,train
2021-03-25,-2.2543199028,-1.969163877605685,-0.2851560251943148,train
2021-03-26,-2.3122765004000003,-2.0365782654258577,-0.2756982349741426,train
2021-03-29,-2.3744778742,-2.023044051850563,-0.3514338223494371,train
2021-03-30,-2.3535582728,-2.097843195287514,-0.2557150775124861,train
2021-03-31,-2.3250000230000003,-2.0680065195253854,-0.2569935034746149,train
2021-04-01,-2.3506460444,-2.086702388141544,-0.26394365625845584,train
2021-04-02,-2.2811203563999998,-2.2054005447752356,-0.07571981162476416,train
2021-04-05,-2.2510101184,-2.2161244167190532,-0.034885701680946735,train
2021-04-06,-2.2153600686,-2.191686347176464,-0.023673721423536076,train
2021-04-07,-2.3090137678,-2.134513222714506,-0.17450054508549373,train
2021-04-08,-2.2879066327999995,-2.18977342945387,-0.09813320334612952,train
2021-04-09,-2.296158548,-2.18227034837201,-0.11388819962799035,train
2021-04-12,-2.2077011925999996,-2.181169282665907,-0.026531909934092823,train
2021-04-13,-2.2282074266,-2.133397586270507,-0.09480984032949324,train
2021-04-14,-2.187273714,-2.2273267278499347,0.04005301384993487,train
2021-04-15,-2.1635259338,-2.1772278891639383,0.013701955363938367,train
2021-04-16,-2.1853492932,-2.2256673787415586,0.0403180855415588,train
2021-04-19,-2.2314867712,-2.1209432474621113,-0.1105435237378889,train
2021-04-20,-2.2821428292,-2.1691897153659125,-0.11295311383408757,train
2021-04-21,-2.1984976830000003,-2.157786727191641,-0.04071095580835937,train
2021-04-22,-2.2638197708,-2.1181651488579702,-0.14565462194202983,train
2021-04-23,-2.147081489,-2.199904822527462,0.05282333352746171,train
2021-04-26,-2.1746134938,-2.1702167547214306,-0.004396739078569301,train
2021-04-27,-2.0746450438,-2.2385559259846666,0.16391088218466665,train
2021-04-28,-2.2610058156,-2.1072173334632605,-0.15378848213673946,train
2021-04-29,-2.2664774544,-2.2106388744169627,-0.055838579983037206,train
2021-04-30,-2.0553591566000002,-2.09546887115018,0.04010971455017964,train
2021-05-03,-1.9778918730000001,-2.1592682558148892,0.1813763828148891,train
2021-05-04,-1.9982472479999998,-2.0616601140888458,0.063412866088846,train
2021-05-05,-1.6479219196,-2.2565404877708812,0.6086185681708813,train
2021-05-06,-1.5491419608,-2.2091154321909876,0.6599734713909875,train
2021-05-07,-1.8863194092,-1.88759368987896,0.0012742806789600714,train
2021-05-10,-2.008853025,-1.9927085877227817,-0.01614443727721837,train
2021-05-11,-2.0931424321999996,-2.0221203446284806,-0.07102208757151907,train
2021-05-12,-2.2547688252,-1.7026357247955988,-0.5521331004044014,train
2021-05-13,-2.3479010782,-1.7827335257234818,-0.5651675524765183,train
2021-05-14,-2.2134289148,-2.0207152588862454,-0.19271365591375478,train
2021-05-17,-2.1492890902,-2.071267876790994,-0.07802121340900614,train
2021-05-18,-2.0793990478,-2.106844569021744,0.02744552122174415,train
2021-05-19,-2.1576688452,-2.079625170790321,-0.07804367440967885,train
2021-05-20,-2.0970392048,-2.1991563278486876,0.10211712304868747,train
2021-05-21,-2.1427160915999997,-2.0681668796282886,-0.07454921197171105,train
2021-05-24,-2.2196943196,-2.085230973938661,-0.13446334566133888,train
2021-05-25,-2.2731913262,-2.0438972314804675,-0.22929409471953255,train
2021-05-26,-2.3126057092,-2.087570531343803,-0.22503517785619698,train
2021-05-27,-2.3346774350000006,-2.035281796634551,-0.29939563836544947,train
2021-05-28,-2.2301055924,-2.065839975431954,-0.1642656169680463,train
2021-05-31,-2.2276349786000003,-2.166205000284433,-0.06142997831556718,train
2021-06-01,-2.289645694,-2.1739125383590756,-0.11573315564092423,train
2021-06-02,-2.3893333290000003,-2.1919356439277293,-0.19739768507227096,train
2021-06-03,-2.3468824454,-2.1719826765381445,-0.17489976886185543,train
2021-06-04,-2.5396498784,-2.027415435279453,-0.5122344431205472,train
2021-06-07,-2.562269675,-2.164964317374199,-0.3973053576258012,train
2021-06-08,-2.5522364081999998,-2.2420725274868833,-0.3101638807131164,train
2021-06-09,-2.14488714,-2.3256358957339245,0.18074875573392468,train
2021-06-10,-2.0479568196000004,-2.1734168741749107,0.12546005457491027,train
2021-06-11,-1.8568166906,-2.362144994897936,0.5053283042979357,train
2021-06-14,-1.6961146295999998,-2.3998691106904406,0.7037544810904408,train
2021-06-15,-1.5728926511999999,-2.3972193269247613,0.8243266757247614,train
2021-06-16,-1.859086056,-1.9447117106930922,0.08562565469309225,train
2021-06-17,-2.0296030484,-1.9738966259009165,-0.05570642249908331,train
2021-06-18,-2.2099572952,-1.9056425140539768,-0.3043147811460234,train
2021-06-21,-2.2684860882,-1.8673074568953612,-0.4011786313046388,train
2021-06-22,-2.343275479,-1.8433912333380043,-0.49988424566199563,train
2021-06-23,-2.2939155256,-2.0018947608069735,-0.29202076479302663,train
2021-06-24,-2.2675311602,-2.082217362884686,-0.18531379731531405,train
2021-06-25,-2.1126406596,-2.187566291212501,0.07492563161250132,train
2021-06-28,-2.245757193,-2.1663386209622257,-0.07941857203777447,train
2021-06-29,-2.1800461584,-2.240810951544012,0.060764793144012064,train
2021-06-30,-2.1617046984,-2.1589070080049377,-0.002797690395062169,train
2021-07-01,-2.1177835778,-2.1651109873471484,0.047327409547148314,train
2021-07-02,-2.273388315,-2.0220409442240355,-0.2513473707759646,train
2021-07-05,-2.1820731818000003,-2.2435633004483884,0.06149011864838805,train
2021-07-06,-2.091371648,-2.1209770929939684,0.029605444993968444,train
2021-07-07,-2.1785378816000005,-2.0844759258303656,-0.09406195576963494,train
2021-07-08,-2.2727779343999996,-2.05726713495102,-0.21551079944897955,train
2021-07-09,-2.2778240972,-2.1916141625223267,-0.08620993467767324,train
2021-07-12,-2.2552199362,-2.139769189618583,-0.11545074658141719,train
2021-07-13,-2.3443299692,-1.9857271134283645,-0.3586028557716354,train
2021-07-14,-2.3695250422000003,-2.124293279837325,-0.2452317623626752,train
2021-07-15,-2.2146611642,-2.169006167850071,-0.045654996349928645,train
2021-07-16,-2.2137754874000004,-2.206997859358406,-0.006777628041594319,train
2021-07-19,-2.2380743080000003,-2.170684366351867,-0.06738994164813317,train
2021-07-20,-2.2710726502,-2.193128864678018,-0.077943785521982,train
2021-07-21,-2.131364447,-2.2741142296360914,0.14274978263609128,train
2021-07-22,-2.3075722938,-2.083197586313545,-0.22437470748645483,train
2021-07-23,-2.2976611282,-2.2054635438039485,-0.09219758439605164,train
2021-07-26,-2.2737109806,-2.1960114185936237,-0.07769956200637651,train
2021-07-27,-2.3580672934,-2.189534828589733,-0.16853246481026707,train
2021-07-28,-2.4050226610000003,-2.0636591799512787,-0.3413634810487216,train
2021-07-29,-2.3730329340000003,-2.2442114340061163,-0.12882149999388393,train
2021-07-30,-2.3691876063999997,-2.2346900763975697,-0.13449753000243003,train
2021-08-02,-2.4401022792,-2.19489039129321,-0.24521188790679016,train
2021-08-03,-2.46799539,-2.3044419077472083,-0.16355348225279176,train
2021-08-04,-2.5293576782,-2.2257475231803645,-0.3036101550196353,train
2021-08-05,-2.6194701226,-2.264169159344921,-0.355300963255079,train
2021-08-06,-2.7156624028,-2.2781184360620927,-0.4375439667379073,train
2021-08-09,-2.7758220735999997,-2.340086812358704,-0.43573526124129547,train
2021-08-10,-2.6874740029999997,-2.3856667917486223,-0.30180721125137744,train
2021-08-11,-2.5817565894000003,-2.3480866903035764,-0.23366989909642388,train
2021-08-12,-2.4830571958,-2.472517240562902,-0.010539955237097942,train
2021-08-13,-2.4216406364000003,-2.534247457786685,0.11260682138668487,train
2021-08-16,-2.3207073164,-2.5637270428569328,0.2430197264569327,train
2021-08-17,-2.353176459,-2.448132755783425,0.09495629678342477,train
2021-08-18,-2.4571776821999998,-2.3205916606456163,-0.13658602155438349,train
2021-08-19,-2.4805008772,-2.3550794048370363,-0.12542147236296364,train
2021-08-20,-2.322500148,-2.3690713760591153,0.04657122805911529,train
2021-08-23,-2.4485345102,-2.3058231971751413,-0.14271131302485873,train
2021-08-24,-2.428208451,-2.338253378093511,-0.08995507290648908,train
2021-08-25,-2.4618226584,-2.356759353004836,-0.10506330539516417,train
2021-08-26,-2.559091658,-2.3860383893919477,-0.17305326860805215,train
2021-08-27,-2.5337392804,-2.2298106130659203,-0.3039286673340795,train
2021-08-30,-2.6144077734,-2.4597110490862697,-0.15469672431373027,train
2021-08-31,-2.6136717369999998,-2.3658435429356235,-0.24782819406437628,train
2021-09-01,-2.6391887488,-2.3964445303135156,-0.24274421848648453,train
2021-09-02,-2.4629225260000003,-2.5031082371148092,0.04018571111480895,train
2021-09-03,-2.6742078642,-2.3120468466727124,-0.3621610175272876,train
2021-09-06,-2.53883391,-2.605494104343579,0.06666019434357873,train
2021-09-07,-2.4791295904,-2.4630060060755445,-0.016123584324455376,train
2021-09-08,-2.4332430664,-2.505207082173645,0.07196401577364497,train
2021-09-09,-2.50937104,-2.3376106573492783,-0.1717603826507217,train
2021-09-10,-2.4752466066,-2.5315828743976643,0.05633626779766443,train
2021-09-13,-2.469014865,-2.4719203392986895,0.00290547429868937,train
2021-09-14,-2.5290290616,-2.3457404965738133,-0.18328856502618684,train
2021-09-15,-2.3154196824000004,-2.3591598922940364,0.04374020989403604,train
2021-09-16,-2.2949049236,-2.3977157045347397,0.10281078093473983,train
2021-09-17,-2.2913073438000002,-2.414441472440915,0.12313412864091466,train
2021-09-20,-2.2494689994000003,-2.4365957527802093,0.187126753380209,train
2021-09-21,-2.193765035,-2.417331283277168,0.22356624827716765,train
2021-09-22,-2.3443676092000003,-2.1581167253984357,-0.18625088380156463,train
2021-09-23,-2.2721941281999998,-2.2871112110974745,0.014917082897474732,train
2021-09-24,-2.1855748974,-2.3207602061851627,0.13518530878516266,train
2021-09-27,-2.1817536324,-2.2959096390572884,0.11415600665728842,train
2021-09-28,-2.2416033476,-2.2249966461587776,-0.016606701441222338,train
2021-09-29,-2.26589356,-2.2686227865017115,0.00272922650171159,train
2021-09-30,-2.4114834953999997,-2.214976850981096,-0.19650664441890386,train
2021-10-01,-2.4801152883999995,-2.193935627550808,-0.28617966084919155,train
2021-10-04,-2.5533803994,-2.23602650059222,-0.31735389880778,train
2021-10-05,-2.593311128,-2.265727215062291,-0.3275839129377087,train
2021-10-06,-2.611039117,-2.226054607992712,-0.38498450900728765,train
2021-10-07,-2.6182970065999998,-2.3618744972963714,-0.2564225093036283,train
2021-10-08,-2.6653070966000003,-2.3564127632718175,-0.30889433332818284,train
2021-10-11,-2.5897552168,-2.453417193381582,-0.13633802341841816,train
2021-10-12,-2.5507049910000004,-2.4383424021938445,-0.1123625888061559,train
2021-10-13,-2.6369264018000003,-2.3916915367860367,-0.24523486501396352,train
2021-10-14,-2.6213196188000003,-2.4659272959100242,-0.15539232288997606,train
2021-10-15,-2.5896261764000004,-2.486103871874743,-0.10352230452525735,train
2021-10-18,-2.5983423084,-2.421874219752435,-0.1764680886475647,train
2021-10-19,-2.641301158,-2.3982820207342153,-0.24301913726578483,train
2021-10-20,-2.5605335952,-2.475953114419121,-0.08458048078087899,train
2021-10-21,-2.337851457,-2.463145522296053,0.1252940652960528,train
2021-10-22,-2.18160921,-2.4519107348500584,0.27030152485005843,train
2021-10-25,-2.1405213168,-2.4543597770584085,0.31383846025840834,train
2021-10-26,-2.1010807014,-2.493437795430296,0.39235709403029606,train
2021-10-27,-1.9963007414000002,-2.409703105749944,0.4134023643499436,train
2021-10-28,-2.16311171,-2.195966605096713,0.03285489509671313,train
2021-10-29,-2.2034380562,-2.155189234364002,-0.04824882183599799,train
2021-11-01,-2.1929792808,-2.2196101356035856,0.026630854803585624,train
2021-11-02,-2.118487009,-2.2280933693849674,0.10960636038496752,train
2021-11-03,-2.0606594108,-2.080587616193537,0.019928205393537013,train
2021-11-04,-2.0089092144,-2.2325797821015287,0.2236705677015287,train
2021-11-05,-2.0816689384,-2.1882230055739664,0.10655406717396643,train
2021-11-08,-1.9929422526,-2.218383967037029,0.22544171443702887,train
2021-11-09,-1.9099907386,-2.1561362785307194,0.24614553993071953,train
2021-11-10,-1.8926804042,-2.0306527671470676,0.1379723629470675,train
2021-11-11,-1.8753980544000002,-2.0864885539723796,0.21109049957237946,train
2021-11-12,-1.6572617332,-2.1476819574615775,0.4904202242615776,train
2021-11-15,-1.5613837837999998,-2.0236072391994373,0.46222345539943754,train
2021-11-16,-1.6420482682,-1.9520847347533143,0.3100364665533144,train
2021-11-17,-1.6630017817999998,-1.8944582460328403,0.2314564642328405,train
2021-11-18,-1.8118747668000001,-1.9666981705015827,0.15482340370158254,train
2021-11-19,-1.8128117476,-1.739362576069259,-0.07344917153074104,train
2021-11-22,-1.9407165448,-1.6921935474130665,-0.24852299738693362,train
2021-11-23,-1.7006028403999998,-1.8232592033898058,0.12265636298980609,train
2021-11-24,-1.6695106308,-1.7409436701902148,0.07143303939021473,train
2021-11-25,-1.5420168753999999,-1.9821875746917788,0.4401706992917789,train
2021-11-26,-1.5813177288,-1.7507325379224625,0.16941480912246254,train
2021-11-29,-1.6278321418000001,-1.914859391788689,0.2870272499886888,train
2021-11-30,-1.8398347676,-1.6435384662240653,-0.19629630137593468,train
2021-12-01,-1.9604061148000003,-1.6866623622311268,-0.2737437525688735,train
2021-12-02,-1.9719887524000002,-1.7352123465687648,-0.23677640583123538,train
2021-12-03,-1.9411015466000001,-1.6482354648431699,-0.29286608175683027,train
2021-12-06,-1.9142629606,-1.773595789741271,-0.14066717085872882,train
2021-12-07,-1.9922044304,-1.8250455081012724,-0.16715892229872753,train
2021-12-08,-1.8978726582,-1.8786071230262038,-0.019265535173796255,train
2021-12-09,-1.7592259163999997,-1.9164997866992333,0.15727387029923356,train
2021-12-10,-1.898013258,-1.771622324811102,-0.12639093318889794,train
2021-12-13,-1.8891924088,-1.8702853212125112,-0.018907087587488824,train
2021-12-14,-1.8768584011999998,-1.9384011711686735,0.061542769968673694,train
2021-12-15,-1.9607792626000002,-1.7783970669728322,-0.18238219562716806,train
2021-12-16,-2.0934873144,-1.7166454424863506,-0.37684187191364926,train
2021-12-17,-2.1912950454,-1.8511624609344555,-0.3401325844655445,train
2021-12-20,-2.2429680872000004,-1.8543799113418928,-0.38858817585810757,train
2021-12-21,-2.2570988458,-1.8967564176572256,-0.3603424281427743,train
2021-12-22,-2.2878894304,-1.8941928947257363,-0.39369653567426366,train
2021-12-23,-2.1968048846,-1.9868172674622842,-0.20998761713771597,train
2021-12-24,-2.0127106532,-2.084992684270478,0.0722820310704777,train
2021-12-27,-1.8970073853999998,-2.0744054233258162,0.17739803792581643,train
2021-12-28,-1.825983407,-2.1027007359193917,0.2767173289193916,train
2021-12-29,-1.7752515766,-2.0818452625932853,0.3065936859932852,train
2021-12-30,-1.7642113918,-2.004093849617554,0.23988245781755424,train
2021-12-31,-1.8554884868,-1.9047359158568629,0.04924742905686297,train
2022-01-03,-1.9128309384000002,-1.8714574511621211,-0.041373487237879036,train
2022-01-04,-1.9545458191999998,-1.8864642859087566,-0.06808153329124322,train
2022-01-05,-1.9745185996,-1.8377049800800203,-0.13681361951997983,train
2022-01-06,-2.0122141965999996,-1.8054631204563545,-0.20675107614364507,train
2022-01-07,-2.0044910228000004,-1.8937616111657982,-0.11072941163420214,train
2022-01-10,-2.068391194,-1.9141315927102975,-0.15425960128970262,train
2022-01-11,-1.9967206711999999,-1.971845553208856,-0.024875117991143947,train
2022-01-12,-2.0636222212,-1.9415691695557358,-0.12205305164426439,train
2022-01-13,-2.1139593716,-1.9396474311175713,-0.1743119404824287,train
2022-01-14,-2.1746354004,-1.9600956412451416,-0.21453975915485857,train
2022-01-17,-2.1078862238,-2.048775229298313,-0.05911099450168722,train
2022-01-18,-2.2025418986000003,-1.9468846412712077,-0.2556572573287925,train
2022-01-19,-2.1306119162,-2.039799112678659,-0.09081280352134069,train
2022-01-20,-2.0270579573999994,-2.0363267264429763,0.00926876904297691,train
2022-01-21,-1.8904355627999998,-2.09159260002317,0.20115703722317035,train
2022-01-24,-1.8480588277999999,-2.019825886915818,0.17176705911581824,train
2022-01-25,-1.7199476491999999,-2.1024059925286904,0.38245834332869055,train
2022-01-26,-1.7652461019999997,-2.009504507007512,0.2442584050075125,train
2022-01-27,-1.5872756012,-1.9091105230637637,0.3218349218637637,train
2022-01-28,-1.4830924448,-1.844137337455231,0.361044892655231,train
2022-01-31,-1.4730765004,-1.8527161873605578,0.37963968696055783,train
2022-02-01,-1.5175722422,-1.7838177532765338,0.2662455110765338,train
2022-02-02,-1.5202647070000002,-1.8750765207584248,0.35481181375842463,train
2022-02-03,-1.5099178655999999,-1.5778334164211865,0.06791555082118661,train
2022-02-04,-1.5008586430000002,-1.5746383245816638,0.07377968158166359,train
2022-02-07,-1.4048932602,-1.6633637314344416,0.25847047123444167,train
2022-02-08,-1.3342641122,-1.7032009664578245,0.3689368542578244,train
2022-02-09,-1.3124826246,-1.7427387500536935,0.4302561254536934,train
2022-02-10,-1.3738775426,-1.5042038362897072,0.13032629368970716,train
2022-02-11,-1.5655674124,-1.5404715781395664,-0.025095834260433714,train
2022-02-14,-1.6652190016,-1.5212982774567267,-0.14392072414327317,train
2022-02-15,-1.6287280912,-1.5249582849659042,-0.10376980623409571,train
2022-02-16,-1.622057062,-1.5819610911330628,-0.04009597086693728,train
2022-02-17,-1.4814281336,-1.4425747234858195,-0.03885341011418042,train
2022-02-18,-1.2660873486,-1.6657388728403153,0.39965152424031536,train
2022-02-21,-1.0212901882,-1.6692874042197972,0.6479972160197971,train
2022-02-22,-0.9457059861999999,-1.584570999670591,0.6388650134705911,train
2022-02-23,-0.643618018,-1.6735020210269718,1.0298840030269718,train
2022-02-24,-0.8451529386000001,-1.3358388762798161,0.49068593767981605,train
2022-02-25,-0.8104775378,-1.321478913483304,0.5110013756833041,train
2022-02-28,-0.718629723,-1.1462817321898862,0.4276520091898861,train
2022-03-01,-0.5657694856,-1.168373671941267,0.602604186341267,train
2022-03-02,-0.5791314564000001,-0.9521411992555131,0.373009742855513,train
2022-03-03,-0.352503458,-1.1397428203707765,0.7872393623707765,train
2022-03-04,-0.3812284554,-1.0306634837165978,0.6494350283165977,train
2022-03-07,-0.6089983308000001,-0.887187461703913,0.27818913090391295,train
2022-03-08,-0.7363265166,-0.8296537243925768,0.09332720779257675,train
2022-03-09,-0.6975038902,-0.8671097480782117,0.1696058578782117,train
2022-03-10,-0.9074702086,-0.6823765734358179,-0.22509363516418213,train
2022-03-11,-1.0339288978,-0.7819421875915253,-0.25198671020847474,train
2022-03-14,-1.1081860794,-0.9330691560965727,-0.17511692330342732,train
2022-03-15,-1.2344798047999999,-0.935065835243258,-0.2994139695567418,train
2022-03-16,-1.4808477742,-0.8376193076783958,-0.6432284665216041,train
2022-03-17,-1.5436658344,-1.0357258902037223,-0.5079399441962777,train
2022-03-18,-1.5513029805999998,-1.1294970511763247,-0.4218059294236751,train
2022-03-21,-1.4877747101999999,-1.1791527379942548,-0.30862197220574505,train
2022-03-22,-1.2511480144,-1.2124085997295408,-0.03873941467045916,train
2022-03-23,-1.178833815,-1.3324643781669483,0.15363056316694834,train
2022-03-24,-1.072147784,-1.3459269400112928,0.27377915601129277,train
2022-03-25,-1.0407050452,-1.351092938991992,0.31038789379199194,train
2022-03-28,-1.1778878572,-1.2974777371765034,0.11958987997650339,train
2022-03-29,-1.4959411584000002,-1.052041849646207,-0.44389930875379324,train
2022-03-30,-1.5431113348,-1.1640837572332725,-0.37902757756672756,train
2022-03-31,-1.6333378510000003,-1.0784793813099898,-0.5548584696900105,train
2022-04-01,-1.6833589906,-1.140050554193572,-0.543308436406428,train
2022-04-04,-1.6041113124,-1.2861309389736053,-0.3179803734263946,train
2022-04-05,-1.4970014562,-1.431727232929956,-0.06527422327004406,train
2022-04-06,-1.542547876,-1.414842842999417,-0.1277050330005829,train
2022-04-07,-1.3547706764,-1.4619915816560736,0.10722090525607353,train
2022-04-08,-1.5841505787999999,-1.532910797279707,-0.05123978152029296,train
2022-04-11,-1.6734480660000002,-1.5064452969178468,-0.1670027690821534,train
2022-04-12,-1.7105864772000001,-1.440263148836872,-0.2703233283631281,train
2022-04-13,-1.6399766778,-1.5164053441048881,-0.12357133369511186,train
2022-04-14,-1.7819031998,-1.256910238445462,-0.5249929613545379,train
2022-04-15,-1.4934862444,-1.7179971715376323,0.2245109271376322,train
2022-04-18,-1.2779347326,-1.6561746884304342,0.37823995583043435,train
2022-04-19,-1.2468117266,-1.6084001880102707,0.3615884614102707,train
2022-04-20,-1.1498494338,-1.5482177182253505,0.39836828442535044,train
2022-04-21,-0.9835484396,-1.5805012495920514,0.5969528099920514,train
2022-04-22,-0.8780122596,-1.4773202865154114,0.5993080269154114,train
2022-04-25,-0.9080032484,-1.315406077640779,0.407402829240779,train
2022-04-26,-0.8496278194,-1.3651912052268014,0.5155633858268014,train
2022-04-27,-0.7317872144,-1.2449312861936679,0.5131440717936678,train
2022-04-28,-0.8003508918,-1.101747088064572,0.30139619626457215,train
2022-04-29,-0.6833524498,-1.1171109921552929,0.4337585423552929,train
2022-05-02,-0.6475897332,-1.1658392300133686,0.5182494968133686,train
2022-05-03,-0.6658628104,-1.1398073416465984,0.4739445312465984,train
2022-05-04,-0.8119346488,-0.9497332826424607,0.13779863384246072,train
2022-05-05,-0.775486793,-1.0195309401509844,0.24404414715098444,train
2022-05-06,-0.9622305404,-0.8872366154826626,-0.07499392491733736,train
2022-05-09,-1.0359121806,-0.9555171794575575,-0.08039500114244247,train
2022-05-10,-0.9626959182,-0.9979252965601952,0.03522937836019524,train
2022-05-11,-1.0068136565999999,-1.0275499789244438,0.02073632232444389,train
2022-05-12,-1.0833972800000002,-0.9293277095261766,-0.15406957047382364,train
2022-05-13,-1.1135351638,-1.0945741482862077,-0.018961015513792256,train
2022-05-16,-1.03836668,-1.1497550616591181,0.11138838165911813,train
2022-05-17,-1.0162376274,-1.0270818095240282,0.010844182124028157,train
2022-05-18,-1.0114073542,-1.0921825093879058,0.0807751551879059,train
2022-05-19,-1.1046366466,-1.0681318078920252,-0.03650483870797472,train
2022-05-20,-1.076080332,-1.1411987656503437,0.06511843365034364,train
2022-05-23,-1.2256757182,-1.042375480710787,-0.18330023748921298,train
2022-05-24,-1.2539945904,-0.9987739571958313,-0.25522063320416877,train
2022-05-25,-1.2437581704,-1.0708315069004608,-0.17292666349953922,train
2022-05-26,-1.2816668044,-1.132153909401717,-0.1495128949982829,train
2022-05-27,-1.3733955484,-1.099568959307032,-0.2738265890929681,train
2022-05-30,-1.374564529,-1.2458592173474758,-0.12870531165252408,train
2022-05-31,-1.5093704233999998,-1.1485849911846873,-0.36078543221531256,train
2022-06-01,-1.5862450074,-1.188210561384139,-0.39803444601586113,train
2022-06-02,-1.3290792023999998,-1.2668977528202903,-0.0621814495797095,train
2022-06-03,-1.1435122986,-1.3393212220368607,0.19580892343686074,train
2022-06-06,-0.9708956814,-1.3533471415965301,0.3824514601965301,train
2022-06-07,-0.8561320802000001,-1.4144545603305152,0.5583224801305151,train
2022-06-08,-0.5282974046000001,-1.4590607266248448,0.9307633220248447,train
2022-06-09,-0.517663379,-1.1559399722341461,0.6382765932341461,train
2022-06-10,-0.5077429402,-1.13519657124403,0.62745363104403,train
2022-06-13,-0.6451324212,-1.0737443542916394,0.42861193309163936,train
2022-06-14,-0.7110829264,-1.0461424547962006,0.33505952839620057,train
2022-06-15,-0.9467006496,-0.7376377738464523,-0.20906287575354765,train
2022-06-16,-1.0200087724,-0.7677905644867661,-0.2522182079132339,train
2022-06-17,-1.0975730376,-0.8187130936306901,-0.2788599439693098,train
2022-06-20,-1.0967975226,-0.9981177229300775,-0.09867979966992246,train
2022-06-21,-1.0979122432000001,-1.0003324241371698,-0.09757981906283031,train
2022-06-22,-1.1170689729999999,-1.0756031822211254,-0.04146579077887447,train
2022-06-23,-1.184905025,-1.034699484197608,-0.1502055408023919,train
2022-06-24,-1.1799690381999999,-1.132229925822151,-0.04773911237784878,train
2022-06-27,-1.2239005351999999,-1.1903673148760416,-0.033533220323958224,train
2022-06-28,-1.1081451908,-1.1683693882652817,0.06022419746528174,train
2022-06-29,-1.0099388006,-1.1538990910802465,0.1439602904802464,train
2022-06-30,-1.0028777318,-1.1478355899415147,0.14495785814151474,train
2022-07-01,-0.8808918724,-1.1592691981288337,0.27837732572883367,train
2022-07-04,-0.744580698,-1.2713598114049907,0.5267791134049906,train
2022-07-05,-0.7722293370000001,-1.0715301162123199,0.2993007792123198,train
2022-07-06,-0.6150744496,-1.0117227092965997,0.39664825969659967,train
2022-07-07,-0.5044220004000001,-1.027078046539692,0.522656046139692,train
2022-07-08,-0.571754457,-0.8927223901393543,0.32096793313935423,train
2022-07-11,-0.576563332,-0.9266021018593872,0.3500387698593872,train
2022-07-12,-0.5012065152,-0.9193976758946247,0.4181911606946247,train
2022-07-13,-0.641905621,-0.7055604796631049,0.06365485866310483,train
2022-07-14,-0.5797961624,-0.70956905042603,0.12977288802603004,train
2022-07-15,-0.5102333362,-0.8109586245953502,0.3007252883953502,train
2022-07-18,-0.48729161120000003,-0.8624491454464044,0.37515753424640436,train
2022-07-19,-0.5636120896,-0.7498824798679304,0.18627039026793046,train
2022-07-20,-0.5013565160000001,-0.8157411918345442,0.3143846758345441,train
2022-07-21,-0.5779157850000001,-0.6883547206714736,0.11043893567147356,train
2022-07-22,-0.59414477,-0.7030811018744823,0.10893633187448226,train
2022-07-25,-0.610105259,-0.7682782069007305,0.15817294790073044,train
2022-07-26,-0.5788736945999999,-0.7903566472952609,0.21148295269526096,train
2022-07-27,-0.6942599186,-0.6672835987204986,-0.026976319879501443,train
2022-07-28,-0.8340472597999999,-0.7025164691778978,-0.13153079062210216,train
2022-07-29,-0.8728370742000001,-0.7113339674136927,-0.16150310678630742,train
2022-08-01,-0.9563251174000001,-0.7891209051640017,-0.16720421223599846,train
2022-08-02,-1.1558045719999999,-0.7300017951894072,-0.42580277681059264,train
2022-08-03,-1.0408788896,-0.7914229549542481,-0.249455934645752,train
2022-08-04,-1.0668812312,-0.8899851925791908,-0.17689603862080916,train
2022-08-05,-1.1958593724,-0.8476842751742117,-0.3481750972257882,train
2022-08-08,-1.2126412428,-0.9925812517867146,-0.22005999101328533,train
2022-08-09,-1.1272337764,-1.137829523793653,0.010595747393653099,train
2022-08-10,-1.296979819,-0.8811634767789874,-0.4158163422210125,train
2022-08-11,-1.304432885,-1.0299805821727404,-0.27445230282725963,train
2022-08-12,-1.3421123318,-1.1200891783818043,-0.22202315341819556,train
2022-08-15,-1.2985901726000002,-1.1670587769408216,-0.1315313956591786,train
2022-08-16,-1.1701045362000002,-1.1070605044071595,-0.06304403179284068,train
2022-08-17,-1.1141804770000001,-1.164018957362636,0.04983848036263594,train
2022-08-18,-1.0256178816000001,-1.196965649973597,0.1713477683735969,train
2022-08-19,-0.758598055,-1.2615385258168366,0.5029404708168366,train
2022-08-22,-0.6648496958,-1.2269803967052118,0.5621307009052118,train
2022-08-23,-0.6666239052,-1.0843910430845052,0.41776713788450515,train
2022-08-24,-0.6297553727999999,-1.093285860787001,0.46353048798700114,train
2022-08-25,-0.6080898984,-1.0498491866053348,0.4417592882053347,train
2022-08-26,-0.7104449958,-0.8431757321823546,0.13273073638235466,train
2022-08-29,-0.7457570440000001,-0.8962214403348915,0.1504643963348914,train
2022-08-30,-0.7796955724,-0.8754902840402669,0.09579471164026687,train
2022-08-31,-0.7980541210000001,-0.8614230235903545,0.06336890259035444,train
2022-09-01,-0.7203905542,-0.8580336176639077,0.13764306346390776,train
2022-09-02,-0.7058034438,-0.8957407928809352,0.18993734908093518,train
2022-09-05,-0.6097429261999999,-0.9490928774363095,0.3393499512363096,train
2022-09-06,-0.4071441572,-0.9408044939247248,0.5336603367247248,train
2022-09-07,-0.4363923582,-0.9345594841826254,0.49816712598262536,train
2022-09-08,-0.6400865766,-0.8189606534746026,0.17887407687460255,train
2022-09-09,-0.672147883,-0.8584515225026552,0.18630363950265527,train
2022-09-12,-0.8402115466,-0.7891439354113392,-0.051067611188660766,train
2022-09-13,-1.0980436798,-0.5798849538299553,-0.5181587259700446,train
2022-09-14,-0.9150406773999998,-0.7422598598421202,-0.17278081755787966,train
2022-09-15,-0.7417774323999999,-0.8913968733682138,0.1496194409682139,train
2022-09-16,-0.6518103938,-0.8198836411608537,0.1680732473608536,train
2022-09-19,-0.21298035259999998,-0.9712972913159448,0.7583169387159447,train
2022-09-20,-0.056242716000000005,-1.0387490085997235,0.9825062925997236,train
2022-09-21,-0.017240956800000002,-0.7898449833798866,0.7726040265798866,train
2022-09-22,0.0926545246,-0.781089065475353,0.873743590075353,train
2022-09-23,0.12740440680000004,-0.7133554064942156,0.8407598132942156,train
2022-09-26,-0.091133826,-0.3334397304478014,0.2423059044478014,train
2022-09-27,-0.1443383238,-0.42999229582152904,0.28565397202152903,train
2022-09-28,-0.2983099714,-0.32962178147323057,0.031311810073230584,train
2022-09-29,-0.446252812,-0.2898004925539696,-0.15645231944603039,train
2022-09-30,-0.5137555706,-0.29870591157775167,-0.21504965902224832,train
2022-10-03,-0.5883941712,-0.3962991632824636,-0.19209500791753642,train
2022-10-04,-0.5989589122,-0.4628087198283426,-0.13615019237165737,train
2022-10-05,-0.5719321082000001,-0.5247845656239588,-0.04714754257604126,train
2022-10-06,-0.32953065820000005,-0.599638917585912,0.270108259385912,train
2022-10-07,-0.2894008028,-0.5994348195551138,0.3100340167551138,train
2022-10-10,-0.2825952806,-0.6518186380966243,0.3692233574966243,train
2022-10-11,-0.2858132418,-0.6568976640658364,0.3710844222658364,train
2022-10-12,-0.3650158456,-0.6201058119123625,0.25508996631236247,train
2022-10-13,-0.588807053,-0.37341585687126,-0.21539119612874003,train
2022-10-14,-0.5051348494,-0.46417262769491086,-0.04096222170508912,train
2022-10-17,-0.40663416220000004,-0.48938483069843186,0.08275066849843182,train
2022-10-18,-0.4340142768,-0.4962105785579945,0.06219630175799451,train
2022-10-19,-0.40761368099999995,-0.5516885363919891,0.14407485539198917,train
2022-10-20,-0.37897219700000007,-0.6037240906082391,0.224751893608239,train
2022-10-21,-0.5566258918000001,-0.4670663131150055,-0.08955957868499459,train
2022-10-24,-0.7461761432,-0.4481803942035102,-0.29799574899648984,train
2022-10-25,-0.7733602994,-0.5626366474135588,-0.21072365198644116,train
2022-10-26,-0.6125227926000001,-0.5659106590640341,-0.04661213353596594,train
2022-10-27,-0.6969200398,-0.5178656445852708,-0.1790543952147291,train
2022-10-28,-0.6017965112000001,-0.6543471987504713,0.05255068755047121,train
2022-10-31,-0.5034447311999999,-0.7895375400544354,0.28609280885443555,train
2022-11-01,-0.5024005018,-0.7943696106731271,0.2919691088731271,train
2022-11-02,-0.640069137,-0.5795187741043355,-0.06055036289566451,train
2022-11-03,-0.28906993760000005,-0.7546423525899267,0.4655724149899267,train
2022-11-04,-0.3368936392,-0.6294837154993616,0.29259007629936157,train
2022-11-07,-0.33110393039999997,-0.6207294944573071,0.2896255640573071,train
2022-11-08,-0.04957010719999999,-0.676774936994444,0.627204829794444,train
2022-11-09,-0.010361574399999985,-0.6919783609990673,0.6816167865990673,train
2022-11-10,-0.32570659319999995,-0.3100496903127883,-0.015656902887211666,train
2022-11-11,-0.4170402616000001,-0.53212533068284,0.11508506908283989,train
2022-11-14,-0.527098504,-0.542988116973304,0.015889612973303935,train
2022-11-15,-0.8833213748000001,-0.26700569554989206,-0.616315679250108,train
2022-11-16,-0.9522806694,-0.37445072513725614,-0.5778299442627439,train
2022-11-17,-1.0676095092,-0.550455776840914,-0.517153732359086,train
2022-11-18,-1.1258776832000001,-0.6345509591798542,-0.491326724020146,train
2022-11-21,-1.0518455065999999,-0.6996796769018029,-0.352165829698197,train
2022-11-22,-0.9145966278,-0.9027262542677253,-0.011870373532274603,train
2022-11-23,-0.8303183786,-0.8670075731692202,0.03668919456922015,train
2022-11-24,-0.638332721,-0.9965544072447258,0.3582216862447257,train
2022-11-25,-0.3726084474,-1.0326982280927561,0.6600897806927561,train
2022-11-28,-0.357458226,-0.9225873480848157,0.5651291220848157,train
2022-11-29,-0.4459984788,-0.8463649293992441,0.40036645059924414,train
2022-11-30,-0.5568928196,-0.7618172710154323,0.20492445141543225,train
2022-12-01,-0.7619264324,-0.6676698409413364,-0.09425659145866361,train
2022-12-02,-1.0010593092,-0.5054062226840874,-0.49565308651591256,train
2022-12-05,-1.1449864086,-0.5892589922224019,-0.555727416377598,train
2022-12-06,-0.9890749222000002,-0.6963472606904031,-0.29272766150959706,train
2022-12-07,-0.9123013262,-0.7267213528393783,-0.1855799733606217,train
2022-12-08,-0.712110526,-0.8841562388750214,0.17204571287502135,train
2022-12-09,-0.6949485411999999,-0.969608795217108,0.27466025401710803,train
2022-12-12,-0.6661105208,-1.0916184926171635,0.4255079718171635,train
2022-12-13,-0.7487131831999999,-0.8679817661990666,0.11926858299906673,train
2022-12-14,-0.9244723304000001,-0.8683467008707171,-0.056125629529283017,train
2022-12-15,-1.0964112082,-0.7715821385311269,-0.32482906966887304,train
2022-12-16,-1.1795284332000002,-0.8776483617451761,-0.3018800714548241,train
2022-12-19,-1.4489584718000001,-0.8917527427570514,-0.5572057290429487,train
2022-12-20,-1.6361341048,-0.847944206618756,-0.788189898181244,train
2022-12-21,-1.7115449132000002,-1.0268460166695017,-0.6846988965304985,train
2022-12-22,-1.7948969866000002,-1.072948722414233,-0.7219482641857673,train
2022-12-23,-1.7057281404000002,-1.1605518929580294,-0.5451762474419708,train
2022-12-26,-1.4891289232,-1.444886049437743,-0.04424287376225711,train
2022-12-27,-1.3039544308,-1.3976475155823325,0.09369308478233251,train
2022-12-28,-1.1295376712,-1.4661664161971493,0.33662874499714923,train
2022-12-29,-1.000088832,-1.496413197898954,0.496324365898954,train
2022-12-30,-0.8806622764,-1.3885764246472787,0.5079141482472787,train
2023-01-02,-0.8415572666,-1.3733729370422278,0.5318156704422279,train
2023-01-03,-0.9923266474,-1.1948296066719215,0.20250295927192152,train
2023-01-04,-1.1014623002000001,-1.1520447910363119,0.05058249083631172,train
2023-01-05,-0.9793752592,-1.106506956249157,0.12713169704915694,train
2023-01-06,-1.1335430992000002,-0.9755474746312904,-0.15799562456870975,train
2023-01-09,-1.237413407,-1.0745693516239456,-0.1628440553760544,train
2023-01-10,-1.1271109106000001,-1.166768296537829,0.03965738593782886,train
2023-01-11,-0.9893747985999999,-1.2135110466128278,0.22413624801282794,train
2023-01-12,-1.1875364188,-1.0110665988516006,-0.1764698199483994,train
2023-01-13,-1.2559249339999998,-1.2087599346407731,-0.04716499935922669,train
2023-01-16,-1.1625316822,-1.3563563326751915,0.19382465047519148,train
2023-01-17,-1.2766467488,-1.1792174761126182,-0.09742927268738177,train
2023-01-18,-1.3838282454,-1.0928321204734843,-0.2909961249265156,train
2023-01-19,-1.411429028,-1.2723299209524224,-0.13909910704757755,train
2023-01-20,-1.4042765683999998,-1.334020072789477,-0.07025649561052272,train
2023-01-23,-1.470753201,-1.2635672856629678,-0.20718591533703212,train
2023-01-24,-1.4676484057999999,-1.3307416506935128,-0.1369067551064871,train
2023-01-25,-1.4070579078,-1.3322154657292202,-0.07484244207077984,train
2023-01-26,-1.2141889854,-1.3708021688191652,0.15661318341916508,train
2023-01-27,-0.9538635659999999,-1.3695411481831794,0.4156775821831795,train
2023-01-30,-0.9227927514,-1.4180485576163702,0.4952558062163701,train
2023-01-31,-0.7923414718,-1.392540969871141,0.600199498071141,train
2023-02-01,-0.8803853462,-1.2934220788371302,0.41303673263713025,train
2023-02-02,-1.0816976245999999,-1.1440263486713338,0.06232872407133394,train
2023-02-03,-1.3284014544,-0.9805151593461346,-0.34788629505386537,train
2023-02-06,-1.365973886,-1.155813579188924,-0.210160306811076,train
2023-02-07,-1.3165899658,-1.0050779893837511,-0.31151197641624884,train
2023-02-08,-1.2973780378,-1.1327379091464207,-0.16464012865357924,train
2023-02-09,-1.2980274906,-1.2355349162689098,-0.062492574331090234,train
2023-02-10,-1.274118497,-1.3313087371097836,0.057190240109783685,train
2023-02-13,-1.4362321746,-1.400877408583385,-0.035354766016614914,train
2023-02-14,-1.570186758,-1.2084922943057423,-0.3616944636942576,train
2023-02-15,-1.6379641334,-1.3022466406768656,-0.33571749272313434,train
2023-02-16,-1.6924213008,-1.3413884183619533,-0.35103288243804665,train
2023-02-17,-1.7104487312,-1.3125384709405483,-0.39791026025945175,train
2023-02-20,-1.5638751454,-1.5635390856356588,-0.0003360597643411456,train
2023-02-21,-1.6059877908,-1.4347508228024213,-0.1712369679975787,train
2023-02-22,-1.5197892864,-1.5312630445670692,0.011473758167069192,train
2023-02-23,-1.4796137508,-1.5796173222955197,0.10000357149551964,train
2023-02-24,-1.5672310742,-1.5364427909868918,-0.030788283213108114,train
2023-02-27,-1.5703724842,-1.5265191742494544,-0.043853309950545594,train
2023-02-28,-1.442142043,-1.494767748886052,0.05262570588605198,train
2023-03-01,-1.4724042560000001,-1.4237201153700298,-0.048684140629970285,train
2023-03-02,-1.4926082072,-1.4611480465523385,-0.03146016064766144,train
2023-03-03,-1.2697556702,-1.5487050849448076,0.2789494147448077,train
2023-03-06,-0.9877939302,-1.558132534484207,0.570338604284207,train
2023-03-07,-1.0587166834000001,-1.370946329176227,0.3122296457762268,train
2023-03-08,-0.8682676711999999,-1.4657915718222045,0.5975239006222046,train
2023-03-09,-0.6090648681999999,-1.5332590442546143,0.9241941760546144,train
2023-03-10,-0.7485866186,-1.2937426517749568,0.5451560331749569,train
2023-03-13,-0.8984250624000001,-1.103417781036498,0.20499271863649793,train
2023-03-14,-1.0424952774,-1.236495175248009,0.19399989784800886,train
2023-03-15,-1.0322821716,-1.036013055474576,0.0037308838745759854,train
2023-03-16,-1.1822406952,-0.9198245760331653,-0.2624161191668347,train
2023-03-17,-1.0629140348,-1.1276909739037586,0.0647769391037587,train
2023-03-20,-1.1470194592,-1.1406470385096439,-0.006372420690356151,train
2023-03-21,-1.1353201448,-1.3135420421252182,0.1782218973252181,train
2023-03-22,-1.422483639,-1.068861694829234,-0.353621944170766,train
2023-03-23,-1.522090811,-1.2416786381047733,-0.2804121728952267,train
2023-03-24,-1.6504908058,-1.1353831292419896,-0.5151076765580105,train
2023-03-27,-1.5970584213999999,-1.2654570533048608,-0.33160136809513907,train
2023-03-28,-1.5278491552,-1.302071147515319,-0.22577800768468093,train
2023-03-29,-1.5044344436,-1.427280770961424,-0.07715367263857598,train
2023-03-30,-1.6096953379999999,-1.4509548445209992,-0.15874049347900065,train
2023-03-31,-1.7202607496,-1.4870096827734396,-0.23325106682656038,train
2023-04-03,-1.8601674524,-1.4293483821146842,-0.43081907028531585,train
2023-04-04,-1.9776572782000001,-1.418523994699591,-0.5591332835004093,train
2023-04-05,-1.7874501038,-1.4409752978633985,-0.3464748059366014,train
2023-04-06,-1.6485155158000002,-1.575001759972194,-0.07351375582780628,train
2023-04-07,-1.5158624474000002,-1.6131528211900676,0.09729037379006744,train
2023-04-10,-1.4549118938,-1.6678485477455223,0.2129366539455222,train
2023-04-11,-1.4634310756,-1.7466354500351517,0.2832043744351518,train
2023-04-12,-1.6738758364,-1.488172024859107,-0.18570381154089288,train
2023-04-13,-1.7058160642,-1.538013250842927,-0.16780281335707303,train
2023-04-14,-1.7007396708000002,-1.480766916921135,-0.21997275387886517,train
2023-04-17,-1.7652138316,-1.5147020042935806,-0.2505118273064193,train
2023-04-18,-1.7007534392,-1.5858897595526973,-0.11486367964730282,train
2023-04-19,-1.5577325706,-1.6454819596237773,0.08774938902377727,train
2023-04-20,-1.4946881766,-1.634584943015792,0.13989676641579196,train
2023-04-21,-1.4352063940000002,-1.606315979967913,0.17110958596791281,train
2023-04-24,-1.4471949078,-1.736467554504559,0.289272646704559,train
2023-04-25,-1.3711557966,-1.6898482328468185,0.3186924362468184,train
2023-04-26,-1.4132041524,-1.5258868014074045,0.11268264900740443,train
2023-04-27,-1.3237111016,-1.5267206184052375,0.2030095168052375,train
2023-04-28,-1.4078951784,-1.4517533499269129,0.04385817152691285,train
2023-05-01,-1.4425786574,-1.6031392872044288,0.16056062980442887,train
2023-05-02,-1.6194888492000001,-1.4743843356121196,-0.14510451358788057,train
2023-05-03,-1.626781274,-1.4798315684600956,-0.1469497055399045,train
2023-05-04,-1.7774495240000001,-1.3753305063485635,-0.40211901765143665,train
2023-05-05,-1.9184265996,-1.4920392392537287,-0.42638736034627134,train
2023-05-08,-1.9689318484,-1.613059920760889,-0.3558719276391109,train
2023-05-09,-1.9042822332,-1.6975725850134373,-0.20670964818656268,train
2023-05-10,-2.0506109598,-1.5589583274345662,-0.491652632365434,train
2023-05-11,-2.1184171624,-1.6605787088321533,-0.4578384535678468,train
2023-05-12,-2.005242496,-1.819543018781304,-0.18569947721869617,train
2023-05-15,-1.8877831684,-1.8978810605592595,0.010097892159259603,train
2023-05-16,-1.8951847231999999,-1.803080129825303,-0.0921045933746969,train
2023-05-17,-1.8436044379999998,-1.8878390034264858,0.04423456542648596,train
2023-05-18,-1.834927288,-1.9031993091108235,0.06827202111082342,train
2023-05-19,-1.8516832986,-1.801901019180635,-0.04978227941936497,train
2023-05-22,-2.0115533232000002,-1.7941453359840798,-0.21740798721592047,train
2023-05-23,-1.9523683424000002,-1.8189231195171391,-0.1334452228828611,train
2023-05-24,-1.8869675088000002,-1.7687989635999277,-0.11816854520007247,train
2023-05-25,-1.8835706938,-1.7857501230063348,-0.09782057079366524,train
2023-05-26,-1.9054203768,-1.7699077493296786,-0.13551262747032133,train
2023-05-29,-1.7104036904000002,-1.9981845891004542,0.287780898700454,train
2023-05-30,-1.7865298284000002,-1.8404445620375247,0.053914733637524526,train
2023-05-31,-1.9113496738000002,-1.7742479867720178,-0.13710168702798242,train
2023-06-01,-1.9788544668,-1.842488306464808,-0.136366160335192,train
2023-06-02,-2.1124076868,-1.8450694119259643,-0.26733827487403583,train
2023-06-05,-2.1733392559999998,-1.7610219675384626,-0.41231728846153715,train
2023-06-06,-2.0908814322,-1.851270262186389,-0.23961117001361076,train
2023-06-07,-1.9209891655999995,-1.907493514786617,-0.013495650813382554,train
2023-06-08,-1.7326447316,-1.957611317560642,0.224966585960642,train
2023-06-09,-1.6038109792,-2.0638983100809116,0.4600873308809117,train
2023-06-12,-1.6704655609999999,-2.0316633613106085,0.36119780031060866,train
2023-06-13,-1.7282870033999997,-1.9364875433471223,0.2082005399471225,train
2023-06-14,-1.9277647772000002,-1.7885756474775285,-0.13918912972247166,train
2023-06-15,-2.0708148478,-1.7069310711773948,-0.36388377662260507,train
2023-06-16,-1.987139733,-1.7221556590852671,-0.2649840739147329,train
2023-06-19,-1.983609204,-1.8297446935014632,-0.15386451049853678,train
2023-06-20,-1.971369981,-1.8011993993883317,-0.17017058161166831,train
2023-06-21,-1.901107643,-1.9347299844370487,0.033622341437048675,train
2023-06-22,-1.795581301,-1.965433440867193,0.16985213986719305,train
2023-06-23,-1.8824221002000001,-1.8381695650585042,-0.04425253514149596,train
2023-06-26,-1.8169638989999999,-1.972447995166783,0.15548409616678316,train
2023-06-27,-1.9874116860000002,-1.905615327821044,-0.08179635817895625,train
2023-06-28,-2.0088424254,-1.8656558221903516,-0.1431866032096485,train
2023-06-29,-1.9133961098,-1.7616710478872846,-0.1517250619127155,train
2023-06-30,-1.8119408354000002,-1.854057923009448,0.04211708760944788,train
2023-07-03,-1.8553771827999999,-1.8500925452983474,-0.005284637501652423,train
2023-07-04,-1.7826207161999998,-2.038464176236989,0.255843460036989,train
2023-07-05,-1.6441228792,-1.9491583501780687,0.3050354709780687,train
2023-07-06,-1.7925596792,-1.7544819546662196,-0.038077724533780444,train
2023-07-07,-1.8913355348,-1.7451117047875275,-0.14622383001247252,train
2023-07-10,-1.8627941190000001,-1.8878527741714706,0.025058655171470434,train
2023-07-11,-1.6787484624000002,-1.8749736142470486,0.19622515184704836,train
2023-07-12,-1.7444308518,-1.6560612967039388,-0.08836955509606126,train
2023-07-13,-1.7558505456,-1.7848228941035102,0.02897234850351027,train
2023-07-14,-1.8169790912,-1.8463435024605013,0.029364411260501377,train
2023-07-17,-1.6246305564,-1.8806870296224596,0.2560564732224595,train
2023-07-18,-1.7314508746000001,-1.7066880407822234,-0.024762833817776775,train
2023-07-19,-1.7031536696,-1.7507220004907493,0.0475683308907493,train
2023-07-20,-1.526189203,-1.7791959374903747,0.2530067344903748,train
2023-07-21,-1.3238081332,-1.8492103510997941,0.5254022178997941,train
2023-07-24,-1.4818787621999998,-1.6101154898305292,0.1282367276305294,train
2023-07-25,-1.4483168488,-1.7852532708765472,0.33693642207654717,train
2023-07-26,-1.45413358,-1.692189263187095,0.23805568318709502,train
2023-07-27,-1.5498024237999999,-1.523157112496239,-0.0266453113037608,train
2023-07-28,-1.6073593732,-1.4526025884258735,-0.15475678477412647,train
2023-07-31,-1.6691335188,-1.6366978551705411,-0.03243566362945893,train
2023-08-01,-1.7287650125999998,-1.607982960731305,-0.12078205186869484,train
2023-08-02,-1.8343253556,-1.562541766444085,-0.27178358915591505,train
2023-08-03,-1.8620869182,-1.5678290277127302,-0.2942578904872697,train
2023-08-04,-1.9182700497999998,-1.5844686344158045,-0.3338014153841953,train
2023-08-07,-1.8495969162,-1.7420511360185833,-0.1075457801814168,train
2023-08-08,-1.7390514145999998,-1.7637707359530077,0.024719321353007917,train
2023-08-09,-1.7309619120000002,-1.7979736308508636,0.06701171885086343,train
2023-08-10,-1.8334007514,-1.7269943946985113,-0.10640635670148857,train
2023-08-11,-1.9179164913999998,-1.7775819818425185,-0.14033450955748128,train
2023-08-14,-2.0113338322,-1.7752916414483082,-0.23604219075169186,train
2023-08-15,-2.1121012134,-1.6790612636511326,-0.4330399497488673,train
2023-08-16,-1.9255787448,-1.7381765801709557,-0.18740216462904424,train
2023-08-17,-1.9424820677999999,-1.7983027095758055,-0.14417935822419436,train
2023-08-18,-1.7440103018000002,-1.8498257882738804,0.10581548647388028,train
2023-08-21,-1.7688014922000002,-1.9293227293822997,0.1605212371822995,train
2023-08-22,-1.5813083512000001,-1.931697186615312,0.35038883541531196,train
2023-08-23,-1.7011065918,-1.7128407469530305,0.011734155153030557,train
2023-08-24,-1.6035172934,-1.8726650604481774,0.26914776704817744,train
2023-08-25,-1.5867619936,-1.6388639033917978,0.05210190979179785,train
2023-08-28,-1.6440781358000003,-1.8610483065558523,0.216970170755852,train
2023-08-29,-1.8051288038,-1.5918465035338836,-0.2132823002661164,train
2023-08-30,-1.8083660819999998,-1.7173562003275142,-0.09100988167248558,train
2023-08-31,-1.9042179212,-1.6705163142207824,-0.2337016069792177,train
2023-09-01,-2.1566363624,-1.5696694099097461,-0.5869669524902539,train
2023-09-04,-2.032557497,-1.8549969040549021,-0.17756059294509785,train
2023-09-05,-2.052962924,-1.8157020561768884,-0.23726086782311162,train
2023-09-06,-2.0599572505999997,-1.7759625853396246,-0.2839946652603751,train
2023-09-07,-1.8557660068000001,-1.8797748925021613,0.024008885702161198,train
2023-09-08,-1.7732547936,-2.0152432536915668,0.24198846009156671,train
2023-09-11,-1.8492743234,-1.9468189635578192,0.09754464015781927,train
2023-09-12,-1.9229698312,-1.9462282549139365,0.023258423713936383,train
2023-09-13,-1.8201450341999998,-1.904322900269935,0.08417786606993505,train
2023-09-14,-1.9292590338,-1.724174591002819,-0.20508444279718097,train
2023-09-15,-1.7906321242,-1.796240565215484,0.005608441015483967,train
2023-09-18,-1.7349189744,-1.9229865167989237,0.18806754239892376,train
2023-09-19,-1.6817953466,-1.9427690961845032,0.26097374958450326,train
2023-09-20,-1.7836225534,-1.7150544763776892,-0.06856807702231094,train
2023-09-21,-1.7119972147999998,-1.8186990258759248,0.10670181107592502,train
2023-09-22,-1.8064662024,-1.696117208496765,-0.11034899390323494,train
2023-09-25,-1.7000968996,-1.8193357523339844,0.11923885273398427,train
2023-09-26,-1.5270154078,-1.7975053622851915,0.27048995448519153,train
2023-09-27,-1.4896538444,-1.7721260358852655,0.2824721914852655,train
2023-09-28,-1.5805018604,-1.6850822581445037,0.10458039774450367,train
2023-09-29,-1.3710999696,-1.7771984845345117,0.40609851493451177,train
2023-10-02,-1.3966845874,-1.736850669611075,0.340166082211075,train
2023-10-03,-1.4946644582,-1.6050663533592524,0.11040189515925247,train
2023-10-04,-1.5135776395999998,-1.6084495723041603,0.0948719327041605,train
2023-10-05,-1.4413849632,-1.675873639628427,0.23448867642842708,train
2023-10-06,-1.6865969178,-1.4108697670672548,-0.27572715073274523,train
2023-10-09,-1.7075230284,-1.586999405350955,-0.12052362304904496,train
2023-10-10,-1.6505734994,-1.6106324053665941,-0.039941094033405955,train
2023-10-11,-1.6875604494,-1.5932009130749578,-0.09435953632504224,train
2023-10-12,-1.6257729996,-1.5198357242479588,-0.10593727535204134,train
2023-10-13,-1.5973094826,-1.6904670603833094,0.09315757778330935,train
2023-10-16,-1.5756530328,-1.7237193114480887,0.14806627864808863,train
2023-10-17,-1.5989751964,-1.6281706271335943,0.029195430733594208,train
2023-10-18,-1.6725492644,-1.6816124381541508,0.009063173754150888,train
2023-10-19,-1.8137161112000002,-1.5331214172155476,-0.2805946939844526,train
2023-10-20,-1.7682664652,-1.6155684963241255,-0.1526979688758745,train
2023-10-23,-1.7829897764000002,-1.6256011332130278,-0.15738864318697243,train
2023-10-24,-1.7223176456,-1.6081527811336123,-0.11416486446638774,train
2023-10-25,-1.6019745196,-1.7222580253792337,0.12028350577923375,train
2023-10-26,-1.6065231841999998,-1.722712731210013,0.11618954701001316,train
2023-10-27,-1.557146564,-1.6556576978680342,0.09851113386803423,train
2023-10-30,-1.621429368,-1.7300316809438685,0.10860231294386846,train
2023-10-31,-1.7848452815999998,-1.612010091809054,-0.1728351897909457,train
2023-11-01,-1.8955989810000002,-1.600086740601894,-0.2955122403981063,train
2023-11-02,-1.8391819824000002,-1.6431440647386277,-0.19603791766137246,train
2023-11-03,-1.9762967694,-1.5355914894926193,-0.44070527990738073,train
2023-11-06,-1.9854731667999999,-1.7091196828806638,-0.276353483919336,train
2023-11-07,-1.6885023558,-1.784614038678881,0.09611168287888083,train
2023-11-08,-1.6206819934000003,-1.8409708823897981,0.22028888898979782,train
2023-11-09,-1.6591456874,-1.7288375587396674,0.06969187133966748,train
2023-11-10,-1.6344841423999998,-1.8460502990588161,0.21156615665881628,train
2023-11-13,-1.566043786,-1.9121052194608248,0.34606143346082474,train
2023-11-14,-1.8509855950000003,-1.5346888925142503,-0.3162967024857499,train
2023-11-15,-1.8132533698,-1.6690854426257877,-0.14416792717421223,train
2023-11-16,-1.9616034052,-1.679441736835447,-0.2821616683645529,train
2023-11-17,-2.0559933997999997,-1.6783947337896565,-0.3775986660103432,train
2023-11-20,-2.121706811,-1.6799371568053132,-0.44176965419468694,train
2023-11-21,-2.056500701,-1.8235769552721157,-0.23292374572788432,train
2023-11-22,-2.0533480324,-1.7427624463046985,-0.31058558609530174,train
2023-11-23,-1.8387513335999999,-1.9403575345712378,0.10160620097123796,train
2023-11-24,-1.691053614,-1.9538958363168162,0.2628422223168161,train
2023-11-27,-1.5836029481999998,-1.9870723715879495,0.40346942338794967,train
2023-11-28,-1.5527805332,-1.8872618514205102,0.3344813182205102,train
2023-11-29,-1.6275978116,-1.8635500400366936,0.2359522284366935,train
2023-11-30,-1.7009068206000002,-1.7455650321229261,0.04465821152292593,train
2023-12-01,-1.6325420516000002,-1.7004494055247459,0.06790735392474567,train
2023-12-04,-1.711141692,-1.6794144490051364,-0.031727242994863625,train
2023-12-05,-1.7469537768000003,-1.6495941437895147,-0.09735963301048556,train
2023-12-06,-1.532885898,-1.7343343254506052,0.2014484274506052,train
2023-12-07,-1.3963501136,-1.731820900924364,0.33547078732436386,train
2023-12-08,-1.421371877,-1.6076642517019903,0.18629237470199045,train
2023-12-11,-1.4516634376,-1.7797182201761925,0.3280547825761926,train
2023-12-12,-1.505025436,-1.74076922744703,0.23574379144703017,train
2023-12-13,-1.7447979426,-1.5094309647775348,-0.23536697782246518,train
2023-12-14,-1.9206251074,-1.4835813981281272,-0.43704370927187286,train
2023-12-15,-2.0295877858,-1.519948622656553,-0.5096391631434469,train
2023-12-18,-2.0894246574,-1.6744141387154954,-0.41501051868450456,train
2023-12-19,-2.0945135144,-1.6650331835137915,-0.4294803308862085,train
2023-12-20,-1.9797481813999998,-1.7821207590532564,-0.19762742234674335,train
2023-12-21,-1.958490073,-1.8368901446125996,-0.12159992838740052,train
2023-12-22,-1.9511247858,-1.8731448325367004,-0.07797995326329965,train
2023-12-26,-1.7723980188,-1.9991010223770795,0.22670300357707962,train
2023-12-27,-1.7899937741999998,-1.9238804855632143,0.1338867113632145,train
2023-12-28,-1.6826511481999997,-1.7914058654882785,0.10875471728827879,train
2023-12-29,-1.7569878466,-1.8308284821643357,0.07384063556433573,train
2024-01-02,-1.787222668,-1.8267312638031898,0.03950859580318977,test
2024-01-03,-1.8991235644,-1.7327325881917903,-0.16639097620820964,test
2024-01-04,-1.741136316,-1.8132679128515667,0.07213159685156678,test
2024-01-05,-1.9127290382000002,-1.5961276262177246,-0.31660141198227554,test
2024-01-08,-1.9947648738000001,-1.81208905898734,-0.18267581481266015,test
2024-01-09,-1.9281132168,-1.789747373840994,-0.138365842959006,test
2024-01-10,-1.8686921264000003,-1.8804901043453408,0.011797977945340543,test
2024-01-11,-1.9865187280000005,-1.6893758726356918,-0.29714285536430873,test
2024-01-12,-2.0731109166,-1.830360432995088,-0.24275048360491214,test
2024-01-15,-1.9917591206,-1.9901003112917626,-0.0016588093082374744,test
2024-01-16,-2.086049244,-1.832743851632786,-0.2533053923672137,test
2024-01-17,-2.0261995688,-1.8609830317913059,-0.1652165370086942,test
2024-01-18,-1.9651028879999999,-1.9195290073163582,-0.045573880683641654,test
2024-01-19,-1.8934966165999998,-2.006365831181535,0.1128692145815351,test
2024-01-22,-1.899047814,-1.967990449133921,0.06894263513392107,test
2024-01-23,-1.920045694,-1.992171942013126,0.07212624801312617,test
2024-01-24,-1.8018532055999998,-1.894227103864506,0.09237389826450615,test
2024-01-25,-1.8386150181999998,-1.862579137150038,0.023964118950038138,test
2024-01-26,-1.6000438211999999,-1.864468616291709,0.26442479509170913,test
2024-01-29,-1.5629251618,-1.91758950137474,0.35466433957474,test
2024-01-30,-1.57715866,-1.9313998492759168,0.35424118927591675,test
2024-01-31,-1.8492111954,-1.7033569918126426,-0.14585420358735735,test
2024-02-01,-1.9928118657999998,-1.825863269347871,-0.1669485964521289,test
2024-02-02,-2.3072004022000003,-1.5581901468391306,-0.7490102553608697,test
2024-02-05,-2.4078489944,-1.7306058567998281,-0.677243137600172,test
2024-02-06,-2.1099575627999996,-1.7867159496389255,-0.323241613161074,test
2024-02-07,-2.1227802430000002,-1.9218232039316212,-0.20095703906837903,test
2024-02-08,-2.0883643938,-2.0082237366969204,-0.0801406571030796,test
2024-02-09,-2.0414027135999997,-2.1125269296682996,0.07112421606829988,test
2024-02-12,-2.1722531812,-2.2129657449486735,0.0407125637486736,test
2024-02-13,-2.4937479350000005,-1.8201103572142592,-0.6736375777857413,test
2024-02-14,-2.5233070862,-2.0575368410012294,-0.46577024519877064,test
2024-02-15,-2.4129405052,-2.036912585832855,-0.37602791936714475,test
2024-02-16,-2.5156565520000003,-1.9786128782232406,-0.5370436737767597,test
2024-02-19,-2.4131714762,-2.2179866553864915,-0.19518482081350852,test
2024-02-20,-2.4713852212,-2.2419332110120544,-0.22945201018794537,test
2024-02-21,-2.4806943908,-2.2895376733705066,-0.19115671742949347,test
2024-02-22,-2.5648536178,-2.122707868926733,-0.44214574887326696,test
2024-02-23,-2.5168533593999998,-2.2904750070997064,-0.22637835230029335,test
2024-02-26,-2.5401675578000003,-2.282563018717413,-0.2576045390825872,test
2024-02-27,-2.4951969432,-2.3164859643775078,-0.1787109788224921,test
2024-02-28,-2.5220344553999996,-2.3213134807488913,-0.20072097465110827,test
2024-02-29,-2.4888550728,-2.295122648363715,-0.19373242443628502,test
2024-03-01,-2.4049196712,-2.310677534751624,-0.09424213644837609,test
2024-03-04,-2.4110654907999995,-2.4057670282488925,-0.005298462551106997,test
2024-03-05,-2.4047765788,-2.361966780518521,-0.042809798281478795,test
2024-03-06,-2.4460498744,-2.429572081969374,-0.01647779243062608,test
2024-03-07,-2.5448691757999997,-2.307397251903623,-0.2374719238963765,test
2024-03-08,-2.7484685188,-2.245268842088713,-0.5031996767112874,test
2024-03-11,-2.8231084962,-2.3860753339413083,-0.4370331622586918,test
2024-03-12,-2.9483481447999997,-2.3261243408149466,-0.6222238039850532,test
2024-03-13,-2.6880686722,-2.4289162685753114,-0.2591524036246886,test
2024-03-14,-2.6408981012000003,-2.433372668991318,-0.20752543220868214,test
2024-03-15,-2.5991980714,-2.582289174574093,-0.016908896825907238,test
2024-03-18,-2.5178013402,-2.6698935996669793,0.15209225946697913,test
2024-03-19,-2.4717510872000004,-2.7147074174375296,0.24295633023752927,test
2024-03-20,-2.7456728204000003,-2.388072646901885,-0.3576001734981151,test
2024-03-21,-2.7449617392,-2.452317644075206,-0.29264409512479395,test
2024-03-22,-2.8095017751999998,-2.494729465629164,-0.3147723095708357,test
2024-03-25,-2.723619199,-2.4897787865916365,-0.23384041240836329,test
2024-03-26,-2.6332904738,-2.474989536818273,-0.15830093698172698,test
2024-03-27,-2.496438474,-2.630199461709443,0.13376098770944278,test
2024-03-28,-2.5743424762,-2.516820803258713,-0.05752167294128707,test
2024-03-29,-2.268093326,-2.654729619060262,0.38663629306026204,test
2024-04-01,-2.3434405400000005,-2.5293774113713936,0.18593687137139314,test
2024-04-02,-2.4330409646,-2.4893401330930267,0.05629916849302674,test
2024-04-03,-2.0605587872,-2.4239920848825003,0.3634332976825001,test
2024-04-04,-1.8506694521999996,-2.5044647122739674,0.6537952600739678,test
2024-04-05,-1.9493922698,-2.1886020794950936,0.23920980969509364,test
2024-04-08,-1.7513661731999999,-2.4087159055774596,0.6573497323774598,test
2024-04-09,-1.5150172194000002,-2.468708532271587,0.9536913128715869,test
2024-04-10,-1.7863592560000001,-1.9492566064029584,0.16289735040295827,test
2024-04-11,-1.9278587532,-2.005621251114698,0.07776249791469803,test
2024-04-12,-1.8896758194,-2.084445741607515,0.194769922207515,test
2024-04-15,-2.016060261,-1.9566648759314638,-0.05939538506853603,test
2024-04-16,-1.9791262228000002,-1.8172713172539383,-0.16185490554606186,test
2024-04-17,-2.0815184658,-1.9451640741725018,-0.13635439162749807,test
2024-04-18,-2.002602677,-2.0618913074103036,0.05928863041030352,test
2024-04-19,-2.0731324504,-1.9723542171147976,-0.10077823328520252,test
2024-04-22,-2.0180175548,-2.1121595694845374,0.09414201468453731,test
2024-04-23,-2.0714460089999998,-1.943662757202794,-0.12778325179720573,test
2024-04-24,-1.9235864679999999,-2.1109254270590494,0.18733895905904951,test
2024-04-25,-1.9118504734,-2.003336434536938,0.09148596113693808,test
2024-04-26,-1.7066276083999998,-2.0502267203417177,0.3435991119417179,test
2024-04-29,-1.8944296819999997,-2.0199081865622905,0.12547850456229082,test
2024-04-30,-2.0891707750000004,-1.9655930704814792,-0.12357770451852113,test
2024-05-01,-2.3794797368,-1.8795399553971095,-0.4999397814028905,test
2024-05-02,-2.4993450982,-1.9023051451671826,-0.5970399530328174,test
2024-05-03,-2.8199267024,-1.6899689711806156,-1.1299577312193845,test
2024-05-06,-2.8064788514,-2.048229548462002,-0.758249302937998,test
2024-05-07,-2.7574823634,-2.0967428630565963,-0.6607395003434036,test
2024-05-08,-2.5138254814,-2.281558698637723,-0.23226678276227686,test
2024-05-09,-2.5767123007999997,-2.243081985205025,-0.33363031559497447,test
2024-05-10,-2.5943261332,-2.4488076928282108,-0.1455184403717893,test
2024-05-13,-2.6253371731999997,-2.5007093213083893,-0.12462785189161041,test
2024-05-14,-2.7013382404,-2.408828613110697,-0.2925096272893031,test
2024-05-15,-2.8683535178,-2.22473827581187,-0.64361524198813,test
2024-05-16,-2.7279604258,-2.3997817797353727,-0.32817864606462743,test
2024-05-17,-2.7871459672,-2.4249926852545927,-0.3621532819454072,test
2024-05-20,-2.746915373,-2.4970914649966196,-0.2498239080033806,test
2024-05-21,-2.7812542735999997,-2.498898378706106,-0.28235589489389357,test
2024-05-22,-2.7041694328,-2.5576722518867445,-0.1464971809132556,test
2024-05-23,-2.8139391266000002,-2.42179078727458,-0.39214833932542037,test
2024-05-24,-2.6569280874,-2.601907099276945,-0.05502098812305478,test
2024-05-27,-2.5365744424,-2.576489659703474,0.039915217303474027,test
2024-05-28,-2.452888017,-2.61018817600927,0.15730015900926997,test
2024-05-29,-2.4725065907999997,-2.4844594196209826,0.01195282882098292,test
2024-05-30,-2.4207879413999995,-2.5912853535950315,0.170497412195032,test
2024-05-31,-2.161180936,-2.4905631071860377,0.32938217118603763,test
2024-06-03,-2.1749080302,-2.448498429754119,0.2735903995541187,test
2024-06-04,-2.1149302538,-2.4665313746855477,0.35160112088554785,test
2024-06-05,-1.831955893,-2.4422755896569153,0.6103196966569153,test
2024-06-06,-1.7406598858,-2.411377193399625,0.6707173075996251,test
2024-06-07,-1.9212143754,-2.079446478104014,0.1582321027040141,test
2024-06-10,-1.930300318,-2.279053230903831,0.3487529129038309,test
2024-06-11,-1.9208667378000002,-2.2269661205748768,0.3060993827748766,test
2024-06-12,-2.3079662204,-1.896206911681685,-0.4117593087183149,test
2024-06-13,-2.413931603,-1.9799825126485644,-0.4339490903514356,test
2024-06-14,-2.4022864026,-2.0593692624318596,-0.34291714016814057,test
2024-06-17,-2.4546146801999997,-2.132397633297923,-0.32221704690207664,test
2024-06-18,-2.5767498846,-2.0869072301531872,-0.48984265444681263,test
2024-06-19,-2.4596287284,-2.3484827882382575,-0.11114594016174228,test
2024-06-20,-2.460907185,-2.321273192824186,-0.13963399217581385,test
2024-06-21,-2.5278371926,-2.222316497450966,-0.3055206951490339,test
2024-06-24,-2.4041485526,-2.373247538742743,-0.030901013857257187,test
2024-06-25,-2.353501624,-2.437879045529868,0.08437742152986782,test
2024-06-26,-2.3366828053999997,-2.3095892464906593,-0.0270935589093404,test
2024-06-27,-2.507015504,-2.3183407493377124,-0.18867475466228756,test
2024-06-28,-2.5328377596000005,-2.309953958667255,-0.2228838009327454,test
2024-07-01,-2.602118817,-2.2340379952672382,-0.3680808217327618,test
2024-07-02,-2.6668650452000002,-2.284002830743225,-0.38286221445677526,test
2024-07-03,-2.8872417867999998,-2.2301827873363353,-0.6570589994636644,test
2024-07-04,-2.5087410396,-2.4618990654480157,-0.0468419741519841,test
2024-07-05,-2.5971988594,-2.334761552443362,-0.26243730695663814,test
2024-07-08,-2.6403778050000004,-2.38106828238854,-0.25930952261146034,test
2024-07-09,-2.6037666868000002,-2.5014935691078106,-0.10227311769218961,test
2024-07-10,-2.4483499388000003,-2.6741081459295057,0.22575820712950545,test
2024-07-11,-2.7442850132,-2.2259259593360383,-0.5183590538639615,test
2024-07-12,-2.767160568,-2.481715263172739,-0.28544530482726094,test
2024-07-15,-2.813630944,-2.495059221654835,-0.31857172234516495,test
2024-07-16,-2.8380289894,-2.4997511760636226,-0.3382778133363775,test
2024-07-17,-2.8528444453999997,-2.415634352689867,-0.4372100927101328,test
2024-07-18,-2.7346629294,-2.596409921642559,-0.1382530077574411,test
2024-07-19,-2.7349812025999998,-2.604891772633804,-0.13008942996619588,test
2024-07-22,-2.7215987492,-2.631789016512483,-0.08980973268751713,test
2024-07-23,-2.6956273200000003,-2.649775720350066,-0.04585159964993446,test
2024-07-24,-2.5686872776,-2.629002010273744,0.060314732673743876,test
2024-07-25,-2.505093729,-2.520992662751234,0.01589893375123408,test
2024-07-26,-2.2229665394,-2.6119189075701827,0.3889523681701825,test
2024-07-29,-1.8343043552,-2.602460476273027,0.768156121073027,test
2024-07-30,-1.722245864,-2.5830855368418835,0.8608396728418835,test
2024-07-31,-1.8104828374,-2.4303788779835234,0.6198960405835234,test
2024-08-01,-1.8314635102,-2.389316511900774,0.5578530017007741,test
2024-08-02,-2.1442100042,-2.1858189395684056,0.041608935368405486,test
2024-08-05,-2.5388620386,-1.898991355454926,-0.639870683145074,test
2024-08-06,-2.6002085204,-2.0269492863659178,-0.5732592340340821,test
2024-08-07,-2.5389241262,-2.1086276412606297,-0.4302964849393702,test
2024-08-08,-2.4549902984,-2.053212592256481,-0.4017777061435188,test
2024-08-09,-2.4565168153999997,-2.3164731376973577,-0.14004367770264192,test
2024-08-12,-2.3823044342,-2.480403613646018,0.09809917944601798,test
2024-08-13,-2.393004895,-2.446211211037023,0.05320631603702308,test
2024-08-14,-2.3498300662,-2.3698346060634092,0.02000453986340922,test
2024-08-15,-2.41615615,-2.250037029393282,-0.16611912060671807,test
2024-08-16,-2.0731707748000003,-2.451871400893388,0.3787006260933876,test
2024-08-19,-2.0761473300000004,-2.3341341884681035,0.2579868584681031,test
2024-08-20,-2.0652356722,-2.337055016762522,0.2718193445625219,test
2024-08-21,-2.0738418504,-2.2238485966992165,0.1500067462992165,test
2024-08-22,-1.9448887540000002,-2.2485155691941516,0.30362681519415147,test
2024-08-23,-2.0859808506,-1.9882915657726818,-0.09768928482731809,test
2024-08-26,-2.1268580544,-2.155925606001908,0.029067551601908104,test
2024-08-27,-2.0772627364000003,-2.1389881670997766,0.06172543069977632,test
2024-08-28,-2.0899029074,-2.0633195313572807,-0.02658337604271921,test
2024-08-29,-2.2231400716,-1.8999539746208367,-0.32318609697916334,test
2024-08-30,-2.0566670817999997,-2.0569072129888872,0.00024013118888754903,test
2024-09-02,-2.003001718,-2.17810982852467,0.17510811052466968,test
2024-09-03,-2.1142745028,-2.0983735846130127,-0.015900918186987134,test
2024-09-04,-2.0995528992,-2.0981886358090645,-0.0013642633909354274,test
2024-09-05,-2.1090934304,-2.150213562622951,0.041120132222950634,test
2024-09-06,-2.4278611954000002,-1.9457000143990735,-0.48216118100092675,test
2024-09-09,-2.4586014878,-2.1001667021804216,-0.35843478561957864,test
2024-09-10,-2.3836163594,-2.190225373680992,-0.19339098571900815,test
2024-09-11,-2.1908534952,-2.059132882992945,-0.1317206122070549,test
2024-09-12,-2.1061999994000002,-2.0713849782770435,-0.03481502112295676,test
2024-09-13,-1.9972904377999998,-2.32047084186925,0.3231804040692503,test
2024-09-16,-1.8306272262,-2.317117451501713,0.48649022530171293,test
2024-09-17,-1.820606539,-2.2473688548706416,0.42676231587064173,test
2024-09-18,-2.023456511,-1.9483701936498086,-0.07508631735019144,test
2024-09-19,-1.9708213832,-1.9891841641802215,0.01836278098022137,test
2024-09-20,-1.8386047516000001,-2.0331903867232746,0.19458563512327443,test
2024-09-23,-1.7832627322,-1.8872938298182127,0.10403109761821261,test
2024-09-24,-1.6723210142,-1.9803918461459153,0.30807083194591534,test
2024-09-25,-1.7060103316,-2.015396856304099,0.3093865247040992,test
2024-09-26,-1.8961236688,-1.8871538144154851,-0.00896985438451492,test
2024-09-27,-1.7908049304000002,-1.8546968249848057,0.06389189458480549,test
2024-09-30,-1.9358021537999999,-1.8160197497700719,-0.11978240402992801,test
2024-10-01,-2.0788571502,-1.807974769458663,-0.2708823807413372,test
2024-10-02,-2.1366401795999996,-1.8717151212124892,-0.26492505838751046,test
2024-10-03,-2.0283083763999996,-1.97531310811342,-0.05299526828657952,test
2024-10-04,-2.260836224,-1.7378194735185326,-0.5230167504814676,test
2024-10-07,-2.337441709,-1.9618092144731696,-0.37563249452683056,test
2024-10-08,-2.3623024598,-2.084282844219956,-0.27801961558004384,test
2024-10-09,-2.4066807133999997,-2.1067091364897945,-0.29997157691020515,test
2024-10-10,-2.3906579036,-1.9493079707427319,-0.4413499328572683,test
2024-10-11,-2.5048309613999997,-2.114623261781655,-0.3902076996183448,test
2024-10-14,-2.5862477646,-2.204705219817425,-0.3815425447825751,test
2024-10-15,-2.5905952878000003,-2.218221197030298,-0.3723740907697022,test
2024-10-16,-2.5676569561999996,-2.2496515229754652,-0.31800543322453434,test
2024-10-17,-2.6462231754000003,-2.0937079573789656,-0.5525152180210346,test
2024-10-18,-2.6307529624,-2.322839812838916,-0.30791314956108407,test
2024-10-21,-2.5724718498000003,-2.4043615937477836,-0.16811025605221674,test
2024-10-22,-2.4418848926,-2.363368006423652,-0.07851688617634789,test
2024-10-23,-2.2628291088,-2.3575329102189,0.09470380141890011,test
2024-10-24,-2.2543551224,-2.320083098492043,0.06572797609204306,test
2024-10-25,-2.0355679116000003,-2.411267190328247,0.3756992787282467,test
2024-10-28,-1.9209431784,-2.4024522259378367,0.48150904753783674,test
2024-10-29,-2.0787807096,-2.252965483785567,0.17418477418556666,test
2024-10-30,-1.736636028,-2.136960304086539,0.40032427608653887,test
2024-10-31,-1.5192980628000001,-2.189849447108574,0.6705513843085738,test
2024-11-01,-1.508367943,-2.0272280267604126,0.5188600837604125,test
2024-11-04,-1.4097653352,-2.0447551055497364,0.6349897703497365,test
2024-11-05,-1.2344538438000001,-2.2300117467633207,0.9955579029633206,test
2024-11-06,-1.4619776732,-1.6562010119106225,0.19422333871062247,test
2024-11-07,-1.4988156602,-1.6804868135731335,0.18167115337313344,test
2024-11-08,-1.4336573772,-1.7468616192143065,0.3132042420143064,test
2024-11-11,-1.4824811736,-1.710327922634502,0.22784674903450197,test
2024-11-12,-1.3379897424,-1.6685242464568435,0.3305345040568435,test
2024-11-13,-1.4589415466,-1.633155896846001,0.17421435024600096,test
2024-11-14,-1.5000116488,-1.6330797727418627,0.13306812394186274,test
2024-11-15,-1.2126490384,-1.5963297484206356,0.38368071002063564,test
2024-11-18,-1.0250615304,-1.707911440210761,0.682849909810761,test
2024-11-19,-0.928805921,-1.5240380630673391,0.5952321420673391,test
2024-11-20,-0.7818012764000001,-1.6326451046668526,0.8508438282668526,test
2024-11-21,-0.8787797535999999,-1.5809560724261484,0.7021763188261485,test
2024-11-22,-1.189494275,-1.1983638829119807,0.00886960791198077,test
2024-11-25,-1.1908438082,-1.2589903922308412,0.06814658403084128,test
2024-11-26,-1.3527753180000002,-1.1539520152408345,-0.1988233027591657,test
2024-11-27,-1.4268348575999998,-1.1055169619991088,-0.3213178956008911,test
2024-11-28,-1.3549382527999998,-1.2663337014085536,-0.08860455139144618,test
2024-11-29,-1.2902013924,-1.3267070353400203,0.036505642940020344,test
2024-12-02,-1.457515177,-1.2514280099269695,-0.20608716707303065,test
2024-12-03,-1.5413126356000002,-1.3983041136148058,-0.14300852198519443,test
2024-12-04,-1.562823358,-1.396832794071309,-0.16599056392869094,test
2024-12-05,-1.5442494274,-1.3655435985352573,-0.17870582886474273,test
2024-12-06,-1.6833479692000002,-1.2909361152841121,-0.39241185391588806,test
2024-12-09,-1.6467579530000003,-1.4786342057623438,-0.16812374723765644,test
2024-12-10,-1.6629367901999998,-1.540412054824849,-0.12252473537515085,test
2024-12-11,-1.4625087903999998,-1.4816220733472392,0.01911328294723935,test
2024-12-12,-1.4111121532,-1.4566922729523004,0.045580119752300474,test
2024-12-13,-1.3227555020000001,-1.5736169533761484,0.25086145137614824,test
2024-12-16,-1.3470619543999998,-1.5449878162262305,0.19792586182623073,test
2024-12-17,-1.3743711754,-1.6209991495298042,0.24662797412980408,test
2024-12-18,-1.8086905094000003,-1.2962463547803138,-0.5124441546196865,test
2024-12-19,-2.0128865078000002,-1.369014787682423,-0.6438717201175772,test
2024-12-20,-2.0308046048,-1.346920916429729,-0.683883688370271,test
2024-12-23,-2.0709754493999997,-1.4223319612151846,-0.6486434881848151,test
2024-12-24,-1.8031010226,-1.5287400593558307,-0.27436096324416925,test
2024-12-26,-1.6596762576000004,-1.8084323527819228,0.14875609518192245,test
2024-12-27,-1.2898676124000001,-1.851276258983363,0.5614086465833628,test
2024-12-30,-1.2488621882,-1.7560276845862872,0.5071654963862873,test
2024-12-31,-1.1428351686,-1.8496323116290454,0.7067971430290454,test
2025-01-02,-1.4063596879999998,-1.5698057878040745,0.16344609980407476,test
2025-01-03,-1.0372922886,-1.6788235227895167,0.6415312341895167,test
2025-01-06,-1.2176713861999997,-1.276978103215058,0.0593067170150583,test
2025-01-07,-1.2280950607999999,-1.3791025041013134,0.15100744330131355,test
2025-01-08,-1.1445332916,-1.3618406927228621,0.21730740112286218,test
2025-01-09,-0.9715013738,-1.5939228906730458,0.6224215168730458,test
2025-01-10,-1.2456812365999999,-1.1214263303764145,-0.12425490622358537,test
2025-01-13,-0.9653250728,-1.3487124829191786,0.38338741011917854,test
2025-01-14,-0.8681140213999999,-1.3525216062710106,0.48440758487101065,test
2025-01-15,-0.9703270482,-1.27393397125238,0.30360692305238,test
2025-01-16,-1.0814607674,-1.2328623197923405,0.15140155239234043,test
2025-01-17,-1.0604931102,-1.3734626985033176,0.31296958830331767,test
2025-01-20,-1.4033825290000002,-0.9913923569134674,-0.41199017208653277,test
2025-01-21,-1.5321065078,-1.0856129030142883,-0.44649360478571176,test
2025-01-22,-1.5259017722000001,-1.2382735375560034,-0.28762823464399667,test
2025-01-23,-1.3054782064000001,-1.3400510696293189,0.03457286322931874,test
2025-01-24,-1.2095879936,-1.2580112746576342,0.04842328105763416,test
2025-01-27,-0.8735035454,-1.4222219107127665,0.5487183653127665,test
2025-01-28,-0.856774472,-1.439742553969958,0.582968081969958,test
2025-01-29,-0.8903709232000001,-1.435381225260699,0.5450103020606989,test
2025-01-30,-1.1177322604,-1.2267572754525724,0.10902501505257245,test
2025-01-31,-1.0921493288000002,-1.1900365432179592,0.097887214417959,test
2025-02-03,-1.4820794486,-0.8895504075671082,-0.5925290410328917,test
2025-02-04,-1.6739673532000001,-1.0788231452415726,-0.5951442079584275,test
2025-02-05,-1.5114414838,-1.1570418072382582,-0.35439967656174187,test
2025-02-06,-1.3231389488,-1.2964440863739928,-0.02669486242600727,test
2025-02-07,-1.5481164014000002,-1.1179776880250942,-0.43013871337490595,test
2025-02-10,-1.6925349862,-1.4299559487757074,-0.26257903742429267,test
2025-02-11,-1.6597301286000001,-1.611220781686999,-0.04850934691300113,test
2025-02-12,-1.9249987057999998,-1.3306294826384542,-0.5943692231615456,test
2025-02-13,-2.1333490472000003,-1.2590861427075322,-0.8742629044924681,test
2025-02-14,-2.11021172,-1.5015611952239234,-0.6086505247760767,test
2025-02-17,-1.9109947024,-1.6755051617966785,-0.2354895406033215,test
2025-02-18,-1.857306509,-1.6130057052613584,-0.2443008037386416,test
2025-02-19,-1.7275805826000004,-1.7659507804992065,0.03837019789920615,test
2025-02-20,-1.6457246632,-1.8470509611853576,0.20132629798535762,test
2025-02-21,-1.6025190999999999,-1.811153175892264,0.20863407589226424,test
2025-02-24,-1.5717000330000002,-1.690960017667309,0.1192599846673088,test
2025-02-25,-1.3803837962,-1.7194038501388254,0.3390200539388253,test
2025-02-26,-1.1692519064,-1.614439712905735,0.4451878065057351,test
2025-02-27,-0.9670741850000001,-1.5892085325239171,0.622134347523917,test
2025-02-28,-0.7943930126,-1.5691303392184635,0.7747373266184635,test
2025-03-03,-0.6740933806,-1.543918429707525,0.869825049107525,test
2025-03-04,-0.7018345464,-1.3934488297588992,0.6916142833588992,test
2025-03-05,-0.9083993191999999,-1.2490365240320986,0.3406372048320987,test
2025-03-06,-1.0754086592,-1.1647244879422434,0.08931582874224331,test
2025-03-07,-1.1969486638,-1.0945339838035693,-0.10241467999643072,test
2025-03-10,-1.4364941152,-1.041857943376179,-0.39463617182382094,test
2025-03-11,-1.5654076978,-1.0932601290252433,-0.4721475687747567,test
2025-03-12,-1.5146215609999998,-1.2397213281560053,-0.27490023284399445,test
2025-03-13,-1.5347006594,-1.2838037170435144,-0.2508969423564855,test
2025-03-14,-1.6148490178,-1.3288442628272075,-0.28600475497279243,test
2025-03-17,-1.5002587842000001,-1.545192137817811,0.04493335361781092,test
2025-03-18,-1.5560712494,-1.5549391825377814,-0.0011320668622185615,test
2025-03-19,-1.6764207986000002,-1.4502671463810297,-0.22615365221897044,test
2025-03-20,-1.6757878950000002,-1.4852236382555604,-0.19056425674443989,test
2025-03-21,-1.6647007126000002,-1.5409440280180888,-0.12375668458191136,test
2025-03-24,-1.6461867058,-1.4445979329962153,-0.20158877280378462,test
2025-03-25,-1.5617815248,-1.5487682045293123,-0.01301332027068769,test
2025-03-26,-1.337972777,-1.5866337266974757,0.24866094969747565,test
2025-03-27,-0.9846039625999999,-1.5316177970837923,0.5470138344837924,test
2025-03-28,-0.6357540746,-1.5497921075484467,0.9140380329484467,test
2025-03-31,-0.33826628400000003,-1.4940933177031643,1.1558270337031642,test
