date,Y_h,fitted,residual,split
2012-02-10,-1.1237928269545454,-1.0128884887410878,-0.11090433821345758,train
2012-02-13,-1.122659054681818,-1.0441320291604088,-0.07852702552140922,train
2012-02-14,-1.1402486406818182,-1.0540086727200124,-0.08623996796180577,train
2012-02-15,-1.1597357798636365,-1.0068459462966033,-0.15288983356703323,train
2012-02-16,-1.2004918272272727,-1.0028025631375248,-0.19768926408974785,train
2012-02-17,-1.209615728818182,-1.0648329813117374,-0.1447827475064445,train
2012-02-20,-1.2144211710454547,-1.0870768262047066,-0.12734434484074808,train
2012-02-21,-1.261170921909091,-0.9347692045283704,-0.32640171738072055,train
2012-02-22,-1.2597478633181818,-1.0575214733452691,-0.20222638997291265,train
2012-02-23,-1.2569709267272728,-1.085062166299176,-0.17190876042809689,train
2012-02-24,-1.2607051309090909,-1.1398449362291658,-0.12086019467992504,train
2012-02-27,-1.2686911571363637,-1.1062996309455555,-0.1623915261908082,train
2012-02-28,-1.2745169542727273,-1.1864490930069664,-0.08806786126576083,train
2012-02-29,-1.2833054273636364,-1.137860979145324,-0.14544444821831237,train
2012-03-01,-1.3041682957727272,-1.1643293896604947,-0.1398389061122325,train
2012-03-02,-1.2860648805454546,-1.189394798934726,-0.09667008161072865,train
2012-03-05,-1.2908672056363637,-1.1681615756701993,-0.12270562996616441,train
2012-03-06,-1.300712243090909,-1.2341805856465704,-0.06653165744433864,train
2012-03-07,-1.308503102409091,-1.2786106806603292,-0.02989242174876172,train
2012-03-08,-1.3081064378636365,-1.2528900304431945,-0.05521640742044198,train
2012-03-09,-1.3127459263636363,-1.252552547018907,-0.06019337934472935,train
2012-03-12,-1.3146667120000002,-1.3040837423035094,-0.010582969696490752,train
2012-03-13,-1.333550246409091,-1.2768502115384657,-0.05670003487062525,train
2012-03-14,-1.325438477681818,-1.2519639076623987,-0.07347457001941926,train
2012-03-15,-1.3322992353636365,-1.2902100045960254,-0.04208923076761106,train
2012-03-16,-1.3300939564545453,-1.2813504263475461,-0.04874353010699917,train
2012-03-19,-1.3189467870454545,-1.3471923787322981,0.028245591686843596,train
2012-03-20,-1.3218034086363637,-1.3495277611920546,0.027724352555690945,train
2012-03-21,-1.339574632590909,-1.3673629074072904,0.027788274816381353,train
2012-03-22,-1.3668211215000001,-1.3669111724510667,9.005095106662253e-05,train
2012-03-23,-1.3653490332727274,-1.364840179503566,-0.0005088537691613215,train
2012-03-26,-1.388685596090909,-1.319316691152684,-0.06936890493822512,train
2012-03-27,-1.3839578098636365,-1.3643361588151477,-0.019621651048488786,train
2012-03-28,-1.4284628824545456,-1.3444708685969418,-0.0839920138576038,train
2012-03-29,-1.445029065681818,-1.352392151376461,-0.09263691430535714,train
2012-03-30,-1.4516791920454546,-1.3319590188933037,-0.11972017315215089,train
2012-04-02,-1.463228119090909,-1.4183779633023188,-0.04485015578859031,train
2012-04-03,-1.506314909227273,-1.317701982157723,-0.18861292706955002,train
2012-04-04,-1.5066965048636363,-1.3273561953361817,-0.1793403095274546,train
2012-04-05,-1.4971843689545457,-1.3972703030931937,-0.09991406586135199,train
2012-04-06,-1.4839609451363636,-1.4280161330125012,-0.055944812123862375,train
2012-04-10,-1.5090781861363638,-1.3487180799905911,-0.16036010614577267,train
2012-04-11,-1.5249192629090909,-1.3891341744231112,-0.1357850884859797,train
2012-04-12,-1.5345563603181818,-1.4188906897626343,-0.11566567055554744,train
2012-04-13,-1.5188390862727275,-1.4422801429592758,-0.0765589433134517,train
2012-04-16,-1.518129222318182,-1.3417783575923374,-0.1763508647258445,train
2012-04-17,-1.4983760812272726,-1.4139221193512075,-0.08445396187606513,train
2012-04-18,-1.4907310199090908,-1.369826248006524,-0.12090477190256688,train
2012-04-19,-1.488837856818182,-1.3797210661904884,-0.10911679062769353,train
2012-04-20,-1.4732553315909092,-1.3824359970652365,-0.0908193345256727,train
2012-04-23,-1.4306485386818182,-1.4702577388960005,0.03960920021418235,train
2012-04-24,-1.3820830957727273,-1.508931562638184,0.1268484668654568,train
2012-04-25,-1.379100513227273,-1.4547360219423793,0.07563550871510638,train
2012-04-26,-1.3755583662272728,-1.5151034146138875,0.13954504838661475,train
2012-04-27,-1.365008281909091,-1.4939057159313247,0.12889743402223375,train
2012-04-30,-1.3076540785454545,-1.618122656809215,0.3104685782637606,train
2012-05-01,-1.2743824610454544,-1.5632253991295575,0.2888429380841031,train
2012-05-02,-1.2333915930454546,-1.5352726084539692,0.30188101540851453,train
2012-05-03,-1.1907402379090908,-1.6101065862000694,0.41936634829097863,train
2012-05-04,-1.1478236479545456,-1.6608738386347632,0.5130501906802176,train
2012-05-07,-1.128308751,-1.5262506662622977,0.3979419152622976,train
2012-05-08,-1.1112497658181817,-1.5326548729689569,0.42140510715077517,train
2012-05-09,-1.0911957623181818,-1.5196030860583774,0.4284073237401955,train
2012-05-10,-1.0527338505000001,-1.54091895023823,0.48818509973822977,train
2012-05-11,-1.0246290983636364,-1.5294153956060001,0.5047862972423638,train
2012-05-14,-1.0009429775909089,-1.5640643679177806,0.5631213903268717,train
2012-05-15,-1.004676438681818,-1.5178646170943288,0.5131881784125107,train
2012-05-16,-0.9947073843181818,-1.466080919178115,0.47137353485993316,train
2012-05-17,-0.9998795175,-1.4278657037944698,0.4279861862944697,train
2012-05-18,-0.984560931,-1.3702383046936413,0.3856773736936413,train
2012-05-21,-0.9633907361818181,-1.3778657345676233,0.41447499838580515,train
2012-05-22,-0.9712581791363636,-1.3481175855273102,0.3768594063909466,train
2012-05-23,-1.008455769,-1.3016860804085228,0.29323031140852285,train
2012-05-24,-1.0238702880000001,-1.2577985606948756,0.23392827269487548,train
2012-05-25,-1.0534961570454546,-1.2940873843183265,0.24059122727287185,train
2012-05-28,-1.0395879024545454,-1.3403807591258652,0.30079285667131983,train
2012-05-29,-0.9849569103636363,-1.31113987399663,0.3261829636329937,train
2012-05-30,-1.0053116794999999,-1.287084717065445,0.28177303756544503,train
2012-05-31,-1.0406278247272729,-1.2789896923613253,0.23836186763405243,train
2012-06-01,-1.1072054459545455,-1.1631667109979549,0.05596126504340937,train
2012-06-05,-1.1046614151818182,-1.1571590353378383,0.05249762015602011,train
2012-06-06,-1.130267558909091,-1.1267467376068736,-0.003520821302217314,train
2012-06-07,-1.1620994859999998,-1.0819793496024523,-0.08012013639754745,train
2012-06-08,-1.1868230435454545,-1.113257299679762,-0.07356574386569248,train
2012-06-11,-1.2097020256363635,-1.1220694719666828,-0.0876325536696807,train
2012-06-12,-1.2422502126818182,-1.090108152148499,-0.15214206053331925,train
2012-06-13,-1.248668565590909,-1.1016449575710654,-0.1470236080198437,train
2012-06-14,-1.2621288561818182,-1.1252491836179332,-0.136879672563885,train
2012-06-15,-1.2440002799545455,-1.167433940901181,-0.07656633905336463,train
2012-06-18,-1.264344369090909,-1.101119369643414,-0.16322499944749502,train
2012-06-19,-1.2636225925454545,-1.163591526248931,-0.10003106629652359,train
2012-06-20,-1.2868149444545454,-1.0833829086487599,-0.2034320358057855,train
2012-06-21,-1.3020164903181817,-1.0761483311367825,-0.22586815918139913,train
2012-06-22,-1.3038043370454546,-1.115402982290685,-0.1884013547547696,train
2012-06-25,-1.2669841218636364,-1.2227825656851026,-0.04420155617853383,train
2012-06-26,-1.2364917036818182,-1.1786960803598643,-0.05779562332195387,train
2012-06-27,-1.1645191067272727,-1.3188850308375688,0.15436592411029615,train
2012-06-28,-1.174362584,-1.290927177871117,0.11656459387111706,train
2012-06-29,-1.2250395173181818,-1.0789074036880733,-0.14613211363010858,train
2012-07-02,-1.1997207215454546,-1.20026313400747,0.0005424124620154736,train
2012-07-03,-1.109231382590909,-1.2757089833388906,0.16647760074798157,train
2012-07-04,-1.0604150870909093,-1.313595049434756,0.25317996234384665,train
2012-07-05,-1.067266499909091,-1.2119024270615377,0.14463592715244666,train
2012-07-06,-1.077249253590909,-1.3762133178572105,0.2989640642663014,train
2012-07-09,-1.091246962409091,-1.3798561762187764,0.2886092138096854,train
2012-07-10,-1.080188893318182,-1.399318576450317,0.3191296831321351,train
2012-07-11,-1.089606071409091,-1.358891042630437,0.2692849712213461,train
2012-07-12,-1.0969742734090908,-1.4234879373313272,0.32651366392223635,train
2012-07-13,-1.1283398570454546,-1.372754084429165,0.24441422738371044,train
2012-07-16,-1.1562739443636365,-1.3977056548451126,0.24143171048147605,train
2012-07-17,-1.1977460702727274,-1.3110977694605452,0.11335169918781784,train
2012-07-18,-1.2177478818181817,-1.3243808488917206,0.10663296707353886,train
2012-07-19,-1.2396055187272728,-1.2976599064836234,0.058054387756350634,train
2012-07-20,-1.248839469818182,-1.301129845256009,0.052290375437827,train
2012-07-23,-1.2520827452727272,-1.2960418299079548,0.043959084635227574,train
2012-07-24,-1.2592354483181818,-1.3367049005177927,0.07746945219961088,train
2012-07-25,-1.277029956409091,-1.26101366372653,-0.016016292682561106,train
2012-07-26,-1.3541352169090908,-1.1675971873599553,-0.18653802954913545,train
2012-07-27,-1.4258804717272726,-1.053788868087177,-0.37209160364009564,train
2012-07-30,-1.446040920409091,-1.1789949570458433,-0.2670459633632476,train
2012-07-31,-1.482124137409091,-1.1546777927698835,-0.3274463446392075,train
2012-08-01,-1.4749120988181816,-1.1337817267981205,-0.34113037202006113,train
2012-08-02,-1.5844566365,-0.9523626093599541,-0.6320940271400458,train
2012-08-03,-1.6235129970454545,-1.0549081525148567,-0.5686048445305978,train
2012-08-06,-1.629407452590909,-1.0556839446580408,-0.5737235079328682,train
2012-08-07,-1.5983552884545456,-1.1610513245961167,-0.43730396385842885,train
2012-08-08,-1.5736260771363637,-1.2216073128238423,-0.35201876431252144,train
2012-08-09,-1.597809648090909,-1.2947557850573674,-0.30305386303354154,train
2012-08-10,-1.598783929681818,-1.3706582078445833,-0.22812572183723479,train
2012-08-13,-1.5708472850454542,-1.422213732860702,-0.14863355218475216,train
2012-08-14,-1.523247668,-1.456560117475468,-0.0666875505245319,train
2012-08-15,-1.4889780982272727,-1.5009513213345744,0.011973223107301756,train
2012-08-16,-1.4614432155454544,-1.538620751116544,0.07717753557108953,train
2012-08-17,-1.4479878487272726,-1.5272515499496708,0.07926370122239823,train
2012-08-20,-1.4385129434545454,-1.5337694834259377,0.09525653997139227,train
2012-08-21,-1.4330933952727272,-1.4764960264241422,0.04340263115141507,train
2012-08-22,-1.410253469681818,-1.4200549409781833,0.009801471296365216,train
2012-08-23,-1.4000960733636363,-1.4207137405359846,0.020617667172348364,train
2012-08-24,-1.4045802463636363,-1.383218247844133,-0.021361998519503267,train
2012-08-27,-1.3757480307272727,-1.5217625868399967,0.14601455611272396,train
2012-08-28,-1.3561702045454547,-1.544988029219839,0.18881782467438435,train
2012-08-29,-1.332482344590909,-1.6031375360606515,0.2706551914697424,train
2012-08-30,-1.3047927795454546,-1.644120856265792,0.3393280767203375,train
2012-08-31,-1.3398900404090908,-1.5142950150155712,0.1744049746064804,train
2012-09-03,-1.3114592991363636,-1.6750426025050116,0.36358330336864797,train
2012-09-04,-1.2998155774545455,-1.6349560505742475,0.3351404731197021,train
2012-09-05,-1.3274624151818182,-1.5534452604780065,0.22598284529618828,train
2012-09-06,-1.3649999142272728,-1.477561874893507,0.11256196066623425,train
2012-09-07,-1.3729764772272726,-1.5092551732417165,0.13627869601444398,train
2012-09-10,-1.3527240902272728,-1.5641339558932217,0.21140986566594888,train
2012-09-11,-1.3420542455,-1.538941769637461,0.19688752413746102,train
2012-09-12,-1.3621570528636362,-1.4743043474632693,0.11214729459963313,train
2012-09-13,-1.407044549590909,-1.4171140105923365,0.010069461001427582,train
2012-09-14,-1.4291448434090908,-1.4477718969610847,0.0186270535519939,train
2012-09-17,-1.4371411557272726,-1.3961251217564785,-0.04101603397079412,train
2012-09-18,-1.4541911844545454,-1.3767837711046615,-0.07740741334988388,train
2012-09-19,-1.4691858754545455,-1.404794180847275,-0.06439169460727046,train
2012-09-20,-1.4977873848181817,-1.409890167529662,-0.08789721728851974,train
2012-09-21,-1.5505393385,-1.3272944518911114,-0.22324488660888853,train
2012-09-24,-1.5591047335,-1.3695584765316329,-0.18954625696836702,train
2012-09-25,-1.5719067860454543,-1.379690245353203,-0.19221654069225136,train
2012-09-26,-1.5713110156363634,-1.386679249302043,-0.18463176633432044,train
2012-09-27,-1.6002697185,-1.3704287641908302,-0.22984095430916995,train
2012-09-28,-1.6327090817272727,-1.4023505231851172,-0.23035855854215548,train
2012-10-01,-1.663856817636364,-1.385399229635273,-0.2784575880010909,train
2012-10-02,-1.6799532130000001,-1.4326229657692038,-0.24733024723079633,train
2012-10-03,-1.6737002595000001,-1.4216020907609148,-0.2520981687390853,train
2012-10-04,-1.691321002590909,-1.4038838356778798,-0.2874371669130291,train
2012-10-05,-1.690620939409091,-1.4775809523879186,-0.21303998702117233,train
2012-10-08,-1.6550718622727272,-1.541055314504519,-0.11401654776820824,train
2012-10-09,-1.6555205248636362,-1.4919938388573595,-0.16352668600627673,train
2012-10-10,-1.6639967523636365,-1.4887507658126273,-0.1752459865510092,train
2012-10-11,-1.6941908242727273,-1.4780767356269433,-0.21611408864578396,train
2012-10-12,-1.7008218488181817,-1.4786121645356172,-0.2222096842825645,train
2012-10-15,-1.6955878960000001,-1.5145740900898534,-0.1810138059101467,train
2012-10-16,-1.6986725853181819,-1.5457378937407478,-0.1529346915774341,train
2012-10-17,-1.7084545585000002,-1.5227202148498729,-0.1857343436501273,train
2012-10-18,-1.7149088159090908,-1.5721191608065603,-0.1427896551025305,train
2012-10-19,-1.6895275660454545,-1.598686915643957,-0.09084065040149758,train
2012-10-22,-1.6774470188181818,-1.619042304920279,-0.058404713897902916,train
2012-10-23,-1.6748902332727271,-1.6552407006330938,-0.019649532639633316,train
2012-10-24,-1.684841600909091,-1.6239610393267627,-0.06088056158232824,train
2012-10-25,-1.6993830450000003,-1.6391249761534723,-0.06025806884652796,train
2012-10-26,-1.7009642489090913,-1.6100912366211866,-0.09087301228790468,train
2012-10-29,-1.6938226603181818,-1.668322134778727,-0.02550052553945492,train
2012-10-30,-1.684667106727273,-1.6997389995125038,0.015071892785230911,train
2012-10-31,-1.6673435760454545,-1.7362303870768276,0.06888681103137317,train
2012-11-01,-1.667500453681818,-1.7527922288658655,0.0852917751840474,train
2012-11-02,-1.6992761482272727,-1.701063967323688,0.001787819096415344,train
2012-11-05,-1.7238531552727274,-1.7228401162682259,-0.0010130390045015591,train
2012-11-06,-1.7195915515454545,-1.7037033100378738,-0.015888241507580725,train
2012-11-07,-1.7383496828636367,-1.57772174328297,-0.16062793958066668,train
2012-11-08,-1.7653324251363636,-1.5697971585399182,-0.19553526659644538,train
2012-11-09,-1.7768420266363636,-1.6140022541133148,-0.16283977252304882,train
2012-11-12,-1.7810212951363638,-1.6778322243968655,-0.10318907073949823,train
2012-11-13,-1.784823558090909,-1.6399511548934271,-0.14487240319748196,train
2012-11-14,-1.7767682569545455,-1.6776703469707541,-0.09909790998379142,train
2012-11-15,-1.778493134363636,-1.7204786389716826,-0.05801449539195347,train
2012-11-16,-1.8121687268636364,-1.7124449910881523,-0.0997237357754841,train
2012-11-19,-1.8152593518181819,-1.7173288824501753,-0.09793046936800653,train
2012-11-20,-1.824149404909091,-1.6228942329689549,-0.2012551719401361,train
2012-11-21,-1.813992959,-1.6418773439641574,-0.1721156150358425,train
2012-11-22,-1.8389179983636366,-1.665641512831193,-0.17327648553244357,train
2012-11-23,-1.9322418211363634,-1.6583088621728146,-0.27393295896354886,train
2012-11-26,-1.929898467681818,-1.694293255112017,-0.23560521256980116,train
2012-11-27,-1.9283509599999997,-1.6809196925369698,-0.2474312674630299,train
2012-11-28,-1.919947986409091,-1.7157836044596326,-0.2041643819494583,train
2012-11-29,-1.8876310641363636,-1.7174740829455861,-0.1701569811907775,train
2012-11-30,-1.8521194031363637,-1.6803755623967767,-0.17174384073958704,train
2012-12-03,-1.817105805590909,-1.70227678420526,-0.1148290213856491,train
2012-12-04,-1.7805188937727272,-1.7676034097846562,-0.012915483988070964,train
2012-12-05,-1.7472131563636362,-1.8244431369422416,0.07722998057860542,train
2012-12-06,-1.7410251696363637,-1.757551152156259,0.016525982519895344,train
2012-12-07,-1.7582131770454545,-1.7476356851709436,-0.010577491874510958,train
2012-12-10,-1.7247144716818184,-1.804054696432669,0.07934022475085056,train
2012-12-11,-1.6899403512727273,-1.7916682683249723,0.10172791705224493,train
2012-12-12,-1.6601236401363635,-1.802263162914433,0.14213952277806952,train
2012-12-13,-1.6257927225909092,-1.774161884395914,0.1483691618050047,train
2012-12-14,-1.6122828780909089,-1.7502403210388309,0.137957442947922,train
2012-12-17,-1.5888558796363634,-1.7742783341978132,0.1854224545614498,train
2012-12-18,-1.526373677681818,-1.8667555306471801,0.34038185296536216,train
2012-12-19,-1.5315408581363636,-1.8121239849056239,0.2805831267692602,train
2012-12-20,-1.5115580383181817,-1.7493430613037246,0.23778502298554294,train
2012-12-21,-1.5069864426363635,-1.7308109115000112,0.2238244688636477,train
2012-12-24,-1.449027348727273,-1.8637927463647017,0.4147653976374288,train
2012-12-25,-1.332706889090909,-2.101960698231966,0.769253809141057,train
2012-12-26,-1.3156517541363637,-1.9463421294393506,0.6306903753029869,train
2012-12-27,-1.324572855727273,-1.9181853617609044,0.5936125060336315,train
2012-12-28,-1.3308566860454545,-1.9423812813842003,0.6115245953387458,train
2012-12-31,-1.3652431659545454,-1.8082699477250526,0.44302678177050714,train
2013-01-02,-1.3760205315,-1.5727056894902278,0.1966851579902278,train
2013-01-03,-1.3873702774999999,-1.5345750289331457,0.14720475143314582,train
2013-01-04,-1.3660157709545453,-1.5194559824734628,0.1534402115189175,train
2013-01-07,-1.3526974232727274,-1.5235765762631621,0.17087915299043477,train
2013-01-08,-1.3253757477727275,-1.5437041842132244,0.21832843644049693,train
2013-01-09,-1.2985607743181817,-1.6522464468104567,0.353685672492275,train
2013-01-10,-1.3102148870909092,-1.5930200674880537,0.28280518039714453,train
2013-01-11,-1.313670439409091,-1.5625140642076352,0.24884362479854416,train
2013-01-14,-1.3136227520909092,-1.5738141080997587,0.2601913560088496,train
2013-01-15,-1.3290212098636365,-1.4817399703488392,0.15271876048520272,train
2013-01-16,-1.3262909849090911,-1.4500349794583707,0.12374399454927953,train
2013-01-17,-1.3502208227727273,-1.4602234091590172,0.1100025863862899,train
2013-01-18,-1.3842773105454547,-1.4023902945029063,0.018112983957451645,train
2013-01-21,-1.3383638997272727,-1.524131471516204,0.18576757178893133,train
2013-01-22,-1.3441865916363636,-1.4239792165971963,0.07979262496083273,train
2013-01-23,-1.3490842868636364,-1.44904837114473,0.0999640842810936,train
2013-01-24,-1.321598641818182,-1.4006406610228728,0.07904201920469078,train
2013-01-25,-1.2935165153636363,-1.3701380947538846,0.07662157939024827,train
2013-01-28,-1.2865955494545454,-1.3604600081828528,0.07386445872830749,train
2013-01-29,-1.2594788159545454,-1.4261203669671512,0.1666415510126058,train
2013-01-30,-1.2465040051818181,-1.4668785405956337,0.22037453541381558,train
2013-01-31,-1.2381000765454546,-1.5440989059174333,0.30599882937197864,train
2013-02-01,-1.2834695412272727,-1.4660362536097589,0.18256671238248612,train
2013-02-04,-1.27912224,-1.4882246431595585,0.20910240315955853,train
2013-02-05,-1.2756961685909092,-1.3750600547606937,0.09936388616978453,train
2013-02-06,-1.3075548479090908,-1.3737890721411579,0.06623422423206704,train
2013-02-07,-1.3457711132727275,-1.270839869640406,-0.07493124363232151,train
2013-02-08,-1.3454212143181818,-1.3087806783748854,-0.036640535943296415,train
2013-02-11,-1.3453322152727272,-1.3391184375515688,-0.006213777721158387,train
2013-02-12,-1.342016103090909,-1.3442970283507096,0.0022809252598006147,train
2013-02-13,-1.3097041839090908,-1.3800157512597355,0.0703115673506447,train
2013-02-14,-1.2694963781818183,-1.397721636866268,0.12822525868444967,train
2013-02-15,-1.262665175090909,-1.3713837720970108,0.10871859700610176,train
2013-02-18,-1.2280243673181817,-1.4673729755188816,0.23934860820069992,train
2013-02-19,-1.2029870546818182,-1.5106143048901772,0.307627250208359,train
2013-02-20,-1.1791638987727273,-1.3980768679457027,0.21891296917297542,train
2013-02-21,-1.1862520531363636,-1.3901563934692711,0.2039043403329075,train
2013-02-22,-1.1930941369090908,-1.4282440066325837,0.23514986972349283,train
2013-02-25,-1.2350141943181816,-1.2580222969488752,0.02300810263069364,train
2013-02-26,-1.3086159740454546,-1.1720419666772235,-0.1365740073682311,train
2013-02-28,-1.3410516521363638,-1.2616480114379351,-0.07940364069842865,train
2013-03-01,-1.3676057924545455,-1.2282395458374027,-0.1393662466171428,train
2013-03-04,-1.3895369532272728,-1.2618227254746182,-0.12771422775265462,train
2013-03-05,-1.3308854903636365,-1.3579735793236496,0.027088088960013135,train
2013-03-06,-1.2679856692727274,-1.4988385016559513,0.23085283238322396,train
2013-03-07,-1.2852821825,-1.426471520491126,0.14118933799112598,train
2013-03-08,-1.307807597090909,-1.356206502868309,0.048398905777399914,train
2013-03-11,-1.292314493909091,-1.50267165849994,0.21035716459084908,train
2013-03-12,-1.293404145090909,-1.5045626031618278,0.2111584580709187,train
2013-03-13,-1.30071403,-1.4158480937601279,0.11513406376012791,train
2013-03-14,-1.2939727625454545,-1.4481345756483937,0.1541618131029392,train
2013-03-15,-1.2854776316818182,-1.444810610140812,0.15933297845899386,train
2013-03-18,-1.2923773292272729,-1.321741364472277,0.029364035245004194,train
2013-03-19,-1.3268656448636362,-1.1899496874049635,-0.1369159574586727,train
2013-03-20,-1.341584115,-1.214442961108745,-0.12714115389125502,train
2013-03-21,-1.3734869758636363,-1.1860086460117076,-0.1874783298519287,train
2013-03-22,-1.3651338745454547,-1.1923300588444359,-0.17280381570101877,train
2013-03-25,-1.413370617409091,-1.1030174329701659,-0.3103531844389251,train
2013-03-26,-1.4263182572727273,-1.2208548048765457,-0.20546345239618158,train
2013-03-27,-1.4260716180454545,-1.2789280343186515,-0.14714358372680292,train
2013-03-28,-1.4483106530454546,-1.3113152176845895,-0.13699543536086511,train
2013-03-29,-1.4137377649545455,-1.4662262134532988,0.05248844849875334,train
2013-04-01,-1.3789925557727274,-1.5761793848964043,0.1971868291236769,train
2013-04-02,-1.3150376833181818,-1.5811842481648428,0.266146564846661,train
2013-04-03,-1.2378312351818181,-1.64176772247486,0.40393648729304177,train
2013-04-04,-1.3067422749545454,-1.4241400376283668,0.1173977626738214,train
2013-04-05,-1.3645807585454544,-1.3178145890729578,-0.046766169472496566,train
2013-04-08,-1.3654940351363636,-1.3807063740066863,0.015212338870322695,train
2013-04-09,-1.3731815840909092,-1.3246230582620875,-0.0485585258288217,train
2013-04-10,-1.3444587223636364,-1.3280871597713544,-0.016371562592282007,train
2013-04-11,-1.326440576409091,-1.431880864321434,0.10544028791234306,train
2013-04-12,-1.3139575475,-1.4587192215260365,0.14476167402603646,train
2013-04-15,-1.306903986,-1.4277771623548876,0.12087317635488759,train
2013-04-16,-1.3172671597272727,-1.3745273322943627,0.05726017256709004,train
2013-04-17,-1.3426552618636363,-1.3277278058642221,-0.014927455999414141,train
2013-04-18,-1.3694341322727273,-1.3246907163477888,-0.04474341592493847,train
2013-04-19,-1.3746673819545454,-1.3317977593364267,-0.042869622618118663,train
2013-04-22,-1.3213456552272727,-1.417169889270123,0.09582423404285034,train
2013-04-23,-1.3243498827727274,-1.3558000983260217,0.0314502155532943,train
2013-04-24,-1.3079452015454545,-1.4592986126966427,0.15135341115118828,train
2013-04-25,-1.3677853828636364,-1.483151856379866,0.11536647351622964,train
2013-04-26,-1.359725711,-1.4924608462542341,0.13273513525423408,train
2013-04-29,-1.3215558228636364,-1.5447587003685919,0.2232028775049555,train
2013-04-30,-1.3081209296363636,-1.5138630173266534,0.2057420876902898,train
2013-05-01,-1.3004843875909091,-1.4774656463201155,0.17698125872920634,train
2013-05-02,-1.3225718836363638,-1.281858448585103,-0.04071343505126079,train
2013-05-03,-1.379387349590909,-1.1678627880501273,-0.2115245615407817,train
2013-05-06,-1.3426181010454545,-1.3384665753572307,-0.004151525688223856,train
2013-05-07,-1.2781376402272728,-1.3924941403671258,0.11435650013985299,train
2013-05-08,-1.2382151499545453,-1.3948087383511312,0.15659358839658588,train
2013-05-09,-1.2515237783181818,-1.4484372640919438,0.196913485773762,train
2013-05-10,-1.2609152671818182,-1.4489990562352035,0.1880837890533853,train
2013-05-13,-1.2685103206818182,-1.4399745623994606,0.1714642417176424,train
2013-05-14,-1.2626599303636363,-1.3680443643294222,0.1053844339657859,train
2013-05-15,-1.300797575727273,-1.3355680591996844,0.034770483472411406,train
2013-05-16,-1.3332405574545456,-1.3258900587943203,-0.007350498660225302,train
2013-05-17,-1.3245173110000001,-1.3920798349673194,0.06756252396731921,train
2013-05-20,-1.2915385975454545,-1.4530000151225648,0.1614614175771103,train
2013-05-21,-1.2574125015,-1.4419463806057828,0.1845338791057829,train
2013-05-22,-1.2850331667727273,-1.318552135044873,0.03351896827214573,train
2013-05-23,-1.2840914216818182,-1.3553658130652289,0.07127439138341063,train
2013-05-24,-1.2994767783636363,-1.337165564567034,0.03768878620339766,train
2013-05-27,-1.2348039522272727,-1.56832061874194,0.3335166665146674,train
2013-05-28,-1.2524745638181818,-1.4297201420303827,0.17724557821220088,train
2013-05-29,-1.2732933003636364,-1.4241069689780992,0.15081366861446277,train
2013-05-30,-1.3099325451818182,-1.423737021363683,0.11380447618186484,train
2013-05-31,-1.3323784386363635,-1.4214433979972598,0.08906495936089631,train
2013-06-03,-1.351932446909091,-1.2606921909340603,-0.09124025597503072,train
2013-06-04,-1.3248172301363637,-1.3574884318274423,0.03267120169107862,train
2013-06-05,-1.3368457211818183,-1.3149397245339847,-0.02190599664783366,train
2013-06-06,-1.4143379320454548,-1.1957021908454968,-0.218635741199958,train
2013-06-07,-1.4383210283636365,-1.1808259439681177,-0.2574950843955188,train
2013-06-10,-1.3741650841363637,-1.3225903231210134,-0.0515747610153503,train
2013-06-11,-1.3088744659545455,-1.262804784089603,-0.046069681864942424,train
2013-06-12,-1.2873060293636363,-1.3244385902333013,0.0371325608696651,train
2013-06-13,-1.2961965400909092,-1.3145935777539348,0.018397037663025584,train
2013-06-14,-1.2608813765454545,-1.4937670993112644,0.23288572276580988,train
2013-06-17,-1.2203221256818182,-1.5098351971730684,0.28951307149125016,train
2013-06-18,-1.2435630232727273,-1.4602289050480275,0.21666588177530022,train
2013-06-19,-1.2757259897727273,-1.3941706747315137,0.11844468495878635,train
2013-06-20,-1.334697263318182,-1.3246988014630598,-0.009998461855122098,train
2013-06-21,-1.3724407468636364,-1.3325923107585929,-0.039848436105043517,train
2013-06-24,-1.3756578945454545,-1.2669442309324004,-0.10871366361305412,train
2013-06-25,-1.3681919579545456,-1.3262625833734094,-0.041929374581136214,train
2013-06-26,-1.3902068143636366,-1.3142222751400592,-0.0759845392235774,train
2013-06-27,-1.4129328552272726,-1.412766315824155,-0.00016653940311761595,train
2013-06-28,-1.4378098395909091,-1.4266037633143829,-0.011206076276526256,train
2013-07-01,-1.3922014822727273,-1.529450770140759,0.1372492878680316,train
2013-07-02,-1.3763057263636365,-1.5229786628841993,0.1466729365205628,train
2013-07-03,-1.3626457111818182,-1.477032468922372,0.11438675774055374,train
2013-07-04,-1.4117906281818182,-1.3897094232861102,-0.022081204895707973,train
2013-07-05,-1.4431329732272729,-1.4263370745657304,-0.016795898661542408,train
2013-07-08,-1.4285432837727274,-1.5433834301954052,0.11484014642267781,train
2013-07-09,-1.4632121525909092,-1.4570291614312736,-0.006182991159635609,train
2013-07-10,-1.565286769590909,-1.2844832452864037,-0.2808035243045053,train
2013-07-11,-1.684474341,-1.138045008903778,-0.5464293320962221,train
2013-07-12,-1.717670961681818,-1.2207080198734637,-0.4969629418083543,train
2013-07-15,-1.774092351590909,-1.1744078069844148,-0.5996845446064942,train
2013-07-16,-1.7528682825909092,-1.157303421083323,-0.5955648615075861,train
2013-07-17,-1.7980735118181819,-1.1686401054607014,-0.6294334063574805,train
2013-07-18,-1.8240846811363634,-1.3771717091332036,-0.4469129720031597,train
2013-07-19,-1.821909950909091,-1.4307731294200379,-0.39113682148905315,train
2013-07-22,-1.7979637646818178,-1.5199113054412627,-0.2780524592405551,train
2013-07-23,-1.7681633979090912,-1.597625435801069,-0.17053796210802208,train
2013-07-24,-1.7974373507727273,-1.5326913457291083,-0.264746005043619,train
2013-07-25,-1.8502777138181818,-1.5189938185860932,-0.3312838952320887,train
2013-07-26,-1.8411968504545455,-1.5813255171961915,-0.259871333258354,train
2013-07-29,-1.8271953994545456,-1.6310520098784054,-0.1961433895761402,train
2013-07-30,-1.8063652112272728,-1.6319724570163958,-0.17439275421087697,train
2013-07-31,-1.861761500227273,-1.5014717749644693,-0.3602897252628037,train
2013-08-01,-1.9217726875909091,-1.5226580023808451,-0.399114685210064,train
2013-08-02,-1.9672385956363634,-1.4163505696867273,-0.550888025949636,train
2013-08-05,-1.9808731429090911,-1.5135495805870016,-0.4673235623220895,train
2013-08-06,-1.951863985272727,-1.5341884536236727,-0.41767553164905435,train
2013-08-07,-1.9228749418636364,-1.57429308079915,-0.3485818610644864,train
2013-08-08,-1.9165692321363634,-1.6560988140701518,-0.26047041806621163,train
2013-08-09,-1.9021094717727272,-1.8407777456124628,-0.06133172616026439,train
2013-08-12,-1.8843730501363636,-1.8999808614816796,0.01560781134531597,train
2013-08-13,-1.8932441042272727,-1.847868961458666,-0.04537514276860666,train
2013-08-14,-1.866251839772727,-1.9655726294609872,0.09932078968826019,train
2013-08-15,-1.9235132307272726,-1.729929451153441,-0.19358377957383155,train
2013-08-16,-1.950587813636364,-1.8164554145601544,-0.13413239907620955,train
2013-08-19,-1.8716429957272729,-1.8565192700178017,-0.01512372570947118,train
2013-08-20,-1.8682875966363637,-1.7934378914097464,-0.07484970522661727,train
2013-08-21,-1.8886024286818184,-1.6937604603951486,-0.19484196828666978,train
2013-08-22,-1.9007299204999997,-1.7214978360366258,-0.1792320844633739,train
2013-08-23,-1.920965893954545,-1.7533360896795056,-0.16762980427503948,train
2013-08-26,-1.914847658272727,-1.84578715418843,-0.06906050408429687,train
2013-08-27,-1.9369855892727272,-1.7712246956418913,-0.1657608936308359,train
2013-08-28,-1.9535864994999999,-1.8115744186866691,-0.14201208081333072,train
2013-08-29,-1.9762581919090907,-1.7946207115885415,-0.18163748032054916,train
2013-08-30,-1.9603797154090907,-1.882878795710694,-0.07750091969839668,train
2013-09-02,-1.9154812632727276,-1.9530446390469125,0.03756337577418489,train
2013-09-03,-1.9054952515909094,-1.9217431272540708,0.016247875663161437,train
2013-09-04,-1.9005182739090907,-1.9856844274357754,0.08516615352668477,train
2013-09-05,-1.9453132688181818,-1.8916725882335064,-0.053640680584675415,train
2013-09-06,-1.9997281535454545,-1.80470902528865,-0.19501912825680456,train
2013-09-09,-1.9931069855454546,-1.8168439866852586,-0.17626299886019603,train
2013-09-10,-1.991679005318182,-1.8539804013949497,-0.1376986039232324,train
2013-09-11,-1.998397765818182,-1.8076552515846416,-0.19074251423354038,train
2013-09-12,-2.0230143247727272,-1.8496345153359286,-0.17337980943679865,train
2013-09-13,-2.0176271811363637,-1.870724958352667,-0.1469022227836967,train
2013-09-16,-1.9647314314090911,-1.9136288691668455,-0.05110256224224563,train
2013-09-17,-1.9166958190454544,-1.9968312550352836,0.0801354359898292,train
2013-09-18,-1.9999656060454547,-1.710947271366242,-0.2890183346792128,train
2013-09-19,-1.9050797381818183,-1.7697297311979583,-0.13535000698386002,train
2013-09-20,-1.878081751090909,-1.7994841444994603,-0.07859760659144865,train
2013-09-23,-1.9113061717272728,-1.7637774423021877,-0.1475287294250851,train
2013-09-24,-1.8915696255454548,-1.797200907253341,-0.0943687182921138,train
2013-09-25,-1.8737007613181818,-1.9222363129492086,0.04853555163102685,train
2013-09-26,-1.8899214478636366,-1.9490391699364187,0.0591177220727821,train
2013-09-27,-1.8688752799545454,-1.9859406595400502,0.11706537958550478,train
2013-09-30,-1.8639152723181818,-2.0126551300477877,0.14873985772960596,train
2013-10-01,-1.8533789277272725,-1.9493190536850666,0.09594012595779411,train
2013-10-02,-1.8612781371818181,-1.8683497824058848,0.007071645224066669,train
2013-10-03,-1.8645613330909088,-1.8334571890342914,-0.031104144056617322,train
2013-10-04,-1.8577128124545454,-1.8682444310288724,0.01053161857432694,train
2013-10-07,-1.8285817661363637,-1.927475923587062,0.0988941574506983,train
2013-10-08,-1.7022554597272725,-1.9925355994786667,0.2902801397513941,train
2013-10-09,-1.669903280818182,-1.9466272629586092,0.27672398214042726,train
2013-10-10,-1.682561222409091,-2.0108589428843615,0.3282977204752706,train
2013-10-11,-1.6530666627727273,-2.0061430449239013,0.353076382151174,train
2013-10-14,-1.6035754999545453,-2.0584729719233414,0.45489747196879615,train
2013-10-15,-1.5982780834545451,-1.946570750489146,0.34829266703460093,train
2013-10-16,-1.6548217802727272,-1.7912527260579167,0.13643094578518955,train
2013-10-17,-1.6869131921363638,-1.786599219823666,0.09968602768730217,train
2013-10-18,-1.6533934689545453,-1.9182614902012387,0.2648680212466934,train
2013-10-21,-1.704277619590909,-1.439037011124403,-0.265240608466506,train
2013-10-22,-1.7001098603181817,-1.544593135046059,-0.15551672527212257,train
2013-10-23,-1.6878462645909094,-1.7526205385372429,0.0647742739463335,train
2013-10-24,-1.703556306590909,-1.7128572825138444,0.00930097592293544,train
2013-10-25,-1.6941618452272726,-1.691195265495219,-0.00296657973205372,train
2013-10-28,-1.669378766590909,-1.9385827139302878,0.2692039473393788,train
2013-10-29,-1.693691571318182,-1.9001236777566566,0.20643210643847465,train
2013-10-30,-1.703897575,-1.890719976703697,0.18682240170369702,train
2013-10-31,-1.7138382780909092,-1.8324164792307218,0.11857820113981266,train
2013-11-01,-1.7364821248636362,-1.8435922112023369,0.10711008633870067,train
2013-11-04,-1.747948975409091,-1.7868095752835182,0.03886059987442714,train
2013-11-05,-1.7067308753181818,-1.8225235685277752,0.1157926932095934,train
2013-11-06,-1.6963912550909093,-1.7764022363923133,0.08001098130140405,train
2013-11-07,-1.833881692818182,-1.423257132425839,-0.4106245603923431,train
2013-11-08,-1.8862201492272725,-1.4831867759683894,-0.4030333732588831,train
2013-11-11,-1.8621336966818183,-1.6498104402190572,-0.21232325646276107,train
2013-11-12,-1.8782458311363635,-1.5201202635243225,-0.35812556761204095,train
2013-11-13,-1.910900801318182,-1.4767388031410202,-0.43416199817716183,train
2013-11-14,-1.9355382852272727,-1.6207820011759853,-0.3147562840512874,train
2013-11-15,-1.9361994387727273,-1.7512437535644982,-0.18495568520822903,train
2013-11-18,-1.8599260470454546,-1.7610796558044006,-0.09884639124105399,train
2013-11-19,-1.863294093409091,-1.719156589953909,-0.14413750345518195,train
2013-11-20,-1.9203696334999998,-1.5984073377954338,-0.321962295704566,train
2013-11-21,-1.9884809941363637,-1.6127436920609892,-0.3757373020753745,train
2013-11-22,-2.0165364137272728,-1.6887526640787167,-0.32778374964855606,train
2013-11-25,-2.075520007863636,-1.6912711302997323,-0.3842488775639037,train
2013-11-26,-2.1301408508636364,-1.6612070913992594,-0.468933759464377,train
2013-11-27,-2.0853214179545456,-1.7549879165831659,-0.33033350137137973,train
2013-11-28,-2.0683608846363635,-1.8663781675809687,-0.20198271705539472,train
2013-11-29,-2.044134164409091,-1.869203509600124,-0.17493065480896686,train
2013-12-02,-2.025039643318182,-1.810235293089087,-0.21480435022909483,train
2013-12-03,-2.0051196238636364,-1.8968646182849547,-0.10825500557868173,train
2013-12-04,-2.001857329863636,-1.874787020207445,-0.12707030965619115,train
2013-12-05,-2.0393160901363636,-1.7050707127448979,-0.33424537739146576,train
2013-12-06,-2.0486980095454546,-1.6940085458049723,-0.35468946374048227,train
2013-12-09,-1.9939337663181818,-1.90267948486691,-0.09125428145127179,train
2013-12-10,-1.9208087356363635,-1.881311724946836,-0.03949701068952738,train
2013-12-11,-1.9366819311363634,-1.8407425033633917,-0.09593942777297171,train
2013-12-12,-1.9600319285000003,-1.8860318021965325,-0.07400012630346775,train
2013-12-13,-1.9480708151818182,-1.9677189563698643,0.01964814118804603,train
2013-12-16,-1.9302709482727274,-1.9464570347697359,0.01618608649700848,train
2013-12-17,-1.9308834281363636,-1.936021936127132,0.005138507990768426,train
2013-12-18,-2.017731406545454,-1.6853728168325728,-0.33235858971288135,train
2013-12-19,-2.0367820815909092,-1.7871759382216887,-0.2496061433692205,train
2013-12-20,-2.0506474352727273,-1.8034292688821592,-0.24721816639056815,train
2013-12-23,-1.9974923653636365,-1.9294144289214212,-0.06807793644221527,train
2013-12-24,-1.935415825909091,-1.9866846454852802,0.05126881957618923,train
2013-12-25,-1.8705582574545454,-2.258197162301841,0.38763890484729546,train
2013-12-26,-1.8348554969999997,-2.319189233704261,0.4843337367042613,train
2013-12-27,-1.8553705702727272,-2.0743695448699793,0.21899897459725204,train
2013-12-30,-1.845656103590909,-2.0985709968034696,0.25291489321256067,train
2013-12-31,-1.8418524595909092,-1.9990726823357605,0.15722022274485137,train
2014-01-02,-1.863540005181818,-1.825764358797794,-0.037775646384023975,train
2014-01-03,-1.8700861265454547,-1.786745505125922,-0.08334062141953269,train
2014-01-06,-1.8732042105,-1.8494389669378655,-0.023765243562134497,train
2014-01-07,-1.833430568,-1.8646047792806058,0.031174211280605713,train
2014-01-08,-1.8278306647272726,-1.8577439336473072,0.02991326892003454,train
2014-01-09,-1.8878943296363637,-1.8200730615084548,-0.0678212681279089,train
2014-01-10,-1.9479147245909092,-1.638394133404138,-0.3095205911867711,train
2014-01-13,-1.9302918936363638,-1.80595002101527,-0.12434187262109386,train
2014-01-14,-1.9015396834090907,-1.8476555076338743,-0.053884175775216425,train
2014-01-15,-1.9255325842272726,-1.8155722164027246,-0.10996036782454799,train
2014-01-16,-1.95614751,-1.8198368903569788,-0.13631061964302127,train
2014-01-17,-1.965319094909091,-1.9495389722789793,-0.015780122630111748,train
2014-01-20,-1.9796971189545454,-2.025347203274411,0.045650084319865725,train
2014-01-21,-1.9817195361363635,-2.001691941497175,0.019972405360811463,train
2014-01-22,-1.991767830909091,-2.0283524364744103,0.036584605565319395,train
2014-01-23,-2.036677684181818,-1.9312976151465029,-0.10538006903531505,train
2014-01-24,-2.083970032681818,-1.8461066963129082,-0.23786333636890977,train
2014-01-27,-2.0986561999090907,-1.8450942305358675,-0.2535619693732232,train
2014-01-28,-2.0944354424545457,-1.845446227921119,-0.2489892145334267,train
2014-01-29,-2.076016940727273,-1.7401812711207412,-0.3358356696065319,train
2014-01-30,-2.0823512103636364,-1.77379234989979,-0.3085588604638463,train
2014-01-31,-2.1014791902727272,-1.777167395932618,-0.32431179434010926,train
2014-02-03,-2.1063732069545456,-1.791726428698262,-0.3146467782562836,train
2014-02-04,-2.092684073727273,-1.7959588550732963,-0.2967252186539766,train
2014-02-05,-2.0958483745,-1.8298124858421339,-0.2660358886578662,train
2014-02-06,-2.170767535409091,-1.691694258199162,-0.47907327720992887,train
2014-02-07,-2.216656691409091,-1.7395619332136631,-0.4770947581954277,train
2014-02-10,-2.202161172,-1.9242101636737627,-0.2779510083262371,train
2014-02-11,-2.173578906227273,-1.8722111048866588,-0.301367801340614,train
2014-02-12,-2.177937692227273,-1.852916125475967,-0.3250215667513059,train
2014-02-13,-2.2068304256818183,-1.8691998143308775,-0.33763061135094086,train
2014-02-14,-2.1811826484545453,-1.9915886392771123,-0.18959400917743308,train
2014-02-17,-2.144248963272727,-1.9849601118697795,-0.15928885140294757,train
2014-02-18,-2.128309808318182,-2.005217842396043,-0.12309196592213878,train
2014-02-19,-2.1003151089545455,-2.1079401305870995,0.007625021632553963,train
2014-02-20,-2.0618017155,-2.098927121904662,0.037125406404662,train
2014-02-21,-2.0314367326363634,-2.118869468821768,0.08743273618540481,train
2014-02-24,-2.0071726081818184,-2.1458237453217914,0.138651137139973,train
2014-02-25,-1.983814879909091,-2.1632812504459547,0.17946637053686376,train
2014-02-26,-1.9649851770454547,-2.1339208881291536,0.16893571108369887,train
2014-02-27,-1.9528087829999998,-2.102786794768526,0.14997801176852632,train
2014-02-28,-2.0239851609545454,-1.9148406595734446,-0.10914450138110077,train
2014-03-03,-2.056921694045455,-1.945146721258775,-0.11177497278667992,train
2014-03-04,-2.027813795727273,-1.9407880186413458,-0.08702577708592729,train
2014-03-05,-2.0182124358636364,-1.9082486905035,-0.10996374536013631,train
2014-03-06,-2.080738807818182,-1.8564321538884208,-0.22430665392976112,train
2014-03-07,-2.100395862681818,-1.9525485036146086,-0.14784735906720958,train
2014-03-10,-2.0677935765454545,-2.0914275485236695,0.02363397197821504,train
2014-03-11,-2.0697772274545456,-2.144487952652348,0.07471072519780231,train
2014-03-12,-2.0907526398181817,-2.159881109744455,0.06912846992627308,train
2014-03-13,-2.142949726681818,-2.02522268875494,-0.117727037926878,train
2014-03-14,-2.166385606272727,-2.0773447126630114,-0.08904089360971579,train
2014-03-17,-2.1702971700454547,-2.0957063703100984,-0.07459079973535632,train
2014-03-18,-2.215098607090909,-1.9945303153073421,-0.22056829178356674,train
2014-03-19,-2.3325394565454545,-1.9079278804946544,-0.4246115760508,train
2014-03-20,-2.4078078129090907,-1.975270797425452,-0.43253701548363876,train
2014-03-21,-2.4405671479545457,-1.9923213672162399,-0.4482457807383058,train
2014-03-24,-2.477495641818182,-1.8507858524604246,-0.6267097893577573,train
2014-03-25,-2.5078486221818186,-1.8629885809200568,-0.6448600412617618,train
2014-03-26,-2.565142541181818,-1.8920116784913177,-0.6731308626905002,train
2014-03-27,-2.598248157227273,-1.8724394685114478,-0.725808688715825,train
2014-03-28,-2.6162033504090907,-1.8513450518825467,-0.764858298526544,train
2014-03-31,-2.627120665590909,-1.8672563960644422,-0.759864269526467,train
2014-04-01,-2.670526739818182,-2.015225617116078,-0.6553011227021042,train
2014-04-02,-2.6430608185,-2.0675890916774824,-0.5754717268225176,train
2014-04-03,-2.738975156636364,-1.9209694484679234,-0.8180057081684404,train
2014-04-04,-2.779251103590909,-1.9320611013318005,-0.8471900022591086,train
2014-04-07,-2.767564838590909,-2.1514641344913934,-0.6161007040995155,train
2014-04-08,-2.698878929227273,-2.1006590634776936,-0.5982198657495794,train
2014-04-09,-2.718067584863636,-2.005855864880894,-0.7122117199827422,train
2014-04-10,-2.7394931161818183,-2.1502405211583073,-0.589252595023511,train
2014-04-11,-2.699855370818182,-2.2588500903310433,-0.4410052804871385,train
2014-04-14,-2.7060232010909093,-2.1991809609298363,-0.506842240161073,train
2014-04-15,-2.683055595318182,-2.2110704801494383,-0.47198511516874353,train
2014-04-16,-2.689653629363636,-2.2359048601298444,-0.4537487692337918,train
2014-04-17,-2.6990147849090906,-2.299969297751008,-0.39904548715808286,train
2014-04-18,-2.6422796818636365,-2.5478553375528654,-0.09442434431077107,train
2014-04-21,-2.581447550181818,-2.6065165992314245,0.025069049049606384,train
2014-04-22,-2.568501356590909,-2.582401183160456,0.013899826569546914,train
2014-04-23,-2.6095628745909094,-2.5260162268373114,-0.08354664775359799,train
2014-04-24,-2.654486093863636,-2.5293569655031725,-0.12512912836046342,train
2014-04-25,-2.6425043424545454,-2.554089933952547,-0.08841440850199822,train
2014-04-28,-2.6423224825454548,-2.4514970471551916,-0.1908254353902632,train
2014-04-29,-2.6655732783181816,-2.3956590958697106,-0.269914182448471,train
2014-04-30,-2.6958762772272724,-2.370288991301296,-0.3255872859259763,train
2014-05-01,-2.6560844238181818,-2.586154305692163,-0.06993011812601857,train
2014-05-02,-2.6791447511363637,-2.3614301723071622,-0.3177145788292015,train
2014-05-05,-2.642286815181818,-2.5831592505875753,-0.05912756459424262,train
2014-05-06,-2.5574458563181817,-2.543162616232486,-0.014283240085695592,train
2014-05-07,-2.5128913308636367,-2.6044150593949253,0.09152372853128865,train
2014-05-08,-2.5987529081363636,-2.2517951851564586,-0.346957722979905,train
2014-05-09,-2.606234970227273,-2.4073192921423114,-0.19891567808496147,train
2014-05-12,-2.587292727318182,-2.4564046349894233,-0.13088809232875853,train
2014-05-13,-2.599440803090909,-2.3129708757250254,-0.2864699273658835,train
2014-05-14,-2.6039259997727275,-2.3455089028506784,-0.25841709692204917,train
2014-05-15,-2.622130839318182,-2.350820449418474,-0.2713103898997078,train
2014-05-16,-2.630113831227273,-2.4133365871786143,-0.2167772440486586,train
2014-05-19,-2.599274787818182,-2.4510971387363334,-0.14817764908184872,train
2014-05-20,-2.580115984818182,-2.482922721033834,-0.097193263784348,train
2014-05-21,-2.605630415954545,-2.383610330614739,-0.222020085339806,train
2014-05-22,-2.616287534,-2.4444138058716973,-0.1718737281283027,train
2014-05-23,-2.605397149863636,-2.5392174488032806,-0.06617970106035553,train
2014-05-26,-2.574195125,-2.606645586284012,0.032450461284011745,train
2014-05-27,-2.5414285381363637,-2.5629331616869444,0.021504623550580693,train
2014-05-28,-2.5686563607727275,-2.556220985560615,-0.012435375212112465,train
2014-05-29,-2.5641959947272728,-2.5979304162944663,0.03373442156719353,train
2014-05-30,-2.584942399590909,-2.5778305331431444,-0.007111866447764736,train
2014-06-02,-2.607707424272727,-2.5090653968345724,-0.09864202743815476,train
2014-06-03,-2.6031804950454545,-2.4711437628477393,-0.13203673219771517,train
2014-06-04,-2.6633638928636363,-2.4765134708336314,-0.1868504220300049,train
2014-06-05,-2.7840253867272726,-2.142554051559051,-0.6414713351682217,train
2014-06-06,-2.863984554909091,-2.157650889419337,-0.7063336654897538,train
2014-06-09,-2.867688808636364,-2.2885242574526337,-0.5791645511837302,train
2014-06-10,-2.8843354592727275,-2.271907805038291,-0.6124276542344367,train
2014-06-11,-2.9089452628636363,-2.281833671595365,-0.6271115912682714,train
2014-06-12,-2.946958182772727,-2.3560221084378656,-0.5909360743348615,train
2014-06-13,-2.9330409041363636,-2.4442534295285916,-0.48878747460777205,train
2014-06-16,-2.9648639941363637,-2.3939723399948716,-0.5708916541414921,train
2014-06-17,-2.9853246848181816,-2.438837413006392,-0.5464872718117895,train
2014-06-18,-2.9913018495,-2.371669667832147,-0.6196321816678529,train
2014-06-19,-3.026447533681818,-2.3949911377027577,-0.6314563959790602,train
2014-06-20,-3.011476295,-2.4428872744514862,-0.5685890205485138,train
2014-06-23,-3.0282864557727276,-2.474697644112742,-0.5535888116599854,train
2014-06-24,-3.0239516139999996,-2.481849775300116,-0.5421018386998835,train
2014-06-25,-3.036286828727273,-2.4809493893194228,-0.5553374394078503,train
2014-06-26,-3.1127853735,-2.406517653338665,-0.706267720161335,train
2014-06-27,-3.1287103979090904,-2.5242003231000925,-0.604510074808998,train
2014-06-30,-3.103191263454546,-2.4745095084488766,-0.6286817550056694,train
2014-07-01,-3.088936363681818,-2.542787282563737,-0.5461490811180809,train
2014-07-02,-3.043932572363637,-2.580216373171952,-0.4637161991916847,train
2014-07-03,-3.103879230181818,-2.521452208105173,-0.582427022076645,train
2014-07-04,-3.0641364348181814,-2.73252072665756,-0.33161570816062147,train
2014-07-07,-3.0240903714545455,-2.7720505412804988,-0.25203983017404674,train
2014-07-08,-2.9681167669999997,-2.8463946455996303,-0.12172212140036942,train
2014-07-09,-2.9437705005,-2.7760939932132853,-0.16767650728671457,train
2014-07-10,-2.9648622335909085,-2.817530397987066,-0.14733183560384244,train
2014-07-11,-2.956791560590909,-2.8083050889622068,-0.14848647162870243,train
2014-07-14,-2.9088067571363636,-2.7986742522933614,-0.11013250484300219,train
2014-07-15,-2.910522704409091,-2.6484323779839136,-0.26209032642517727,train
2014-07-16,-2.87405579,-2.728673490038959,-0.14538229996104102,train
2014-07-17,-2.8759056723636363,-2.7629441613149566,-0.11296151104867969,train
2014-07-18,-2.872086214772727,-2.6567723385505015,-0.21531387622222553,train
2014-07-21,-2.8346437185454545,-2.751511169280374,-0.08313254926508051,train
2014-07-22,-2.8425429045,-2.689056038290946,-0.15348686620905427,train
2014-07-23,-2.798659371409091,-2.760540708746983,-0.03811866266210773,train
2014-07-24,-2.797904451818182,-2.6954842724842876,-0.10242017933389436,train
2014-07-25,-2.7727626438181816,-2.751864057346577,-0.020898586471604474,train
2014-07-28,-2.701022777818182,-2.8990491043442286,0.19802632652604668,train
2014-07-29,-2.6378662134545454,-2.9445667441676013,0.3067005307130559,train
2014-07-30,-2.648702828,-2.7489114271598765,0.10020859915987668,train
2014-07-31,-2.6749642771363638,-2.809880263742605,0.13491598660624105,train
2014-08-01,-2.7117989846818182,-2.6810147625603853,-0.030784222121432947,train
2014-08-04,-2.639951631909091,-2.8182943300783654,0.17834269816927417,train
2014-08-05,-2.5041344263181817,-2.725098388281073,0.22096396196289136,train
2014-08-06,-2.472894368,-2.679396761772099,0.2065023937720989,train
2014-08-07,-2.463649008181818,-2.6103028002878617,0.14665379210604357,train
2014-08-08,-2.4277552891363636,-2.61713175745312,0.18937646831675625,train
2014-08-11,-2.344323565590909,-2.688546300612515,0.34422273502160605,train
2014-08-12,-2.290358515090909,-2.6579327585329353,0.3675742434420264,train
2014-08-13,-2.285553790772727,-2.528872369516673,0.24331857874394602,train
2014-08-14,-2.2762665984545456,-2.559821759108426,0.2835551606538802,train
2014-08-15,-2.2594343435909092,-2.524849013079576,0.265414669488667,train
2014-08-18,-2.1522091883636367,-2.594981058519527,0.4427718701558905,train
2014-08-19,-2.1083901219545456,-2.4805429461950634,0.3721528242405179,train
2014-08-20,-2.071337345454545,-2.4994043064731524,0.4280669610186072,train
2014-08-21,-2.0433018058181815,-2.53884969758838,0.4955478917701983,train
2014-08-22,-2.0396296855454548,-2.479727671147128,0.44009798560167335,train
2014-08-25,-2.0062577768636363,-2.492178386082351,0.4859206092187147,train
2014-08-26,-1.9637913325454546,-2.4578718179913066,0.49408048544585204,train
2014-08-27,-1.9588095144545454,-2.4106385247989457,0.45182901034440026,train
2014-08-28,-1.9499149240454547,-2.3384466093148824,0.3885316852694276,train
2014-08-29,-1.902672103409091,-2.3729008902762043,0.47022878686711334,train
2014-09-01,-1.8122205172272727,-2.517363911301228,0.7051433940739551,train
2014-09-02,-1.7178912030454547,-2.529701102400387,0.8118098993549323,train
2014-09-03,-1.674463396772727,-2.4133500436800346,0.7388866469073077,train
2014-09-04,-1.7372210915000001,-2.059092446762975,0.32187135526297506,train
2014-09-05,-1.7092346640454545,-2.149934991044986,0.44070032699953154,train
2014-09-08,-1.6385778973636362,-2.089019552122837,0.45044165475920095,train
2014-09-09,-1.6058249856363636,-1.9373159624557235,0.3314909768193599,train
2014-09-10,-1.6045972953181817,-1.862592881434381,0.2579955861161993,train
2014-09-11,-1.5746833933636362,-1.986059302041042,0.4113759086774058,train
2014-09-12,-1.5507341355000002,-2.0031607124449793,0.4524265769449791,train
2014-09-15,-1.455557326,-2.0213863012320714,0.5658289752320713,train
2014-09-16,-1.3815690078636362,-2.007659307431403,0.6260902995677666,train
2014-09-17,-1.3916062885454545,-1.8329573789474753,0.4413510904020208,train
2014-09-18,-1.398438256409091,-1.8346103352668928,0.43617207885780185,train
2014-09-19,-1.376046557,-1.819761140188222,0.4437145831882221,train
2014-09-22,-1.3395819874545454,-1.834668041746703,0.4950860542921576,train
2014-09-23,-1.3031497342727272,-1.8555323470151253,0.5523826127423981,train
2014-09-24,-1.301348412,-1.9063044013380064,0.6049559893380063,train
2014-09-25,-1.3245191117727273,-1.8502342733048363,0.525715161532109,train
2014-09-26,-1.2965933812272727,-1.9450137048906113,0.6484203236633386,train
2014-09-29,-1.2582769515454546,-1.9146464066736872,0.6563694551282326,train
2014-09-30,-1.264628653681818,-1.7923904543478832,0.5277618006660652,train
2014-10-01,-1.2306511,-1.7284457403336824,0.49779464033368237,train
2014-10-02,-1.2461699556818182,-1.6069493907060235,0.3607794350242053,train
2014-10-03,-1.2756017096363637,-1.5407916560739858,0.26518994643762217,train
2014-10-06,-1.2727223318181817,-1.564963472955314,0.2922411411371322,train
2014-10-07,-1.239665581681818,-1.5168253401380274,0.2771597584562093,train
2014-10-08,-1.254777731909091,-1.381030621491509,0.12625288958241798,train
2014-10-09,-1.2887316405454545,-1.3893156241789113,0.10058398363345677,train
2014-10-10,-1.2939331646363639,-1.4662745500201997,0.1723413853838358,train
2014-10-13,-1.2897375062727272,-1.4128736138312128,0.12313610755848559,train
2014-10-14,-1.3039686072272727,-1.4392265543317126,0.13525794710443995,train
2014-10-15,-1.3370089767272726,-1.2562496471398708,-0.08075932958740184,train
2014-10-16,-1.3862812365454547,-1.1997442949036765,-0.18653694164177814,train
2014-10-17,-1.4184325799545454,-1.2433163812901071,-0.17511619866443828,train
2014-10-20,-1.4150299185,-1.311995927840485,-0.10303399065951502,train
2014-10-21,-1.4060119343181818,-1.2511104336526537,-0.1549015006655281,train
2014-10-22,-1.3997651655454546,-1.3210824953927467,-0.07868267015270791,train
2014-10-23,-1.4106658515454547,-1.383032414127149,-0.027633437418305595,train
2014-10-24,-1.3959456747727272,-1.4934060899271964,0.09746041515446913,train
2014-10-27,-1.3663011945909092,-1.5331109134356022,0.1668097188446931,train
2014-10-28,-1.3824224686818183,-1.516242185351758,0.13381971666993975,train
2014-10-29,-1.405949709409091,-1.4523018289831253,0.0463521195740344,train
2014-10-30,-1.4007221145909092,-1.495543147027527,0.09482103243661788,train
2014-10-31,-1.4590940556818182,-1.333070085142976,-0.12602397053884218,train
2014-11-03,-1.475472427409091,-1.3357774506724496,-0.13969497673664133,train
2014-11-04,-1.405576442909091,-1.4067965810377838,0.001220138128692927,train
2014-11-05,-1.3719568530909092,-1.3960897197846875,0.024132866693778343,train
2014-11-06,-1.4258204641818182,-1.2333889170966805,-0.19243154708513766,train
2014-11-07,-1.4321692239545454,-1.2914102129139642,-0.1407590110405812,train
2014-11-10,-1.4240217178636365,-1.387562788533491,-0.036458929330145606,train
2014-11-11,-1.382814433090909,-1.3789945040628906,-0.0038199290280183096,train
2014-11-12,-1.3860294224545455,-1.3165109054880635,-0.06951851696648204,train
2014-11-13,-1.3629236040909092,-1.460149074264029,0.09722547017311989,train
2014-11-14,-1.3599455167727272,-1.3886592616246365,0.02871374485190925,train
2014-11-17,-1.3187102547272729,-1.4331488339048184,0.11443857917754552,train
2014-11-18,-1.2826681556818182,-1.4925727671661762,0.2099046114843579,train
2014-11-19,-1.2839479215,-1.4925191253790848,0.2085712038790848,train
2014-11-20,-1.3289032152272726,-1.3931016685499458,0.06419845332267315,train
2014-11-21,-1.3690394303636362,-1.4236785524405224,0.05463912207688626,train
2014-11-24,-1.4048600174545454,-1.4809533409914541,0.07609332353690879,train
2014-11-25,-1.4489092975454545,-1.4713483385557535,0.022439041010299032,train
2014-11-26,-1.4644493290454543,-1.4247192434646176,-0.03973008558083668,train
2014-11-27,-1.4528963619545454,-1.5462083216881854,0.09331195973364004,train
2014-11-28,-1.4742113699545456,-1.5633488953312007,0.08913752537665509,train
2014-12-01,-1.476835047,-1.5255672171370134,0.048732170137013364,train
2014-12-02,-1.422992824818182,-1.6226128922688137,0.19962006745063166,train
2014-12-03,-1.3977712115454546,-1.6141342849099023,0.2163630733644477,train
2014-12-04,-1.4285706335,-1.3622997977607132,-0.06627083573928672,train
2014-12-05,-1.4563062868181817,-1.3243364557901147,-0.13196983102806703,train
2014-12-08,-1.4308154236818182,-1.4430692529264695,0.012253829244651238,train
2014-12-09,-1.4437354432272729,-1.3348229121356934,-0.1089125310915795,train
2014-12-10,-1.4325637693636364,-1.3521538115856055,-0.08040995777803084,train
2014-12-11,-1.4304865360454546,-1.3052435331775596,-0.12524300286789503,train
2014-12-12,-1.3355188244545453,-1.3809168590987553,0.045398034644209995,train
2014-12-15,-1.2967041808181818,-1.350294090435958,0.0535899096177761,train
2014-12-16,-1.3090311734545454,-1.2883519309558011,-0.02067924249874431,train
2014-12-17,-1.3437955558636363,-1.1785116923722243,-0.165283863491412,train
2014-12-18,-1.3000270302727273,-1.22791802664707,-0.07210900362565731,train
2014-12-19,-1.2104307797727272,-1.2960236084073582,0.08559282863463102,train
2014-12-22,-1.0904217475454545,-1.396778475615312,0.3063567280698576,train
2014-12-23,-1.006016809909091,-1.4988623348852084,0.49284552497611744,train
2014-12-24,-0.9021048785000001,-1.6688851278304655,0.7667802493304654,train
2014-12-26,-0.8083162080909091,-1.813047446821511,1.004731238730602,train
2014-12-29,-0.7681427195909092,-1.752090217264523,0.9839474976736138,train
2014-12-30,-0.7176868527727273,-1.7311575122408664,1.013470659468139,train
2014-12-31,-0.6645672220454546,-1.7811858163794936,1.116618594334039,train
2015-01-02,-0.6275473994545455,-1.6641659482855995,1.036618548831054,train
2015-01-05,-0.6221827381363636,-1.4713400768624882,0.8491573387261246,train
2015-01-06,-0.5910513493636363,-1.4406949500806052,0.8496436007169689,train
2015-01-07,-0.5521650189090909,-1.3934425580092158,0.8412775391001249,train
2015-01-08,-0.5436517993636364,-1.3833915394206004,0.8397397400569641,train
2015-01-09,-0.5293491916818182,-1.3316653209297828,0.8023161292479647,train
2015-01-12,-0.5190131122272728,-1.3931674172231643,0.8741543049958915,train
2015-01-13,-0.4952182253181819,-1.3849144392027737,0.8896962138845919,train
2015-01-14,-0.5226515458636364,-1.323071960999156,0.8004204151355195,train
2015-01-15,-0.6223596175909091,-1.0113248876609369,0.3889652700700278,train
2015-01-16,-0.6513745912272728,-1.059244441936423,0.4078698507091503,train
2015-01-19,-0.6363030604090909,-1.0971888526890348,0.46088579227994386,train
2015-01-20,-0.6342670660454545,-1.1251207384327446,0.49085367238729016,train
2015-01-21,-0.6512261604090909,-0.9661174436214118,0.31489128321232096,train
2015-01-22,-0.7248929860454546,-0.9210584486405219,0.19616546259506729,train
2015-01-23,-0.8108217907272727,-0.783254562963218,-0.027567227764054625,train
2015-01-26,-0.8770058732272726,-0.7626704186400818,-0.11433545458719085,train
2015-01-27,-0.9288911540454545,-0.6416444306217451,-0.2872467234237094,train
2015-01-28,-0.9491635987727272,-0.6778923373106551,-0.27127126146207203,train
2015-01-29,-0.9952752948636363,-0.7651680648499419,-0.23010723001369437,train
2015-01-30,-1.0435519872727275,-0.8098192698691835,-0.23373271740354395,train
2015-02-02,-1.052337842409091,-0.87038443654628,-0.18195340586281106,train
2015-02-03,-1.0589190321363635,-0.8636615765798235,-0.19525745555654006,train
2015-02-04,-1.0231161103181818,-0.875869557355802,-0.14724655296237987,train
2015-02-05,-1.0655111968181818,-0.8081909246610725,-0.2573202721571094,train
2015-02-06,-1.0741411854090908,-0.7355739243825395,-0.3385672610265512,train
2015-02-09,-1.0277438831363634,-0.8315289240848615,-0.196214959051502,train
2015-02-10,-0.9768053434545454,-0.8062055168912426,-0.17059982656330275,train
2015-02-11,-0.9357550131818182,-0.8586697580901751,-0.0770852550916431,train
2015-02-12,-0.9304792985909089,-0.8310483583757007,-0.09943094021520826,train
2015-02-13,-0.9119472155454545,-0.9711461261931312,0.059198910647676684,train
2015-02-16,-0.7797945056818182,-1.0261162344840182,0.24632172880220005,train
2015-02-17,-0.7088234307727272,-1.0324089463149806,0.32358551554225334,train
2015-02-18,-0.6786090223181818,-0.9710620835670469,0.29245306124886516,train
2015-02-19,-0.6200652607727273,-1.0398212448033946,0.4197559840306673,train
2015-02-20,-0.5947465154545454,-0.9250095923096978,0.33026307685515244,train
2015-02-23,-0.5705997408636363,-1.0122453634616442,0.4416456225980079,train
2015-02-24,-0.5350810279545455,-1.0607327795231836,0.5256517515686381,train
2015-02-25,-0.47449352486363644,-1.1802464452639365,0.7057529204003001,train
2015-02-26,-0.44622321022727274,-1.1721442715217956,0.7259210612945228,train
2015-02-27,-0.43184028931818186,-1.1999034353552667,0.7680631460370848,train
2015-03-02,-0.37316560827272727,-1.3296100956431438,0.9564444873704165,train
2015-03-03,-0.32032894245454546,-1.36328429251688,1.0429553500623345,train
2015-03-04,-0.24542978199999999,-1.292745629942712,1.047315847942712,train
2015-03-05,-0.24778578904545456,-1.234072102498011,0.9862863134525565,train
2015-03-06,-0.28004548472727275,-1.0750794366249972,0.7950339518977244,train
2015-03-09,-0.2403291600909091,-1.1759805800286125,0.9356514199377034,train
2015-03-10,-0.26450629195454545,-1.0026847002984485,0.738178408343903,train
2015-03-11,-0.2896446054090909,-0.9023645659399778,0.6127199605308868,train
2015-03-12,-0.334447329,-0.7713527965291697,0.43690546752916964,train
2015-03-13,-0.32684149440909094,-0.8223839778067554,0.4955424833976645,train
2015-03-16,-0.30862268336363635,-0.7997561785525881,0.4911334951889517,train
2015-03-17,-0.26205932045454544,-0.8580018107090375,0.5959424902544921,train
2015-03-18,-0.3436599784545455,-0.4872831543699182,0.14362317591537271,train
2015-03-19,-0.4010626493636364,-0.538332387233388,0.13726973786975166,train
2015-03-20,-0.4283600025,-0.5620073883170049,0.13364738581700492,train
2015-03-23,-0.4635379646818182,-0.4792755438840654,0.01573757920224722,train
2015-03-24,-0.4839907734090909,-0.3994256861104711,-0.08456508729861983,train
2015-03-25,-0.46638990122727275,-0.6053866312888116,0.1389967300615389,train
2015-03-26,-0.4810540049545455,-0.6356301987361213,0.15457619378157578,train
2015-03-27,-0.49918608331818176,-0.6147412513117392,0.11555516799355742,train
2015-03-30,-0.46462594336363633,-0.6782019782328136,0.21357603486917726,train
2015-03-31,-0.4128374299545454,-0.7336470641021011,0.3208096341475557,train
2015-04-01,-0.4009937947727273,-0.6901156366694569,0.28912184189672957,train
2015-04-02,-0.42180589822727277,-0.669559669799353,0.24775377157208023,train
2015-04-03,-0.4485063264090909,-0.5043859664113368,0.055879640002245934,train
2015-04-06,-0.41361737009090904,-0.6310968439250134,0.21747947383410438,train
2015-04-07,-0.4003221285454545,-0.6215636842344798,0.22124155568902532,train
2015-04-08,-0.36970126859090907,-0.5839214365919798,0.21422016800107074,train
2015-04-09,-0.36166345327272725,-0.6458528551367912,0.284189401864064,train
2015-04-10,-0.3642134339545455,-0.7196065489856016,0.35539311503105614,train
2015-04-13,-0.3465787809545455,-0.7240483476969073,0.3774695667423618,train
2015-04-14,-0.3680310315909091,-0.6339916618702878,0.26596063027937866,train
2015-04-15,-0.3809931329090909,-0.6175074467223122,0.23651431381322124,train
2015-04-16,-0.4206978334545454,-0.5103993193304388,0.08970148587589338,train
2015-04-17,-0.4044992720909091,-0.5429655220456943,0.13846624995478518,train
2015-04-20,-0.3773146403181818,-0.6182900459302035,0.24097540561202174,train
2015-04-21,-0.3692636612272727,-0.6592698423525649,0.2900061811252922,train
2015-04-22,-0.34475620272727275,-0.705129701804799,0.3603734990775262,train
2015-04-23,-0.39577230627272725,-0.7125911714557668,0.31681886518303953,train
2015-04-24,-0.4093371885454546,-0.7080049655371241,0.2986677769916695,train
2015-04-27,-0.3880545768181818,-0.7564056608990949,0.3683510840809131,train
2015-04-28,-0.37563589672727277,-0.7599893434701462,0.3843534467428735,train
2015-04-29,-0.4124665093181818,-0.623096816757389,0.21063030743920724,train
2015-04-30,-0.45523346063636355,-0.5278859138643665,0.0726524532280029,train
2015-05-01,-0.44598423627272726,-0.5851605203861375,0.13917628411341026,train
2015-05-04,-0.3920008650909091,-0.6631219835768472,0.27112111848593806,train
2015-05-05,-0.3947796465909091,-0.5614909247316929,0.16671127814078385,train
2015-05-06,-0.3517765458181818,-0.5589434527740761,0.2071669069558943,train
2015-05-07,-0.34551420099999997,-0.6266782783929119,0.28116407739291194,train
2015-05-08,-0.3700349759090909,-0.5335628321694496,0.16352785626035865,train
2015-05-11,-0.3432255833181818,-0.5830114991862188,0.23978591586803694,train
2015-05-12,-0.3343377127727272,-0.6326589456356773,0.29832123286295004,train
2015-05-13,-0.3328792239090909,-0.5997821025529665,0.2669028786438756,train
2015-05-14,-0.3353915181818181,-0.6435941116001033,0.30820259341828515,train
2015-05-15,-0.3564716647272727,-0.6864631415579175,0.32999147683064484,train
2015-05-18,-0.36068290318181817,-0.7317697498959339,0.37108684671411574,train
2015-05-19,-0.37807730754545454,-0.5950761446629799,0.21699883711752532,train
2015-05-20,-0.41239635140909087,-0.6027605569938257,0.19036420558473482,train
2015-05-21,-0.4215196158181818,-0.6226893568663723,0.20116974104819046,train
2015-05-22,-0.4493776243181818,-0.5605013536848803,0.11112372936669851,train
2015-05-25,-0.42470688413636365,-0.7361615865828863,0.3114547024465227,train
2015-05-26,-0.44309662263636357,-0.7174340378638985,0.2743374152275349,train
2015-05-27,-0.47039583250000006,-0.6955556952840507,0.22515986278405065,train
2015-05-28,-0.42305170886363636,-0.6971406874852072,0.27408897862157083,train
2015-05-29,-0.4067432920909091,-0.7679781804804202,0.3612348883895111,train
2015-06-01,-0.4110562152727273,-0.7094109261529434,0.29835471088021615,train
2015-06-02,-0.4231160471363636,-0.6386110508703349,0.2154950037339713,train
2015-06-03,-0.49467964936363634,-0.5570450580515165,0.06236540868788015,train
2015-06-04,-0.501256487,-0.5728535941938437,0.07159710719384371,train
2015-06-05,-0.5632689939545454,-0.3674974734977502,-0.19577152045679524,train
2015-06-08,-0.5758288254999999,-0.4355020128899491,-0.1403268126100508,train
2015-06-09,-0.5919001419545455,-0.4698288662154816,-0.12207127573906396,train
2015-06-10,-0.6010912512272728,-0.4559040738428706,-0.14518717738440218,train
2015-06-11,-0.578645026590909,-0.5174036161378658,-0.06124141045304321,train
2015-06-12,-0.6100428026818182,-0.5644615485610996,-0.04558125412071856,train
2015-06-15,-0.6233820423181818,-0.6207305371775824,-0.0026515051405994194,train
2015-06-16,-0.6104978312272727,-0.6962417392177286,0.08574390799045584,train
2015-06-17,-0.6365853968181818,-0.7408626653351547,0.10427726851697283,train
2015-06-18,-0.6924175634545455,-0.6797103981386782,-0.012707165315867353,train
2015-06-19,-0.6955730324090909,-0.7945967485404335,0.09902371613134264,train
2015-06-22,-0.7109154594545455,-0.7842119150949848,0.0732964556404393,train
2015-06-23,-0.7079836687272727,-0.7872331075003934,0.07924943877312074,train
2015-06-24,-0.7075120327727272,-0.7940773486039427,0.08656531583121552,train
2015-06-25,-0.6974081995909092,-0.8584037774561253,0.16099557786521612,train
2015-06-26,-0.7222224173636363,-0.8621975243873222,0.13997510702368587,train
2015-06-29,-0.7908658902272727,-0.6305235524089153,-0.16034233781835738,train
2015-06-30,-0.828095353909091,-0.6741881499609166,-0.15390720394817436,train
2015-07-01,-0.7979180053636363,-0.6802268416147337,-0.11769116374890265,train
2015-07-02,-0.8455734022727271,-0.6231170917669195,-0.2224563105058076,train
2015-07-03,-0.8420868634545454,-0.7651921216662965,-0.07689474178824895,train
2015-07-06,-0.8726241543181819,-0.7397807019048367,-0.13284345241334516,train
2015-07-07,-0.9180258381363636,-0.7913795530491718,-0.12664628508719178,train
2015-07-08,-0.904371378,-0.7871767820441062,-0.11719459595589377,train
2015-07-09,-0.9238842615909092,-0.8304213295421526,-0.09346293204875655,train
2015-07-10,-0.9410005900000001,-0.7283215719183532,-0.2126790180816469,train
2015-07-13,-0.9713830843636363,-0.6841274838857364,-0.2872556004778999,train
2015-07-14,-0.9645056983181818,-0.7998516192040777,-0.16465407911410412,train
2015-07-15,-0.979681956409091,-0.8281107653984404,-0.15157119101065053,train
2015-07-16,-1.0056406174090908,-0.7999493281227165,-0.20569128928637437,train
2015-07-17,-1.0141278952272728,-0.9496965763322051,-0.0644313188950677,train
2015-07-20,-0.9849127830454545,-1.0714627243321289,0.08654994128667437,train
2015-07-21,-0.9803682731818182,-1.0358472948776336,0.05547902169581542,train
2015-07-22,-0.9730034020909092,-1.0533708233924324,0.08036742130152319,train
2015-07-23,-0.9011847225,-1.0246641454960879,0.12347942299608783,train
2015-07-24,-0.847993195181818,-1.0074586634280007,0.15946546824618268,train
2015-07-27,-0.8078715817727272,-0.9477970218585741,0.13992544008584684,train
2015-07-28,-0.7594916609090909,-1.0463969883867765,0.2869053274776856,train
2015-07-29,-0.7428547605454546,-1.0185557423515066,0.27570098180605196,train
2015-07-30,-0.7274339374545454,-1.0830896622113713,0.35565572475682583,train
2015-07-31,-0.7464957589545453,-0.9079349714553273,0.16143921250078197,train
2015-08-03,-0.7199431745909091,-1.0921122616846337,0.37216908709372465,train
2015-08-04,-0.6810900422272728,-1.0690271420138537,0.387937099786581,train
2015-08-05,-0.660597246,-1.0612867992069406,0.40068955320694055,train
2015-08-06,-0.6601255540454546,-1.1455650099543944,0.4854394559089398,train
2015-08-07,-0.7057839994090909,-1.0454121009490993,0.33962810154000844,train
2015-08-10,-0.7133386109090909,-1.1109330460030065,0.39759443509391557,train
2015-08-11,-0.7191204196818183,-1.0371800204655681,0.31805960078374984,train
2015-08-12,-0.7303623135454544,-1.0382834049003742,0.30792109135491974,train
2015-08-13,-0.760306661,-0.994643399240672,0.23433673824067203,train
2015-08-14,-0.7726749365454545,-1.1059281930960276,0.33325325655057314,train
2015-08-17,-0.7696479383636364,-1.1224118890541637,0.35276395069052724,train
2015-08-18,-0.7104683551363636,-1.2204211386366606,0.5099527835002969,train
2015-08-19,-0.7077722720454546,-1.1529157690686282,0.4451434970231737,train
2015-08-20,-0.7199447197727273,-1.163267503665688,0.44332278389296076,train
2015-08-21,-0.7356530113636364,-1.1341333349515166,0.3984803235878802,train
2015-08-24,-0.8009925819545455,-0.818126520358282,0.01713393840373656,train
2015-08-25,-0.853574587,-0.7257532801773712,-0.12782130682262882,train
2015-08-26,-0.8887444949545457,-0.6626836669294489,-0.22606082802509675,train
2015-08-27,-0.9203807148636365,-0.6538929900367616,-0.2664877248268749,train
2015-08-28,-0.9352723002272728,-0.6376305635000847,-0.2976417367271881,train
2015-08-31,-0.9527665418636363,-0.7646530407227282,-0.18811350114090808,train
2015-09-01,-1.0052455785454546,-0.7768061758834551,-0.22843940266199947,train
2015-09-02,-0.9481610835454546,-0.8666205297226485,-0.08154055382280612,train
2015-09-03,-0.9780793191363636,-0.820436694663388,-0.1576426244729756,train
2015-09-04,-1.0168962442272726,-0.8208856472742636,-0.19601059695300904,train
2015-09-07,-1.0070636764545455,-0.9455253661886106,-0.061538310265934926,train
2015-09-08,-0.9992696960909092,-0.9925591022632597,-0.006710593827649491,train
2015-09-09,-0.9925723903636363,-1.0318666964786343,0.03929430611499796,train
2015-09-10,-1.047869566409091,-1.0145433141793538,-0.03332625222973706,train
2015-09-11,-1.0708412188181817,-1.0638097272849978,-0.007031491533183942,train
2015-09-14,-1.0619655298636363,-1.1131554173407,0.051189887477063545,train
2015-09-15,-1.0269601064090907,-1.142902431641421,0.11594232523233017,train
2015-09-16,-1.024661058818182,-1.1041643200733762,0.07950326125519425,train
2015-09-17,-1.0855596921818182,-0.9779305875424149,-0.10762910463940334,train
2015-09-18,-1.134589268090909,-1.0054526551932828,-0.12913661289762635,train
2015-09-21,-1.1618915430454546,-1.0243950831152628,-0.13749645993019177,train
2015-09-22,-1.1207703299090908,-1.015766685808751,-0.10500364410033969,train
2015-09-23,-1.1178788203636363,-0.944405818725625,-0.17347300163801127,train
2015-09-24,-1.148819273181818,-1.0311641654953945,-0.11765510768642362,train
2015-09-25,-1.1819778275,-1.0202127926527065,-0.16176503484729343,train
2015-09-28,-1.1271855287272727,-1.0646326944838618,-0.06255283424341096,train
2015-09-29,-1.1302775013636364,-1.0287113270966877,-0.1015661742669487,train
2015-09-30,-1.1176425580454543,-1.1047856777388487,-0.01285688030660559,train
2015-10-01,-1.112710173590909,-1.1948103881267351,0.08210021453582605,train
2015-10-02,-1.1961347827727271,-0.9369889046259727,-0.2591458781467544,train
2015-10-05,-1.1978475294545454,-1.0766710737096845,-0.12117645574486091,train
2015-10-06,-1.1922868637727273,-1.151545017730056,-0.04074184604267139,train
2015-10-07,-1.1366674986363636,-1.14310635774496,0.006438859108596429,train
2015-10-08,-1.1458891150454544,-1.0859974956532221,-0.05989161939223231,train
2015-10-09,-1.1479155718636365,-1.1941634376446617,0.046247865781025244,train
2015-10-12,-1.1174415153181818,-1.347752979279697,0.23031146396151514,train
2015-10-13,-1.0655722872272728,-1.319043538466735,0.2534712512394621,train
2015-10-14,-1.0467038775454547,-1.295409683595285,0.2487058060498304,train
2015-10-15,-1.064316870227273,-1.2188453199297677,0.1545284497024948,train
2015-10-16,-1.0763306052272728,-1.2472646020226295,0.1709339967953567,train
2015-10-19,-1.069086008,-1.2937213501743914,0.2246353421743914,train
2015-10-20,-1.029131217409091,-1.3572843263131606,0.3281531089040697,train
2015-10-21,-1.0085311936363637,-1.3940554239252598,0.38552423028889615,train
2015-10-22,-1.0549653005909092,-1.2274219573746012,0.17245665678369204,train
2015-10-23,-1.0963905991363636,-1.1988985903783533,0.10250799124198973,train
2015-10-26,-1.0745343216363636,-1.2965981059039247,0.22206378426756102,train
2015-10-27,-1.1213263391818182,-1.2661233686423476,0.14479702946052941,train
2015-10-28,-1.2106681717727272,-0.9953479982769471,-0.21532017349578014,train
2015-10-29,-1.2509118479090908,-1.1254938357734503,-0.12541801213564052,train
2015-10-30,-1.2824308948636363,-1.146484458202013,-0.1359464366616232,train
2015-11-02,-1.2707770434090908,-1.1763804598731287,-0.09439658353596214,train
2015-11-03,-1.1462304129545455,-1.2101799904700288,0.06394957751548325,train
2015-11-04,-1.0938531835454546,-1.2687005804919091,0.17484739694645457,train
2015-11-05,-1.1013366821363635,-1.3000537859085584,0.19871710377219487,train
2015-11-06,-1.1640567070909091,-1.1189495018009024,-0.04510720529000678,train
2015-11-09,-1.1592386767272727,-1.2089784398790697,0.04973976315179707,train
2015-11-10,-1.1612202306818182,-1.1901932529420955,0.028973022260277315,train
2015-11-11,-1.1367227717272728,-1.203284435230883,0.06656166350361015,train
2015-11-12,-1.1767822332272728,-1.0386560397394695,-0.1381261934878033,train
2015-11-13,-1.1940615256818181,-1.1250109449234673,-0.0690505807583508,train
2015-11-16,-1.1496421863181818,-1.1489273848246098,-0.0007148014935720592,train
2015-11-17,-1.125433229181818,-1.1870288227300676,0.061595593548249505,train
2015-11-18,-1.101349863409091,-1.2042128340671638,0.10286297065807282,train
2015-11-19,-1.1238095816363636,-1.1890555379495527,0.06524595631318908,train
2015-11-20,-1.141561943181818,-1.2401537200263257,0.0985917768445077,train
2015-11-23,-1.1473943096818182,-1.273808715599949,0.1264144059181307,train
2015-11-24,-1.1600191795909092,-1.295909319017684,0.13589013942677486,train
2015-11-25,-1.1900697187272729,-1.2345004011534118,0.0444306824261389,train
2015-11-26,-1.1470799590454546,-1.4612963561628216,0.31421639711736704,train
2015-11-27,-1.1414142010000001,-1.4846344995993732,0.3432202985993731,train
2015-11-30,-1.1186842455454544,-1.5297342053559921,0.4110499598105377,train
2015-12-01,-1.0786764964545457,-1.537845850303555,0.45916935384900937,train
2015-12-02,-1.084997475590909,-1.4998355507090042,0.4148380751180951,train
2015-12-03,-1.1861690962727272,-0.9956588861732403,-0.19051021009948688,train
2015-12-04,-1.2116289355,-0.962437091175292,-0.2491918443247081,train
2015-12-07,-1.154664074818182,-1.0626456102885586,-0.09201846452962337,train
2015-12-08,-1.1160102346363636,-1.075631080154642,-0.04037915448172158,train
2015-12-09,-1.1163649972727272,-1.0449053340964134,-0.0714596631763138,train
2015-12-10,-1.1052637991818182,-1.2207042377625203,0.11544043858070219,train
2015-12-11,-1.100816048,-1.2272589097139786,0.12644286171397856,train
2015-12-14,-1.067684554681818,-1.2654704558633108,0.19778590118149264,train
2015-12-15,-1.0869583898636364,-1.2586339858320388,0.17167559596840243,train
2015-12-16,-1.1339319581363636,-1.0867587081764376,-0.047173249959926,train
2015-12-17,-1.1376473582272728,-1.1102207422341523,-0.027426615993120462,train
2015-12-18,-1.0925563868181818,-1.1215508985111455,0.028994511692963743,train
2015-12-21,-1.0741744485454545,-1.1919973184122676,0.11782286986681312,train
2015-12-22,-1.0794466790000001,-1.2502815587250957,0.1708348797250956,train
2015-12-23,-1.0833713858636362,-1.318049134298338,0.2346777484347018,train
2015-12-24,-1.0554515389545456,-1.3942812021239408,0.3388296631693952,train
2015-12-28,-1.038068873,-1.4635997182665148,0.42553084526651475,train
2015-12-29,-1.0012209779090908,-1.425414667240478,0.4241936893313871,train
2015-12-30,-0.9949786978636364,-1.446452698850197,0.45147400098656054,train
2015-12-31,-1.0104505495454545,-1.393888170616116,0.38343762107066137,train
2016-01-04,-0.9935730151818181,-1.2659200927835073,0.2723470776016892,train
2016-01-05,-0.9526588614090908,-1.2866640432448966,0.33400518183580574,train
2016-01-06,-0.938970730090909,-1.2550134211609585,0.31604269107004945,train
2016-01-07,-0.9460293692272725,-1.1573074720900474,0.21127810286277482,train
2016-01-08,-0.9552580026363635,-1.0301201086307172,0.07486210599435372,train
2016-01-11,-0.9562891620454547,-1.0387204857143895,0.0824313236689348,train
2016-01-12,-0.9160288468636364,-1.0736720729468656,0.15764322608322923,train
2016-01-13,-0.9076082289999999,-1.0615651604116467,0.1539569314116468,train
2016-01-14,-0.9395202738181818,-1.0453687856095026,0.10584851179132082,train
2016-01-15,-0.981840659909091,-1.0357262823191002,0.05388562241000927,train
2016-01-18,-0.9630276762272726,-1.210017810747783,0.24699013452051044,train
2016-01-19,-0.9617161411363636,-1.1927461415395646,0.23103000040320099,train
2016-01-20,-0.973417795318182,-1.168529972331146,0.19511217701296402,train
2016-01-21,-1.0391233614545454,-1.022713511667595,-0.01640984978695048,train
2016-01-22,-1.0490174848636362,-1.147610805619551,0.09859332075591487,train
2016-01-25,-1.014750975318182,-1.2245860986032453,0.20983512328506326,train
2016-01-26,-1.0023100954545454,-1.227174944452468,0.22486484899792258,train
2016-01-27,-1.0015044575,-1.1828632559262149,0.18135879842621483,train
2016-01-28,-1.003784785181818,-1.292723534524618,0.28893874934279995,train
2016-01-29,-1.0216709660454546,-1.194380449044133,0.1727094829986784,train
2016-02-01,-1.0211359206818182,-1.255278488397732,0.23414256771591369,train
2016-02-02,-1.001873212727273,-1.2746784967781113,0.27280528405083837,train
2016-02-03,-0.9932789077727272,-1.1118931492947859,0.11861424152205868,train
2016-02-04,-1.0499823070454546,-1.0355489416710524,-0.014433365374402207,train
2016-02-05,-1.0846028375,-1.0420324417125246,-0.04257039578747546,train
2016-02-08,-1.118089674,-0.9945618461038281,-0.12352782789617178,train
2016-02-09,-1.0453977463636364,-0.8886773122440791,-0.15672043411955727,train
2016-02-10,-1.049173729681818,-0.9236139337807969,-0.12555979590102107,train
2016-02-11,-1.100826433181818,-0.8669560681339089,-0.23387036504790915,train
2016-02-12,-1.1354095119090908,-0.9224275805492718,-0.21298193135981902,train
2016-02-15,-1.0904353739545454,-1.0310703575128484,-0.059365016441697005,train
2016-02-16,-1.0633747819545454,-1.1182391147867703,0.054864332832224916,train
2016-02-17,-1.0768707722727273,-1.135708817550918,0.0588380452781907,train
2016-02-18,-1.1013289797727273,-1.187701973919051,0.08637299414632382,train
2016-02-19,-1.0962782657272727,-1.2196897667624393,0.12341150103516663,train
2016-02-22,-1.1120895757727274,-1.2664177042266056,0.15432812845387822,train
2016-02-23,-1.122029709590909,-1.2525788919623275,0.13054918237141844,train
2016-02-24,-1.2090784454999999,-1.2098898245341854,0.0008113790341854887,train
2016-02-25,-1.2556416387272726,-1.2303749989535897,-0.02526663977368293,train
2016-02-26,-1.2384920368181818,-1.2003681987170374,-0.03812383810114439,train
2016-02-29,-1.2348689798636363,-1.2325039753894775,-0.0023650044741587717,train
2016-03-01,-1.2503277629999998,-1.1962649052485075,-0.05406285775149233,train
2016-03-02,-1.2143925789999999,-1.2738528701806293,0.059460291180629454,train
2016-03-03,-1.2392442388181817,-1.2349899042876498,-0.0042543345305319225,train
2016-03-04,-1.2939932698636363,-1.0840351078830088,-0.20995816198062744,train
2016-03-07,-1.2704907662727274,-1.2455874257121866,-0.024903340560540776,train
2016-03-08,-1.2471313234999999,-1.2544372043493277,0.007305880849327817,train
2016-03-09,-1.2498028282272726,-1.2642971396495426,0.014494311422269979,train
2016-03-10,-1.3769528759545455,-0.8525014091101355,-0.52445146684441,train
2016-03-11,-1.3991054506363636,-1.0478690606453918,-0.35123638999097184,train
2016-03-14,-1.3938367662272726,-1.109041524989358,-0.28479524123791466,train
2016-03-15,-1.3902553153181818,-1.1499271408591274,-0.2403281744590544,train
2016-03-16,-1.4438902064545454,-0.9679254622781627,-0.4759647441763827,train
2016-03-17,-1.4806973140000002,-1.1263636245351163,-0.35433368946488386,train
2016-03-18,-1.4943087897727274,-1.2457095527386413,-0.24859923703408615,train
2016-03-21,-1.4909509308181819,-1.2891001866017169,-0.20185074421646498,train
2016-03-22,-1.4676713374090908,-1.202802780276277,-0.26486855713281376,train
2016-03-23,-1.459483423590909,-1.3557904747668192,-0.10369294882408986,train
2016-03-24,-1.469522239181818,-1.3843289317952823,-0.08519330738653563,train
2016-03-25,-1.405378951090909,-1.638321618536634,0.23294266744572512,train
2016-03-28,-1.3624950967272726,-1.6390786655048732,0.2765835687776006,train
2016-03-29,-1.384270867272727,-1.4672452817456056,0.08297441447287857,train
2016-03-30,-1.3756271648181817,-1.4941198491881253,0.11849268436994365,train
2016-03-31,-1.3720536505454546,-1.5001779450385744,0.1281242944931198,train
2016-04-01,-1.3903995635909092,-1.2916680615753384,-0.0987315020155708,train
2016-04-04,-1.347730399227273,-1.351597978066689,0.0038675788394160193,train
2016-04-05,-1.3561871396363636,-1.384549984685607,0.028362845049243468,train
2016-04-06,-1.3613879887272728,-1.3408290925878998,-0.020558896139373006,train
2016-04-07,-1.3956552565,-1.2710944116760687,-0.12456084482393126,train
2016-04-08,-1.3988745841818182,-1.3724480944280548,-0.026426489753763382,train
2016-04-11,-1.4245072881363636,-1.4175316553900914,-0.00697563274627222,train
2016-04-12,-1.4648367821818182,-1.3789437271066587,-0.08589305507515954,train
2016-04-13,-1.4698077730454544,-1.3930000649846979,-0.07680770806075654,train
2016-04-14,-1.4969185696363636,-1.4503156381693554,-0.046602931467008224,train
2016-04-15,-1.5243883545454546,-1.4866679536819174,-0.03772040086353723,train
2016-04-18,-1.5025714494545455,-1.5093394277891137,0.006767978334568214,train
2016-04-19,-1.4930893927272728,-1.573507987410167,0.08041859468289414,train
2016-04-20,-1.5202801395909091,-1.5771980837981314,0.05691794420722229,train
2016-04-21,-1.5886503376818184,-1.4184541934842498,-0.17019614419756857,train
2016-04-22,-1.600472208,-1.5009196465958021,-0.09955256140419788,train
2016-04-25,-1.6219560313181818,-1.5247288579432274,-0.09722717337495435,train
2016-04-26,-1.6366163845454544,-1.4695563459945995,-0.16706003855085494,train
2016-04-27,-1.6628866764545456,-1.4173115797100806,-0.24557509674446498,train
2016-04-28,-1.7388791434090907,-1.4454273627879826,-0.2934517806211081,train
2016-04-29,-1.7624601478636364,-1.4133456767960082,-0.34911447106762816,train
2016-05-02,-1.7657150260454548,-1.4016546917374488,-0.364060334308006,train
2016-05-03,-1.7598187493181818,-1.373922770851744,-0.38589597846643775,train
2016-05-04,-1.7151075065454544,-1.2944250930695151,-0.42068241347593927,train
2016-05-05,-1.7178013199090907,-1.3844844342979914,-0.3333168856110993,train
2016-05-06,-1.7502477363636364,-1.3660427580605743,-0.3842049783030621,train
2016-05-09,-1.7750075005909094,-1.427414767934883,-0.3475927326560264,train
2016-05-10,-1.7691077564545454,-1.4497540832018116,-0.3193536732527338,train
2016-05-11,-1.7446278940454547,-1.5942964368617536,-0.1503314571837011,train
2016-05-12,-1.728281757090909,-1.635976315425345,-0.09230544166556398,train
2016-05-13,-1.7401326633636365,-1.5883146224569586,-0.15181804090667783,train
2016-05-16,-1.7014530228636366,-1.6884968671448188,-0.012956155718817808,train
2016-05-17,-1.6216966147727272,-1.7500159392442316,0.1283193244715044,train
2016-05-18,-1.6152814405,-1.5899333784652652,-0.02534806203473483,train
2016-05-19,-1.6030072716818182,-1.5961146690580506,-0.006892602623767674,train
2016-05-20,-1.5572774633181816,-1.7117746781665342,0.15449721484835255,train
2016-05-23,-1.5225178445454546,-1.7249784019427048,0.20246055739725022,train
2016-05-24,-1.456199365181818,-1.68819975020883,0.23200038502701203,train
2016-05-25,-1.267888128590909,-1.7967251648687421,0.5288370362778332,train
2016-05-26,-1.1888903817727272,-1.7949228921845375,0.6060325104118103,train
2016-05-27,-1.1377955204999999,-1.790286708736843,0.6524911882368432,train
2016-05-30,-1.0433721508636362,-1.9429206078480596,0.8995484569844234,train
2016-05-31,-0.9713733814545453,-1.843525625459285,0.8721522440047396,train
2016-06-01,-0.9515302786363636,-1.7706964140841572,0.8191661354477936,train
2016-06-02,-0.9884758799090908,-1.6868338103806502,0.6983579304715594,train
2016-06-03,-1.041166974090909,-1.4325673900557079,0.3914004159647988,train
2016-06-06,-1.0107479512727273,-1.5026466537055736,0.4918987024328463,train
2016-06-07,-0.9781912460454546,-1.562843741876866,0.5846524958314113,train
2016-06-08,-0.8926420772272727,-1.6371500678605047,0.7445079906332319,train
2016-06-09,-0.9141710472272727,-1.5991131383586448,0.684942091131372,train
2016-06-10,-0.9031133295909091,-1.7184803155396278,0.8153669859487187,train
2016-06-13,-0.9052843995909092,-1.7253363095672434,0.8200519099763341,train
2016-06-14,-0.879776025090909,-1.7029717496383432,0.8231957245474342,train
2016-06-15,-0.8834609356363636,-1.5922517874179418,0.7087908517815782,train
2016-06-16,-0.9541323307727274,-1.428939868667891,0.4748075378951635,train
2016-06-17,-0.9935513757272727,-1.4367148343486986,0.4431634586214259,train
2016-06-20,-0.9996454506818182,-1.4368004743724385,0.4371550236906203,train
2016-06-21,-1.0019056024090909,-1.3787634999554699,0.376857897546379,train
2016-06-22,-1.0138530196363635,-1.376988456492659,0.36313543685629557,train
2016-06-23,-1.1014849893181817,-1.270115478823614,0.16863048950543225,train
2016-06-24,-1.2883883334545454,-0.8079091257521702,-0.4804792077023752,train
2016-06-27,-1.3390064187272728,-0.8753026207717328,-0.46370379795553995,train
2016-06-28,-1.3806615803181819,-0.8838982119859471,-0.4967633683322348,train
2016-06-29,-1.4156831605454545,-0.8028749015038058,-0.6128082590416487,train
2016-06-30,-1.5168649526363636,-0.698889586739032,-0.8179753658973316,train
2016-07-01,-1.5758436801818183,-0.9557854641390997,-0.6200582160427186,train
2016-07-04,-1.5920913003636363,-1.160831626348308,-0.4312596740153283,train
2016-07-05,-1.646398644,-1.1236625380700958,-0.5227361059299043,train
2016-07-06,-1.6476491067272725,-1.1188326404995175,-0.528816466227755,train
2016-07-07,-1.7074282525,-1.2060168449533157,-0.5014114075466842,train
2016-07-08,-1.8052898715454546,-1.0439371425589674,-0.7613527289864872,train
2016-07-11,-1.8100304732272727,-1.192815255032139,-0.6172152181951338,train
2016-07-12,-1.845885711590909,-1.1654837152991393,-0.6804019962917698,train
2016-07-13,-1.8316698391363637,-1.2510571084072897,-0.580612730729074,train
2016-07-14,-1.8998953488181818,-1.1727704723175096,-0.7271248765006721,train
2016-07-15,-1.8963059144545453,-1.2612668108615726,-0.6350391035929728,train
2016-07-18,-1.8748259029999998,-1.352337399527185,-0.5224885034728148,train
2016-07-19,-1.8561203520909089,-1.3930631733159826,-0.46305717877492625,train
2016-07-20,-1.8731904300454545,-1.3443946296172475,-0.528795800428207,train
2016-07-21,-1.9112508424090906,-1.3382504322019824,-0.5730004102071082,train
2016-07-22,-1.9419814250454543,-1.3848274747153213,-0.557153950330133,train
2016-07-25,-1.9267528785454546,-1.5035407386953907,-0.4232121398500639,train
2016-07-26,-1.9452357153181816,-1.5861472822015203,-0.3590884331166613,train
2016-07-27,-1.9265322828181817,-1.5167526204602328,-0.4097796623579488,train
2016-07-28,-1.9503858862727272,-1.6022338755359735,-0.3481520107367537,train
2016-07-29,-1.9812216418181818,-1.5934912528734186,-0.3877303889447632,train
2016-08-01,-1.9671317742727275,-1.7001865217356233,-0.2669452525371041,train
2016-08-02,-1.9346219242727272,-1.7262160611530628,-0.20840586311966436,train
2016-08-03,-1.8588774167272726,-1.7945077421481357,-0.06436967457913689,train
2016-08-04,-1.8723342586363636,-1.84663148843378,-0.025702770202583602,train
2016-08-05,-1.878301489318182,-1.7075763115200382,-0.17072517779814378,train
2016-08-08,-1.8521249015,-1.8801824353324308,0.028057533832430703,train
2016-08-09,-1.8001644684090907,-1.9173118850400108,0.1171474166309201,train
2016-08-10,-1.7782878301363636,-1.870602101743302,0.0923142716069385,train
2016-08-11,-1.7512726923636364,-1.8929377580479,0.14166506568426374,train
2016-08-12,-1.7599409734090907,-1.8570748934635095,0.09713392005441879,train
2016-08-15,-1.7240426637272728,-1.9807384370645353,0.25669577333726257,train
2016-08-16,-1.751648487909091,-1.7874732734651946,0.03582478555610358,train
2016-08-17,-1.7630947186363637,-1.7711401549246806,0.008045436288316887,train
2016-08-18,-1.808780377,-1.715448699424973,-0.09333167757502703,train
2016-08-19,-1.8227629335909088,-1.782364529296562,-0.040398404294346824,train
2016-08-22,-1.780177610909091,-1.7858874838814687,0.005709872972377683,train
2016-08-23,-1.7660696003636362,-1.875720786720444,0.1096511863568077,train
2016-08-24,-1.7689243741363634,-1.8775364226609124,0.10861204852454898,train
2016-08-25,-1.7513945433181817,-2.0092084040040423,0.25781386068586065,train
2016-08-26,-1.8103718896818182,-1.7920097908804145,-0.018362098801403715,train
2016-08-29,-1.8052439862272727,-1.9287655811760003,0.12352159494872761,train
2016-08-30,-1.7935593890000001,-1.931437603109552,0.1378782141095518,train
2016-08-31,-1.7611789764090908,-1.910868359664955,0.14968938325586412,train
2016-09-01,-1.803610653727273,-1.7931417134385508,-0.01046894028872214,train
2016-09-02,-1.8228726087272726,-1.6628431020844938,-0.16002950664277882,train
2016-09-05,-1.7935940859545454,-1.8489173426687326,0.05532325671418725,train
2016-09-06,-1.8302872630454545,-1.6620958775837027,-0.16819138546175183,train
2016-09-07,-1.7885622692727274,-1.7237054035498662,-0.0648568657228612,train
2016-09-08,-1.8419416605909091,-1.6256740977827053,-0.2162675628082038,train
2016-09-09,-1.852112968272727,-1.7015798001896112,-0.1505331680831159,train
2016-09-12,-1.8424736222272726,-1.6312348979844777,-0.21123872424279488,train
2016-09-13,-1.8303117809090907,-1.674390720477388,-0.15592106043170273,train
2016-09-14,-1.8226087777727273,-1.6602549802971434,-0.16235379747558398,train
2016-09-15,-1.8441461396818182,-1.7113778040834764,-0.13276833559834178,train
2016-09-16,-1.8501537616818182,-1.7261343943911502,-0.12401936729066798,train
2016-09-19,-1.8256185600454544,-1.8639569116934986,0.03833835164804422,train
2016-09-20,-1.7583671323636365,-1.8786079739080368,0.12024084154440029,train
2016-09-21,-1.7989994772272728,-1.7357987363592604,-0.06320074086801242,train
2016-09-22,-1.8186395585454547,-1.8005453522660373,-0.01809420627941738,train
2016-09-23,-1.8196341333636363,-1.8285768818861459,0.008942748522509536,train
2016-09-26,-1.8063728317727274,-1.817287240556074,0.010914408783346596,train
2016-09-27,-1.787628858,-1.8372602473620054,0.04963138936200551,train
2016-09-28,-1.757436014227273,-1.8977367010475361,0.1403006868202632,train
2016-09-29,-1.7607481381818182,-1.8748849790803823,0.11413684089856413,train
2016-09-30,-1.802725142909091,-1.7580612991040883,-0.044663843805002656,train
2016-10-03,-1.761970267409091,-1.894811742202838,0.1328414747937472,train
2016-10-04,-1.7882001886818182,-1.7021933284915887,-0.08600686019022952,train
2016-10-05,-1.7906726159545456,-1.7467162660369422,-0.04395634991760344,train
2016-10-06,-1.7904114189545455,-1.76379838186951,-0.026613037085035485,train
2016-10-07,-1.842348920181818,-1.6606386575421903,-0.18171026263962764,train
2016-10-10,-1.682276202818182,-1.7962013069476617,0.11392510412947976,train
2016-10-11,-1.6411461566818184,-1.7917663966410635,0.15062023995924512,train
2016-10-12,-1.6264044151363637,-1.7198975884992336,0.09349317336286989,train
2016-10-13,-1.5970275280909092,-1.67983848700666,0.08281095891575085,train
2016-10-14,-1.5728270834545455,-1.7340867781580873,0.16125969470354184,train
2016-10-17,-1.513114309136364,-1.791121231145636,0.278006922009272,train
2016-10-18,-1.4670313284545455,-1.7689835548890944,0.3019522264345489,train
2016-10-19,-1.4138874508181818,-1.800975936166604,0.3870884853484222,train
2016-10-20,-1.4318582089545453,-1.6250727276124923,0.19321451865794703,train
2016-10-21,-1.3981355810454545,-1.7845177596341923,0.3863821785887378,train
2016-10-24,-1.3422307330454546,-1.82106916385785,0.4788384308123954,train
2016-10-25,-1.3058317540909092,-1.8066371150607794,0.5008053609698702,train
2016-10-26,-1.2714590734090907,-1.7868707640674413,0.5154116906583506,train
2016-10-27,-1.2368402035909092,-1.8356331269132704,0.5987929233223612,train
2016-10-28,-1.2192848052727272,-1.7630860226042484,0.5438012173315212,train
2016-10-31,-1.1545790658181818,-1.7847166936180658,0.630137627799884,train
2016-11-01,-1.0989885904545456,-1.8279255507235315,0.7289369602689859,train
2016-11-02,-1.0856161770000001,-1.7389733990375964,0.6533572220375963,train
2016-11-03,-1.0086856958636365,-1.737809536464393,0.7291238406007565,train
2016-11-04,-0.9754610619090909,-1.7979456493755428,0.8224845874664519,train
2016-11-07,-0.9679222263636365,-1.7901629406417943,0.8222407142781578,train
2016-11-08,-0.8664190067727272,-1.8351221759587457,0.9687031691860185,train
2016-11-09,-0.9737675540454546,-1.3218952023653352,0.34812764831988063,train
2016-11-10,-0.9903714367727272,-1.4203729401562768,0.4300015033835496,train
2016-11-11,-1.001324818409091,-1.3705625019516956,0.36923768354260456,train
2016-11-14,-0.9859301821363637,-1.2546975334793478,0.268767351342984,train
2016-11-15,-0.9434948742727273,-1.2024539078244627,0.25895903355173544,train
2016-11-16,-0.931963455909091,-1.3058824192768368,0.37391896336774577,train
2016-11-17,-0.9442372515909091,-1.2811785514652099,0.33694129987430077,train
2016-11-18,-0.9741092369545453,-1.2335052982532488,0.2593960612987035,train
2016-11-21,-0.990828303909091,-1.2911690687930155,0.30034076488392447,train
2016-11-22,-0.9898343397272726,-1.3117227144586856,0.32188837473141296,train
2016-11-23,-1.0332223945454546,-1.282713327906536,0.2494909333610813,train
2016-11-24,-1.069910897090909,-1.3034799660379515,0.23356906894704244,train
2016-11-25,-1.1247715985,-1.3060899823687773,0.1813183838687773,train
2016-11-28,-1.160431147909091,-1.272444977629384,0.11201382972029306,train
2016-11-29,-1.1723517504545453,-1.2597553790818883,0.08740362862734297,train
2016-11-30,-1.1369522854545453,-1.1544564325248252,0.01750414707027992,train
2016-12-01,-1.1929425415,-1.1482134371603363,-0.044729104339663595,train
2016-12-02,-1.1630454967727273,-1.178485124648587,0.01543962787585973,train
2016-12-05,-1.2113978097272726,-0.9578681583433677,-0.25352965138390493,train
2016-12-06,-1.1725212730909091,-1.062200212483944,-0.11032106060696512,train
2016-12-07,-1.1333245047727272,-1.1813122268880083,0.04798772211528113,train
2016-12-08,-1.186197398318182,-0.925401658923636,-0.2607957393945459,train
2016-12-09,-1.1786645676363638,-1.078552496742375,-0.10011207089398888,train
2016-12-12,-1.1279523446363637,-1.1665192269311713,0.038566882294807536,train
2016-12-13,-1.103365942681818,-1.1799975105641802,0.07663156788236214,train
2016-12-14,-1.1236921513636362,-1.009608403522549,-0.11408374784108721,train
2016-12-15,-1.1814142684545454,-0.9850462186397528,-0.1963680498147926,train
2016-12-16,-1.1875252146818183,-0.9937859626253157,-0.19373925205650255,train
2016-12-19,-1.1954817959545456,-1.0300753329584964,-0.16540646299604922,train
2016-12-20,-1.1625183368181817,-1.0751351506669717,-0.08738318615120999,train
2016-12-21,-1.1490934923636364,-1.1541521265505088,0.005058634186872357,train
2016-12-22,-1.1447951573181818,-1.214520296572307,0.06972513925412516,train
2016-12-23,-1.1271710896363636,-1.3860701545123524,0.2588990648759888,train
2016-12-26,-1.0978571216818183,-1.458559813353767,0.3607026916719487,train
2016-12-27,-1.0527542096818183,-1.5661647652793955,0.5134105555975772,train
2016-12-28,-1.0365909502272728,-1.5521119919537738,0.515521041726501,train
2016-12-29,-1.0353594692727273,-1.5257550290146225,0.4903955597418952,train
2016-12-30,-1.0873480035454546,-1.2311544532937966,0.143806449748342,train
2017-01-02,-1.0327068255454546,-1.4661234802313508,0.4334166546858962,train
2017-01-03,-1.0712961635,-1.2089280945460463,0.13763193104604632,train
2017-01-04,-1.075192110409091,-1.2011295730297784,0.1259374626206875,train
2017-01-05,-1.1394508935,-1.0686794098784151,-0.07077148362158492,train
2017-01-06,-1.1724105503181819,-1.1691734804990683,-0.003237069819113536,train
2017-01-09,-1.1916243312272725,-1.1404650362214683,-0.051159295005804184,train
2017-01-10,-1.2118881654545453,-1.1683853531716373,-0.04350281228290798,train
2017-01-11,-1.2883419948181818,-1.0072038162402297,-0.2811381785779521,train
2017-01-12,-1.3501009855454547,-1.0754964283324602,-0.2746045572129945,train
2017-01-13,-1.3773551222272729,-1.0880441410131412,-0.2893109812141317,train
2017-01-16,-1.3728399406363636,-1.1794246478899846,-0.19341529274637903,train
2017-01-17,-1.4006073159545454,-1.1192569942932684,-0.28135032166127694,train
2017-01-18,-1.4288816256818182,-1.2416468168517756,-0.18723480883004262,train
2017-01-19,-1.4985782955,-1.1739758856885316,-0.3246024098114684,train
2017-01-20,-1.5215982769090908,-1.2286460600216016,-0.2929522168874892,train
2017-01-23,-1.5028343085454545,-1.2153779829618139,-0.28745632558364065,train
2017-01-24,-1.4974050588636365,-1.3039063641636752,-0.19349869469996128,train
2017-01-25,-1.4987183716363637,-1.274950914740617,-0.22376745689574662,train
2017-01-26,-1.5189989557727273,-1.2961986101513852,-0.2228003456213421,train
2017-01-27,-1.520795647909091,-1.311211050021555,-0.20958459788753592,train
2017-01-30,-1.516860653,-1.3116864331158673,-0.20517421988413265,train
2017-01-31,-1.5648001934545455,-1.250417226678416,-0.31438296677612954,train
2017-02-01,-1.5812632367272728,-1.2076729526136634,-0.3735902841136094,train
2017-02-02,-1.5907325627272728,-1.2706242661180234,-0.32010829660924944,train
2017-02-03,-1.6501886660909089,-1.2098207661559062,-0.4403678999350027,train
2017-02-06,-1.6654087300454543,-1.3242425362582075,-0.3411661937872468,train
2017-02-07,-1.6437490518636366,-1.3680596698123133,-0.2756893820513233,train
2017-02-08,-1.6264226475,-1.4067931405823566,-0.2196295069176435,train
2017-02-09,-1.647486205818182,-1.4213256273205728,-0.2261605784976093,train
2017-02-10,-1.6686566648636365,-1.518994835767573,-0.1496618290960634,train
2017-02-13,-1.6119296657727273,-1.59075426268161,-0.021175403091117317,train
2017-02-14,-1.618015530772727,-1.5339729789396173,-0.08404255183310982,train
2017-02-15,-1.6351762184999998,-1.507714349162459,-0.1274618693375409,train
2017-02-16,-1.6683396643636363,-1.5266915531067118,-0.14164811125692456,train
2017-02-17,-1.6513672914090909,-1.5887742760275092,-0.06259301538158168,train
2017-02-20,-1.6344606204999998,-1.6499352302851327,0.01547460978513282,train
2017-02-21,-1.652638701818182,-1.6265752248195977,-0.026063476998584356,train
2017-02-22,-1.7094902719545457,-1.5097248327575101,-0.1997654391970356,train
2017-02-23,-1.729680926681818,-1.5800211997236284,-0.14965972695818963,train
2017-02-24,-1.7510447679545456,-1.5369158758342945,-0.2141288921202511,train
2017-02-27,-1.7323666712272725,-1.5481319793154407,-0.18423469191183184,train
2017-02-28,-1.7428444276818182,-1.5055260698510153,-0.2373183578308029,train
2017-03-01,-1.7715686329545457,-1.5156509637613924,-0.2559176691931533,train
2017-03-02,-1.7795920978636366,-1.6255708830103082,-0.15402121485332843,train
2017-03-03,-1.823711970090909,-1.5745709990848886,-0.2491409710060204,train
2017-03-06,-1.8279814458181818,-1.597468619223612,-0.23051282659456973,train
2017-03-07,-1.7925638780909094,-1.7341864253362183,-0.058377452754691195,train
2017-03-08,-1.7694950926818185,-1.7748201655438263,0.005325072862007785,train
2017-03-09,-1.829164007909091,-1.6285753894451567,-0.20058861846393428,train
2017-03-10,-1.8809301462727275,-1.6122226339580081,-0.26870751231471934,train
2017-03-13,-1.8618814369545456,-1.7148133316228957,-0.14706810533164982,train
2017-03-14,-1.8546261550454546,-1.7356673599652903,-0.11895879508016427,train
2017-03-15,-1.9437193302727274,-1.5127173617872167,-0.43100196848551064,train
2017-03-16,-1.972303678409091,-1.6037193870439461,-0.3685842913651449,train
2017-03-17,-1.972084269818182,-1.6561733730539359,-0.3159108967642461,train
2017-03-20,-1.9755321189545456,-1.7243200682889503,-0.25121205066559527,train
2017-03-21,-1.9820614139090909,-1.620773550645953,-0.3612878632631378,train
2017-03-22,-1.9761159769999999,-1.7049728886236726,-0.2711430883763273,train
2017-03-23,-1.9185632128636363,-1.7620305895766766,-0.15653262328695972,train
2017-03-24,-1.9049908233181816,-1.803869981956696,-0.10112084136148569,train
2017-03-27,-1.877286505,-1.7978095324900163,-0.07947697250998376,train
2017-03-28,-1.8356241477727273,-1.8199804311670578,-0.015643716605669544,train
2017-03-29,-1.8343062759545454,-1.7390685140482847,-0.09523776190626076,train
2017-03-30,-1.8730861746818184,-1.742799491560536,-0.13028668312128233,train
2017-03-31,-1.8877062480454543,-1.7591973467783975,-0.12850890126705683,train
2017-04-03,-1.8924902589545454,-1.7974563579844711,-0.09503390097007425,train
2017-04-04,-1.8589814366363635,-1.8569833686796273,-0.0019980679567361825,train
2017-04-05,-1.8630183418636364,-1.8370630159796089,-0.02595532588402749,train
2017-04-06,-1.8572332106363634,-1.796647486962242,-0.060585723674121406,train
2017-04-07,-1.863392257181818,-1.7704395160099042,-0.09295274117191377,train
2017-04-10,-1.839694910909091,-1.8839141933386034,0.04421928242951245,train
2017-04-11,-1.8321453612272727,-1.891349909807841,0.05920454858056834,train
2017-04-12,-1.8459791898181819,-1.8133965003172121,-0.032582689500969764,train
2017-04-13,-1.854260077681818,-1.885313356532638,0.031053278850819988,train
2017-04-14,-1.8058479046363636,-2.0599241579905225,0.25407625335415895,train
2017-04-17,-1.7809049738181815,-2.0031323352939,0.22222736147571864,train
2017-04-18,-1.762793552181818,-1.9205888724151088,0.15779532023329068,train
2017-04-19,-1.7463604484090909,-2.016094163294782,0.2697337148856911,train
2017-04-20,-1.7262215712727274,-1.947407226684954,0.22118565541222668,train
2017-04-21,-1.701491360636364,-1.876148205860168,0.17465684522380398,train
2017-04-24,-1.7226841691818182,-1.68371443481314,-0.03896973436867812,train
2017-04-25,-1.7311919361363637,-1.7598095006424463,0.02861756450608266,train
2017-04-26,-1.7480351260454545,-1.6637706017261382,-0.0842645243193163,train
2017-04-27,-1.821458278090909,-1.5657685758159325,-0.25568970227497645,train
2017-04-28,-1.8098944420909093,-1.5730825978348302,-0.23681184425607915,train
2017-05-01,-1.766471298590909,-1.8008460138054039,0.034374715214494866,train
2017-05-02,-1.7581129400909092,-1.8074816268134473,0.049368686722538024,train
2017-05-03,-1.7093893690454545,-1.8729836653941336,0.16359429634867917,train
2017-05-04,-1.7394824232272728,-1.8425526028128962,0.10307017958562348,train
2017-05-05,-1.752217845909091,-1.899742405169658,0.14752455926056718,train
2017-05-08,-1.7345151664999998,-1.788796103096164,0.054280936596164286,train
2017-05-09,-1.725856302909091,-1.7841243169680672,0.05826801405897619,train
2017-05-10,-1.706733748,-1.7682798314532502,0.06154608345325019,train
2017-05-11,-1.7162745950454543,-1.8194115994781552,0.10313700443270091,train
2017-05-12,-1.7356646145,-1.8081819123091303,0.07251729780913019,train
2017-05-15,-1.6667080755,-1.8962195482411046,0.2295114727411045,train
2017-05-16,-1.6660483142727274,-1.8328200020985281,0.16677168782580076,train
2017-05-17,-1.6953149365909093,-1.7964384519297132,0.10112351533880393,train
2017-05-18,-1.7477794455454545,-1.7042469074228526,-0.04353253812260194,train
2017-05-19,-1.7629264092272727,-1.7514295336836982,-0.01149687554357448,train
2017-05-22,-1.8215833564090909,-1.6244175456175314,-0.19716581079155948,train
2017-05-23,-1.8843612623636365,-1.57127282718898,-0.31308843517465657,train
2017-05-24,-1.9407882261818181,-1.5614613936234647,-0.3793268325583534,train
2017-05-25,-1.9357063441363636,-1.6611302980951264,-0.2745760460412372,train
2017-05-26,-1.908819011909091,-1.6460674488133415,-0.26275156309574954,train
2017-05-29,-1.7966729448181817,-1.8330594175358323,0.03638647271765061,train
2017-05-30,-1.814502603181818,-1.6979318894807294,-0.11657071370108874,train
2017-05-31,-1.8236786830454543,-1.7411492697159383,-0.08252941332951602,train
2017-06-01,-1.8326756507727275,-1.77931098006449,-0.05336467070823758,train
2017-06-02,-1.885676929409091,-1.654541302879238,-0.23113562652985298,train
2017-06-05,-1.8751412406818182,-1.732911331649219,-0.14222990903259913,train
2017-06-06,-1.8676020351363638,-1.79637827274596,-0.07122376239040373,train
2017-06-07,-1.8901380701363637,-1.6613598869818078,-0.2287781831545559,train
2017-06-08,-1.9394142249545454,-1.6671163638969204,-0.272297861057625,train
2017-06-09,-1.9636155891363636,-1.6763004972825495,-0.2873150918538141,train
2017-06-12,-1.921254822409091,-1.7577067092765415,-0.16354811313254958,train
2017-06-13,-1.8894708747272728,-1.7764861436085082,-0.11298473111876461,train
2017-06-14,-1.9278727195454548,-1.5966087820802752,-0.33126393746517957,train
2017-06-15,-1.9609206938636363,-1.690086967070778,-0.2708337267928582,train
2017-06-16,-1.9220840180909091,-1.8002222020281569,-0.12186181606275226,train
2017-06-19,-1.915178628227273,-1.8407248090531794,-0.07445381917409355,train
2017-06-20,-1.8641693033181816,-1.8252583377645295,-0.038910965553652144,train
2017-06-21,-1.8274970768636365,-1.9936307041495371,0.16613362728590064,train
2017-06-22,-1.8108310269999999,-2.074096841997108,0.2632658149971081,train
2017-06-23,-1.7665580465,-2.105582331588641,0.33902428508864113,train
2017-06-26,-1.7268019987727272,-2.0032193593985874,0.2764173606258602,train
2017-06-27,-1.7298753905454545,-1.8699721194096472,0.14009672886419278,train
2017-06-28,-1.792111234090909,-1.5798003498101993,-0.21231088428070977,train
2017-06-29,-1.7882064017272727,-1.6322700233609273,-0.15593637836634544,train
2017-06-30,-1.7791379049545455,-1.6123695790433794,-0.16676832591116608,train
2017-07-03,-1.7405406776818182,-1.6773396906369187,-0.06320098704489951,train
2017-07-04,-1.7033808041818181,-1.7893141788169529,0.08593337463513473,train
2017-07-05,-1.6507682464545455,-1.880121300712616,0.22935305425807062,train
2017-07-06,-1.6522459947727273,-1.9045954133194571,0.2523494185467299,train
2017-07-07,-1.6594574257272727,-1.8604345669585678,0.20097714123129506,train
2017-07-10,-1.5919657402727274,-1.9966216951619131,0.4046559548891857,train
2017-07-11,-1.5619554770454547,-1.935153094711563,0.37319761766610826,train
2017-07-12,-1.5480681662272728,-1.8269714635024636,0.2789032972751908,train
2017-07-13,-1.5582493441363636,-1.8101452310810795,0.2518958869447159,train
2017-07-14,-1.5442754006818182,-1.8256118857302475,0.28133648504842923,train
2017-07-17,-1.4772642899090906,-1.8992109216081552,0.42194663169906454,train
2017-07-18,-1.4633031019545455,-1.758575800352884,0.2952726983983385,train
2017-07-19,-1.4196451940909092,-1.8856296317229493,0.4659844376320401,train
2017-07-20,-1.4634385200454545,-1.7346153325017546,0.2711768124563001,train
2017-07-21,-1.4706074689090907,-1.783700839396666,0.31309337048757535,train
2017-07-24,-1.4581053721363637,-1.7981589165119338,0.3400535443755701,train
2017-07-25,-1.5019997945454546,-1.730761878489117,0.22876208394366238,train
2017-07-26,-1.4943182441818181,-1.5757436081890608,0.08142536400724265,train
2017-07-27,-1.5404948067727273,-1.6114653454541221,0.0709705386813948,train
2017-07-28,-1.516085565090909,-1.6422886022485819,0.12620303715767278,train
2017-07-31,-1.515745996681818,-1.5820606311250942,0.06631463444327612,train
2017-08-01,-1.5001621004999999,-1.5960050059912807,0.09584290549128083,train
2017-08-02,-1.4604208662272726,-1.5890961682184725,0.12867530199119992,train
2017-08-03,-1.4752554143636365,-1.6100761736058895,0.134820759242253,train
2017-08-04,-1.4964191032272725,-1.4903686835474224,-0.006050419679850094,train
2017-08-07,-1.488073124090909,-1.6262883870855127,0.13821526299460363,train
2017-08-08,-1.4468280593636365,-1.6100790454689382,0.16325098610530175,train
2017-08-09,-1.4401709923636365,-1.5200842327726083,0.07991324040897174,train
2017-08-10,-1.4654681558636362,-1.5167685251882455,0.05130036932460924,train
2017-08-11,-1.5028642601818183,-1.5054380864739032,0.002573826292084913,train
2017-08-14,-1.4948738867727271,-1.5623370311565292,0.06746314438380208,train
2017-08-15,-1.4821663725454544,-1.4818312110109553,-0.00033516153449908437,train
2017-08-16,-1.501670056772727,-1.4182407794728702,-0.08342927729985683,train
2017-08-17,-1.5314259712727272,-1.4087626242769136,-0.1226633469958136,train
2017-08-18,-1.5418430649545456,-1.4234356707769253,-0.11840739417762025,train
2017-08-21,-1.4658433013636363,-1.520271110427617,0.0544278090639807,train
2017-08-22,-1.4506855899545454,-1.549374737159981,0.09868914720543565,train
2017-08-23,-1.4419517909090909,-1.6074861117434474,0.16553432083435649,train
2017-08-24,-1.4091302805454544,-1.7626967616927134,0.35356648114725897,train
2017-08-25,-1.4311228090454546,-1.576689500885838,0.1455666918403833,train
2017-08-28,-1.403842380409091,-1.7326385734032428,0.32879619299415186,train
2017-08-29,-1.4393543925454546,-1.5529940532788067,0.11363966073335208,train
2017-08-30,-1.453431907,-1.5562315224282373,0.10279961542823735,train
2017-08-31,-1.4832538012272727,-1.4538105060192625,-0.029443295208010145,train
2017-09-01,-1.5552998143636365,-1.3556119733724183,-0.19968784099121817,train
2017-09-04,-1.5544385880454543,-1.453161001262856,-0.10127758678259835,train
2017-09-05,-1.5985044133181818,-1.440003631236094,-0.15850078208208784,train
2017-09-06,-1.5826901130909092,-1.5058833599537087,-0.07680675313720053,train
2017-09-07,-1.6618115604545454,-1.3726326123306973,-0.28917894812384803,train
2017-09-08,-1.7067111946363638,-1.418395672704508,-0.28831552193185583,train
2017-09-11,-1.7038260573181816,-1.5112273181026632,-0.1925987392155184,train
2017-09-12,-1.7201052944090909,-1.5659941449481398,-0.15411114946095106,train
2017-09-13,-1.6918472570909089,-1.5321806414030408,-0.1596666156878681,train
2017-09-14,-1.7437482915454547,-1.484497979993162,-0.25925031155229283,train
2017-09-15,-1.786652793409091,-1.552496733090973,-0.2341560603181181,train
2017-09-18,-1.8059036606363634,-1.585758128353035,-0.22014553228332834,train
2017-09-19,-1.8073572942272726,-1.5472817867034625,-0.26007550752381015,train
2017-09-20,-1.8715783827727273,-1.3387836810113551,-0.5327947017613721,train
2017-09-21,-1.896406517818182,-1.4681251609389439,-0.4282813568792381,train
2017-09-22,-1.9167108090454545,-1.4990022697871306,-0.41770853925832396,train
2017-09-25,-1.9240720035909091,-1.489162487108616,-0.43490951648229315,train
2017-09-26,-1.9044657233636364,-1.4330463742504482,-0.47141934911318817,train
2017-09-27,-1.8899594502727275,-1.5387233366584865,-0.351236113614241,train
2017-09-28,-1.9016171210000001,-1.5719798380101306,-0.3296372829898695,train
2017-09-29,-1.9120830602272727,-1.5740767189133802,-0.3380063413138925,train
2017-10-02,-1.9113584122272727,-1.6089324378423158,-0.3024259743849569,train
2017-10-03,-1.888596819181818,-1.7052568931385137,-0.1833399260433044,train
2017-10-04,-1.8809070930454546,-1.6996267812737336,-0.181280311771721,train
2017-10-05,-1.8720692766363636,-1.7910251701361104,-0.08104410650025318,train
2017-10-06,-1.8952194624090908,-1.7000990989664835,-0.1951203634426073,train
2017-10-09,-1.8815786867272728,-1.8612636305353587,-0.020315056191914094,train
2017-10-10,-1.8821417435909091,-1.825087902273088,-0.05705384131782121,train
2017-10-11,-1.8986843053181817,-1.8153721891229717,-0.08331211619520995,train
2017-10-12,-1.9129709294090909,-1.857261720514309,-0.055709208894781925,train
2017-10-13,-1.9497242628181821,-1.7150635805445416,-0.23466068227364056,train
2017-10-16,-1.9219867483636361,-1.802240808250379,-0.11974594011325723,train
2017-10-17,-1.8970731157727272,-1.860002363306715,-0.0370707524660121,train
2017-10-18,-1.8806331785,-1.877154268328073,-0.003478910171926808,train
2017-10-19,-1.867546224681818,-1.780850085846985,-0.08669613883483307,train
2017-10-20,-1.8690744458181818,-1.877215896662076,0.008141450843894171,train
2017-10-23,-1.8552563965454545,-1.910560611149596,0.05530421460414159,train
2017-10-24,-1.8562783991363636,-1.9120755739429678,0.05579717480660418,train
2017-10-25,-1.859543876909091,-1.8771190524697772,0.017575175560686107,train
2017-10-26,-1.9109693560909091,-1.7242816689131135,-0.1866876871777956,train
2017-10-27,-1.9219268502272728,-1.7312159181424125,-0.19071093208486034,train
2017-10-30,-1.9093734695454545,-1.784491288037849,-0.12488218150760555,train
2017-10-31,-1.8842941520454546,-1.7687962110495228,-0.1154979409959318,train
2017-11-01,-1.8509675778636365,-1.7591841081032655,-0.091783469760371,train
2017-11-02,-1.8688924865454546,-1.7725559240469444,-0.09633656249851019,train
2017-11-03,-1.8797395733181816,-1.80192088922857,-0.07781868408961157,train
2017-11-06,-1.8743021725909088,-1.8407171652319572,-0.033585007358951646,train
2017-11-07,-1.8798401925000001,-1.8427115946231045,-0.0371285978768956,train
2017-11-08,-1.8667332089999997,-1.8803832784518342,0.013650069451834446,train
2017-11-09,-1.882916438136364,-1.8864592696979197,0.0035428315615557704,train
2017-11-10,-1.8791897540909093,-1.9488909920734592,0.0697012379825499,train
2017-11-13,-1.8319711581818183,-2.019079293685271,0.1871081355034525,train
2017-11-14,-1.8029274288636363,-1.963835060007429,0.1609076311437927,train
2017-11-15,-1.8268524982727277,-1.8797547150395648,0.05290221676683715,train
2017-11-16,-1.8377821420000002,-1.879182450362355,0.041400308362354865,train
2017-11-17,-1.8445790198636365,-1.8504101781081106,0.005831158244474111,train
2017-11-20,-1.8817234860454546,-1.7151646180614282,-0.16655886798402642,train
2017-11-21,-1.8958012899999999,-1.763033362180241,-0.13276792781975888,train
2017-11-22,-1.8993943991363638,-1.7726591546910728,-0.12673524444529094,train
2017-11-23,-1.9322282079545454,-1.831301648791827,-0.10092655916271842,train
2017-11-24,-1.9530884781363633,-1.8272196256106334,-0.12586885252572988,train
2017-11-27,-1.9856968056818183,-1.8845198980836022,-0.10117690759821607,train
2017-11-28,-2.0240334136363636,-1.8402144543062013,-0.18381895933016223,train
2017-11-29,-2.041186855454545,-1.8421815370652186,-0.19900531838932656,train
2017-11-30,-2.0707445013181816,-1.7516472876877567,-0.31909721363042487,train
2017-12-01,-2.104242176818182,-1.6611927841028922,-0.44304939271528987,train
2017-12-04,-2.098927642909091,-1.7373877321396702,-0.3615399107694208,train
2017-12-05,-2.106765341409091,-1.7608482428402723,-0.3459170985688187,train
2017-12-06,-2.108408999909091,-1.7810869183873737,-0.32732208152171727,train
2017-12-07,-2.070373868818182,-1.8404527600473257,-0.22992110877085614,train
2017-12-08,-2.023309007,-1.8729098709988372,-0.15039913600116273,train
2017-12-11,-1.9539995881363637,-1.9368967898922633,-0.017102798244100326,train
2017-12-12,-1.9116322588181818,-1.9334658426986677,0.02183358388048595,train
2017-12-13,-1.8844550914545453,-1.8386374840675934,-0.04581760738695184,train
2017-12-14,-1.8658984554090912,-1.7411790705966037,-0.12471938481248745,train
2017-12-15,-1.8210728583181817,-1.8289200665511431,0.007847208232961478,train
2017-12-18,-1.7885931968181816,-1.8109584681270106,0.022365271308828927,train
2017-12-19,-1.787521661181818,-1.7988956468293495,0.011373985647531448,train
2017-12-20,-1.764309410727273,-1.8611176931311708,0.09680828240389783,train
2017-12-21,-1.7146700272727273,-1.9333005479771874,0.2186305207044601,train
2017-12-22,-1.623862605,-1.901179421868266,0.27731681686826604,train
2017-12-26,-1.528905438727273,-2.058081835892184,0.529176397164911,train
2017-12-27,-1.4781116172272726,-2.0590488108522362,0.5809371936249637,train
2017-12-28,-1.4044116465454546,-2.124102951347214,0.7196913048017595,train
2017-12-29,-1.3505101877272727,-2.1361627634744025,0.7856525757471298,train
2018-01-02,-1.3101340239090908,-2.130213939345009,0.820079915435918,train
2018-01-03,-1.2614669918181818,-2.0796089721117146,0.8181419802935328,train
2018-01-04,-1.228472236318182,-2.041144513578091,0.8126722772599089,train
2018-01-05,-1.1859133891818183,-1.9817203308765645,0.7958069416947462,train
2018-01-08,-1.1523308484090908,-1.9844584100853364,0.8321275616762456,train
2018-01-09,-1.100824711590909,-1.9737300798728177,0.8729053682819086,train
2018-01-10,-1.0989903384090909,-1.8451225335942207,0.7461321951851299,train
2018-01-11,-1.1293592413181817,-1.73149759530576,0.6021383539875784,train
2018-01-12,-1.1608279248636364,-1.628323994617324,0.4674960697536876,train
2018-01-15,-1.1230450231818183,-1.5872091679924083,0.46416414481059,train
2018-01-16,-1.134852131818182,-1.4869918011592766,0.35213966934109475,train
2018-01-17,-1.1575584070454545,-1.4376725706476057,0.28011416360215113,train
2018-01-18,-1.1854658305454544,-1.4527275186112112,0.2672616880657568,train
2018-01-19,-1.1938776206818182,-1.4933741203357376,0.29949649965391933,train
2018-01-22,-1.1642496932272728,-1.595732782381316,0.4314830891540433,train
2018-01-23,-1.1541169138636365,-1.5987237445025724,0.4446068306389359,train
2018-01-24,-1.1833384256818182,-1.551990222799287,0.36865179711746876,train
2018-01-25,-1.2673762686818184,-1.3400576681708463,0.07268139948902785,train
2018-01-26,-1.2846345206363636,-1.3486919833450202,0.06405746270865653,train
2018-01-29,-1.2981353585909092,-1.3314465858951174,0.03331122730420821,train
2018-01-30,-1.3048764860454545,-1.239285974603361,-0.06559051144209338,train
2018-01-31,-1.313958154090909,-1.2452606292878663,-0.06869752480304281,train
2018-02-01,-1.3101970785000001,-1.3140660642271642,0.003868985727164098,train
2018-02-02,-1.3327508393181817,-1.2836628725406187,-0.049087966777563,train
2018-02-05,-1.3507447827727272,-1.2734275897069025,-0.07731719306582474,train
2018-02-06,-1.3526393636818181,-1.226317933264217,-0.12632143041760124,train
2018-02-07,-1.3670293812272727,-1.2584646819722336,-0.10856469925503909,train
2018-02-08,-1.425352279590909,-1.177456727424747,-0.2478955521661621,train
2018-02-09,-1.4397948451363638,-1.2225304284948006,-0.21726441664156315,train
2018-02-12,-1.4442893645454546,-1.2903941999959252,-0.15389516454952945,train
2018-02-13,-1.4652316767272728,-1.3357388265831989,-0.12949285014407397,train
2018-02-14,-1.5326624062272727,-1.1622119852666848,-0.3704504209605879,train
2018-02-15,-1.5611177296363634,-1.260337033960135,-0.30078069567622845,train
2018-02-16,-1.5850527834090906,-1.2828695426112353,-0.3021832407978553,train
2018-02-19,-1.5830578818636363,-1.332873378035573,-0.25018450382806323,train
2018-02-20,-1.578326369,-1.3204908891503675,-0.2578354798496325,train
2018-02-21,-1.5964746257272728,-1.352835128003254,-0.24363949772401883,train
2018-02-22,-1.6215030613181818,-1.3655416846609758,-0.255961376657206,train
2018-02-23,-1.627772190818182,-1.432321595005291,-0.19545059581289093,train
2018-02-26,-1.6244117660909092,-1.471985774962926,-0.15242599112798327,train
2018-02-27,-1.6563861474545454,-1.4142627380480752,-0.24212340940647015,train
2018-02-28,-1.7077095006363636,-1.4776181018634253,-0.23009139877293827,train
2018-03-01,-1.7603692260909092,-1.4291395237693407,-0.33122970232156845,train
2018-03-02,-1.7802481981818183,-1.435467940716237,-0.3447802574655814,train
2018-03-05,-1.8113146550909092,-1.3687284261776886,-0.4425862289132205,train
2018-03-06,-1.834432502727273,-1.4229154552531686,-0.41151704747410434,train
2018-03-07,-1.8348656029545454,-1.4309366930900398,-0.4039289098645056,train
2018-03-08,-1.8802272745909088,-1.3646943808451732,-0.5155328937457355,train
2018-03-09,-1.863529127318182,-1.4466438340177754,-0.4168852933004066,train
2018-03-12,-1.8612142716818183,-1.5798511271896063,-0.281363144492212,train
2018-03-13,-1.8816792938181819,-1.5384905121503163,-0.3431887816678656,train
2018-03-14,-1.9100978476363637,-1.5582528657960304,-0.3518449818403333,train
2018-03-15,-1.924563410909091,-1.6572670989878773,-0.2672963119212137,train
2018-03-16,-1.939118039409091,-1.6878453893561223,-0.2512726500529687,train
2018-03-19,-1.946545750636364,-1.677465411146379,-0.269080339489985,train
2018-03-20,-1.9488596194545458,-1.7057735322921481,-0.24308608716239766,train
2018-03-21,-1.9563872664545452,-1.686578241057094,-0.2698090253974512,train
2018-03-22,-1.975323491409091,-1.6269818011597836,-0.3483416902493073,train
2018-03-23,-1.9782954873181817,-1.6497419279940835,-0.32855355932409824,train
2018-03-26,-1.9761777164545455,-1.6842072042726404,-0.2919705121819052,train
2018-03-27,-1.9449922516818179,-1.6817413790740126,-0.26325087260780533,train
2018-03-28,-1.9425687585,-1.6669346251323645,-0.27563413336763554,train
2018-03-29,-1.933759818,-1.733260932205594,-0.2004988857944059,train
2018-03-30,-1.8863409788181817,-1.8951648751873957,0.00882389636921399,train
2018-04-02,-1.8108718443181815,-1.9071302171061708,0.09625837278798932,train
2018-04-03,-1.7818443023636363,-1.8766423745316376,0.09479807216800129,train
2018-04-04,-1.7516826186818184,-1.8939562953117774,0.14227367662995904,train
2018-04-05,-1.7499264020909089,-1.9209133624264083,0.17098696033549943,train
2018-04-06,-1.740738660590909,-1.8067677019057558,0.06602904131484677,train
2018-04-09,-1.7269791799545458,-1.8304411243330416,0.10346194437849587,train
2018-04-10,-1.7179751329999997,-1.7325600649905584,0.014584931990558658,train
2018-04-11,-1.7037907955,-1.8203089530294403,0.11651815752944028,train
2018-04-12,-1.700716036818182,-1.8196889271315517,0.11897289031336977,train
2018-04-13,-1.660907065909091,-1.903925476779065,0.243018410869974,train
2018-04-16,-1.6125988820909092,-1.930096564773454,0.31749768268254486,train
2018-04-17,-1.571490945727273,-1.9848155090570831,0.41332456332981016,train
2018-04-18,-1.5605244997727274,-1.9669139683002554,0.406389468527528,train
2018-04-19,-1.550892763090909,-1.9510651584696541,0.40017239537874505,train
2018-04-20,-1.5421874346363638,-1.9152473145601536,0.37305987992378986,train
2018-04-23,-1.4966619074999998,-1.892591967344289,0.3959300598442892,train
2018-04-24,-1.488125845909091,-1.8631170027132067,0.37499115680411577,train
2018-04-25,-1.4661004938636362,-1.8636570307185714,0.3975565368549352,train
2018-04-26,-1.4857854638636363,-1.7443322598514446,0.2585467959878083,train
2018-04-27,-1.450797888,-1.7688223587865393,0.31802447078653917,train
2018-04-30,-1.4129648972727271,-1.767232588729316,0.354267691456589,train
2018-05-01,-1.3661972903181818,-1.745994977251197,0.3797976869330151,train
2018-05-02,-1.385447954818182,-1.5496743338151393,0.16422637899695736,train
2018-05-03,-1.4068860131363636,-1.5888496655018367,0.18196365236547307,train
2018-05-04,-1.4165905215454546,-1.5398650390133988,0.12327451746794416,train
2018-05-07,-1.3815778892727273,-1.6196773226827832,0.2380994334100559,train
2018-05-08,-1.3910322761363636,-1.5429545326359428,0.15192225649957924,train
2018-05-09,-1.3909581065,-1.6234763409021704,0.23251823440217034,train
2018-05-10,-1.4185051505454547,-1.566255613420102,0.14775046287464733,train
2018-05-11,-1.4014308245454545,-1.6626893846848436,0.2612585601393891,train
2018-05-14,-1.367077846818182,-1.671395945506636,0.30431809868845416,train
2018-05-15,-1.3312419784545455,-1.6165111975040094,0.2852692190494639,train
2018-05-16,-1.3145349728181819,-1.5523400411887758,0.2378050683705939,train
2018-05-17,-1.3405519469545455,-1.5521162263471626,0.21156427939261713,train
2018-05-18,-1.310782128227273,-1.5873382176049198,0.27655608937764686,train
2018-05-21,-1.301412577409091,-1.559787281670929,0.25837470426183806,train
2018-05-22,-1.2727278238181818,-1.5639863867441783,0.2912585629259965,train
2018-05-23,-1.2912230752727274,-1.4515976479001105,0.16037457262738308,train
2018-05-24,-1.282909680409091,-1.5328815856750615,0.24997190526597057,train
2018-05-25,-1.294599043909091,-1.4846436827967187,0.19004463888762757,train
2018-05-28,-1.283094696,-1.5048869812428571,0.2217922852428571,train
2018-05-29,-1.2925268641818182,-1.3774447291368555,0.08491786495503728,train
2018-05-30,-1.283871427409091,-1.370136495175434,0.08626506776634302,train
2018-05-31,-1.3166329671363637,-1.2776213050135883,-0.0390116621227754,train
2018-06-01,-1.3469767328181819,-1.3004685785632724,-0.046508154254909506,train
2018-06-04,-1.3594317845454547,-1.3662407307413826,0.0068089461959279785,train
2018-06-05,-1.3813556227727273,-1.3756476580973176,-0.0057079646754096824,train
2018-06-06,-1.4027041204090909,-1.363546084537551,-0.039158035871539765,train
2018-06-07,-1.412107771,-1.4574094736209708,0.045301702620970774,train
2018-06-08,-1.4216228275,-1.4979245168273252,0.07630168932732517,train
2018-06-11,-1.404250035409091,-1.5151246539904353,0.11087461858134429,train
2018-06-12,-1.4192618026363637,-1.4892924269807803,0.07003062434441665,train
2018-06-13,-1.444329794,-1.454552166544597,0.010222372544597125,train
2018-06-14,-1.5127000689090908,-1.3333474135858125,-0.17935265532327826,train
2018-06-15,-1.5541996265454545,-1.293198076301369,-0.26100155024408545,train
2018-06-18,-1.556776632409091,-1.3964946034088674,-0.1602820290002236,train
2018-06-19,-1.551402511727273,-1.3027273284701693,-0.2486751832571037,train
2018-06-20,-1.5495386092727272,-1.3489821398865611,-0.20055646938616611,train
2018-06-21,-1.5883838779545452,-1.3197864786377818,-0.2685973993167634,train
2018-06-22,-1.6116581202727274,-1.3707754697286287,-0.24088265054409863,train
2018-06-25,-1.6197402180454545,-1.353137845589953,-0.26660237245550156,train
2018-06-26,-1.6172785037272726,-1.4149456118342345,-0.20233289189303805,train
2018-06-27,-1.6582001955,-1.3768083139065665,-0.28139188159343353,train
2018-06-28,-1.7209187573636364,-1.3605802152799076,-0.36033854208372884,train
2018-06-29,-1.7717534257272727,-1.292311809907704,-0.4794416158195687,train
2018-07-02,-1.8045983569545454,-1.367108787153254,-0.4374895698012915,train
2018-07-03,-1.8139757929545455,-1.4167176667397199,-0.3972581262148256,train
2018-07-04,-1.803488239909091,-1.4802785464588692,-0.32320969345022177,train
2018-07-05,-1.820666344818182,-1.530031414469935,-0.29063493034824694,train
2018-07-06,-1.858859484090909,-1.5823920452970663,-0.2764674387938426,train
2018-07-09,-1.8729757242272727,-1.6205234839398694,-0.2524522402874032,train
2018-07-10,-1.887545936,-1.6350871093581831,-0.25245882664181685,train
2018-07-11,-1.8540932181363636,-1.5417825153011417,-0.3123107028352219,train
2018-07-12,-1.8267944823636364,-1.5786853044092637,-0.2481091779543727,train
2018-07-13,-1.8149695291363637,-1.5914899911003402,-0.2234795380360235,train
2018-07-16,-1.7782643281363635,-1.67661749356754,-0.10164683456882351,train
2018-07-17,-1.7576491577272726,-1.6558374668540197,-0.10181169087325292,train
2018-07-18,-1.7443091597272726,-1.7064829990103578,-0.0378261607169148,train
2018-07-19,-1.7892683513636363,-1.5783526458936403,-0.21091570546999594,train
2018-07-20,-1.7786098826363637,-1.5953409760649155,-0.18326890657144812,train
2018-07-23,-1.763082768590909,-1.6258251321579453,-0.13725763643296363,train
2018-07-24,-1.7478118035909092,-1.623669843586353,-0.12414196000455613,train
2018-07-25,-1.7341343173636365,-1.5923360425889852,-0.14179827477465134,train
2018-07-26,-1.7473271231818182,-1.633200701207568,-0.11412642197425016,train
2018-07-27,-1.726206484318182,-1.7577212450376456,0.031514760719463686,train
2018-07-30,-1.6977308560909088,-1.8373283764690767,0.13959752037816786,train
2018-07-31,-1.6844810599999998,-1.8103159379995597,0.12583487799955995,train
2018-08-01,-1.649006305909091,-1.8874681726747704,0.2384618667656795,train
2018-08-02,-1.6494059543636361,-1.9023484282628114,0.25294247389917524,train
2018-08-03,-1.6487611803181819,-1.846079753036177,0.19731857271799513,train
2018-08-06,-1.6028873984090912,-1.8796485684651718,0.2767611700560806,train
2018-08-07,-1.5647442607272728,-1.9594083361678978,0.394664075440625,train
2018-08-08,-1.5323030913636364,-1.9279001388072783,0.3955970474436419,train
2018-08-09,-1.5277476291363634,-1.9527800977554859,0.42503246861912247,train
2018-08-10,-1.5832636487272724,-1.7311650404415801,0.14790139171430772,train
2018-08-13,-1.6021786691363635,-1.698687835729368,0.09650916659300446,train
2018-08-14,-1.6022836774545453,-1.6535425592055615,0.05125888175101623,train
2018-08-15,-1.6235526873636361,-1.577810277780022,-0.045742409583614085,train
2018-08-16,-1.6675025294090908,-1.5115498033982078,-0.15595272601088306,train
2018-08-17,-1.667140949,-1.5982787655004147,-0.06886218349958528,train
2018-08-20,-1.6552216467272727,-1.701982863534794,0.04676121680752132,train
2018-08-21,-1.6688529610454546,-1.6142076990220429,-0.05464526202341169,train
2018-08-22,-1.6879271909545457,-1.6445689165367134,-0.04335827441783224,train
2018-08-23,-1.6885093624999998,-1.6352799647304654,-0.05322939776953439,train
2018-08-24,-1.7150002081363633,-1.5977755832660623,-0.11722462487030105,train
2018-08-27,-1.697038244409091,-1.6488937313693046,-0.048144513039786396,train
2018-08-28,-1.6731178026818183,-1.6702279466069343,-0.002889856074884012,train
2018-08-29,-1.675958107227273,-1.6814056283195922,0.005447521092319274,train
2018-08-30,-1.6930401361818184,-1.6600544198451117,-0.03298571633670666,train
2018-08-31,-1.7101786472727272,-1.6375998823964681,-0.07257876487625903,train
2018-09-03,-1.6761103880909092,-1.6969197871569517,0.02080939906604251,train
2018-09-04,-1.6658170765,-1.6720789582617321,0.0062618817617321465,train
2018-09-05,-1.678647331181818,-1.5718777967616668,-0.10676953442015114,train
2018-09-06,-1.6942756883636363,-1.599845424557923,-0.09443026380571329,train
2018-09-07,-1.7073098251818182,-1.5647807588924527,-0.14252906628936546,train
2018-09-10,-1.6999452353636364,-1.6265612104488139,-0.07338402491482254,train
2018-09-11,-1.673763780409091,-1.6322363499234958,-0.04152743048559526,train
2018-09-12,-1.6830337155000001,-1.6435482896508113,-0.03948542584918879,train
2018-09-13,-1.7093783832272729,-1.6233400112245542,-0.08603837200271869,train
2018-09-14,-1.7154846772272727,-1.6870531820336363,-0.028431495193636414,train
2018-09-17,-1.694442769409091,-1.7581738849269501,0.06373111551785904,train
2018-09-18,-1.701213382045455,-1.6876478884932689,-0.013565493552186059,train
2018-09-19,-1.688423278,-1.7030309073482512,0.014607629348251328,train
2018-09-20,-1.7026416870454542,-1.6916483208462538,-0.010993366199200327,train
2018-09-21,-1.6917020021363636,-1.7426580598351757,0.050956057698812174,train
2018-09-24,-1.7043094204999998,-1.6430440975322438,-0.061265322967756,train
2018-09-25,-1.6986156484545454,-1.708066178983218,0.00945053052867273,train
2018-09-26,-1.7029119614090908,-1.6558439640833993,-0.04706799732569156,train
2018-09-27,-1.7089182188636365,-1.6110180614190983,-0.09790015744453817,train
2018-09-28,-1.7140551856363637,-1.6608052932027082,-0.05324989243365552,train
2018-10-01,-1.7049588742727273,-1.7015884115439355,-0.003370462728791823,train
2018-10-02,-1.7063829840000002,-1.6866629317687367,-0.019720052231263496,train
2018-10-03,-1.7164676799090908,-1.6143488448768946,-0.10211883503219621,train
2018-10-04,-1.745743905318182,-1.649291236931528,-0.096452668386654,train
2018-10-05,-1.7713295831363636,-1.6295592463381472,-0.14177033679821638,train
2018-10-08,-1.7131399509545455,-1.6819529671752356,-0.03118698377930995,train
2018-10-09,-1.7101714129545451,-1.654227623731552,-0.055943789222993034,train
2018-10-10,-1.7076396511818182,-1.7155482926453107,0.007908641463492572,train
2018-10-11,-1.7178426595909089,-1.6311171165110396,-0.08672554307986924,train
2018-10-12,-1.700201922318182,-1.6991026627043102,-0.0010992596138716948,train
2018-10-15,-1.6471974844090909,-1.7363290659387027,0.08913158152961187,train
2018-10-16,-1.5982842878636363,-1.7465969084753694,0.14831262061173311,train
2018-10-17,-1.5820818999090909,-1.7219990701084114,0.13991717019932048,train
2018-10-18,-1.5846564208181817,-1.7531887113284506,0.16853229051026886,train
2018-10-19,-1.6006657446818182,-1.7002839308547584,0.09961818617294016,train
2018-10-22,-1.581241731909091,-1.7216846282325144,0.14044289632342344,train
2018-10-23,-1.5987487996363634,-1.6896937221402177,0.09094492250385433,train
2018-10-24,-1.5975792302272729,-1.6868445651624882,0.08926533493521527,train
2018-10-25,-1.6091433449090908,-1.6872879489196273,0.07814460401053647,train
2018-10-26,-1.6089472431818181,-1.6869700337889753,0.07802279060715711,train
2018-10-29,-1.5802211594545454,-1.6453714778488984,0.06515031839435292,train
2018-10-30,-1.5635061697272725,-1.717587827663256,0.15408165793598338,train
2018-10-31,-1.5792796294545453,-1.6904144918071276,0.1111348623525823,train
2018-11-01,-1.5659529709545452,-1.698966435054525,0.13301346409997983,train
2018-11-02,-1.5760889240454545,-1.6685313509964954,0.09244242695104088,train
2018-11-05,-1.5639449245454544,-1.7881752530397987,0.22423032849434432,train
2018-11-06,-1.5382993272727274,-1.7960897162813751,0.2577903890086477,train
2018-11-07,-1.5471500142272725,-1.5934950238177314,0.04634500959045895,train
2018-11-08,-1.5385266636363637,-1.6553180219519728,0.11679135831560905,train
2018-11-09,-1.5322384173181818,-1.701215729440009,0.1689773121218272,train
2018-11-12,-1.5306069401818179,-1.6273580646022476,0.09675112442042977,train
2018-11-13,-1.5318465662727272,-1.570941577608039,0.0390950113353119,train
2018-11-14,-1.572274405818182,-1.5186791407454578,-0.05359526507272405,train
2018-11-15,-1.6304540698181818,-1.4485939960143315,-0.18186007380385028,train
2018-11-16,-1.6550196112727276,-1.4668005663350925,-0.18821904493763508,train
2018-11-19,-1.6225201775000002,-1.5201084257892965,-0.10241175171070371,train
2018-11-20,-1.5960685461363637,-1.5519074225669207,-0.04416112356944302,train
2018-11-21,-1.5882607996363634,-1.5426754588014975,-0.04558534083486587,train
2018-11-22,-1.5713479325454545,-1.6858825513429405,0.11453461879748605,train
2018-11-23,-1.5809509738181822,-1.6646200470739045,0.08366907325572237,train
2018-11-26,-1.5422748431818183,-1.708414445377645,0.1661396021958268,train
2018-11-27,-1.5347537161818183,-1.6612328626057729,0.12647914642395452,train
2018-11-28,-1.5824287795000003,-1.5396596089258952,-0.04276917057410512,train
2018-11-29,-1.5709189965454546,-1.5762081498637464,0.005289153318291717,train
2018-11-30,-1.5198526001363637,-1.6434149733643826,0.12356237322801888,train
2018-12-03,-1.5057613707272728,-1.5564410976329994,0.05067972690572664,train
2018-12-04,-1.5164374246818182,-1.5843201015362174,0.0678826768543992,train
2018-12-05,-1.5096733322727274,-1.6701398900254927,0.1604665577527653,train
2018-12-06,-1.501618175181818,-1.6198852962658734,0.11826712108405535,train
2018-12-07,-1.531448240727273,-1.4977898162260161,-0.03365842450125678,train
2018-12-10,-1.5353185046818183,-1.5317892391336323,-0.0035292655481860002,train
2018-12-11,-1.545083506318182,-1.556891885524697,0.011808379206514896,train
2018-12-12,-1.543158176090909,-1.502080629435998,-0.041077546654910924,train
2018-12-13,-1.5697808059545453,-1.4971462882046365,-0.07263451774990881,train
2018-12-14,-1.5874195481818183,-1.5999246241292073,0.012505075947389033,train
2018-12-17,-1.5990160431818181,-1.701294752883291,0.10227870970147279,train
2018-12-18,-1.6420348176818182,-1.7178415507945761,0.07580673311275787,train
2018-12-19,-1.7083905945454547,-1.607195839944462,-0.10119475460099281,train
2018-12-20,-1.7638510055454546,-1.5935052767779232,-0.1703457287675314,train
2018-12-21,-1.7731704849545453,-1.5540052004353848,-0.2191652845191605,train
2018-12-24,-1.7814950578636364,-1.5586761437685897,-0.22281891409504673,train
2018-12-26,-1.8001435004545456,-1.5692468971806495,-0.23089660327389616,train
2018-12-27,-1.8576621425454547,-1.4948517233874603,-0.3628104191579944,train
2018-12-28,-1.8399647600000002,-1.5296654134824463,-0.31029934651755386,train
2018-12-31,-1.8445941937727275,-1.620395477690524,-0.22419871608220343,train
2019-01-02,-1.8637816529090911,-1.557227393628227,-0.3065542592808641,train
2019-01-03,-1.9380783750454542,-1.437413686544304,-0.5006646885011503,train
2019-01-04,-2.0075650195,-1.4539459580288308,-0.5536190614711691,train
2019-01-07,-2.0524882536818185,-1.5540623351492213,-0.4984259185325972,train
2019-01-08,-2.0855188388636363,-1.531421500328443,-0.5540973385351933,train
2019-01-09,-2.154173887090909,-1.49072697678744,-0.6634469103034688,train
2019-01-10,-2.183936472090909,-1.5634569850769728,-0.6204794870139363,train
2019-01-11,-2.216738775181818,-1.5801992869221209,-0.6365394882596973,train
2019-01-14,-2.2186925053181814,-1.6212731723372638,-0.5974193329809177,train
2019-01-15,-2.2209849895000002,-1.551666539261982,-0.6693184502380183,train
2019-01-16,-2.226895269818182,-1.6595340419894247,-0.5673612278287572,train
2019-01-17,-2.2424664598636364,-1.7191017410090015,-0.5233647188546349,train
2019-01-18,-2.222081038909091,-1.8019164753267582,-0.42016456358233256,train
2019-01-21,-2.1835253829545453,-1.9317872619029912,-0.25173812105155413,train
2019-01-22,-2.155360900954545,-2.0017927216470643,-0.1535681793074808,train
2019-01-23,-2.1477284465,-2.0419230256099876,-0.10580542089001232,train
2019-01-24,-2.197053476136364,-1.9118422300260476,-0.28521124611031645,train
2019-01-25,-2.2149706038181822,-1.919979572262762,-0.2949910315554203,train
2019-01-28,-2.209446585272727,-1.9181922348437823,-0.29125435042894465,train
2019-01-29,-2.191361960045455,-1.94120794813796,-0.25015401190749476,train
2019-01-30,-2.255116733090909,-1.7275138847635432,-0.5276028483273658,train
2019-01-31,-2.2895455173636363,-1.835743903590281,-0.4538016137733554,train
2019-02-01,-2.302873039409091,-1.827331653157406,-0.47554138625168507,train
2019-02-04,-2.3093134914545455,-1.939327655856988,-0.3699858355975574,train
2019-02-05,-2.269442912818182,-1.9973382698733007,-0.27210464294488146,train
2019-02-06,-2.2369683492727273,-2.1556584577628652,-0.08130989150986201,train
2019-02-07,-2.238090592409091,-2.1676511871433863,-0.07043940526570447,train
2019-02-08,-2.191509891272727,-2.2945010614712675,0.10299117019854043,train
2019-02-11,-2.190754625909091,-2.231148001116427,0.04039337520733621,train
2019-02-12,-2.2009691078636364,-2.212226138727098,0.011257030863461637,train
2019-02-13,-2.221449312909091,-2.1312845437898162,-0.09016476911927462,train
2019-02-14,-2.281980873909091,-2.019760798750196,-0.2622200751588952,train
2019-02-15,-2.306539630136364,-2.03584524322054,-0.27069438691582404,train
2019-02-18,-2.2397938746818182,-2.0920605675738937,-0.14773330710792454,train
2019-02-19,-2.2416323391818183,-2.019113766888671,-0.2225185722931471,train
2019-02-20,-2.1894053262727273,-2.024705448294168,-0.16469987797855934,train
2019-02-21,-2.207152255409091,-2.0326242561034973,-0.1745279993055937,train
2019-02-22,-2.2171930493181815,-2.0662421161048647,-0.15095093321331676,train
2019-02-25,-2.189994077863636,-2.106024341001042,-0.08396973686259379,train
2019-02-26,-2.1655245399545455,-2.1149299515697195,-0.050594588384826,train
2019-02-27,-2.154220461818182,-2.107676671071876,-0.04654379074630599,train
2019-02-28,-2.171669123818182,-2.09194103255832,-0.07972809125986213,train
2019-03-01,-2.166695726318182,-2.1647519194041855,-0.0019438069139963154,train
2019-03-04,-2.155114475636364,-2.2090940549577396,0.05397957932137576,train
2019-03-05,-2.1858985451818183,-2.1526944204271983,-0.03320412475461998,train
2019-03-06,-2.179155700181818,-2.242226406822155,0.0630707066403371,train
2019-03-07,-2.2194658969090906,-2.139777092775786,-0.07968880413330437,train
2019-03-08,-2.233956524454545,-2.1426450203237453,-0.09131150413079991,train
2019-03-11,-2.225423306,-2.1562527863021317,-0.06917051969786847,train
2019-03-12,-2.2617998183636363,-2.0628931848815593,-0.19890663348207704,train
2019-03-13,-2.267149812136364,-2.061904253903313,-0.20524555823305102,train
2019-03-14,-2.291029212318182,-2.1263738840442143,-0.16465532827396778,train
2019-03-15,-2.286501737136364,-2.1479638939981114,-0.13853784313825246,train
2019-03-18,-2.276459519772727,-2.2191507566153086,-0.05730876315741851,train
2019-03-19,-2.2388420067727273,-2.278384269694646,0.03954226292191887,train
2019-03-20,-2.375948731409091,-2.037994386822744,-0.3379543445863469,train
2019-03-21,-2.458668854727273,-2.0887708535131035,-0.36989800121416927,train
2019-03-22,-2.5270836978636364,-1.884266947396497,-0.6428167504671394,train
2019-03-25,-2.5138083554545454,-1.9783831871925337,-0.5354251682620117,train
2019-03-26,-2.4990652626363636,-1.9838650639022641,-0.5152001987340995,train
2019-03-27,-2.5136941262727275,-1.9812372249665682,-0.5324569013061593,train
2019-03-28,-2.5583437165454543,-1.9405301186313424,-0.617813597914112,train
2019-03-29,-2.5843664035,-2.014222386130925,-0.5701440173690746,train
2019-04-01,-2.540598825272727,-2.0653811771897406,-0.4752176480829866,train
2019-04-02,-2.553657730363636,-2.047816054780426,-0.50584167558321,train
2019-04-03,-2.5425357846363634,-2.084135457999199,-0.45840032663716457,train
2019-04-04,-2.528122316090909,-2.192568105485732,-0.335554210605177,train
2019-04-05,-2.514954353090909,-2.2139655752346026,-0.3009887778563063,train
2019-04-08,-2.4933233475454544,-2.2633190570906736,-0.23000429045478077,train
2019-04-09,-2.4697009403636367,-2.265030024290168,-0.20467091607346877,train
2019-04-10,-2.4817376079545457,-2.236572458664634,-0.24516514928991162,train
2019-04-11,-2.4803786401363634,-2.267307784938825,-0.21307085519753866,train
2019-04-12,-2.4866929788636365,-2.2287056083488155,-0.257987370514821,train
2019-04-15,-2.4419522622272725,-2.3092605379900553,-0.1326917242372172,train
2019-04-16,-2.4578986661363635,-2.240985832060015,-0.21691283407634865,train
2019-04-17,-2.4737988955,-2.271788484476361,-0.2020104110236387,train
2019-04-18,-2.5305462175,-2.1488623163117544,-0.3816839011882456,train
2019-04-19,-2.449572212909091,-2.5023279056471353,0.052755692738044146,train
2019-04-22,-2.418176199590909,-2.569171807350119,0.15099560775921006,train
2019-04-23,-2.4010270691363638,-2.4909917223373297,0.08996465320096592,train
2019-04-24,-2.4163553429545455,-2.416933176511363,0.0005778335568176196,train
2019-04-25,-2.4805211896818182,-2.4427690268898274,-0.037752162791990784,train
2019-04-26,-2.496897019818182,-2.3349197878756023,-0.16197723194257962,train
2019-04-29,-2.4961444903181818,-2.3224450838193107,-0.17369940649887106,train
2019-04-30,-2.5141527195,-2.315487290457113,-0.1986654290428871,train
2019-05-01,-2.5417945392272725,-2.169303846857256,-0.3724906923700164,train
2019-05-02,-2.5261919745,-2.304077807390744,-0.22211416710925613,train
2019-05-03,-2.5023005311363637,-2.258775773469347,-0.24352475766701653,train
2019-05-06,-2.467744526,-2.2582157719552254,-0.20952875404477478,train
2019-05-07,-2.4233251555454545,-2.222991910595684,-0.20033324494977034,train
2019-05-08,-2.3942155595454544,-2.263944339428829,-0.1302712201166254,train
2019-05-09,-2.4188814984545455,-2.194077527789288,-0.2248039706652576,train
2019-05-10,-2.407034977,-2.273104191426265,-0.13393078557373483,train
2019-05-13,-2.3901294281363636,-2.282848443975861,-0.10728098416050269,train
2019-05-14,-2.4024418014999998,-2.28685870520565,-0.11558309629434982,train
2019-05-15,-2.4043122299090913,-2.212433402154659,-0.19187882775443255,train
2019-05-16,-2.3974959743636366,-2.321539921667516,-0.07595605269612049,train
2019-05-17,-2.338111198681818,-2.3681095534518612,0.02999835477004309,train
2019-05-20,-2.2837344864545455,-2.4418280484282207,0.1580935619736752,train
2019-05-21,-2.267807786090909,-2.3282560934861696,0.060448307395260414,train
2019-05-22,-2.2029860517727275,-2.460784712832523,0.25779866105979554,train
2019-05-23,-2.2179079378636364,-2.327413512394307,0.10950557453067056,train
2019-05-24,-2.1784672745000004,-2.324000405662051,0.14553313116205047,train
2019-05-27,-2.1131992599545453,-2.482222291395787,0.36902303144124193,train
2019-05-28,-2.1087908567727274,-2.4266454300930933,0.31785457332036593,train
2019-05-29,-2.0998315295909094,-2.4085302540690807,0.30869872447817137,train
2019-05-30,-2.066803293772727,-2.4836945886794823,0.41689129490675514,train
2019-05-31,-2.0735042317272727,-2.401393925072143,0.3278896933448703,train
2019-06-03,-2.0733069870454544,-2.329996573751257,0.2566895867058028,train
2019-06-04,-2.161052824363636,-2.2063581279060434,0.04530530354240714,train
2019-06-05,-2.1836913488636363,-2.129436798438247,-0.05425455042538907,train
2019-06-06,-2.2609533275,-1.973749549654889,-0.2872037778451113,train
2019-06-07,-2.3241152833181817,-1.9584346017016343,-0.36568068161654743,train
2019-06-10,-2.2910668692272727,-2.0651992250193003,-0.22586764420797234,train
2019-06-11,-2.278679183681818,-2.0844887810521575,-0.19419040262966059,train
2019-06-12,-2.302618325,-2.1040900531923783,-0.19852827180762178,train
2019-06-13,-2.3064308105909093,-2.2461753175920873,-0.060255492998821936,train
2019-06-14,-2.3323734989090905,-2.215483658385707,-0.11688984052338336,train
2019-06-17,-2.350674356909091,-2.254189542955949,-0.09648481395314201,train
2019-06-18,-2.375203666409091,-2.1051912807099042,-0.27001238569918673,train
2019-06-19,-2.3711396662272723,-2.0901797108368854,-0.280959955390387,train
2019-06-20,-2.4165527939545455,-2.0329703938898307,-0.3835824000647148,train
2019-06-21,-2.468043892272727,-1.965788109126579,-0.502255783146148,train
2019-06-24,-2.4723889183636363,-2.0240248022119736,-0.4483641161516627,train
2019-06-25,-2.480196651409091,-1.9269400833077628,-0.5532565681013282,train
2019-06-26,-2.496833521409091,-1.9703240383225582,-0.5265094830865329,train
2019-06-27,-2.5150689738636363,-2.035723800116877,-0.4793451737467591,train
2019-06-28,-2.5176812750454545,-2.086288076414479,-0.4313931986309756,train
2019-07-01,-2.4833353990454547,-2.0276689177722553,-0.4556664812731994,train
2019-07-02,-2.463494934090909,-2.0769759072462013,-0.3865190268447076,train
2019-07-03,-2.4504750485454547,-2.092529506758584,-0.3579455417868709,train
2019-07-04,-2.368164821681818,-2.3085465822177227,-0.05961823946409517,train
2019-07-05,-2.3456789804090907,-2.1792585169190746,-0.16642046349001616,train
2019-07-08,-2.289557411090909,-2.3316251463869286,0.04206773529601948,train
2019-07-09,-2.2318826235454545,-2.408046997476983,0.1761643739315284,train
2019-07-10,-2.248919802090909,-2.2665604015838827,0.017640599492973585,train
2019-07-11,-2.2651125209545455,-2.179833688647152,-0.08527883230739342,train
2019-07-12,-2.221324503227273,-2.2847572240729015,0.06343272084562868,train
2019-07-15,-2.1879741734090907,-2.280554071906466,0.09257989849737536,train
2019-07-16,-2.155470572227273,-2.2468378976493533,0.09136732542208037,train
2019-07-17,-2.118110528,-2.3552331835484184,0.2371226555484185,train
2019-07-18,-2.1480423419999997,-2.3041697098872183,0.1561273678872186,train
2019-07-19,-2.187114319636364,-2.2159119210558993,0.028797601419535468,train
2019-07-22,-2.1809355858181814,-2.334472895585978,0.15353730976779678,train
2019-07-23,-2.149436460727273,-2.361449307692873,0.21201284696559997,train
2019-07-24,-2.1094555317272725,-2.30814265799864,0.19868712627136764,train
2019-07-25,-2.1223807352272726,-2.2121622904431755,0.08978155521590292,train
2019-07-26,-2.132662783090909,-2.334170266082661,0.20150748299175225,train
2019-07-29,-2.1253759411818183,-2.3724186258832725,0.24704268470145418,train
2019-07-30,-2.1120933624545453,-2.3283414484615537,0.2162480860070084,train
2019-07-31,-2.1419661965,-2.145129317717771,0.003163121217771181,train
2019-08-01,-2.1788438022272727,-2.170981486014978,-0.007862316212294829,train
2019-08-02,-2.1567702342272725,-2.151409722929462,-0.005360511297810344,train
2019-08-05,-2.173449123045455,-2.0270452757044892,-0.14640384734096568,train
2019-08-06,-2.1990860306363635,-1.9544847278959259,-0.24460130274043768,train
2019-08-07,-2.2294851770454547,-1.9603347238718032,-0.2691504531736515,train
2019-08-08,-2.247776433545454,-1.9315045330266358,-0.31627190051881837,train
2019-08-09,-2.268230947409091,-1.991427622043355,-0.27680332536573604,train
2019-08-12,-2.2848025260454548,-2.0561792700802894,-0.2286232559651653,train
2019-08-13,-2.233683134909091,-1.9925551521242413,-0.24112798278484981,train
2019-08-14,-2.2260961581363636,-2.025682975856726,-0.20041318227963778,train
2019-08-15,-2.2431162457272724,-2.0065509627274576,-0.23656528299981483,train
2019-08-16,-2.243281550681818,-2.0056167060464727,-0.23766484463534532,train
2019-08-19,-2.1988430400454546,-2.1010225465164383,-0.09782049352901634,train
2019-08-20,-2.1831055035454545,-2.1659982895780185,-0.017107213967435975,train
2019-08-21,-2.159857150136364,-2.2194119530477385,0.059554802911374605,train
2019-08-22,-2.156076172818182,-2.168031295690884,0.011955122872701729,train
2019-08-23,-2.1921328776818183,-2.0776644926225862,-0.11446838505923207,train
2019-08-26,-2.2222306962727276,-2.0571826535511035,-0.1650480427216241,train
2019-08-27,-2.1944643918636366,-2.13036086779131,-0.06410352407232667,train
2019-08-28,-2.1719272354090906,-2.1243662530612815,-0.047560982347809144,train
2019-08-29,-2.163064564772727,-2.089088318089147,-0.07397624668358027,train
2019-08-30,-2.148248527681818,-2.1117301707901275,-0.03651835689169047,train
2019-09-02,-2.1427834470454545,-2.207512077006468,0.06472862996101325,train
2019-09-03,-2.1372232075454547,-2.028680681790085,-0.10854252575536982,train
2019-09-04,-2.1329097105454546,-2.049806168441693,-0.08310354210376181,train
2019-09-05,-2.150290214409091,-2.0689108135670664,-0.08137940084202455,train
2019-09-06,-2.1564777155,-2.118666580768265,-0.0378111347317347,train
2019-09-09,-2.174645762727273,-2.0708319254604524,-0.10381383726682047,train
2019-09-10,-2.161126061090909,-2.1972936307751953,0.03616756968428625,train
2019-09-11,-2.120128361272727,-2.254853703003995,0.1347253417312677,train
2019-09-12,-2.220031971590909,-1.9526034943573942,-0.2674284772335149,train
2019-09-13,-2.2035423077727274,-2.0218914993977264,-0.18165080837500103,train
2019-09-16,-2.1818804546363637,-2.0661321868487463,-0.11574826778761738,train
2019-09-17,-2.1620607850454547,-2.0197028806704354,-0.14235790437501938,train
2019-09-18,-2.190413641227273,-1.9152672084000997,-0.2751464328271733,train
2019-09-19,-2.2014483580454547,-2.062518578208928,-0.13892977983652655,train
2019-09-20,-2.1936693808181817,-2.072726171019907,-0.12094320979827478,train
2019-09-23,-2.2279731197727273,-2.038456911886875,-0.18951620788585233,train
2019-09-24,-2.199036960409091,-2.103636686592837,-0.09540027381625382,train
2019-09-25,-2.217101889590909,-2.186162353759533,-0.030939535831375764,train
2019-09-26,-2.267065487772727,-2.1198282852326478,-0.14723720254007944,train
2019-09-27,-2.2919435862727275,-2.118484536415315,-0.17345904985741267,train
2019-09-30,-2.2786359541818184,-2.1029626172711113,-0.17567333691070708,train
2019-10-01,-2.3005801728636364,-2.0236685128656218,-0.2769116599980146,train
2019-10-02,-2.292559333818182,-2.0687984801994763,-0.2237608536187059,train
2019-10-03,-2.3482760918181818,-1.9282880635699644,-0.41998802824821735,train
2019-10-04,-2.3557464707272726,-1.9696064793324761,-0.3861399913947965,train
2019-10-07,-2.3783344772727273,-2.063343465487864,-0.31499101178486333,train
2019-10-08,-2.3771114797272728,-2.112986925305963,-0.26412455442130955,train
2019-10-09,-2.400487672,-2.1212772169890792,-0.2792104550109209,train
2019-10-10,-2.448222745954545,-2.1641512427394134,-0.28407150321513175,train
2019-10-11,-2.4997104581363634,-2.095231458433898,-0.40447899970246537,train
2019-10-14,-2.5030281969545456,-2.232440077291216,-0.2705881196633295,train
2019-10-15,-2.5668482095,-2.050122395495076,-0.516725814004924,train
2019-10-16,-2.6316227624545454,-2.0121423591456784,-0.619480403308867,train
2019-10-17,-2.697229249,-1.9521297994328242,-0.7450994495671757,train
2019-10-18,-2.7357807965909093,-2.065513039016706,-0.6702677575742033,train
2019-10-21,-2.748624417409091,-2.0634901651594517,-0.6851342522496391,train
2019-10-22,-2.7895041855454545,-2.057541736742101,-0.7319624488033534,train
2019-10-23,-2.7726153095909094,-2.1967916027283065,-0.5758237068626029,train
2019-10-24,-2.8338622982272725,-2.106005413019947,-0.7278568852073257,train
2019-10-25,-2.845681912090909,-2.255958424327872,-0.5897234877630368,train
2019-10-28,-2.8395739515,-2.3355164041770378,-0.504057547322962,train
2019-10-29,-2.880954823818182,-2.3535317887673917,-0.5274230350507905,train
2019-10-30,-2.9167818063181823,-2.1970712031989184,-0.7197106031192639,train
2019-10-31,-2.926221813863636,-2.270811035688866,-0.6554107781747698,train
2019-11-01,-2.9508765679545452,-2.221934352038255,-0.7289422159162902,train
2019-11-04,-2.948016651409091,-2.231998352084586,-0.7160182993245052,train
2019-11-05,-2.980015703681818,-2.163644290362081,-0.8163714133197368,train
2019-11-06,-2.9383067605909092,-2.3390685772458846,-0.5992381833450247,train
2019-11-07,-2.9823758905,-2.30836887896468,-0.6740070115353203,train
2019-11-08,-2.985604779272727,-2.409426255247608,-0.5761785240251194,train
2019-11-11,-2.9365524836818184,-2.510215428449763,-0.42633705523205556,train
2019-11-12,-2.9000141892727274,-2.5482629570889808,-0.3517512321837466,train
2019-11-13,-2.8224653225,-2.5302575135843273,-0.29220780891567255,train
2019-11-14,-2.807586035818182,-2.5853687272528747,-0.2222173085653072,train
2019-11-15,-2.780876013681818,-2.6430086793957033,-0.13786733428611475,train
2019-11-18,-2.7641916910454545,-2.644143880212799,-0.1200478108326557,train
2019-11-19,-2.730089615681818,-2.692884731066575,-0.03720488461524285,train
2019-11-20,-2.7310004698181816,-2.6576960876784086,-0.07330438213977297,train
2019-11-21,-2.7408095185,-2.6899528027122734,-0.050856715787726436,train
2019-11-22,-2.782871505090909,-2.5844791361995725,-0.1983923688913367,train
2019-11-25,-2.8041903195,-2.6678426328647475,-0.13634768663525243,train
2019-11-26,-2.7660948711363638,-2.6853694376292117,-0.08072543350715211,train
2019-11-27,-2.7375896661363637,-2.68222933143457,-0.05536033470179369,train
2019-11-28,-2.699888595090909,-2.7954189487277414,0.09553035363683238,train
2019-11-29,-2.6862870934545455,-2.724009263893427,0.037722170438881264,train
2019-12-02,-2.6933407878636366,-2.669416995763934,-0.023923792099702634,train
2019-12-03,-2.688690016090909,-2.6801339927818417,-0.008556023309067129,train
2019-12-04,-2.6809522428181816,-2.620694507800318,-0.06025773501786347,train
2019-12-05,-2.6444595088181817,-2.6131039552436053,-0.03135555357457642,train
2019-12-06,-2.662937945772727,-2.5150374686966708,-0.14790047707605636,train
2019-12-09,-2.6080855365454543,-2.710906399516397,0.10282086297094262,train
2019-12-10,-2.6006308695909093,-2.6975492087429846,0.09691833915207537,train
2019-12-11,-2.6302571325,-2.5967058094424007,-0.03355132305759945,train
2019-12-12,-2.6553662507727274,-2.5243932047650657,-0.1309730460076617,train
2019-12-13,-2.7190363475454546,-2.3468278937792864,-0.3722084537661683,train
2019-12-16,-2.7413467421818183,-2.4019150550653774,-0.3394316871164409,train
2019-12-17,-2.7776883177272724,-2.3582841370329906,-0.41940418069428187,train
2019-12-18,-2.786971757318182,-2.391885101714302,-0.3950866556038797,train
2019-12-19,-2.803362670681818,-2.383058564396552,-0.42030410628526615,train
2019-12-20,-2.760185712227273,-2.5208129643190875,-0.23937274790818552,train
2019-12-23,-2.752065106318182,-2.5927262610811943,-0.1593388452369875,train
2019-12-24,-2.7285680423636367,-2.669278891603735,-0.0592891507599016,train
2019-12-26,-2.7087733779545453,-2.7530700047607204,0.04429662680617508,train
2019-12-27,-2.7254809152272728,-2.6350653469242973,-0.09041556830297548,train
2019-12-30,-2.7477181364545453,-2.598473514824881,-0.14924462162966412,train
2019-12-31,-2.735629877181818,-2.5949143872351117,-0.14071548994670646,train
2020-01-02,-2.7584830024545455,-2.4684260812617227,-0.2900569211928228,train
2020-01-03,-2.776140656772727,-2.430599975611031,-0.3455406811616961,train
2020-01-06,-2.785114199,-2.4561335811625926,-0.3289806178374075,train
2020-01-07,-2.791252578,-2.4189189402030067,-0.37233363779699324,train
2020-01-08,-2.799043592818182,-2.332660306935618,-0.46638328588256384,train
2020-01-09,-2.8155407767727274,-2.4063807134828497,-0.40916006328987775,train
2020-01-10,-2.8370424053636367,-2.3382012193458888,-0.49884118601774796,train
2020-01-13,-2.817713487045454,-2.4043071064247017,-0.4134063806207524,train
2020-01-14,-2.7973755207727273,-2.4570737934541165,-0.34030172731861086,train
2020-01-15,-2.789470857272727,-2.4894793711697947,-0.29999148610293247,train
2020-01-16,-2.831789238090909,-2.504341639464072,-0.3274475986268368,train
2020-01-17,-2.7912235505,-2.6086287925866625,-0.18259475791333735,train
2020-01-20,-2.757989326318182,-2.678993309101043,-0.07899601721713889,train
2020-01-21,-2.7229202974545457,-2.6435487541756597,-0.07937154327888596,train
2020-01-22,-2.6699381261363637,-2.655373927329605,-0.014564198806758633,train
2020-01-23,-2.6645547190454546,-2.5116660919616143,-0.15288862708384032,train
2020-01-24,-2.617461953409091,-2.597579776844098,-0.019882176564992804,train
2020-01-27,-2.5614903915454543,-2.533574186493888,-0.027916205051566223,train
2020-01-28,-2.485476936090909,-2.566073938358014,0.08059700226710476,train
2020-01-29,-2.390513816681818,-2.53783964387968,0.14732582719786214,train
2020-01-30,-2.2846511031363637,-2.625720096160352,0.3410689930239883,train
2020-01-31,-2.1804809614545455,-2.5630785915956165,0.38259763014107095,train
2020-02-03,-2.106622230772727,-2.5824114060707326,0.4757891752980057,train
2020-02-04,-2.030917784909091,-2.593052617318729,0.562134832409638,train
2020-02-05,-1.9278644605000002,-2.5967922205661806,0.6689277600661805,train
2020-02-06,-1.7800236851818183,-2.536677126969674,0.7566534417878557,train
2020-02-07,-1.6859225685454546,-2.4996475286450885,0.8137249600996339,train
2020-02-10,-1.5800050659090907,-2.579554113465878,0.9995490475567872,train
2020-02-11,-1.4141621551363637,-2.556466929744184,1.1423047746078205,train
2020-02-12,-1.2872989546363636,-2.5015669002232737,1.21426794558691,train
2020-02-13,-1.151962108318182,-2.494551592831947,1.3425894845137651,train
2020-02-14,-1.0451990426363638,-2.5142925010334207,1.469093458397057,train
2020-02-17,-0.8800912284545453,-2.6507925264118652,1.77070129795732,train
2020-02-18,-0.7315767105454545,-2.4874194430523335,1.755842732506879,train
2020-02-19,-0.5850208580454546,-2.5237423242938704,1.9387214662484158,train
2020-02-20,-0.4590664621818182,-2.4461101518440573,1.9870436896622392,train
2020-02-21,-0.364724946409091,-2.332402483479041,1.96767753706995,train
2020-02-24,-0.3006910735454546,-2.223179411270756,1.9224883377253015,train
2020-02-25,-0.2138204591818182,-2.207032049615765,1.993211590433947,train
2020-02-26,-0.1547660165,-2.0809961260234893,1.9262301095234893,train
2020-02-27,-0.1090100528636364,-1.9951881140986685,1.886178061235032,train
2020-02-28,-0.08240439840909093,-1.827172155735951,1.74476775732686,train
2020-03-02,-0.09100017986363639,-1.6995005318952137,1.6085003520315773,train
2020-03-03,-0.09617498322727273,-1.52134390160961,1.4251689183823373,train
2020-03-04,-0.083437778,-1.5326760616483877,1.4492382836483877,train
2020-03-05,-0.07429785113636364,-1.5032969811017631,1.4289991299653995,train
2020-03-06,-0.09747185859090908,-1.4003192030779184,1.3028473444870092,train
2020-03-09,-0.17189063313636363,-1.1358102901438805,0.9639196570075168,train
2020-03-10,-0.2056984180909091,-1.1723074954877184,0.9666090773968092,train
2020-03-11,-0.29143822718181817,-1.1356464755115674,0.8442082483297493,train
2020-03-12,-0.40501335240909087,-0.7976235114576549,0.392610159048564,train
2020-03-13,-0.48456155081818186,-0.7379537434709406,0.2533921926527587,train
2020-03-16,-0.5654099266818182,-0.687606303679246,0.1221963769974278,train
2020-03-17,-0.602027396,-0.7027949707154217,0.10076757471542175,train
2020-03-18,-0.658984336590909,-0.5638362995639401,-0.09514803702696895,train
2020-03-19,-0.7767803852272727,-0.41326929684867125,-0.3635110883786014,train
2020-03-20,-0.8513414304999999,-0.3799204825486982,-0.4714209479513017,train
2020-03-23,-0.9570525710000001,-0.31785438957550477,-0.6391981814244954,train
2020-03-24,-1.0075020877272727,-0.26412055868946144,-0.7433815290378112,train
2020-03-25,-1.0377246098181818,-0.3331234681305312,-0.7046011416876506,train
2020-03-26,-1.1039279266818183,-0.34759616929127407,-0.7563317573905441,train
2020-03-27,-1.1546307699545455,-0.39770030458600025,-0.7569304653685452,train
2020-03-30,-1.198871271,-0.46388387249414603,-0.7349873985058539,train
2020-03-31,-1.2219103112272727,-0.45588268273850663,-0.766027628488766,train
2020-04-01,-1.251915474,-0.5432713067671975,-0.7086441672328025,train
2020-04-02,-1.306776359909091,-0.5345836291343821,-0.7721927307747088,train
2020-04-03,-1.3161780901818183,-0.603643104994552,-0.7125349851872663,train
2020-04-06,-1.336203109409091,-0.6600106965844635,-0.6761924128246274,train
2020-04-07,-1.353340013590909,-0.7385478208192904,-0.6147921927716187,train
2020-04-08,-1.390895110909091,-0.7517826944640289,-0.6391124164450621,train
2020-04-09,-1.4260058208181816,-0.805053387267033,-0.6209524335511486,train
2020-04-10,-1.382675590409091,-1.0822386344025134,-0.3004369560065776,train
2020-04-13,-1.3771242988181818,-1.0831503204343649,-0.2939739783838169,train
2020-04-14,-1.3845393574999998,-1.1234999337966791,-0.26103942370332067,train
2020-04-15,-1.401730424409091,-1.1705958156238923,-0.23113460878519865,train
2020-04-16,-1.404965972409091,-1.1648490277653323,-0.24011694464375877,train
2020-04-17,-1.4267770269545454,-1.1102552541719206,-0.31652177278262483,train
2020-04-20,-1.4434503774545455,-1.1840553687654314,-0.25939500868911414,train
2020-04-21,-1.4654693143636364,-1.1512461598499555,-0.3142231545136809,train
2020-04-22,-1.4834342239999998,-1.274537122119351,-0.2088971018806487,train
2020-04-23,-1.5702050249545456,-1.1958651106149583,-0.37433991433958735,train
2020-04-24,-1.6015712979545456,-1.2263713483357261,-0.3751999496188194,train
2020-04-27,-1.5650512309090912,-1.2939719600111728,-0.2710792708979184,train
2020-04-28,-1.5694336912272726,-1.3246171612529754,-0.24481652997429726,train
2020-04-29,-1.549369686,-1.3261234784388782,-0.22324620756112168,train
2020-04-30,-1.5922425988636364,-1.2591463120045483,-0.3330962868590881,train
2020-05-01,-1.5871200819545452,-1.3676127159619407,-0.21950736599260456,train
2020-05-04,-1.5700033949545456,-1.4083345802594578,-0.16166881469508776,train
2020-05-05,-1.5513276793181818,-1.342618499309734,-0.20870918000844774,train
2020-05-06,-1.516776477409091,-1.3953889107019373,-0.12138756670715378,train
2020-05-07,-1.5129502351363635,-1.4576938544585887,-0.05525638067777483,train
2020-05-08,-1.4953596677727274,-1.5049565147940125,0.009596847021285049,train
2020-05-11,-1.4535857577727274,-1.5258081727277302,0.07222241495500281,train
2020-05-12,-1.4165146017272727,-1.5307196108967276,0.11420500916945486,train
2020-05-13,-1.3867106412727273,-1.5174977441666002,0.13078710289387296,train
2020-05-14,-1.3643408450454544,-1.5392394862550225,0.1748986412095681,train
2020-05-15,-1.3353980840454545,-1.5498762150792447,0.2144781310337902,train
2020-05-18,-1.337299294181818,-1.459196590073386,0.12189729589156806,train
2020-05-19,-1.3222335465909092,-1.5187486255932299,0.19651507900232068,train
2020-05-20,-1.2881874018636363,-1.574881638001912,0.2866942361382756,train
2020-05-21,-1.2992294051818183,-1.5521257015725332,0.25289629639071487,train
2020-05-22,-1.2683395334090908,-1.6342058426169719,0.3658663092078811,train
2020-05-25,-1.2140502030000002,-1.8174793653021646,0.6034291623021644,train
2020-05-26,-1.212869800590909,-1.7596278917732457,0.5467580911823366,train
2020-05-27,-1.2691259701818183,-1.5842830460667614,0.3151570758849431,train
2020-05-28,-1.2841196182272727,-1.646889541473778,0.36276992324650537,train
2020-05-29,-1.3062745393636364,-1.5229204361093556,0.2166458967457192,train
2020-06-01,-1.3218494088181816,-1.5171651044320769,0.19531569561389528,train
2020-06-02,-1.326552602,-1.4703591164500567,0.14380651445005666,train
2020-06-03,-1.3737437839545452,-1.488229131019851,0.11448534706530578,train
2020-06-04,-1.423980731909091,-1.375315363121971,-0.04866536878711991,train
2020-06-05,-1.4655246164545455,-1.3562017947916831,-0.10932282166286234,train
2020-06-08,-1.4830012172727272,-1.399883355128527,-0.08311786214420014,train
2020-06-09,-1.480472829090909,-1.381848569903761,-0.09862425918714801,train
2020-06-10,-1.5358845720454546,-1.291955448716191,-0.24392912332926353,train
2020-06-11,-1.5817350828636363,-1.281593194751291,-0.3001418881123452,train
2020-06-12,-1.6319262319545453,-1.2790283953121389,-0.3528978366424065,train
2020-06-15,-1.6590608480454543,-1.2760363017621812,-0.3830245462832731,train
2020-06-16,-1.683063974681818,-1.2398685361795907,-0.4431954385022272,train
2020-06-17,-1.7218054419090907,-1.2685817345750625,-0.45322370733402817,train
2020-06-18,-1.7180655440909092,-1.3137489192500973,-0.4043166248408119,train
2020-06-19,-1.7155112323181818,-1.308518843997712,-0.4069923883204698,train
2020-06-22,-1.6864629553181816,-1.412931983692024,-0.2735309716261576,train
2020-06-23,-1.6901008968181819,-1.3952059814741054,-0.2948949153440765,train
2020-06-24,-1.693951136318182,-1.398357541944962,-0.29559359437321997,train
2020-06-25,-1.6661476039999998,-1.4458731819921582,-0.22027442200784164,train
2020-06-26,-1.6382623811363637,-1.5435659013465988,-0.09469647978976492,train
2020-06-29,-1.6118990481818185,-1.5396883442744318,-0.07221070390738671,train
2020-06-30,-1.599876336090909,-1.5220355470727336,-0.07784078901817537,train
2020-07-01,-1.5501902414545454,-1.5937698700106577,0.043579628556112304,train
2020-07-02,-1.5421682084545454,-1.5392025986369071,-0.0029656098176382706,train
2020-07-03,-1.50132365,-1.6481989954524314,0.14687534545243142,train
2020-07-06,-1.4788153124090906,-1.6189680835878084,0.14015277117871783,train
2020-07-07,-1.4487169858636362,-1.6418511978455899,0.19313421198195369,train
2020-07-08,-1.4161622228181818,-1.652171950014283,0.23600972719610125,train
2020-07-09,-1.4421553706363637,-1.5926808579176865,0.15052548728132287,train
2020-07-10,-1.4055155789545453,-1.6604295446638413,0.25491396570929603,train
2020-07-13,-1.3854308756363636,-1.6589640965055712,0.2735332208692076,train
2020-07-14,-1.3661159181363638,-1.7086174357113328,0.34250151757496905,train
2020-07-15,-1.3647092371818181,-1.6964842433709937,0.33177500618917555,train
2020-07-16,-1.3744056232727273,-1.713696644277228,0.3392910210045006,train
2020-07-17,-1.3486515809545454,-1.760329672832209,0.4116780918776637,train
2020-07-20,-1.3425817252727272,-1.6600180245522247,0.31743629927949746,train
2020-07-21,-1.3475576336363635,-1.593602947706254,0.2460453140698906,train
2020-07-22,-1.352406419318182,-1.5522442272230879,0.1998378079049059,train
2020-07-23,-1.369624739227273,-1.5794277606289686,0.2098030214016957,train
2020-07-24,-1.3774554297272728,-1.5558511296589714,0.17839569993169868,train
2020-07-27,-1.4110734397727274,-1.499592620731372,0.08851918095864453,train
2020-07-28,-1.3765571297727273,-1.5273053848054021,0.15074825503267486,train
2020-07-29,-1.3715133437727274,-1.5136959030844175,0.1421825593116901,train
2020-07-30,-1.3906535979090908,-1.4864975375212754,0.09584393961218463,train
2020-07-31,-1.391492724,-1.3856035888427571,-0.005889135157242764,train
2020-08-03,-1.3905176932727275,-1.4315657493351566,0.04104805606242912,train
2020-08-04,-1.3874681166818181,-1.4262285357541524,0.038760419072334296,train
2020-08-05,-1.385856097,-1.4076175795084283,0.021761482508428243,train
2020-08-06,-1.4543456838636364,-1.3620194089228232,-0.09232627494081314,train
2020-08-07,-1.4663566135000001,-1.3725835776485042,-0.09377303585149588,train
2020-08-10,-1.4551523601363636,-1.4817183029114138,0.0265659427750502,train
2020-08-11,-1.4441074050909093,-1.4030501436834966,-0.041057261407412726,train
2020-08-12,-1.4688354575454545,-1.4095509989120518,-0.059284458633402703,train
2020-08-13,-1.501697490318182,-1.4485597961362509,-0.05313769418193104,train
2020-08-14,-1.5105205706818183,-1.503057708097773,-0.007462862584045382,train
2020-08-17,-1.4780206513181817,-1.5117018076994475,0.03368115638126579,train
2020-08-18,-1.4783038124090908,-1.4827801743327802,0.004476361923689387,train
2020-08-19,-1.5209814678181817,-1.4381414334530616,-0.08284003436512011,train
2020-08-20,-1.5299032498636365,-1.4301042074773125,-0.09979904238632398,train
2020-08-21,-1.5328113459090908,-1.4109600492961312,-0.12185129661295968,train
2020-08-24,-1.512269477772727,-1.4772499288115732,-0.03501954896115378,train
2020-08-25,-1.4965962712272727,-1.4861886474577568,-0.010407623769515872,train
2020-08-26,-1.495890867909091,-1.5591299965223457,0.06323912861325476,train
2020-08-27,-1.551429926772727,-1.4012796488343597,-0.15015027793836722,train
2020-08-28,-1.573874890681818,-1.4364548507931953,-0.13742003988862272,train
2020-08-31,-1.5633766590454548,-1.469153571574794,-0.09422308747066066,train
2020-09-01,-1.5951521211818183,-1.3443751098226329,-0.2507770113591854,train
2020-09-02,-1.6162872327727271,-1.3400122060039557,-0.27627502676877147,train
2020-09-03,-1.660606762409091,-1.3910988825992407,-0.26950787980985025,train
2020-09-04,-1.6733867601818182,-1.3883778052113855,-0.28500895497043266,train
2020-09-07,-1.6520466524545456,-1.5826547732030964,-0.06939187925144918,train
2020-09-08,-1.6948939483636365,-1.5224293209832123,-0.17246462738042423,train
2020-09-09,-1.7205909771363637,-1.5591154251901131,-0.16147555194625052,train
2020-09-10,-1.784360320818182,-1.479397124266557,-0.30496319655162507,train
2020-09-11,-1.7914345109545453,-1.607789893761657,-0.18364461719288827,train
2020-09-14,-1.7904093062272728,-1.6313086850157863,-0.1591006212114865,train
2020-09-15,-1.7985097332272724,-1.6407826218792423,-0.15772711134803008,train
2020-09-16,-1.8507581088636365,-1.5255562716722428,-0.3252018371913936,train
2020-09-17,-1.8842370472272727,-1.5839461821758862,-0.30029086505138647,train
2020-09-18,-1.889639803909091,-1.6629475296144176,-0.2266922742946733,train
2020-09-21,-1.917967059909091,-1.5595530321191604,-0.3584140277899306,train
2020-09-22,-1.9531485011818182,-1.5199981444864235,-0.4331503566953947,train
2020-09-23,-1.9805530448636361,-1.5450986952205172,-0.4354543496431189,train
2020-09-24,-2.0178138024545453,-1.530768873930866,-0.4870449285236793,train
2020-09-25,-2.027823623454545,-1.555388053540006,-0.47243556991453906,train
2020-09-28,-2.029771989727273,-1.6044463584388546,-0.42532563128841816,train
2020-09-29,-2.0264319245,-1.617375091114762,-0.40905683338523824,train
2020-09-30,-2.0455705396363637,-1.5917808676091567,-0.453789672027207,train
2020-10-01,-2.0815398746363636,-1.625786486984862,-0.45575338765150164,train
2020-10-02,-2.0947666008636365,-1.6419198682843321,-0.4528467325793044,train
2020-10-05,-1.9945766718181817,-1.7385797683859248,-0.2559969034322569,train
2020-10-06,-1.9722201495454543,-1.669284801641265,-0.3029353479041894,train
2020-10-07,-1.924705798181818,-1.7491604209426515,-0.17554537723916663,train
2020-10-08,-1.8572407391363634,-1.8359135529613424,-0.02132718617502105,train
2020-10-09,-1.8129545228181818,-1.86205926691249,0.049104744094308206,train
2020-10-12,-1.7870308661363636,-1.9104824656007684,0.12345159946440476,train
2020-10-13,-1.780965079,-1.9187156118426898,0.1377505328426898,train
2020-10-14,-1.7853666679090907,-1.9430184196363547,0.15765175172726398,train
2020-10-15,-1.7797388310909092,-1.9191130286505749,0.13937419755966562,train
2020-10-16,-1.783243564181818,-1.9574324029765644,0.17418883879474634,train
2020-10-19,-1.7939670852272727,-1.9506779561650989,0.1567108709378262,train
2020-10-20,-1.7975468321818182,-1.9605126247971716,0.16296579261535338,train
2020-10-21,-1.8211266270454545,-1.9494779037207695,0.12835127667531498,train
2020-10-22,-1.8012892176818183,-1.9743743898688608,0.17308517218704256,train
2020-10-23,-1.7840193944545455,-1.9683669321999364,0.18434753774539092,train
2020-10-26,-1.7603229776363636,-1.9987272880226168,0.2384043103862532,train
2020-10-27,-1.777021187409091,-1.9837828310927144,0.20676164368362326,train
2020-10-28,-1.8117435793181818,-1.9587058396529007,0.14696226033471893,train
2020-10-29,-1.8250709644090906,-1.8961986489368028,0.07112768452771223,train
2020-10-30,-1.8177765240454546,-1.9120835709410422,0.09430704689558755,train
2020-11-02,-1.7801420718181817,-1.977050333605465,0.19690826178728327,train
2020-11-03,-1.7689307713636362,-1.9525751814345638,0.18364441007092758,train
2020-11-04,-1.8442626937727271,-1.6350195565078758,-0.20924313726485133,train
2020-11-05,-1.8777850425909093,-1.6685000306164526,-0.2092850119744567,train
2020-11-06,-1.9251441079545453,-1.5955376821550185,-0.3296064257995268,train
2020-11-09,-1.978089438,-1.4527921110639277,-0.5252973269360723,train
2020-11-10,-1.9888719400454546,-1.4113377610018731,-0.5775341790435815,train
2020-11-11,-1.992256433909091,-1.5649936412116099,-0.427262792697481,train
2020-11-12,-1.9904817542272726,-1.6282054699444595,-0.3622762842828131,train
2020-11-13,-1.9643002305000001,-1.7487204989051306,-0.21557973159486954,train
2020-11-16,-1.9230616726818182,-1.7897574683647104,-0.13330420431710777,train
2020-11-17,-1.905622829272727,-1.894388198685802,-0.011234630586925087,train
2020-11-18,-1.8964196604090908,-1.9446845957605512,0.04826493535146037,train
2020-11-19,-1.8438075733636365,-1.9544477529091886,0.11064017954555205,train
2020-11-20,-1.8053608165454547,-2.006138976891907,0.20077816034645224,train
2020-11-23,-1.8006668717727272,-1.9083938336721644,0.1077269618994372,train
2020-11-24,-1.8346440862272728,-1.8595263226734446,0.024882236446171824,train
2020-11-25,-1.8358617741363636,-1.8042870697608788,-0.03157470437548482,train
2020-11-26,-1.810431230681818,-1.885641000184883,0.0752097695030649,train
2020-11-27,-1.7652338709545454,-1.922962398079352,0.15772852712480656,train
2020-11-30,-1.7526401237272728,-1.8751745829759567,0.12253445924868389,train
2020-12-01,-1.7502338022272725,-1.856747962753773,0.10651416052650053,train
2020-12-02,-1.775979608272727,-1.8162954405891367,0.04031583231640967,train
2020-12-03,-1.7444273645000001,-1.7908846841141792,0.04645731961417909,train
2020-12-04,-1.7380684393636365,-1.7615952913529205,0.023526851989283948,train
2020-12-07,-1.6993451622272724,-1.768908986051271,0.06956382382399862,train
2020-12-08,-1.6737509887727275,-1.8378283297793743,0.16407734100664673,train
2020-12-09,-1.6584276358181818,-1.8835073178980715,0.2250796820798897,train
2020-12-10,-1.6653836056363636,-1.817498501612683,0.15211489597631944,train
2020-12-11,-1.6501521787272728,-1.8655913541816265,0.21543917545435365,train
2020-12-14,-1.6526986728181818,-1.8701799750212451,0.21748130220306328,train
2020-12-15,-1.6910232068636366,-1.8275895118291523,0.1365663049655157,train
2020-12-16,-1.7420620639090911,-1.6911368278644203,-0.05092523604467081,train
2020-12-17,-1.7354767822272728,-1.7909139073021343,0.05543712507486154,train
2020-12-18,-1.7198656866818183,-1.8304398346154713,0.11057414793365306,train
2020-12-21,-1.7647403799999999,-1.6644207387922905,-0.10031964120770942,train
2020-12-22,-1.7842581487727274,-1.7000752510024928,-0.08418289777023458,train
2020-12-23,-1.8092775272272725,-1.7233886533853653,-0.08588887384190724,train
2020-12-24,-1.7687633684545454,-1.8404037168934049,0.07164034843885947,train
2020-12-28,-1.7656295651818181,-1.7494019021326832,-0.01622766304913492,train
2020-12-29,-1.7568222093181818,-1.803812325555867,0.04699011623768512,train
2020-12-30,-1.766523028045455,-1.76311912319554,-0.0034039048499148183,train
2020-12-31,-1.7726835405,-1.7540322811733582,-0.01865125932664191,train
2021-01-04,-1.7951381903181818,-1.7040638583964778,-0.091074331921704,train
2021-01-05,-1.7979638621363634,-1.7761580035438405,-0.02180585859252293,train
2021-01-06,-1.8415618440909092,-1.6278070524334711,-0.21375479165743805,train
2021-01-07,-1.866752730409091,-1.668605675930959,-0.19814705447813186,train
2021-01-08,-1.9282443901818183,-1.5497539454670428,-0.37849044471477544,train
2021-01-11,-1.968092074090909,-1.5806699016339962,-0.3874221724569127,train
2021-01-12,-2.0140454045,-1.5591906693128725,-0.4548547351871275,train
2021-01-13,-2.054221960727273,-1.5882992496560906,-0.4659227110711823,train
2021-01-14,-2.1198039026818183,-1.575171238230935,-0.5446326644508832,train
2021-01-15,-2.127461210727273,-1.6737506949494392,-0.4537105157778336,train
2021-01-18,-2.1032872916363634,-1.8149344840142712,-0.28835280762209226,train
2021-01-19,-2.1166614795,-1.8340991233389696,-0.2825623561610302,train
2021-01-20,-2.1416279987727274,-1.8120378148257112,-0.3295901839470161,train
2021-01-21,-2.148475276409091,-1.8317674339986028,-0.3167078424104883,train
2021-01-22,-2.1623462772272726,-1.8772869042919664,-0.28505937293530614,train
2021-01-25,-2.1436970501363635,-1.8619516882852318,-0.28174536185113164,train
2021-01-26,-2.108169962,-1.8698098670515741,-0.2383600949484257,train
2021-01-27,-2.087884811818182,-1.787150533950262,-0.30073427786791984,train
2021-01-28,-2.099034715409091,-1.7815642771484228,-0.31747043826066834,train
2021-01-29,-2.103229672181818,-1.7548454746944926,-0.3483841974873254,train
2021-02-01,-2.0990490544545453,-1.7560748634149066,-0.34297419103963867,train
2021-02-02,-2.0957864190909095,-1.7207476584558468,-0.3750387606350627,train
2021-02-03,-2.0585435664545457,-1.801389042208872,-0.25715452424567364,train
2021-02-04,-2.055534511409091,-1.836626443756459,-0.21890806765263182,train
2021-02-05,-2.0514211795909087,-1.8689558885107294,-0.1824652910801794,train
2021-02-08,-2.0315735617272725,-1.9104846150582175,-0.12108894666905501,train
2021-02-09,-1.9970340109545455,-1.9781913508820776,-0.01884266007246782,train
2021-02-10,-1.9800385639090907,-2.020032401068786,0.03999383715969507,train
2021-02-11,-1.9507738103636363,-2.0962118518972086,0.14543804153357232,train
2021-02-12,-1.9367554364545454,-2.1228881407707405,0.1861327043161951,train
2021-02-15,-1.8754756757272728,-2.2469597037380105,0.37148402801073765,train
2021-02-16,-1.861165667,-2.1629025662088606,0.3017368992088605,train
2021-02-17,-1.877905503318182,-2.1282665368179217,0.2503610334997397,train
2021-02-18,-1.8621740050454543,-2.1551224505528905,0.29294844550743626,train
2021-02-19,-1.8502388386363635,-2.1451595432875155,0.29492070465115194,train
2021-02-22,-1.8526837815,-2.0557693833070796,0.20308560180707969,train
2021-02-23,-1.8351050704545457,-2.1109258178071406,0.2758207473525949,train
2021-02-24,-1.8657949760454544,-2.0281956133834274,0.16240063733797294,train
2021-02-25,-1.9032695375000002,-1.9104392972062325,0.007169759706232348,train
2021-02-26,-1.9620377769090909,-1.7989248568113057,-0.16311292009778522,train
2021-03-01,-1.9721374898181816,-1.8633843734501472,-0.10875311636803442,train
2021-03-02,-1.9883582310909091,-1.8150318235347693,-0.17332640755613982,train
2021-03-03,-2.0304085951363637,-1.8160626679881795,-0.21434592714818423,train
2021-03-04,-2.0683346781818184,-1.8251089840216808,-0.24322569416013762,train
2021-03-05,-2.112565568636364,-1.7947672829872738,-0.31779828564908996,train
2021-03-08,-2.1077062039545456,-1.8706899602762803,-0.23701624367826524,train
2021-03-09,-2.121526714909091,-1.8700905673239603,-0.25143614758513055,train
2021-03-10,-2.1492902734090906,-1.8420842844645147,-0.30720598894457596,train
2021-03-11,-2.187164550681818,-1.7994949204166815,-0.38766963026513657,train
2021-03-12,-2.191467086590909,-1.8803811077792283,-0.31108597881168065,train
2021-03-15,-2.2104946003636363,-1.8662312316258143,-0.34426336873782204,train
2021-03-16,-2.2101871715909094,-1.8853748903566472,-0.3248122812342622,train
2021-03-17,-2.2440256501818183,-1.8120193988456739,-0.43200625133614445,train
2021-03-18,-2.2495485637272727,-1.8352898916115339,-0.41425867211573886,train
2021-03-19,-2.239729781090909,-1.9228939880634113,-0.31683579302749765,train
2021-03-22,-2.2450552688181817,-1.897561773558093,-0.34749349526008877,train
2021-03-23,-2.2432985911363637,-1.8829794165151377,-0.360319174621226,train
2021-03-24,-2.2632889513181818,-1.9101310946869774,-0.35315785663120436,train
2021-03-25,-2.2697618462727274,-1.9110404048644365,-0.3587214414082909,train
2021-03-26,-2.2721262739545454,-1.9573049348466263,-0.3148213391079191,train
2021-03-29,-2.255518389818182,-1.9576150846918992,-0.29790330512628294,train
2021-03-30,-2.254247743818182,-2.0185962350581783,-0.23565150876000374,train
2021-03-31,-2.2451489763636365,-2.0035623112173404,-0.24158666514629612,train
2021-04-01,-2.251646753318182,-2.0199340292594186,-0.23171272405876353,train
2021-04-02,-2.218119124727273,-2.1034650424387573,-0.11465408228851581,train
2021-04-05,-2.229729285590909,-2.121871251866341,-0.10785803372456781,train
2021-04-06,-2.2344566487272726,-2.1146183179583757,-0.11983833076889683,train
2021-04-07,-2.183866961272727,-2.07741854801817,-0.10644841325455667,train
2021-04-08,-2.166929896181818,-2.115060480186105,-0.051869415995713375,train
2021-04-09,-2.1538297819090912,-2.111204757019804,-0.04262502488928721,train
2021-04-12,-2.0926637858636363,-2.1159919321615326,0.023328146297896257,train
2021-04-13,-2.083043442409091,-2.0857479354527455,0.002704493043654388,train
2021-04-14,-2.087800061590909,-2.1523805472815307,0.0645804856906218,train
2021-04-15,-2.103508621681818,-2.120851327496457,0.017342705814638926,train
2021-04-16,-2.107689755590909,-2.157186122391646,0.04949636680073688,train
2021-04-19,-2.1033609750909092,-2.089374340267377,-0.013986634823532462,train
2021-04-20,-2.110246545045454,-2.1177269092430566,0.0074803641976024515,train
2021-04-21,-2.093744425409091,-2.109072687905059,0.01532826249596786,train
2021-04-22,-2.1002729754090907,-2.0833350830537056,-0.01693789235538512,train
2021-04-23,-2.0836101543636363,-2.1377832415983313,0.05417308723469505,train
2021-04-26,-2.086584173727273,-2.124581738636723,0.037997564909450166,train
2021-04-27,-2.0681775395,-2.1695270291031363,0.10134948960313617,train
2021-04-28,-2.0810667909999996,-2.0817051324703417,0.0006383414703421408,train
2021-04-29,-2.090244463772727,-2.1479507615976488,0.05770629782492165,train
2021-04-30,-2.112271481,-2.068962319041483,-0.043309161958517084,train
2021-05-03,-2.1179460408636364,-2.1103816708981484,-0.007564369965487927,train
2021-05-04,-2.127275810227273,-2.03820007134499,-0.0890757388822827,train
2021-05-05,-2.074044013,-2.1703089657525827,0.09626495275258273,train
2021-05-06,-2.081416628363636,-2.143267985613103,0.061851357249466776,train
2021-05-07,-2.165518421318182,-1.9258399353526148,-0.2396784859655674,train
2021-05-10,-2.211455462681818,-1.9798576773846803,-0.23159778529713781,train
2021-05-11,-2.2065110823636362,-1.9962744459704171,-0.2102366363932191,train
2021-05-12,-2.276709458181818,-1.7680960749089745,-0.5086133832728437,train
2021-05-13,-2.3116729270454544,-1.8071015481338448,-0.5045713789116095,train
2021-05-14,-2.316863193818182,-1.9743014624992021,-0.34256173131897993,train
2021-05-17,-2.242372307,-2.0163624045810806,-0.2260099024189195,train
2021-05-18,-2.196241624954545,-2.0444502205454453,-0.15179140440909977,train
2021-05-19,-2.1862657912272727,-2.0387391256316345,-0.1475266655956382,train
2021-05-20,-2.163539643272727,-2.1182231794020727,-0.045316463870654466,train
2021-05-21,-2.171286770272727,-2.0270337470189514,-0.14425302325377576,train
2021-05-24,-2.1764170719545457,-2.0340092868078954,-0.1424077851466503,train
2021-05-25,-2.184924352363636,-2.000999176225631,-0.18392517613800496,train
2021-05-26,-2.1981495298636364,-2.0332635570320803,-0.16488597283155615,train
2021-05-27,-2.2025048440454547,-1.9940057539625227,-0.208499090082932,train
2021-05-28,-2.216868449227273,-2.018100156951798,-0.1987682922754752,train
2021-05-31,-2.1932855278636363,-2.0854324310008776,-0.10785309686275868,train
2021-06-01,-2.183637951,-2.0982371057197904,-0.08540084528020975,train
2021-06-02,-2.1527029276818186,-2.1129452308533536,-0.03975769682846497,train
2021-06-03,-2.1822956981363637,-2.104436312076417,-0.0778593860599468,train
2021-06-04,-2.2054913051363636,-1.9998915931373282,-0.20559971199903537,train
2021-06-07,-2.178301373272727,-2.0834860823750896,-0.09481529089763763,train
2021-06-08,-2.1445783791363637,-2.150833970421026,0.006255591284662465,train
2021-06-09,-2.126351788136364,-2.2170754581696297,0.09072367003326587,train
2021-06-10,-2.144839047318182,-2.1220101507668874,-0.02282889655129461,train
2021-06-11,-2.1036098891363637,-2.2626128879901137,0.15900299885375002,train
2021-06-14,-2.0910896020454546,-2.2937788001913053,0.20268919814585074,train
2021-06-15,-2.081065089636364,-2.292521661522862,0.21145657188649825,train
2021-06-16,-2.1565647329545454,-1.9780547021454802,-0.17851003080906525,train
2021-06-17,-2.1919443010909094,-1.9794260302158229,-0.21251827087508657,train
2021-06-18,-2.214408361545455,-1.9230652865330502,-0.29134307501240486,train
2021-06-21,-2.2441374230909092,-1.88420846770124,-0.3599289553896692,train
2021-06-22,-2.226921569863636,-1.8627277110635474,-0.3641938588000888,train
2021-06-23,-2.2371759673636364,-1.978842514240712,-0.25833345312292444,train
2021-06-24,-2.239324132818182,-2.0406702127303165,-0.19865392008786564,train
2021-06-25,-2.228298214954546,-2.119111118301223,-0.10918709665332305,train
2021-06-28,-2.2129734137272727,-2.11142482700912,-0.10154858671815292,train
2021-06-29,-2.218807209590909,-2.16414828529777,-0.05465892429313923,train
2021-06-30,-2.2380272406818182,-2.1069340473517397,-0.13109319333007852,train
2021-07-01,-2.2407286374545454,-2.106848223580689,-0.13388041387385652,train
2021-07-02,-2.284076995363636,-2.00409837783393,-0.2799786175297063,train
2021-07-05,-2.2491701109999997,-2.1519758961216713,-0.09719421487832847,train
2021-07-06,-2.2626678404090907,-2.0786230007818594,-0.1840448396272314,train
2021-07-07,-2.2851824470454543,-2.050046775240096,-0.2351356718053581,train
2021-07-08,-2.313982887772727,-2.0239125396264184,-0.2900703481463087,train
2021-07-09,-2.3283058760454547,-2.1116587082719644,-0.21664716777349025,train
2021-07-12,-2.328098405636364,-2.0778754845475955,-0.2502229210887683,train
2021-07-13,-2.3826902210000003,-1.9710450618913369,-0.4116451591086634,train
2021-07-14,-2.4072562018636363,-2.057612972848253,-0.34964322901538347,train
2021-07-15,-2.4283111012272727,-2.089029221765821,-0.33928187946145183,train
2021-07-16,-2.421408127363636,-2.127221050995849,-0.2941870763677872,train
2021-07-19,-2.4023112813636365,-2.1109731077220824,-0.2913381736415541,train
2021-07-20,-2.4142191361363636,-2.135202946806839,-0.27901618932952443,train
2021-07-21,-2.419100655090909,-2.1913867959478166,-0.22771385914309228,train
2021-07-22,-2.4524124994545455,-2.062757269653306,-0.3896552298012397,train
2021-07-23,-2.4530901663636366,-2.1378968236980214,-0.3151933426656153,train
2021-07-26,-2.4521075027727273,-2.1343913513621904,-0.3177161514105369,train
2021-07-27,-2.4618164604545454,-2.130646258105951,-0.3311702023485945,train
2021-07-28,-2.4625405871363637,-2.042381294389468,-0.42015929274689556,train
2021-07-29,-2.484449366818182,-2.164043531006041,-0.3204058358121413,train
2021-07-30,-2.4827600124545453,-2.161490636071513,-0.3212693763830323,train
2021-08-02,-2.4948601568181816,-2.136524034423892,-0.3583361223942898,train
2021-08-03,-2.5075038160454546,-2.216710961674959,-0.2907928543704954,train
2021-08-04,-2.4917943642727276,-2.1659687850871814,-0.3258255791855462,train
2021-08-05,-2.539307284863636,-2.1893922461409803,-0.34991503872265595,train
2021-08-06,-2.538324587590909,-2.2019701047158495,-0.33635448287505954,train
2021-08-09,-2.540107081727273,-2.249826539214674,-0.29028054251259894,train
2021-08-10,-2.506350892409091,-2.2819364465527334,-0.2244144458563575,train
2021-08-11,-2.524714861090909,-2.2637543496121078,-0.2609605114788014,train
2021-08-12,-2.520980872909091,-2.355500084848062,-0.16548078806102895,train
2021-08-13,-2.4845671302272727,-2.4041560538825375,-0.08041107634473521,train
2021-08-16,-2.4622482164545456,-2.4302638759906947,-0.0319843404638509,train
2021-08-17,-2.4658729462727274,-2.3534703670444728,-0.11240257922825458,train
2021-08-18,-2.5005080468181817,-2.265860241953474,-0.2346478048647076,train
2021-08-19,-2.517789434090909,-2.28189024062804,-0.23589919346286914,train
2021-08-20,-2.5089735905,-2.2868910025727973,-0.2220825879272028,train
2021-08-23,-2.461046481454545,-2.2485703692223744,-0.21247611223217078,train
2021-08-24,-2.4526294154999997,-2.270406857368402,-0.1822225581315977,train
2021-08-25,-2.4628102426363636,-2.288643547471471,-0.1741666951648928,train
2021-08-26,-2.4652821891363637,-2.309754181231074,-0.15552800790528964,train
2021-08-27,-2.479715610272727,-2.2052457856927403,-0.2744698245799868,train
2021-08-30,-2.4373721857727273,-2.3560972919289065,-0.0812748938438208,train
2021-08-31,-2.4171716148636366,-2.298160446623575,-0.11901116824006142,train
2021-09-01,-2.400026660590909,-2.32126878399459,-0.07875787659631905,train
2021-09-02,-2.3795235469545455,-2.394499117842997,0.014975570888451362,train
2021-09-03,-2.4133210800909093,-2.275251311664352,-0.13806976842655727,train
2021-09-06,-2.35816441,-2.46603371965163,0.10786930965163011,train
2021-09-07,-2.371219741772727,-2.380535540712644,0.009315798939916853,train
2021-09-08,-2.363873601409091,-2.4079468310973065,0.04407322968821559,train
2021-09-09,-2.4000821545454545,-2.2884456490917855,-0.11163650545366899,train
2021-09-10,-2.394935458227273,-2.4231265590698827,0.028191100842609895,train
2021-09-13,-2.3745746843181816,-2.3771020200913515,0.002527335773169881,train
2021-09-14,-2.4028487,-2.290098736978711,-0.11274996302128892,train
2021-09-15,-2.416615426454545,-2.2904144168688214,-0.12620100958572378,train
2021-09-16,-2.418351285636364,-2.3195956274514167,-0.09875565818494714,train
2021-09-17,-2.4120850910454545,-2.3341162920961653,-0.07796879894928921,train
2021-09-20,-2.4127363972272726,-2.3503872625303543,-0.062349134696918274,train
2021-09-21,-2.4238238266363634,-2.341345641813877,-0.08247818482248626,train
2021-09-22,-2.478935084181818,-2.1615518353730954,-0.3173832488087225,train
2021-09-23,-2.487314327636364,-2.2355922167596427,-0.25172211087672114,train
2021-09-24,-2.491629139727273,-2.2575062858853596,-0.23412285384191334,train
2021-09-27,-2.4834328962727272,-2.2401715733024172,-0.24326132297031,train
2021-09-28,-2.456570740727273,-2.196689684731237,-0.25988105599603584,train
2021-09-29,-2.441944538909091,-2.2249793812141494,-0.21696515769494162,train
2021-09-30,-2.457388688681818,-2.1837335948895,-0.2736550937923181,train
2021-10-01,-2.472425913363636,-2.16158377093684,-0.3108421424267962,train
2021-10-04,-2.4412845119545454,-2.1823940553129426,-0.2588904566416028,train
2021-10-05,-2.438731732181818,-2.2111615423947906,-0.22757018978702748,train
2021-10-06,-2.4277501062272724,-2.1781103273255566,-0.24963977890171574,train
2021-10-07,-2.407728639909091,-2.2722871325459195,-0.13544150736317162,train
2021-10-08,-2.390237668045455,-2.272407569434675,-0.11783009861078009,train
2021-10-11,-2.329302469090909,-2.3428742335159893,0.013571764425080346,train
2021-10-12,-2.305913115454546,-2.335651789617054,0.029738674162508083,train
2021-10-13,-2.307438702,-2.304922359862353,-0.002516342137646621,train
2021-10-14,-2.2656025594545457,-2.3555072650926974,0.08990470563815167,train
2021-10-15,-2.2185748594090913,-2.3736603525995528,0.1550854931904615,train
2021-10-18,-2.1708763753181817,-2.3302319115314805,0.1593555362132988,train
2021-10-19,-2.1524342662272726,-2.3120992549835817,0.15966498875630908,train
2021-10-20,-2.0847876409545454,-2.3648023807143144,0.280014739759769,train
2021-10-21,-2.0247080514999998,-2.3582532004440466,0.33354514894404685,train
2021-10-22,-2.003216243909091,-2.3603138381316215,0.35709759422253073,train
2021-10-25,-1.958298982909091,-2.3640723763865577,0.40577339347746655,train
2021-10-26,-1.9639282682272727,-2.391356334634434,0.42742806640716124,train
2021-10-27,-1.914850857409091,-2.3339019891981607,0.4190511317890697,train
2021-10-28,-1.934450116909091,-2.1848894352189587,0.25043931830986765,train
2021-10-29,-1.8938966144545455,-2.146507553057601,0.2526109386030557,train
2021-11-01,-1.8512510997272726,-2.1852315909251745,0.33398049119790185,train
2021-11-02,-1.8368683077727275,-2.1905237587191535,0.35365545094642603,train
2021-11-03,-1.820536536363636,-2.088625647560346,0.2680891111967101,train
2021-11-04,-1.812795669590909,-2.190857666571843,0.3780619969809338,train
2021-11-05,-1.811259503409091,-2.1649767069284973,0.3537172035194063,train
2021-11-08,-1.7983935620000002,-2.1782759706921935,0.37988240869219325,train
2021-11-09,-1.8035732494545456,-2.1322617836298403,0.32868853417529476,train
2021-11-10,-1.7933642945000001,-2.0409021591664795,0.24753786466647942,train
2021-11-11,-1.7912851573636361,-2.065966034751783,0.27468087738814706,train
2021-11-12,-1.7909266606818184,-2.1080327692992245,0.31710610861740607,train
2021-11-15,-1.776786836,-2.0191499234084875,0.24236308740848744,train
2021-11-16,-1.7693085171363636,-1.9610787880781353,0.19177027094177168,train
2021-11-17,-1.7945763067272729,-1.9158334754080062,0.12125716868073333,train
2021-11-18,-1.794420237909091,-1.9541412326037184,0.15972099469462742,train
2021-11-19,-1.8408349943181819,-1.7891548260114651,-0.051680168306716734,train
2021-11-22,-1.8675585357272728,-1.7421280596506772,-0.12543047607659563,train
2021-11-23,-1.8719083003636363,-1.8219534241946664,-0.049954876168969875,train
2021-11-24,-1.9146429575454547,-1.7652016213022947,-0.14944133624315992,train
2021-11-25,-1.8923959925454545,-1.9211994813392888,0.02880348879383421,train
2021-11-26,-1.941809334818182,-1.7729696408004687,-0.16883969401771326,train
2021-11-29,-1.9464614642727276,-1.8841396885938115,-0.06232177567891606,train
2021-11-30,-1.9846814922272726,-1.696701909177633,-0.28797958304963966,train
2021-12-01,-1.9926429626363638,-1.71177014831084,-0.2808728143255237,train
2021-12-02,-1.973075653909091,-1.7289156464090274,-0.2441600075000636,train
2021-12-03,-1.9974151707727275,-1.6763924801209202,-0.3210226906518072,train
2021-12-06,-1.9799658812727274,-1.7531382428999942,-0.22682763837273323,train
2021-12-07,-1.9674943613636364,-1.7986186187341695,-0.16887574262946692,train
2021-12-08,-1.968798047181818,-1.8366242850468604,-0.13217376213495768,train
2021-12-09,-1.959630696181818,-1.8611512443823164,-0.09847945179950157,train
2021-12-10,-2.000470687272727,-1.770243585266072,-0.23022710200665508,train
2021-12-13,-1.9936603446818182,-1.8269572465246624,-0.16670309815715578,train
2021-12-14,-1.9720420355000001,-1.8731554624714948,-0.09888657302850534,train
2021-12-15,-1.993029493681818,-1.767920573687465,-0.225108919994353,train
2021-12-16,-2.029895532,-1.7196654037592773,-0.3102301282407225,train
2021-12-17,-2.022904190272727,-1.8150244541423766,-0.20787973613035038,train
2021-12-20,-2.0333034838636364,-1.8162938573193312,-0.2170096265443051,train
2021-12-21,-2.025928619681818,-1.8500601493062157,-0.17586847037560216,train
2021-12-22,-2.0416331613636363,-1.859812752008795,-0.18182040935484123,train
2021-12-23,-2.033168011409091,-1.9254925908118887,-0.10767542059720214,train
2021-12-24,-2.0254602932727273,-1.9997026160042946,-0.0257576772684327,train
2021-12-27,-2.007767990454546,-1.9925750608196944,-0.015192929634851415,train
2021-12-28,-1.9736465995909092,-2.020389789716782,0.0467431901258728,train
2021-12-29,-1.9513027369090907,-2.011022224848748,0.05971948793965742,train
2021-12-30,-1.9539075439545455,-1.96570346512533,0.01179592117078454,train
2021-12-31,-1.958923246909091,-1.89482082551735,-0.06410242139174094,train
2022-01-03,-1.9778222442272726,-1.8628063437772617,-0.11501590045001087,train
2022-01-04,-1.9193948255454545,-1.8716270544317248,-0.04776777111372965,train
2022-01-05,-1.8849029342272727,-1.835372984131737,-0.049529950095535735,train
2022-01-06,-1.887740523181818,-1.8128064394476797,-0.07493408373413835,train
2022-01-07,-1.8821241004090907,-1.872356213194251,-0.009767887214839677,train
2022-01-10,-1.8886026461818184,-1.8867681338746376,-0.0018345123071807912,train
2022-01-11,-1.8183430179090907,-1.932421040617193,0.11407802270810241,train
2022-01-12,-1.777252944090909,-1.9143581327558126,0.1371051886649035,train
2022-01-13,-1.7497130376363637,-1.9115515224073083,0.16183848477094465,train
2022-01-14,-1.7297998025454546,-1.9274376399904316,0.19763783744497698,train
2022-01-17,-1.7168052440454546,-1.9923922957467481,0.2755870517012935,train
2022-01-18,-1.6767877614090911,-1.9249603735911391,0.248172612182048,train
2022-01-19,-1.6640586693636363,-1.9873662031736232,0.3233075338099869,train
2022-01-20,-1.647726589909091,-1.9873761918569661,0.3396496019478752,train
2022-01-21,-1.6057299595454544,-2.027877893240065,0.4221479336946108,train
2022-01-24,-1.6063895254545457,-1.9785223290475848,0.37213280359303913,train
2022-01-25,-1.5128982693636366,-2.0330871477212775,0.5201888783576409,train
2022-01-26,-1.467575813090909,-1.9688741235103573,0.5012983104194484,train
2022-01-27,-1.419143006,-1.894653202540162,0.4755101965401618,train
2022-01-28,-1.3910186921363636,-1.8416398682881252,0.45062117615176156,train
2022-01-31,-1.3326529777727272,-1.8442941792192307,0.5116412014465035,train
2022-02-01,-1.3140812896818181,-1.795008414405568,0.4809271247237499,train
2022-02-02,-1.250582957590909,-1.8565950207746715,0.6060120631837624,train
2022-02-03,-1.221723488227273,-1.6544708929263463,0.43274740469907336,train
2022-02-04,-1.1825362014090908,-1.638284628757484,0.45574842734839316,train
2022-02-07,-1.1294836495909093,-1.6912270781057233,0.561743428514814,train
2022-02-08,-1.0492929296363636,-1.7170871995501154,0.6677942699137518,train
2022-02-09,-0.9917110822272729,-1.7422290167698153,0.7505179345425425,train
2022-02-10,-1.0169690485,-1.5847269274947424,0.5677578789947424,train
2022-02-11,-1.0087788999545455,-1.5975638839248472,0.5887849839703017,train
2022-02-14,-0.9687133382272727,-1.5737904689821498,0.6050771307548771,train
2022-02-15,-0.9522943151818183,-1.5669971611345779,0.6147028459527596,train
2022-02-16,-0.9284034170454546,-1.596960062183616,0.6685566451381614,train
2022-02-17,-0.9565846250454545,-1.5099059746201238,0.5533213495746693,train
2022-02-18,-0.9335317164090909,-1.6544446878776329,0.7209129714685419,train
2022-02-21,-0.9268107865454546,-1.6603537692206718,0.7335429826752172,train
2022-02-22,-0.9329619840909092,-1.5986838768321574,0.6657218927412482,train
2022-02-23,-0.912322944,-1.6515503625510601,0.7392274185510601,train
2022-02-24,-0.9580270288181818,-1.4208714162351264,0.46284438741694456,train
2022-02-25,-0.9301364131818182,-1.3879706818277715,0.45783426864595334,train
2022-02-28,-0.9626161562727272,-1.2561351237621168,0.29351896748938955,train
2022-03-01,-0.9616987563181819,-1.2583760525074137,0.2966772961892318,train
2022-03-02,-1.0025699956363636,-1.095947123958125,0.09337712832176148,train
2022-03-03,-1.0336486012272728,-1.2187370294635664,0.18508842823629368,train
2022-03-04,-1.0859235996818182,-1.1383178425976097,0.052394242915791533,train
2022-03-07,-1.1499983407727272,-1.0402025624763647,-0.10979577829636256,train
2022-03-08,-1.2043279302727272,-0.987121147880199,-0.21720678239252822,train
2022-03-09,-1.2535307988636364,-0.9998628122224329,-0.2536679866412035,train
2022-03-10,-1.3181049317727274,-0.8572544572760361,-0.46085047449669125,train
2022-03-11,-1.339508372590909,-0.9073370640863785,-0.43217130850453045,train
2022-03-14,-1.3621686919545455,-1.018930018228878,-0.3432386737256674,train
2022-03-15,-1.3448834211363636,-1.027498497887062,-0.31738492324930156,train
2022-03-16,-1.455041409909091,-0.9584335657785626,-0.4966078441305283,train
2022-03-17,-1.4921908084545452,-1.0885359519151014,-0.4036548565394438,train
2022-03-18,-1.493294186090909,-1.1488097138815623,-0.34448447220934675,train
2022-03-21,-1.483030191590909,-1.1894122670641905,-0.29361792452671853,train
2022-03-22,-1.469297829090909,-1.213636185355459,-0.25566164373545,train
2022-03-23,-1.4579137895,-1.3015581578641937,-0.15635563163580635,train
2022-03-24,-1.4317973762272727,-1.3152896378653416,-0.11650773836193107,train
2022-03-25,-1.4240916283636365,-1.3147919111531339,-0.10929971721050258,train
2022-03-28,-1.406228992409091,-1.2873613798997634,-0.11886761250932754,train
2022-03-29,-1.4084797439090908,-1.118190573936423,-0.29028916997266774,train
2022-03-30,-1.3895452541818183,-1.1866038062186304,-0.20294144796318792,train
2022-03-31,-1.3944917999545454,-1.1276525210355515,-0.26683927891899395,train
2022-04-01,-1.3806649861363636,-1.1704412515359888,-0.2102237346003748,train
2022-04-04,-1.3048424826818181,-1.2737675183882011,-0.031074964293617002,train
2022-04-05,-1.2503910469545454,-1.393846916810167,0.14345586985562164,train
2022-04-06,-1.1941455075909089,-1.3999027292890103,0.2057572216981014,train
2022-04-07,-1.170458136818182,-1.4453669916991772,0.27490885488099526,train
2022-04-08,-1.1494158542727273,-1.5011815068884844,0.3517656526157571,train
2022-04-11,-1.1248023318636362,-1.4926569492038508,0.36785461734021463,train
2022-04-12,-1.086410441681818,-1.4497613574472852,0.3633509157654671,train
2022-04-13,-1.0622552040454545,-1.5030738855219208,0.4408186814764663,train
2022-04-14,-1.0979902968636364,-1.3310708928443766,0.23308059598074027,train
2022-04-15,-1.0081761586818183,-1.645209540885211,0.6370333822033927,train
2022-04-18,-0.9732945115454544,-1.6219743548577228,0.6486798433122684,train
2022-04-19,-0.9438674423181819,-1.5962406912479552,0.6523732489297733,train
2022-04-20,-0.942609405409091,-1.5531827493464538,0.6105733439373628,train
2022-04-21,-0.9290047241818182,-1.5797961123676916,0.6507913881858733,train
2022-04-22,-0.8997105639090908,-1.4953718400399059,0.5956612761308151,train
2022-04-25,-0.9127201073636363,-1.3780180526261232,0.4652979452624869,train
2022-04-26,-0.9115549241363635,-1.404059557712445,0.49250463357608154,train
2022-04-27,-0.9258437004545453,-1.3216723148607508,0.3958286144062054,train
2022-04-28,-0.9840336511363635,-1.2246857044715025,0.24065205333513895,train
2022-04-29,-0.9851610936363635,-1.2226197990939418,0.2374587054575783,train
2022-05-02,-0.9890280441818181,-1.2548859135443888,0.2658578693625707,train
2022-05-03,-1.0097456025454545,-1.2324131689622215,0.222667566416767,train
2022-05-04,-1.0716637763636365,-1.0951833923208423,0.023519615957205753,train
2022-05-05,-1.1145367505000001,-1.1309021637891445,0.016365413289144426,train
2022-05-06,-1.1728924512727272,-1.0322177331027145,-0.14067471817001276,train
2022-05-09,-1.2023587883181819,-1.0657992063209165,-0.13655958199726537,train
2022-05-10,-1.1604766007272727,-1.088255287458928,-0.07222131326834469,train
2022-05-11,-1.1470223331363636,-1.1113943963433823,-0.03562793679298126,train
2022-05-12,-1.1589478615,-1.0423682690898897,-0.11657959241011029,train
2022-05-13,-1.1487791648636365,-1.1496192649593187,0.0008401000956821392,train
2022-05-16,-1.0869917937727271,-1.1949980170487005,0.10800622327597331,train
2022-05-17,-1.0593328418181818,-1.0984529742553937,0.03912013243721191,train
2022-05-18,-1.0335971703181819,-1.133546437997545,0.09994926767936319,train
2022-05-19,-1.0593422117727274,-1.1186905509199794,0.059348339147252016,train
2022-05-20,-1.057312747272727,-1.164287427947919,0.10697468067519189,train
2022-05-23,-1.0661586050454543,-1.0971199882029,0.030961383157445566,train
2022-05-24,-1.0601899202272729,-1.0636066131249697,0.0034166928976968602,train
2022-05-25,-1.0531802801818182,-1.1089788758653325,0.05579859568351431,train
2022-05-26,-1.0575605926818183,-1.1520333272102041,0.09447273452838578,train
2022-05-27,-1.0622745452727271,-1.133375397175922,0.07110085190319482,train
2022-05-30,-1.0414752538636363,-1.2431297261627412,0.20165447229910494,train
2022-05-31,-1.0444877462727273,-1.187161334068381,0.14267358779565376,train
2022-06-01,-1.0386827501363636,-1.2109180760241813,0.17223532588781776,train
2022-06-02,-1.0444318951363636,-1.2648239742712226,0.22039207913485903,train
2022-06-03,-1.001990373090909,-1.3270344133782233,0.32504404028731426,train
2022-06-06,-0.9586057701363636,-1.3440859595788208,0.3854801894424572,train
2022-06-07,-0.9293757709090911,-1.4018624271487163,0.47248665623962527,train
2022-06-08,-0.8783752194545453,-1.439886259313349,0.5615110398588037,train
2022-06-09,-0.9115913259545455,-1.2319501160898392,0.32035879013529367,train
2022-06-10,-0.9176078818181819,-1.2037132275744435,0.2861053457562617,train
2022-06-13,-0.8777373083636363,-1.157114723182865,0.2793774148192286,train
2022-06-14,-0.8494416618636363,-1.1304432909001183,0.28100162903648196,train
2022-06-15,-0.8882518222727271,-0.9103017260841453,0.022049903811418137,train
2022-06-16,-0.9249776789090909,-0.9220557339570807,-0.002921944952010147,train
2022-06-17,-0.9161223306818183,-0.9466713909458713,0.03054906026405302,train
2022-06-20,-0.8770039446818181,-1.0688828751207688,0.19187893043895077,train
2022-06-21,-0.8196037609545456,-1.074469936738974,0.2548661757844285,train
2022-06-22,-0.7890547055909092,-1.1379507863072578,0.3488960807163486,train
2022-06-23,-0.8039055968181817,-1.1174731517026735,0.31356755488449173,train
2022-06-24,-0.7947675697727273,-1.1799125477958516,0.3851449780231243,train
2022-06-27,-0.7416764431818182,-1.2155171176430641,0.4738406744612459,train
2022-06-28,-0.7014227477272728,-1.203377914278123,0.5019551665508502,train
2022-06-29,-0.6702082958181819,-1.1919152568458604,0.5217069610276786,train
2022-06-30,-0.6732692863636364,-1.193691696376894,0.5204224100132576,train
2022-07-01,-0.6581549916818182,-1.199021604904442,0.5408666132226237,train
2022-07-04,-0.6213035757727273,-1.270344209929565,0.6490406341568377,train
2022-07-05,-0.6391277634090909,-1.134103543797817,0.49497578038872614,train
2022-07-06,-0.6390488125454546,-1.0826905437844616,0.44364173123900696,train
2022-07-07,-0.6626891467272727,-1.0855299464577435,0.42284079973047073,train
2022-07-08,-0.7206351506818183,-0.9863085408724535,0.2656733901906352,train
2022-07-11,-0.6886440738636364,-1.003575510513437,0.3149314366498006,train
2022-07-12,-0.706094103,-1.002425835955369,0.2963317329553691,train
2022-07-13,-0.7710453859090909,-0.8553886416394465,0.08434325573035562,train
2022-07-14,-0.8236480654545454,-0.844293994932523,0.02064592947797761,train
2022-07-15,-0.8468804505454546,-0.9174848165405042,0.0706043659950496,train
2022-07-18,-0.8523750936363637,-0.9559789689025958,0.10360387526623216,train
2022-07-19,-0.8886455506818183,-0.881525801047857,-0.007119749633961225,train
2022-07-20,-0.9301832747272727,-0.9230612935237495,-0.007121981203523142,train
2022-07-21,-0.9870103405000001,-0.8309672879952289,-0.15604305250477124,train
2022-07-22,-0.9968511778181818,-0.8287425649460174,-0.1681086128721644,train
2022-07-25,-0.9948498358636364,-0.8690967146924247,-0.12575312117121173,train
2022-07-26,-0.9936468670454546,-0.8858799421803182,-0.1077669248651364,train
2022-07-27,-0.9886472608636364,-0.7972183547608593,-0.19142890610277707,train
2022-07-28,-1.0067680474999998,-0.8156636421134057,-0.19110440538659412,train
2022-07-29,-1.0133237085454545,-0.8158429892428889,-0.1974807193025656,train
2022-08-01,-0.9993157708181819,-0.8641243715489323,-0.1351913992692496,train
2022-08-02,-1.0002869133636365,-0.823519502855825,-0.17676741050781153,train
2022-08-03,-0.9923256874999999,-0.8610619056620233,-0.1312637818379766,train
2022-08-04,-0.9867020893636362,-0.9334911066351349,-0.05321098272850133,train
2022-08-05,-0.992155185409091,-0.910912593777636,-0.08124259163145497,train
2022-08-08,-0.9633450898181818,-1.0082421615192334,0.044897071701051616,train
2022-08-09,-0.9013291820454544,-1.1208551169252463,0.21952593487979188,train
2022-08-10,-0.916172177090909,-0.9527591697719813,0.03658699268107224,train
2022-08-11,-0.8828070200454546,-1.0471267869868748,0.16431976694142014,train
2022-08-12,-0.812901727409091,-1.123161450312261,0.31025972290316994,train
2022-08-15,-0.7869248887727273,-1.1629745644157017,0.3760496756429744,train
2022-08-16,-0.7906139093636363,-1.1256807521234493,0.335066842759813,train
2022-08-17,-0.774164918909091,-1.172872588482387,0.39870766957329595,train
2022-08-18,-0.7773021704090909,-1.2003681683798901,0.42306599797079925,train
2022-08-19,-0.7574315792272728,-1.249978666195859,0.4925470869685862,train
2022-08-22,-0.6997545489545455,-1.2375911546266052,0.5378366056720597,train
2022-08-23,-0.6932668403181818,-1.1451555225558985,0.4518886822377167,train
2022-08-24,-0.6690808090909092,-1.1461184710446861,0.47703766195377695,train
2022-08-25,-0.592611822909091,-1.1136214454378008,0.5210096225287099,train
2022-08-26,-0.5978053658181819,-0.9700702341668495,0.37226486834866757,train
2022-08-29,-0.5525707446363636,-0.9987967176121019,0.4462259729757383,train
2022-08-30,-0.5207035608181818,-0.9878305460093517,0.4671269851911699,train
2022-08-31,-0.496999041,-0.9740021850620564,0.4770031440620564,train
2022-09-01,-0.4751218064545455,-0.970635115339006,0.49551330888446055,train
2022-09-02,-0.46914475854545457,-0.9988470765331865,0.5297023179877319,train
2022-09-05,-0.45087822813636363,-1.0321415574535484,0.5812633293171847,train
2022-09-06,-0.44492111527272726,-1.0306758379307104,0.5857547226579831,train
2022-09-07,-0.432385734090909,-1.0224751582725586,0.5900894241816497,train
2022-09-08,-0.4451226285,-0.9354092420058517,0.49028661350585173,train
2022-09-09,-0.44486191045454543,-0.9609733256529812,0.5161114151984358,train
2022-09-12,-0.44228486040909093,-0.9060328315665329,0.463747971157442,train
2022-09-13,-0.4272816836818182,-0.7525094086267125,0.32522772494489427,train
2022-09-14,-0.39897856240909096,-0.8465302715008644,0.4475517090917734,train
2022-09-15,-0.3638746066818182,-0.950913448630395,0.5870388419485768,train
2022-09-16,-0.3570585829090909,-0.9071061862863806,0.5500476033772896,train
2022-09-19,-0.33428583745454543,-1.0102191042583621,0.6759332668038167,train
2022-09-20,-0.31154608668181816,-1.0648492006873336,0.7533031140055154,train
2022-09-21,-0.30581814695454546,-0.8914398728820111,0.5856217259274656,train
2022-09-22,-0.2877056816363636,-0.8726396005572165,0.5849339189208529,train
2022-09-23,-0.3075594654090909,-0.8209084623565983,0.5133489969475074,train
2022-09-26,-0.37852068481818174,-0.5472486964148905,0.16872801159670875,train
2022-09-27,-0.38489369599999995,-0.5949603032282201,0.21006660722822018,train
2022-09-28,-0.4284056321818182,-0.5230991669953372,0.094693534813519,train
2022-09-29,-0.4783490152272727,-0.48512052166886976,0.006771506441597075,train
2022-09-30,-0.5122787168181818,-0.48324658216818,-0.029032134650001817,train
2022-10-03,-0.49701817722727265,-0.55272740474755,0.05570922752027735,train
2022-10-04,-0.5104804496363636,-0.5950896285793912,0.08460917894302755,train
2022-10-05,-0.4973798457727273,-0.6394131197738576,0.1420332740011303,train
2022-10-06,-0.49134717868181815,-0.6934776270804551,0.20213044839863697,train
2022-10-07,-0.5096980193636363,-0.6956255864355391,0.18592756707190272,train
2022-10-10,-0.5087624876363637,-0.7347975513294054,0.22603506369304172,train
2022-10-11,-0.4400511372272728,-0.7385319147326387,0.2984807775053659,train
2022-10-12,-0.4439620119090909,-0.7140910952957441,0.2701290833866532,train
2022-10-13,-0.4917047405454546,-0.546339522010799,0.05463478146534445,train
2022-10-14,-0.4551910430909091,-0.5921357869194133,0.1369447438285042,train
2022-10-17,-0.44689119077272726,-0.59971541128385,0.1528242205111227,train
2022-10-18,-0.44911780800000006,-0.6026633511834285,0.15354554318342845,train
2022-10-19,-0.4557857428181818,-0.6369054653793204,0.18111972256113856,train
2022-10-20,-0.4776800703181818,-0.6793287390432634,0.20164866872508158,train
2022-10-21,-0.5411425261363636,-0.590499154214902,0.049356628078538356,train
2022-10-24,-0.5709017605909091,-0.5686042894337531,-0.0022974711571560613,train
2022-10-25,-0.5931167244545456,-0.6429925030352774,0.04987577858073189,train
2022-10-26,-0.6190275614999999,-0.6572792303575413,0.03825166885754139,train
2022-10-27,-0.6306058225000001,-0.6277820040333372,-0.0028238184666629085,train
2022-10-28,-0.6224995115909091,-0.7307173604259073,0.10821784883499819,train
2022-10-31,-0.590024995909091,-0.8350089259724564,0.24498393006336538,train
2022-11-01,-0.5624286384545454,-0.846612045592033,0.2841834071374876,train
2022-11-02,-0.5645015739545455,-0.7036312469266115,0.13912967297206602,train
2022-11-03,-0.5534554102727273,-0.8170732684196523,0.26361785814692507,train
2022-11-04,-0.5870908678636364,-0.7328380083708077,0.1457471405071713,train
2022-11-07,-0.6021722887272728,-0.7194320931127038,0.11725980438543104,train
2022-11-08,-0.6214118045,-0.7565610061018182,0.1351492016018182,train
2022-11-09,-0.6465447949090909,-0.7752142477409995,0.12866945283190856,train
2022-11-10,-0.7479818809545455,-0.5081188753819921,-0.23986300557255347,train
2022-11-11,-0.7353138867272727,-0.6451523645573173,-0.09016152216995543,train
2022-11-14,-0.7342626059545455,-0.6607931387651427,-0.07346946718940284,train
2022-11-15,-0.7719891724090909,-0.4684428753291744,-0.30354629707991654,train
2022-11-16,-0.8021327419090909,-0.5282906771084191,-0.27384206480067175,train
2022-11-17,-0.8253464099545454,-0.656358966719329,-0.16898744323521642,train
2022-11-18,-0.8106940961818182,-0.7144711162157803,-0.0962229799660379,train
2022-11-21,-0.8245748392272727,-0.7656073332960721,-0.05896750593120059,train
2022-11-22,-0.82041868,-0.9249986266337865,0.10457994663378656,train
2022-11-23,-0.8537799609545454,-0.9144630947355882,0.06068313378104273,train
2022-11-24,-0.9120166287272727,-1.004577357070631,0.09256072834335816,train
2022-11-25,-0.9266614647272728,-1.0355099395531917,0.10884847482591886,train
2022-11-28,-0.9745065225454546,-0.9667077759396945,-0.007798746605760076,train
2022-11-29,-1.0204869433636363,-0.9097681517093845,-0.1107187916542518,train
2022-11-30,-1.052736725,-0.8467217885744561,-0.2060149364255438,train
2022-12-01,-1.1053794019545455,-0.7712842541971646,-0.3340951477573809,train
2022-12-02,-1.1383310064090908,-0.6558097306262081,-0.48252127578288273,train
2022-12-05,-1.1499791237272727,-0.7026959138472704,-0.44728320988000236,train
2022-12-06,-1.1464165690909092,-0.7797620704668787,-0.36665449862403043,train
2022-12-07,-1.1263206924545455,-0.8088010578099726,-0.3175196346445729,train
2022-12-08,-1.1234773188181817,-0.921354636430447,-0.20212268238773468,train
2022-12-09,-1.1363463105454545,-0.9944343998574835,-0.14191191068797104,train
2022-12-12,-1.140087280909091,-1.0979127229874606,-0.042174557921630385,train
2022-12-13,-1.1442121002272727,-0.9505427328331498,-0.19366936739412288,train
2022-12-14,-1.176602913590909,-0.9451166408198084,-0.23148627277110068,train
2022-12-15,-1.2428643372272727,-0.8806010985120228,-0.3622632387152499,train
2022-12-16,-1.2345650308636364,-0.9488754766966443,-0.28568955416699215,train
2022-12-19,-1.2135564349545456,-0.9599169809288127,-0.25363945402573285,train
2022-12-20,-1.2439446537727272,-0.936622026098,-0.3073226276747272,train
2022-12-21,-1.2519330507727273,-1.0588749362213223,-0.19305811455140498,train
2022-12-22,-1.2578917176818183,-1.0977963282899248,-0.1600953893918935,train
2022-12-23,-1.2566373753181819,-1.1627660084830251,-0.09387136683515673,train
2022-12-26,-1.1987541107727273,-1.3636022492724398,0.16484813849971247,train
2022-12-27,-1.1928753181363636,-1.3515181471234647,0.15864282898710114,train
2022-12-28,-1.1820993360454546,-1.4074220334502323,0.22532269740477773,train
2022-12-29,-1.1842226755,-1.4406170683849924,0.25639439288499233,train
2022-12-30,-1.2025283447272728,-1.3762396614408412,0.17371131671356843,train
2023-01-02,-1.180101607272727,-1.362344181905101,0.18224257463237392,train
2023-01-03,-1.1724740805454545,-1.2490086461044232,0.07653456555896865,train
2023-01-04,-1.1421734030454547,-1.213395782703899,0.07122237965844436,train
2023-01-05,-1.1666553844545453,-1.1762756207426226,0.009620236288077288,train
2023-01-06,-1.182455434590909,-1.0854500891749763,-0.09700534541593275,train
2023-01-09,-1.188926170818182,-1.141357342574,-0.04756882824418196,train
2023-01-10,-1.1927856662727272,-1.2097654146791383,0.016979748406411144,train
2023-01-11,-1.1937504835454544,-1.2462043748497085,0.05245389130425404,train
2023-01-12,-1.254518708727273,-1.1172672682916414,-0.13725144043563153,train
2023-01-13,-1.224056995181818,-1.2529378865184617,0.02888089133664362,train
2023-01-16,-1.2025544959999999,-1.3618519902846002,0.15929749428460038,train
2023-01-17,-1.2316303435454545,-1.2464035537273563,0.014773210181901808,train
2023-01-18,-1.2584649604545455,-1.1807677953186235,-0.07769716513592195,train
2023-01-19,-1.3110404714090909,-1.308265452401599,-0.0027750190074917747,train
2023-01-20,-1.295480137,-1.3516129453990915,0.056132808399091516,train
2023-01-23,-1.3106073258181818,-1.3040432423415589,-0.006564083476622962,train
2023-01-24,-1.3261245599090907,-1.3520593537473555,0.025934793838264802,train
2023-01-25,-1.3326968890454545,-1.3489473516864974,0.016250462641042906,train
2023-01-26,-1.3456873162727272,-1.3728109584497952,0.027123642177067975,train
2023-01-27,-1.3413235966363637,-1.3693943882634543,0.028070791627090586,train
2023-01-30,-1.3217518906818182,-1.4035460584573691,0.08179416777555093,train
2023-01-31,-1.3288439564999999,-1.391727564040685,0.06288360754068512,train
2023-02-01,-1.369099881409091,-1.3236501601058546,-0.04544972130323632,train
2023-02-02,-1.4266381114545454,-1.2190904783347687,-0.20754763311977675,train
2023-02-03,-1.4522959777727271,-1.0967749819213626,-0.35552099585136454,train
2023-02-06,-1.4466635962727272,-1.204353282694742,-0.24231031357798516,train
2023-02-07,-1.4879954872727275,-1.1080968990139994,-0.379898588258728,train
2023-02-08,-1.4575931368636363,-1.1920011736788032,-0.26559196318483314,train
2023-02-09,-1.4052963627272728,-1.2685250073686896,-0.1367713553585832,train
2023-02-10,-1.3910039843636364,-1.3434806708567864,-0.04752331350685002,train
2023-02-13,-1.3335485474545452,-1.399919811533527,0.06637126407898175,train
2023-02-14,-1.3271943287272727,-1.275227704096549,-0.05196662463072377,train
2023-02-15,-1.3328678143181818,-1.3256585246339632,-0.007209289684218634,train
2023-02-16,-1.3144776290454545,-1.354939647019058,0.04046201797360349,train
2023-02-17,-1.3383623435454546,-1.3413552142334704,0.002992870688015792,train
2023-02-20,-1.241741728590909,-1.5135197330463552,0.2717780044554463,train
2023-02-21,-1.239024769,-1.442835170824343,0.20381040182434296,train
2023-02-22,-1.202174610090909,-1.508401364673978,0.306226754583069,train
2023-02-23,-1.1905226650454546,-1.544290263942499,0.35376759889704434,train
2023-02-24,-1.2076513011818182,-1.521050155037684,0.31339885385586586,train
2023-02-27,-1.2096072953181818,-1.5073371929749064,0.29772989765672464,train
2023-02-28,-1.219957273590909,-1.4904483343646133,0.27049106077370433,train
2023-03-01,-1.2318795008636363,-1.4379243588692032,0.20604485800556693,train
2023-03-02,-1.2172146356363636,-1.4588923713681896,0.24167773573182605,train
2023-03-03,-1.1987008650454545,-1.5255323217030003,0.32683145665754587,train
2023-03-06,-1.194621377,-1.5429061964518247,0.34828481945182466,train
2023-03-07,-1.258037567909091,-1.4269710605377615,0.16893349262867052,train
2023-03-08,-1.2882105221363636,-1.4847313745107074,0.1965208523743438,train
2023-03-09,-1.3007508277272726,-1.5347955745582487,0.2340447468309761,train
2023-03-10,-1.3595875941363635,-1.369638802926863,0.010051208790499366,train
2023-03-13,-1.3763614164545455,-1.2253488961429009,-0.15101252031164458,train
2023-03-14,-1.3920827570909091,-1.3071286633172041,-0.084954093773705,train
2023-03-15,-1.4353911530909091,-1.162207068178424,-0.27318408491248514,train
2023-03-16,-1.4929887880909092,-1.0730745803839483,-0.41991420770696086,train
2023-03-17,-1.5220522434545456,-1.2084499002308493,-0.3136023432236963,train
2023-03-20,-1.5526002287272727,-1.223127960275436,-0.32947226845183675,train
2023-03-21,-1.542837481363636,-1.341545477743703,-0.20129200361993305,train
2023-03-22,-1.5873133119999998,-1.175102285769078,-0.41221102623092176,train
2023-03-23,-1.6254826827272728,-1.2885679231444231,-0.33691475958284967,train
2023-03-24,-1.6670157444545453,-1.2091538402317241,-0.45786190422282114,train
2023-03-27,-1.6459441176818181,-1.29059798529935,-0.35534613238246804,train
2023-03-28,-1.6245120340454546,-1.3151025863491652,-0.3094094476962894,train
2023-03-29,-1.590204847227273,-1.410731523500377,-0.17947332372689595,train
2023-03-30,-1.6084608865454546,-1.4340164498439245,-0.1744444367015301,train
2023-03-31,-1.603530515090909,-1.4670612175216542,-0.13646929756925474,train
2023-04-03,-1.6041590565454547,-1.4258470622471309,-0.17831199429832378,train
2023-04-04,-1.5781170218636362,-1.4107683363785752,-0.167348685485061,train
2023-04-05,-1.5682641051363637,-1.4217273080110087,-0.14653679712535506,train
2023-04-06,-1.5704798227727275,-1.5220518353208479,-0.048427987451879595,train
2023-04-07,-1.5806278104545455,-1.5587396659072348,-0.021888144547310695,train
2023-04-10,-1.5511167432727275,-1.603875236258921,0.052758492986193506,train
2023-04-11,-1.5326152595454545,-1.6710997909461027,0.1384845314006482,train
2023-04-12,-1.5980314905454547,-1.506355944494077,-0.09167554605137762,train
2023-04-13,-1.6433017165454544,-1.5294868516198192,-0.1138148649256352,train
2023-04-14,-1.6689050345,-1.4945118394603034,-0.17439319503969664,train
2023-04-17,-1.6865028946363636,-1.5220238302216416,-0.16447906441472204,train
2023-04-18,-1.6814757338181818,-1.5710323508430162,-0.11044338297516565,train
2023-04-19,-1.6733420950000002,-1.627692828011463,-0.04564926698853711,train
2023-04-20,-1.6846578765909093,-1.6214808458906471,-0.06317703070026215,train
2023-04-21,-1.7130970918636366,-1.6131063197643984,-0.09999077209923812,train
2023-04-24,-1.7043189415454547,-1.7031747047045176,-0.0011442368409371184,train
2023-04-25,-1.7119697903636364,-1.6790293167093402,-0.0329404736542962,train
2023-04-26,-1.7401490786363638,-1.566593746439978,-0.17355533219638586,train
2023-04-27,-1.8021272280909093,-1.5583425454164166,-0.24378468267449271,train
2023-04-28,-1.8306338983181818,-1.5024165242646952,-0.3282173740534866,train
2023-05-01,-1.8042672599545455,-1.5974903918604677,-0.2067768680940778,train
2023-05-02,-1.8284277215454545,-1.5140888440998912,-0.3143388774455633,train
2023-05-03,-1.8520164023636363,-1.5204498494925953,-0.331566552871041,train
2023-05-04,-1.8900119073636363,-1.4463833053893504,-0.4436286019742859,train
2023-05-05,-1.9166872278636362,-1.5201966466638048,-0.3964905811998314,train
2023-05-08,-1.9108061273181818,-1.5955005549930426,-0.3153055723251392,train
2023-05-09,-1.9101017255454544,-1.6606158923046395,-0.24948583324081497,train
2023-05-10,-1.9623860416363634,-1.5722962492301074,-0.3900897924062561,train
2023-05-11,-1.9799868464545454,-1.6400579242759807,-0.33992892217856463,train
2023-05-12,-1.955881508,-1.7582307209837713,-0.19765078701622874,train
2023-05-15,-1.8999100630454544,-1.8177313574673617,-0.0821787055780927,train
2023-05-16,-1.8710932024545455,-1.761558986859023,-0.10953421559552257,train
2023-05-17,-1.8608405915,-1.8261474725187832,-0.03469311898121674,train
2023-05-18,-1.878179664318182,-1.8391310694197633,-0.03904859489841872,train
2023-05-19,-1.8929370778636363,-1.768887282019072,-0.12404979584456433,train
2023-05-22,-1.9089967923181819,-1.7581970811610437,-0.1507997111571382,train
2023-05-23,-1.9110091398636362,-1.7792348964833078,-0.1317742433803284,train
2023-05-24,-1.8934622494545457,-1.7438389496444884,-0.1496232998100573,train
2023-05-25,-1.9119710088636366,-1.7548971512380327,-0.15707385762560389,train
2023-05-26,-1.920138596590909,-1.7522423696445653,-0.16789622694634376,train
2023-05-29,-1.883895501363636,-1.9125337301330112,0.028638228769375162,train
2023-05-30,-1.8753757213636362,-1.8196730444852647,-0.05570267687837149,train
2023-05-31,-1.8924292020454545,-1.7701640963617278,-0.12226510568372673,train
2023-06-01,-1.8968331009545454,-1.815584866445548,-0.08124823450899732,train
2023-06-02,-1.9387729850454547,-1.8233948376663331,-0.11537814737912155,train
2023-06-05,-1.951722486590909,-1.7669078775385247,-0.18481460905238434,train
2023-06-06,-1.9042089671363636,-1.8316276784053274,-0.0725812887310362,train
2023-06-07,-1.8698362842272724,-1.8729238881281272,0.0030876039008547185,train
2023-06-08,-1.8687700818636366,-1.9075460971563791,0.03877601529274255,train
2023-06-09,-1.863821400818182,-1.9910498272685757,0.12722842645039378,train
2023-06-12,-1.8314460373181818,-1.9795979466983844,0.14815190938020262,train
2023-06-13,-1.8364085687272726,-1.9119960386318016,0.07558746990452891,train
2023-06-14,-1.8630968226818183,-1.800278700467379,-0.06281812221443928,train
2023-06-15,-1.898349488090909,-1.7323350771047605,-0.16601441098614855,train
2023-06-16,-1.8808526470000002,-1.7302737006245028,-0.1505789463754974,train
2023-06-19,-1.848256330681818,-1.8028301016154231,-0.04542622906639493,train
2023-06-20,-1.8426730101363633,-1.7927967222620995,-0.04987628787426379,train
2023-06-21,-1.837918257681818,-1.8900191481682247,0.05210089048640665,train
2023-06-22,-1.796943967318182,-1.918916593284758,0.1219726259665761,train
2023-06-23,-1.822741542818182,-1.8333425871245277,0.010601044306345786,train
2023-06-26,-1.7845164364999997,-1.9171332775021006,0.13261684100210092,train
2023-06-27,-1.741495560590909,-1.8779155423374838,0.13641998174657477,train
2023-06-28,-1.7067138236363635,-1.8417840260114053,0.13507020237504186,train
2023-06-29,-1.7256479357727272,-1.7703970406291152,0.044749104856387945,train
2023-06-30,-1.724081258409091,-1.8352297761909315,0.11114851778184054,train
2023-07-03,-1.7020550003636365,-1.8291051763755832,0.12705017601194668,train
2023-07-04,-1.642038910090909,-1.9622614005783274,0.32022249048741847,train
2023-07-05,-1.6154676754090909,-1.912938022329035,0.29747034691994423,train
2023-07-06,-1.6701337105454548,-1.7802033177218548,0.11006960717640002,train
2023-07-07,-1.7051776623181818,-1.7605394372809129,0.05536177496273109,train
2023-07-10,-1.697270494181818,-1.8488014311213614,0.15153093693954345,train
2023-07-11,-1.6600994105454545,-1.8349561224442765,0.17485671189882201,train
2023-07-12,-1.6777738505454545,-1.6877025870940277,0.00992873654857318,train
2023-07-13,-1.6830967189545454,-1.776238923218052,0.09314220426350661,train
2023-07-14,-1.6705676349999998,-1.8253769369808872,0.15480930198088738,train
2023-07-17,-1.6673086289545453,-1.8509568871815487,0.18364825822700337,train
2023-07-18,-1.6952476580454543,-1.730327328216654,0.03507967017119973,train
2023-07-19,-1.7172024049999999,-1.7548003032742212,0.03759789827422133,train
2023-07-20,-1.7411611022727274,-1.7715273228527322,0.03036622058000482,train
2023-07-21,-1.737640844590909,-1.8167918798467257,0.07915103525581668,train
2023-07-24,-1.7357059444999998,-1.6519313768322812,-0.08377456766771862,train
2023-07-25,-1.743209292863636,-1.7694368352156908,0.026227542352054822,train
2023-07-26,-1.726488003227273,-1.7041071322938697,-0.02238087093340324,train
2023-07-27,-1.796300258909091,-1.5818440422730133,-0.21445621663607772,train
2023-07-28,-1.796163621409091,-1.5183486421583356,-0.2778149792507554,train
2023-07-31,-1.785530451227273,-1.6434677272749278,-0.1420627239523451,train
2023-08-01,-1.7784821211818183,-1.6235988614338837,-0.1548832597479346,train
2023-08-02,-1.7566308245000002,-1.592416879437969,-0.16421394506203124,train
2023-08-03,-1.8177265570909091,-1.5903448596483951,-0.22738169744251402,train
2023-08-04,-1.8411112192727273,-1.5990582711669385,-0.2420529481057887,train
2023-08-07,-1.8171742155909092,-1.7086475883673404,-0.10852662722356876,train
2023-08-08,-1.818357782227273,-1.7328739527009025,-0.08548382952637046,train
2023-08-09,-1.8298833260454546,-1.759227016408615,-0.07065630963683955,train
2023-08-10,-1.8564698704545455,-1.7112892170116827,-0.1451806534428628,train
2023-08-11,-1.8717232361363636,-1.749068025497653,-0.12265521063871065,train
2023-08-14,-1.8649833825,-1.7439018809598479,-0.12108150154015207,train
2023-08-15,-1.8448838259090907,-1.6759969222868063,-0.16888690362228442,train
2023-08-16,-1.839495344590909,-1.710140557495618,-0.1293547870952909,train
2023-08-17,-1.8600775004545456,-1.758953766573187,-0.10112373388135865,train
2023-08-18,-1.8728717224545455,-1.8001540039570596,-0.07271771849748587,train
2023-08-21,-1.8215313829545452,-1.8591217542233163,0.03759037126877107,train
2023-08-22,-1.803328785090909,-1.8669705191006618,0.06364173400975282,train
2023-08-23,-1.808825658090909,-1.7224411346627675,-0.08638452342814151,train
2023-08-24,-1.8129040701363637,-1.820760295709149,0.007856225572785425,train
2023-08-25,-1.8587319599090906,-1.663485644553144,-0.1952463153559465,train
2023-08-28,-1.8248998059545456,-1.8121382381118896,-0.01276156784265603,train
2023-08-29,-1.8330307995454544,-1.6377786851251035,-0.19525211442035095,train
2023-08-30,-1.8327710241363635,-1.7192222788466012,-0.11354874528976233,train
2023-08-31,-1.8348539806363637,-1.6828807914085275,-0.1519731892278362,train
2023-09-01,-1.8451531904090908,-1.6169873519240192,-0.22816583848507155,train
2023-09-04,-1.789803376090909,-1.803976259714617,0.014172883623708055,train
2023-09-05,-1.7819792214999999,-1.7965441490276441,0.014564927527644267,train
2023-09-06,-1.7333923622272727,-1.7682086204279384,0.034816258200665695,train
2023-09-07,-1.719505495681818,-1.8373399593198005,0.11783446363798245,train
2023-09-08,-1.6947050303636362,-1.9385618219303844,0.24385679156674822,train
2023-09-11,-1.6718534085,-1.8941606286472978,0.22230722014729776,train
2023-09-12,-1.642984230409091,-1.8983031317493755,0.25531890134028457,train
2023-09-13,-1.6485377411363638,-1.8723781787622908,0.2238404376259271,train
2023-09-14,-1.6858139096818183,-1.7461229049322753,0.060308995250456965,train
2023-09-15,-1.6668229180454546,-1.7823211489512973,0.11549823090584277,train
2023-09-18,-1.635100255318182,-1.867650653749412,0.23255039843123004,train
2023-09-19,-1.5754394959545452,-1.887262275689527,0.31182277973498174,train
2023-09-20,-1.597893297590909,-1.7334732139817575,0.13557991639084843,train
2023-09-21,-1.6054489094545454,-1.7995644779674382,0.1941155685128928,train
2023-09-22,-1.6232645253636364,-1.717512326844404,0.0942478014807675,train
2023-09-25,-1.6209253212272727,-1.7881054903894624,0.1671801691621897,train
2023-09-26,-1.605421487909091,-1.7804527753376405,0.17503128742854956,train
2023-09-27,-1.5944032775454544,-1.7657074622355258,0.17130418469007136,train
2023-09-28,-1.6215835825454548,-1.7101868547892107,0.08860327224375597,train
2023-09-29,-1.6041398533636362,-1.7719338866908738,0.16779403332723763,train
2023-10-02,-1.598624780318182,-1.7406819102680446,0.14205712994986275,train
2023-10-03,-1.623491437090909,-1.651646009844139,0.028154572753229967,train
2023-10-04,-1.6097425319999998,-1.639952336071957,0.03020980407195717,train
2023-10-05,-1.630885288818182,-1.6851566148849888,0.054271326066806846,train
2023-10-06,-1.6981728788181818,-1.5020649278755045,-0.1961079509426773,train
2023-10-09,-1.7120144152272727,-1.6064745562340623,-0.10553985899321039,train
2023-10-10,-1.7017908744090908,-1.6225874939413372,-0.07920338046775366,train
2023-10-11,-1.714905970590909,-1.6089253474507355,-0.10598062314017365,train
2023-10-12,-1.7545416987272728,-1.5541460817647745,-0.2003956169624983,train
2023-10-13,-1.6986059329090908,-1.674700816269247,-0.02390511663984385,train
2023-10-16,-1.6922778163636365,-1.7035340480716825,0.011256231708046016,train
2023-10-17,-1.7037390989545456,-1.6385377401033567,-0.06520135885118883,train
2023-10-18,-1.7028431735454546,-1.6667830499830159,-0.036060123562438706,train
2023-10-19,-1.7409668774545457,-1.561632901296126,-0.17933397615841962,train
2023-10-20,-1.756259594818182,-1.6134377797296364,-0.14282181508854563,train
2023-10-23,-1.7462778929545457,-1.6194189444294882,-0.12685894852505752,train
2023-10-24,-1.7861546009545455,-1.614194710927409,-0.1719598900271364,train
2023-10-25,-1.7899895679545457,-1.6872026200494281,-0.10278694790511755,train
2023-10-26,-1.8109647637727273,-1.6943648802134288,-0.11659988355929851,train
2023-10-27,-1.8217673756818185,-1.648825109620684,-0.1729422660611344,train
2023-10-30,-1.8077229511363635,-1.6998023140266572,-0.10792063710970634,train
2023-10-31,-1.8126168027727274,-1.6214067055273416,-0.19121009724538585,train
2023-11-01,-1.810234816681818,-1.6046517068905315,-0.20558310979128658,train
2023-11-02,-1.8057556192272728,-1.6357093642781146,-0.17004625494915815,train
2023-11-03,-1.8207750959545457,-1.5651159798381327,-0.255659116116413,train
2023-11-06,-1.8091248701363638,-1.6777163409218794,-0.13140852921448443,train
2023-11-07,-1.7935398798181816,-1.7479123645370713,-0.04562751528111031,train
2023-11-08,-1.7504491509090911,-1.7922386157294552,0.04178946482036405,train
2023-11-09,-1.7766555532272728,-1.7191115695004822,-0.05754398372679059,train
2023-11-10,-1.7686516885454544,-1.8015679446139423,0.032916256068487915,train
2023-11-13,-1.7062641272272727,-1.8496671492228824,0.14340302199560973,train
2023-11-14,-1.7271416429545454,-1.5916515534322373,-0.13549008952230812,train
2023-11-15,-1.7051513971818182,-1.665993527494458,-0.039157869687360236,train
2023-11-16,-1.7295004964545455,-1.677205067930262,-0.052295428524283594,train
2023-11-17,-1.739229255272727,-1.6746538467537273,-0.06457540851899979,train
2023-11-20,-1.746890071909091,-1.6783594576894758,-0.06853061421961515,train
2023-11-21,-1.7429688048636365,-1.7875259252896853,0.04455712042604887,train
2023-11-22,-1.7543183099090909,-1.734507582606075,-0.019810727303015918,train
2023-11-23,-1.7585507810454546,-1.8712052658358742,0.11265448479041962,train
2023-11-24,-1.7479838267727272,-1.886753365007022,0.13876953823429483,train
2023-11-27,-1.7146267469999998,-1.9154501961946155,0.2008234491946157,train
2023-11-28,-1.7206936621363633,-1.8532801953391689,0.13258653320280556,train
2023-11-29,-1.7310857538636364,-1.8360607189926856,0.10497496512904925,train
2023-11-30,-1.7434704822272729,-1.7512609459235668,0.007790463696293992,train
2023-12-01,-1.770470226818182,-1.7133379000756648,-0.057132326742517225,train
2023-12-04,-1.7371377015454543,-1.692251280403629,-0.044886421141825394,train
2023-12-05,-1.767104415181818,-1.6752332030230592,-0.09187121215875882,train
2023-12-06,-1.7673641303181817,-1.728897454957239,-0.03846667536094284,train
2023-12-07,-1.7885197421818184,-1.7294646270284713,-0.05905511515334716,train
2023-12-08,-1.7951507414545453,-1.6417230048282692,-0.15342773662627618,train
2023-12-11,-1.7829530075,-1.755467746466349,-0.0274852610336509,train
2023-12-12,-1.8234251190454545,-1.7330984304420545,-0.09032668860339998,train
2023-12-13,-1.8571885209545456,-1.5670573615108014,-0.2901311594437441,train
2023-12-14,-1.8958701996363636,-1.5461044158600015,-0.34976578377636214,train
2023-12-15,-1.923593207590909,-1.5652343076548876,-0.35835889993602144,train
2023-12-18,-1.924191070909091,-1.664665153396995,-0.2595259175120961,train
2023-12-19,-1.934046411,-1.6647759623257579,-0.2692704486742421,train
2023-12-20,-1.934745634909091,-1.7533324762260236,-0.1814131586830674,train
2023-12-21,-1.9198643954090906,-1.7977612825314644,-0.12210311287762621,train
2023-12-22,-1.908937549,-1.8294352472683324,-0.07950230173166761,train
2023-12-26,-1.8796619707272726,-1.9098758856162343,0.030213914888961746,train
2023-12-27,-1.8896223881818182,-1.8631182027829267,-0.026504185398891433,train
2023-12-28,-1.9211768877727273,-1.7690630524137585,-0.15211383535896883,train
2023-12-29,-1.8842651073636363,-1.7923583702740666,-0.09190673708956965,train
2024-01-02,-1.883367147272727,-1.7914647675853341,-0.09190237968739279,test
2024-01-03,-1.840490562181818,-1.725053364683588,-0.11543719749823,test
2024-01-04,-1.8380158853636366,-1.7798840414383619,-0.05813184392527471,test
2024-01-05,-1.8972013222727275,-1.6357044030796655,-0.26149691919306206,test
2024-01-08,-1.9052249593636363,-1.7761691836297406,-0.1290557757338957,test
2024-01-09,-1.9300919649545454,-1.76499434195936,-0.1650976229951855,test
2024-01-10,-1.9332352980454544,-1.8314378533401525,-0.10179744470530183,test
2024-01-11,-1.989541494090909,-1.7072398613697868,-0.2823016327211223,test
2024-01-12,-1.9420259869545455,-1.8012949965965286,-0.14073099035801695,test
2024-01-15,-1.9343193614545455,-1.9107695464019503,-0.023549815052595235,test
2024-01-16,-1.966512687,-1.8186615144676657,-0.14785117253233437,test
2024-01-17,-1.9724877042272728,-1.839089601635006,-0.1333981025922668,test
2024-01-18,-2.0317538698181816,-1.8880033606208202,-0.14375050919736143,test
2024-01-19,-2.037625309318182,-1.9462058211131792,-0.09141948820500279,test
2024-01-22,-2.0551257172727273,-1.9194596494695844,-0.13566606780314294,test
2024-01-23,-2.040806155454545,-1.9407410753568555,-0.10006508009768966,test
2024-01-24,-2.083727927681818,-1.874928093792895,-0.2087998338889232,test
2024-01-25,-2.133587639863636,-1.8494828522808104,-0.28410478758282576,test
2024-01-26,-2.1689636285454545,-1.8396880501347253,-0.3292755784107293,test
2024-01-29,-2.187318121090909,-1.8738554581964788,-0.31346266289443037,test
2024-01-30,-2.1873534108636363,-1.8899171529653949,-0.29743625789824146,test
2024-01-31,-2.2462279626363637,-1.737730561169559,-0.5084974014668047,test
2024-02-01,-2.2930313988636364,-1.8134474706373684,-0.47958392822626794,test
2024-02-02,-2.372407519909091,-1.627836564363886,-0.7445709555452049,test
2024-02-05,-2.405297506,-1.7278691148648007,-0.6774283911351995,test
2024-02-06,-2.3945571410454543,-1.7742874898597933,-0.6202696511856609,test
2024-02-07,-2.3725253435,-1.8759824303116444,-0.49654291318835564,test
2024-02-08,-2.3880890409090907,-1.9428142854554225,-0.44527475545366824,test
2024-02-09,-2.3945839236818185,-2.0280996285203363,-0.3664842951614822,test
2024-02-12,-2.4139795241818183,-2.106580041263208,-0.3073994829186102,test
2024-02-13,-2.4934006894545457,-1.8409467826009498,-0.6524539068535959,test
2024-02-14,-2.5147272243636363,-1.9823629431039513,-0.5323642812596849,test
2024-02-15,-2.555076336909091,-1.9740282589799154,-0.5810480779291756,test
2024-02-16,-2.6007078853181818,-1.937019388072046,-0.6636884972461357,test
2024-02-19,-2.5312103175909093,-2.10135336243449,-0.4298569551564193,test
2024-02-20,-2.5268439090454544,-2.13961074884621,-0.38723316019924425,test
2024-02-21,-2.5319751755454543,-2.173685489737499,-0.3582896858079554,test
2024-02-22,-2.5789083448636365,-2.0631959218103817,-0.5157124230532548,test
2024-02-23,-2.590729370590909,-2.179426963439717,-0.41130240715119193,test
2024-02-26,-2.606778804909091,-2.1774142755417523,-0.42936452936733893,test
2024-02-27,-2.589020390409091,-2.208907881393389,-0.38011250901570204,test
2024-02-28,-2.6067041265454547,-2.216127075624783,-0.39057705092067163,test
2024-02-29,-2.6149914315,-2.2064212428512526,-0.4085701886487474,test
2024-03-01,-2.6171923511363637,-2.224108602953822,-0.39308374818254155,test
2024-03-04,-2.5968403767727275,-2.292013624929946,-0.30482675184278163,test
2024-03-05,-2.607008011545455,-2.2785052915503825,-0.3285027199950723,test
2024-03-06,-2.5489902335,-2.327432587544163,-0.22155764595583705,test
2024-03-07,-2.5819426740454543,-2.2498391733940517,-0.3321035006514026,test
2024-03-08,-2.623583554181818,-2.2023195138689853,-0.42126404031283293,test
2024-03-11,-2.517179762318182,-2.290111600295832,-0.2270681620223498,test
2024-03-12,-2.481074573681818,-2.2550976411571626,-0.22597693252465545,test
2024-03-13,-2.4361135051818184,-2.3233988908957275,-0.11271461428609086,test
2024-03-14,-2.4016010825454543,-2.34894872224726,-0.052652360298194534,test
2024-03-15,-2.3432537134090907,-2.45672183453921,0.11346812113011939,test
2024-03-18,-2.2815549349999995,-2.522490230093482,0.24093529509348244,test
2024-03-19,-2.2491451665,-2.5672956526783706,0.3181504861783706,test
2024-03-20,-2.254660584090909,-2.339546114058602,0.08488552996769316,test
2024-03-21,-2.2595924825,-2.3737710521279682,0.11417856962796824,test
2024-03-22,-2.2023282932727275,-2.397220701483429,0.19489240821070153,test
2024-03-25,-2.1823997362727274,-2.3978869074325493,0.21548717115982186,test
2024-03-26,-2.142520527818182,-2.388144063166603,0.2456235353484213,test
2024-03-27,-2.1018104999999996,-2.5036042222152557,0.4017937222152561,test
2024-03-28,-2.094377895136364,-2.4321675864651096,0.3377896913287457,test
2024-03-29,-2.0345883464090906,-2.5227833526816092,0.48819500627251866,test
2024-04-01,-2.0005741155909087,-2.4433652507477106,0.4427911351568019,test
2024-04-02,-1.9785568913636362,-2.4134580332841504,0.4349011419205142,test
2024-04-03,-1.9223080305454543,-2.360602669236003,0.43829463869054885,test
2024-04-04,-1.939852260090909,-2.4162970619899533,0.47644480189904437,test
2024-04-05,-1.9939241302727273,-2.194035286678615,0.20011115640588772,test
2024-04-08,-2.0087648421363635,-2.3376532634866267,0.3288884213502632,test
2024-04-09,-1.9936260126363634,-2.3882190895305175,0.3945930768941541,test
2024-04-10,-2.0948916476363637,-2.029783287392816,-0.06510836024354782,test
2024-04-11,-2.1570816689999996,-2.0414263909567256,-0.11565527804327402,test
2024-04-12,-2.177580969727273,-2.086579189291237,-0.09100178043603613,test
2024-04-15,-2.1820510485454547,-1.9892078581565804,-0.19284319038887432,test
2024-04-16,-2.2349203493181817,-1.8774077743551647,-0.357512574963017,test
2024-04-17,-2.278520483363636,-1.9607873135010288,-0.31773316986260736,test
2024-04-18,-2.315599491727273,-2.034155817933944,-0.281443673793329,test
2024-04-19,-2.3620497017727273,-1.9789872926043257,-0.3830624091684016,test
2024-04-22,-2.3757540614545456,-2.0725640027490164,-0.3031900587055292,test
2024-04-23,-2.4051099409090906,-1.957683158808985,-0.44742678210010567,test
2024-04-24,-2.4388903700454545,-2.061015562564378,-0.3778748074810765,test
2024-04-25,-2.4847614680909094,-1.9830819246138873,-0.501679543477022,test
2024-04-26,-2.5229864797727273,-2.007983681903909,-0.5150027978688181,test
2024-04-29,-2.531697670090909,-1.9844562873840412,-0.5472413827068676,test
2024-04-30,-2.573858376727273,-1.9437801516082793,-0.6300782251189936,test
2024-05-01,-2.6055589199090914,-1.87502470371577,-0.7305342161933215,test
2024-05-02,-2.626744188318182,-1.883409460690406,-0.743334727627776,test
2024-05-03,-2.6925911180909092,-1.7305913615949473,-0.9619997564959619,test
2024-05-06,-2.6630787857272726,-1.9617385090376744,-0.7013402766895982,test
2024-05-07,-2.6492259145454544,-2.015365269267407,-0.6338606452780473,test
2024-05-08,-2.5559455560909092,-2.1494564919944867,-0.4064890640964225,test
2024-05-09,-2.5530084910454547,-2.131891680741535,-0.42111681030391956,test
2024-05-10,-2.5323646525,-2.2979260945390205,-0.23443855796097957,test
2024-05-13,-2.441596295181818,-2.340468366731838,-0.10112792844998042,test
2024-05-14,-2.418129896909091,-2.2861299704436,-0.13199992646549097,test
2024-05-15,-2.4212612138181817,-2.1596382227229993,-0.2616229910951824,test
2024-05-16,-2.4060966767727274,-2.2793936167134285,-0.12670306005929888,test
2024-05-17,-2.379305699,-2.3044465087903268,-0.07485919020967335,test
2024-05-20,-2.3694665331818183,-2.357195682962415,-0.012270850219403329,test
2024-05-21,-2.352810206590909,-2.372949049003136,0.020138842412226854,test
2024-05-22,-2.3153368694545455,-2.4226761945418436,0.10733932508729804,test
2024-05-23,-2.343972643681818,-2.337315216014351,-0.006657427667466909,test
2024-05-24,-2.3314884074999997,-2.4560247115628737,0.12453630406287397,test
2024-05-27,-2.3041741139545455,-2.447147119306022,0.1429730053514766,test
2024-05-28,-2.280004050090909,-2.477386544731352,0.197382494640443,test
2024-05-29,-2.275261360318182,-2.3984506718708873,0.1231893115527054,test
2024-05-30,-2.2508384223181817,-2.4785680860010695,0.22772966368288783,test
2024-05-31,-2.2625278476363637,-2.4135354261148545,0.15100757847849078,test
2024-06-03,-2.258744196454545,-2.384088066963379,0.1253438705088339,test
2024-06-04,-2.292305751681818,-2.402127029086093,0.10982127740427527,test
2024-06-05,-2.2889729895909094,-2.383099343171206,0.09412635358029675,test
2024-06-06,-2.2920499849545455,-2.3581809663149347,0.0661309813603892,test
2024-06-07,-2.377456054272727,-2.122552495679883,-0.2549035585928441,test
2024-06-10,-2.4206382320454547,-2.2423596338839826,-0.17827859816147207,test
2024-06-11,-2.381808203,-2.202821023299368,-0.17898717970063194,test
2024-06-12,-2.4628918455909092,-1.9667420449959137,-0.4961498005949956,test
2024-06-13,-2.4965313302272727,-2.005707582192052,-0.49082374803522066,test
2024-06-14,-2.532581579590909,-2.066610310919156,-0.465971268671753,test
2024-06-17,-2.5383767822272727,-2.1079118767535765,-0.4304649054736962,test
2024-06-18,-2.5689487201363637,-2.074667787167601,-0.4942809329687625,test
2024-06-19,-2.567254197318182,-2.2565971795434523,-0.31065701777472965,test
2024-06-20,-2.5873720895454544,-2.244485948410926,-0.34288614113452853,test
2024-06-21,-2.631613985681818,-2.1769597425289184,-0.4546542431528997,test
2024-06-24,-2.628883547045455,-2.276693317021243,-0.3521902300242119,test
2024-06-25,-2.6048380485,-2.321509066172804,-0.28332898232719606,test
2024-06-26,-2.629834305090909,-2.230999838927055,-0.3988344661638541,test
2024-06-27,-2.646620172318182,-2.2314907960000028,-0.41512937631817914,test
2024-06-28,-2.669748105545455,-2.2302615899464953,-0.43948651559895957,test
2024-07-01,-2.666278711818182,-2.1712008015853073,-0.4950779102328746,test
2024-07-02,-2.6392907996363637,-2.199848120016277,-0.43944267962008654,test
2024-07-03,-2.6039896991818186,-2.165700608061421,-0.4382890911203976,test
2024-07-04,-2.493731274863636,-2.3231052628713966,-0.1706260119922396,test
2024-07-05,-2.4855226747272727,-2.2482008807559772,-0.2373217939712955,test
2024-07-08,-2.4863614437272727,-2.281425191371096,-0.20493625235617685,test
2024-07-09,-2.4494268144090907,-2.375143894715173,-0.07428291969391765,test
2024-07-10,-2.4351188395,-2.5026553543811434,0.06753651488114354,test
2024-07-11,-2.5005769564545455,-2.1999525375778757,-0.3006244188766698,test
2024-07-12,-2.486206688590909,-2.3754720230399102,-0.11073466555099865,test
2024-07-15,-2.4633037894545455,-2.393241802184523,-0.07006198727002255,test
2024-07-16,-2.4156139988636363,-2.400669839215512,-0.014944159648124344,test
2024-07-17,-2.436974947818182,-2.3405022675258977,-0.09647268029228417,test
2024-07-18,-2.418308643045455,-2.4757216576658263,0.057413014620371516,test
2024-07-19,-2.401171308363636,-2.482076426758847,0.08090511839521097,test
2024-07-22,-2.3578944990454542,-2.505482854843462,0.14758835579800778,test
2024-07-23,-2.319733808090909,-2.5268221499137615,0.2070883418228524,test
2024-07-24,-2.259776386318182,-2.5148958044041296,0.25511941808594774,test
2024-07-25,-2.268646006818182,-2.437099113135078,0.16845310631689614,test
2024-07-26,-2.2489564150909094,-2.4965228571095,0.24756644201859057,test
2024-07-29,-2.2106770220454544,-2.493274928135876,0.2825979060904218,test
2024-07-30,-2.1491114067272727,-2.4844717723507155,0.33536036562344274,test
2024-07-31,-2.150070380181818,-2.3834295785690807,0.2333591983872627,test
2024-08-01,-2.1826833535,-2.3489618541897905,0.16627850068979066,test
2024-08-02,-2.215841914409091,-2.2001792867847523,-0.015662627624338565,test
2024-08-05,-2.268767602090909,-1.9790043576164273,-0.28976324447448176,test
2024-08-06,-2.2629509993636363,-2.0459867287762994,-0.21696427058733692,test
2024-08-07,-2.2060213448181822,-2.1012675340945757,-0.10475381072360657,test
2024-08-08,-2.2216693098181817,-2.062209009940656,-0.15946029987752564,test
2024-08-09,-2.2090383913636362,-2.2389897060100243,0.029951314646388116,test
2024-08-12,-2.168924615863636,-2.37809745798734,0.2091728421237038,test
2024-08-13,-2.1513339334545454,-2.359107651847983,0.2077737183934376,test
2024-08-14,-2.1807797696363638,-2.30449239856741,0.12371262893104618,test
2024-08-15,-2.2224900346818184,-2.217336688523186,-0.005153346158632388,test
2024-08-16,-2.192470105909091,-2.3424741092907624,0.1500040033816714,test
2024-08-19,-2.125413038818182,-2.263045659408659,0.1376326205904772,test
2024-08-20,-2.0861510026363637,-2.262122044179803,0.17597104154343945,test
2024-08-21,-2.1006571268181817,-2.1826775967813714,0.08202046996318968,test
2024-08-22,-2.0894152792727274,-2.194495806276448,0.10508052700372073,test
2024-08-23,-2.135069143227273,-2.0025339025137403,-0.1325352407135325,test
2024-08-26,-2.113437852681818,-2.104813147896094,-0.008624704785723747,test
2024-08-27,-2.0646932096818182,-2.0899681575664353,0.02527494788461704,test
2024-08-28,-2.047194149818182,-2.037647162067865,-0.009546987750316926,test
2024-08-29,-2.0526820925,-1.9184625616922357,-0.13421953080776428,test
2024-08-30,-2.0410555440454545,-2.0225449086857497,-0.018510635359704875,test
2024-09-02,-2.017790642954546,-2.104477369712319,0.08668672675777334,test
2024-09-03,-2.0235252397727272,-2.0598951470661446,0.03636990729341738,test
2024-09-04,-1.9792173368636363,-2.071267542920708,0.09205020605707182,test
2024-09-05,-1.9873780202727274,-2.1106606175668188,0.12328259729409141,test
2024-09-06,-2.0460987414090908,-1.9651292857841651,-0.08096945562492563,test
2024-09-09,-2.048163020590909,-2.0568775228503853,0.00871450225947612,test
2024-09-10,-2.003987483772727,-2.116107942020683,0.11212045824795602,test
2024-09-11,-2.0158726379545455,-2.0286091489785987,0.012736511024053154,test
2024-09-12,-2.0392753563181816,-2.0330955575400713,-0.006179798778110257,test
2024-09-13,-2.0311990287727273,-2.2105752779140784,0.17937624914135109,test
2024-09-16,-2.036362844590909,-2.219089396135388,0.1827265515444787,test
2024-09-17,-2.0055878347272724,-2.166046035673422,0.1604582009461497,test
2024-09-18,-2.087231153,-1.960098098471002,-0.12713305452899792,test
2024-09-19,-2.1483771211363636,-1.9706701103457023,-0.1777070107906613,test
2024-09-20,-2.166041040136364,-1.9921920648142526,-0.1738489753221113,test
2024-09-23,-2.2038696014090906,-1.890857691117521,-0.3130119102915696,test
2024-09-24,-2.1932279793636362,-1.9549817683903346,-0.23824621097330168,test
2024-09-25,-2.2252530737727274,-1.9859553234442966,-0.2392977503284308,test
2024-09-26,-2.2851158635454545,-1.8957510769122385,-0.38936478663321594,test
2024-09-27,-2.303150163090909,-1.8634730213098478,-0.439677141781061,test
2024-09-30,-2.3128619597272726,-1.8375136002896577,-0.4753483594376149,test
2024-10-01,-2.3255084585,-1.822521772619279,-0.5029866858807208,test
2024-10-02,-2.300152523772727,-1.8583872751073718,-0.4417652486653554,test
2024-10-03,-2.290756661181818,-1.9349727913299952,-0.355783869851823,test
2024-10-04,-2.3685992038181816,-1.776563416476684,-0.5920357873414976,test
2024-10-07,-2.2675969311363637,-1.9224703532322829,-0.34512657790408086,test
2024-10-08,-2.1983359386363635,-2.0176186365961817,-0.18071730204018177,test
2024-10-09,-2.1573633790909095,-2.0355390270609,-0.1218243520300093,test
2024-10-10,-2.150178697272727,-1.9248615452401958,-0.22531715203253122,test
2024-10-11,-2.1353304810454543,-2.042604654312266,-0.0927258267331883,test
2024-10-14,-2.0686278320909093,-2.1066041459269043,0.03797631383599498,test
2024-10-15,-2.002088938727273,-2.1148345560996615,0.11274561737238864,test
2024-10-16,-1.9362217117727274,-2.1378132808470434,0.20159156907431597,test
2024-10-17,-1.943774895,-2.037222511849913,0.09344761684991298,test
2024-10-18,-1.870139294909091,-2.198725179172946,0.32858588426385493,test
2024-10-21,-1.8124218734545456,-2.265494687566954,0.4530728141124083,test
2024-10-22,-1.7542290207727271,-2.2448101373620077,0.4905811165892806,test
2024-10-23,-1.6282653668181817,-2.247263468632416,0.6189981018142345,test
2024-10-24,-1.5753290665909092,-2.228289567062159,0.65296050047125,test
2024-10-25,-1.4833331491363637,-2.28815625082899,0.8048231016926262,test
2024-10-28,-1.4054512885909092,-2.290733344481908,0.8852820558909986,test
2024-10-29,-1.3989778528181818,-2.1956615190669906,0.7966836662488088,test
2024-10-30,-1.3843256318636363,-2.1155257644125744,0.7312001325489381,test
2024-10-31,-1.3336219497272728,-2.1490991871218106,0.8154772373945378,test
2024-11-01,-1.3281530142272728,-2.0312453969730995,0.7030923827458266,test
2024-11-04,-1.2931539429545453,-2.0317387122732598,0.7385847693187144,test
2024-11-05,-1.2344682035454546,-2.169321418712751,0.9348532151672966,test
2024-11-06,-1.2828632146818182,-1.781591129273409,0.4987279145915908,test
2024-11-07,-1.3195803847727272,-1.7668813149310478,0.4473009301583206,test
2024-11-08,-1.3356404443636363,-1.7976221713815803,0.46198172701794404,test
2024-11-11,-1.3279398572272727,-1.7673477924851322,0.4394079352578595,test
2024-11-12,-1.3048762907272726,-1.7269577240934597,0.4220814333661871,test
2024-11-13,-1.333174645590909,-1.7085568831285733,0.3753822375376643,test
2024-11-14,-1.3532036331363637,-1.6978069297524099,0.34460329661604616,test
2024-11-15,-1.3877494018636363,-1.6580302569294887,0.2702808550658524,test
2024-11-18,-1.3234006792272728,-1.7297555776815525,0.40635489845427974,test
2024-11-19,-1.3214950204545455,-1.594786761948419,0.2732917414938736,test
2024-11-20,-1.3022232718181819,-1.6567795613226999,0.354556289504518,test
2024-11-21,-1.3184423389545454,-1.6171192908876435,0.29867695193309807,test
2024-11-22,-1.424504433,-1.3426772469266093,-0.08182718607339079,test
2024-11-25,-1.5014981744545453,-1.355081485683673,-0.14641668877087222,test
2024-11-26,-1.5678769719999999,-1.2670200105847185,-0.3008569614152814,test
2024-11-27,-1.5860876646363635,-1.2120554550155351,-0.3740322096208284,test
2024-11-28,-1.5893959061818181,-1.3138399638453888,-0.2755559423364293,test
2024-11-29,-1.563960512,-1.3690221793034243,-0.19493833269657568,test
2024-12-02,-1.6080510038636362,-1.3139350365562228,-0.2941159673074134,test
2024-12-03,-1.553579766181818,-1.412177374906501,-0.14140239127531706,test
2024-12-04,-1.5456393306818184,-1.4095371529292038,-0.13610217775261457,test
2024-12-05,-1.5411906597727274,-1.3739874406330006,-0.1672032191397268,test
2024-12-06,-1.5903601246363637,-1.3344502006124659,-0.2559099240238978,test
2024-12-09,-1.5125458019545455,-1.4659367619064965,-0.046609040048049,test
2024-12-10,-1.4800249367727274,-1.5120422081802034,0.03201727140747601,test
2024-12-11,-1.4695647176818183,-1.4768505980815778,0.007285880399759526,test
2024-12-12,-1.4503460834545454,-1.4560064983957133,0.005660414941167868,test
2024-12-13,-1.4285768075,-1.5414685195095994,0.11289171200959935,test
2024-12-16,-1.4213920027727271,-1.5257570797334967,0.10436507696076958,test
2024-12-17,-1.3214768191818183,-1.5792904631363354,0.2578136439545171,test
2024-12-18,-1.3344749974545456,-1.357933323553435,0.023458326098889426,test
2024-12-19,-1.3501676505,-1.3974509396104031,0.04728328911040314,test
2024-12-20,-1.3737370950909091,-1.3741228600504118,0.00038576495950271017,test
2024-12-23,-1.35626272,-1.4242059179585662,0.06794319795856629,test
2024-12-24,-1.3280703086363637,-1.5110208875740623,0.18295057893769862,test
2024-12-26,-1.271614997090909,-1.7245035213360922,0.4528885242451832,test
2024-12-27,-1.2394893015000001,-1.7778696836233465,0.5383803821233464,test
2024-12-30,-1.2088901863636363,-1.725794737787124,0.5169045514234876,test
2024-12-31,-1.1604928436818183,-1.7853028138796798,0.6248099701978616,test
2025-01-02,-1.1167981547272727,-1.5938358165548383,0.4770376618275656,test
2025-01-03,-1.0891373185454545,-1.6577292942091257,0.5685919756636713,test
2025-01-06,-1.148694599409091,-1.3802354317129868,0.23154083230389588,test
2025-01-07,-1.1790879300454546,-1.4368446637498264,0.2577567337043718,test
2025-01-08,-1.1489733346363638,-1.4181223606652165,0.2691490260288527,test
2025-01-09,-1.134007191227273,-1.585464683306763,0.45145749207949004,test
2025-01-10,-1.2338361968636364,-1.2610832373351606,0.027247040471524153,test
2025-01-13,-1.2154605306818183,-1.403327962722461,0.18786743204064282,test
2025-01-14,-1.2006888136818181,-1.4042520464696637,0.2035632327878456,test
2025-01-15,-1.2406967686818182,-1.3474742153145038,0.10677744663268562,test
2025-01-16,-1.2978784667727272,-1.3062988277430208,0.008420360970293528,test
2025-01-17,-1.3279382177727272,-1.4083882186003218,0.08045000082759457,test
2025-01-20,-1.4335681745454545,-1.1399655980000323,-0.2936025765454222,test
2025-01-21,-1.4882422286363637,-1.1920567287150314,-0.29618549992133225,test
2025-01-22,-1.4997614668181818,-1.2937665819126747,-0.2059948849055071,test
2025-01-23,-1.4864089065454544,-1.3672407384774956,-0.11916816806795882,test
2025-01-24,-1.5090321720454547,-1.3131769376816567,-0.19585523436379804,test
2025-01-27,-1.5072495503636363,-1.4300526814426207,-0.07719686892101563,test
2025-01-28,-1.5140645366818184,-1.4383518429079964,-0.07571269377382195,test
2025-01-29,-1.5171744958636362,-1.4288762192540638,-0.08829827660957235,test
2025-01-30,-1.5469138671363636,-1.2823347073702767,-0.2645791597660869,test
2025-01-31,-1.5478493999090908,-1.2438953665475667,-0.30395403336152405,test
2025-02-03,-1.5744650869545453,-1.0315869459584028,-0.5428781409961425,test
2025-02-04,-1.5391326532727272,-1.1381093469160861,-0.4010233063566411,test
2025-02-05,-1.4953613343636363,-1.1992000208365357,-0.2961613135271006,test
2025-02-06,-1.446086849,-1.3047766570877668,-0.14131019191223326,test
2025-02-07,-1.4591414948181816,-1.1901661070877054,-0.26897538773047613,test
2025-02-10,-1.4440832393636363,-1.4014256777263328,-0.0426575616373035,test
2025-02-11,-1.4030965864545453,-1.5434288693428324,0.14033228288828714,test
2025-02-12,-1.4238856934545454,-1.3603733619210323,-0.0635123315335131,test
2025-02-13,-1.471849386818182,-1.3012860780162114,-0.17056330880197046,test
2025-02-14,-1.463071334909091,-1.4702851025185384,0.0072137676094474745,test
2025-02-17,-1.40364837,-1.596016291695309,0.19236792169530892,test
2025-02-18,-1.374680798,-1.5623151941785862,0.18763439617858624,test
2025-02-19,-1.3533971280000001,-1.6937294016260698,0.34033227362606966,test
2025-02-20,-1.3279652361363636,-1.767936370764054,0.43997113462769044,test
2025-02-21,-1.3371303188636363,-1.747125882701136,0.4099955638374997,test
2025-02-24,-1.3503361191363636,-1.658443184433114,0.30810706529675036,test
2025-02-25,-1.3334265675454544,-1.6761868312960622,0.34276026375060775,test
2025-02-26,-1.3391062484545453,-1.6038488736157677,0.2647426251612224,test
2025-02-27,-1.328070245818182,-1.5843228334778723,0.2562525876596904,test
2025-02-28,-1.3278717790454546,-1.5698742621215735,0.24200248307611893,test
2025-03-03,-1.2972162882272729,-1.5585584645163542,0.2613421762890813,test
2025-03-04,-1.2434766053636361,-1.4551793298869102,0.2117027245232741,test
2025-03-05,-1.2178567412272727,-1.3591592518012532,0.14130251057398047,test
2025-03-06,-1.1851593592272727,-1.2873370632528025,0.10217770402552984,test
